Company.Nav Customer No,Company,Company.Customer Status,Company.Company name,Company.Country.Region,Company.Country.Sub Region,Company.Country,"Company.Closed, last invoice date", 2 022,Dev22-23, 2 023,Dev23-24, 2 024,Dev24-25,"2,025.00",Year to date,Last 12 months,Last year to date,Last financial year,Company.Invoice Type,Company.Region + Tier,Company.Operator,Balance,Balance NOT Due,Due 1-30 days,Due 31-60 days,Due 61-90 days,Due > 90 days,Record ID (System),Company.Fleet Size,Company.Customer Since,Company.Currency
COM11002,"ABS Jets, a. s. - Czechia",Customer,"ABS Jets, a. s.",Europe,Europe Eastern,Czechia - CZ - Europe,, 316 203,18%, 373 581,15%, 429 979,10%,"473,788.00","357,236.00","561,398.00","269,625.00","473,788.00",New FSP,EUR5,FSP,0.00,0.00,0.00,0.00,0.00,0.00,1003,4,2004-05-01,EUR
COM11003,ABELAG AVIATION S.A. (Part of Luxaviation Group) - Belgium,Customer,ABELAG AVIATION S.A. (Part of Luxaviation Group),Europe,Europe Western,Belgium - BE - Europe,, 247 222,-56%, 108 985,-66%, 37 395,-19%,"30,182.00","17,627.00","30,209.00","17,600.00","30,182.00",Standard,EUR5,GA-BA,"2,519.00",0.00,"2,519.00",0.00,0.00,0.00,1004,1,1997-07-01,EUR
COM11005,ACM AIR CHARTER LUFTFAHRT - Germany,Customer,ACM AIR CHARTER LUFTFAHRT,Europe,Europe Western,Germany - DE - Europe,, 113 171,34%, 151 933,5%, 159 481,-7%,"148,008.00","85,260.00","146,205.00","87,064.00","148,008.00",Standard,EUR4,GA-BA,0.00,0.00,0.00,0.00,0.00,0.00,1005,6,1998-02-01,EUR
COM11007,AEGEAN AIRLINES S.A. - Greece,Customer,AEGEAN AIRLINES S.A.,Europe,Europe Southern,Greece - GR - Europe,,  ,0%, 209 572,33%, 279 526,35%,"378,222.00","229,356.00","387,025.00","220,553.00","378,222.00",Standard,EUR2,AIRL,"36,569.00",0.00,"36,569.00",0.00,0.00,0.00,1006,82,2023-04-26,EUR
COM11008,Aero-Dienst GmbH - Germany,PotCust,Aero-Dienst GmbH,Europe,Europe Western,Germany - DE - Europe,, 78 114,6%, 82 583,-100%,  ,0%,0.00,0.00,0.00,0.00,0.00,Old,EUR4,GA-BA,0.00,0.00,0.00,0.00,0.00,0.00,1007,5,1996-06-01,EUR
COM11012,AEROWEST GmbH. - Germany,Customer,AEROWEST GmbH.,Europe,Europe Western,Germany - DE - Europe,, 180 166,11%, 199 192,12%, 223 060,17%,"260,983.00","312,734.00","333,628.00","240,088.00","260,983.00",Old,EUR4,GA-BA,0.00,0.00,0.00,0.00,0.00,0.00,1008,13,1998-08-01,EUR
COM11015,AIR ALSIE A/S - Denmark,Customer,AIR ALSIE A/S,Europe,Europe Northern,Denmark - DK - Europe,, 329 686,72%, 568 495,40%, 794 773,-1%,"784,217.00","495,384.00","818,737.00","460,864.00","784,217.00",Standard,EUR4,AIRL,0.00,0.00,0.00,0.00,0.00,0.00,1009,32,1989-12-01,EUR
COM11018,AIR GREENLAND - Greenland,Customer,AIR GREENLAND,Americas,"America, Northern",Greenland - GL - Americas,, 324 945,40%, 454 590,7%, 487 840,-22%,"382,510.00","339,507.00","586,080.00","135,938.00","382,510.00",Standard,EUR4,AIRL,0.00,0.00,0.00,0.00,0.00,0.00,1010,30,2001-05-01,EUR
COM11021,AIR OPS International GmbH - Germany,Customer,AIR OPS International GmbH,Europe,Europe Western,Germany - DE - Europe,, 481 748,-22%, 377 759,1%, 382 573,20%,"460,441.00","208,867.00","472,144.00","197,163.00","460,441.00",Old FSP,EUR5,FSP,0.00,0.00,0.00,0.00,0.00,0.00,1011,0,2007-01-01,EUR
COM11025,AIRLINK GmbH - Austria,Customer,AIRLINK GmbH,Europe,Europe Western,Austria - AT - Europe,, 129 612,15%, 149 340,7%, 160 448,-88%,"19,730.00","51,891.00","-96,148.00","167,768.00","19,730.00",Standard,EUR5,GA-BA,0.00,0.00,0.00,0.00,0.00,0.00,1012,13,1994-10-01,EUR
COM11034,Atlantic Airways - Faroe Islands,Customer,Atlantic Airways,Europe,Europe Northern,Faroe Islands - FO - Europe,, 123 432,18%, 145 108,12%, 162 963,22%,"198,204.00","163,310.00","259,713.00","101,800.00","198,204.00",Standard,EUR5,AIRL,"24,709.00",0.00,"24,709.00",0.00,0.00,0.00,1013,4,2002-11-01,EUR
COM11035,ATLAS AIR SERVICE AG - Germany,NonCust,ATLAS AIR SERVICE AG,Europe,Europe Western,Germany - DE - Europe,2025-06-30, 113 131,9%, 123 135,0%, 122 879,-58%,"51,659.00",0.00,0.00,"51,659.00","51,659.00",Standard,EUR4,GA-BA,0.00,0.00,0.00,0.00,0.00,0.00,1014,7,1994-09-01,EUR
COM11036,ATSD Air Tasking Service - Germany,Customer,ATSD Air Tasking Service,Europe,Europe Western,Germany - DE - Europe,, 139 594,74%, 242 835,17%, 283 270,-9%,"258,607.00","186,933.00","292,620.00","152,921.00","258,607.00",New FSP,EUR5,FSP,"29,443.00",0.00,"29,443.00",0.00,0.00,0.00,1015,7,2003-07-01,EUR
COM11038,Austrian Air Force - Austria,Customer,Austrian Air Force,Europe,Europe Western,Austria - AT - Europe,, 64 162,6%, 67 919,52%, 102 961,-24%,"78,557.00",0.00,"78,557.00",0.00,"78,557.00",Old,EUR5,MIL,0.00,0.00,0.00,0.00,0.00,0.00,1016,3,2001-12-01,EUR
COM11039,AVANTI AIR GmbH & Co. KG - Germany,Customer,AVANTI AIR GmbH & Co. KG,Europe,Europe Western,Germany - DE - Europe,, 111 950,-65%, 39 457,164%, 104 075,40%,"146,059.00","93,016.00","154,474.00","84,600.00","146,059.00",Standard,EUR5,AIRL,0.00,0.00,0.00,0.00,0.00,0.00,1017,2,1996-07-01,EUR
COM11044,BenAir A/S - Denmark,NonCust,BenAir A/S,Europe,Europe Northern,Denmark - DK - Europe,, 14 759,-80%, 2 983,-100%,  ,0%,0.00,0.00,0.00,0.00,0.00,Standard,EUR5,GA-BA,0.00,0.00,0.00,0.00,0.00,0.00,1018,0,1991-12-01,EUR
COM11055,BOSCH (SMS invoice) - Germany,NonCust,BOSCH (SMS invoice),Europe,Europe Western,Germany - DE - Europe,,  335,-100%,  ,0%,  ,0%,0.00,0.00,0.00,0.00,0.00,Old,,GA-BA,0.00,0.00,0.00,0.00,0.00,0.00,1019,1,2012-06-01,EUR
COM11058,BUSINESSWINGS - Germany,Customer,BUSINESSWINGS,Europe,Europe Western,Germany - DE - Europe,, 69 888,7%, 74 984,-98%, 1 571,"4,677%","75,054.00","45,393.00","77,208.00","43,239.00","75,054.00",Standard,EUR5,GA-BA,"6,487.00",0.00,"6,487.00",0.00,0.00,0.00,1020,4,1995-02-01,EUR
COM11059,Capital Air charter Ltd - United Kingdom of Great Britain and Northern Ireland,NonCust,Capital Air charter Ltd,Europe,Europe Northern,United Kingdom of Great Britain and Northern Ireland - GB - Europe,,  ,0%,  ,0%,  ,0%,0.00,0.00,0.00,0.00,0.00,Standard,,GA-BA,0.00,0.00,0.00,0.00,0.00,0.00,1021,0,,EUR
COM11063,Challenge Aero Ukraine - Ukraine,Customer,Challenge Aero Ukraine,Europe,Europe Eastern,Ukraine - UA - Europe,,  ,0%,  ,0%,  ,0%,0.00,0.00,0.00,0.00,0.00,Old,EUR5,GA-BA,0.00,0.00,0.00,0.00,0.00,0.00,1022,0,2004-08-01,EUR
COM11072,DAT (Danish Air Transport) - Denmark,NonCust,DAT (Danish Air Transport),Europe,Europe Northern,Denmark - DK - Europe,, 407 438,-100%,  ,0%,  ,0%,0.00,0.00,0.00,0.00,0.00,Old,EUR4,AIRL,0.00,0.00,0.00,0.00,0.00,0.00,1023,23,1991-12-01,EUR
COM11077,DRF Stiftung Luftrettung - Germany,Customer,DRF Stiftung Luftrettung,Europe,Europe Western,Germany - DE - Europe,, 72 869,4%, 75 445,22%, 92 182,7%,"98,747.00","62,978.00","104,142.00","57,582.00","98,747.00",Standard,EUR5,GA-BA,0.00,0.00,0.00,0.00,0.00,0.00,1024,3,1998-06-01,EUR
COM11079,Luxembourg Air Services (DUCAIR) - Luxembourg,Customer,Luxembourg Air Services (DUCAIR),Europe,Europe Western,Luxembourg - LU - Europe,, 101 658,-133%,- 33 595,-373%, 91 785,11%,"102,201.00","75,953.00","120,196.00","57,958.00","102,201.00",Standard,EUR5,GA-BA,0.00,0.00,0.00,0.00,0.00,0.00,1025,7,2000-01-01,EUR
COM11082,HUMMINGBIRD AVIATION SERVICES - Sweden,Quarantine,HUMMINGBIRD AVIATION SERVICES,Europe,Europe Northern,Sweden - SE - Europe,, 51 139,12%, 57 094,19%, 68 075,-11%,"60,844.00",0.00,"22,136.00","38,708.00","60,844.00",Standard,EUR5,GA-BA,0.00,0.00,0.00,0.00,0.00,0.00,1026,4,2014-09-01,EUR
COM11083,EISELE Flugdienst GmbH - Germany,Customer,EISELE Flugdienst GmbH,Europe,Europe Western,Germany - DE - Europe,, 161 478,9%, 175 487,3%, 180 450,-10%,"162,610.00","106,839.00","174,274.00","95,176.00","162,610.00",Standard,EUR4,GA-BA,0.00,0.00,0.00,0.00,0.00,0.00,1027,7,2000-02-01,EUR
COM11084,EFS European Flight Service AB - Sweden,Customer,EFS European Flight Service AB,Europe,Europe Northern,Sweden - SE - Europe,, 247 733,4%, 256 714,-21%, 201 989,-2%,"198,488.00","126,508.00","208,622.00","116,374.00","198,488.00",Standard,EUR4,GA-BA,0.00,0.00,0.00,0.00,0.00,0.00,1028,7,2014-11-01,EUR
COM11093,ExecuJet Europe AG (part of Luxaviation Group) - Switzerland,PotCust,ExecuJet Europe AG (part of Luxaviation Group),Europe,Europe Western,Switzerland - CH - Europe,,- 9 267,-100%,  ,0%,  ,0%,0.00,0.00,0.00,0.00,0.00,Standard,EUR4,GA-BA,0.00,0.00,0.00,0.00,0.00,0.00,1029,0,2020-06-01,EUR
COM11096,FAI rent-a-jet - Germany,PotCust,FAI rent-a-jet,Europe,Europe Western,Germany - DE - Europe,, 220 313,-8%, 201 975,-100%,  ,0%,0.00,0.00,0.00,0.00,0.00,Old,EUR4,GA-BA,0.00,0.00,0.00,0.00,0.00,0.00,1030,18,1996-11-01,EUR
COM11100,GIESERS STAHLBAU GmbH - Germany,PotCust,GIESERS STAHLBAU GmbH,Europe,Europe Western,Germany - DE - Europe,, 8 034,0%, 8 043,0%, 8 054,-100%,0.00,0.00,0.00,0.00,0.00,Old,EUR5,GA-BA,0.00,0.00,0.00,0.00,0.00,0.00,1031,1,2002-08-01,EUR
COM11102,Flying Service (Flying Group) - Belgium,Customer,Flying Service (Flying Group),Europe,Europe Western,Belgium - BE - Europe,, 253 423,9%, 275 470,18%, 323 857,7%,"345,162.00",0.00,"345,162.00",0.00,"345,162.00",Old,EUR4,GA-BA,0.00,0.00,0.00,0.00,0.00,0.00,1032,24,1999-12-01,EUR
COM11103,FLYVEVÅBNET ESK 721 - Denmark,Customer,FLYVEVÅBNET ESK 721,Europe,Europe Northern,Denmark - DK - Europe,, 145 542,60%, 232 674,-39%, 141 361,37%,"193,065.00","-8,658.00","157,048.00","27,359.00","193,065.00",Old,EUR5,MIL,"-10,836.00",0.00,0.00,0.00,0.00,"-10,836.00",1033,8,1994-11-01,EUR
COM11121,International Jet Management - Austria,PotCust,International Jet Management,Europe,Europe Western,Austria - AT - Europe,,  ,0%,  ,0%,  ,0%,0.00,0.00,0.00,0.00,0.00,Standard,EUR3,GA-BA,0.00,0.00,0.00,0.00,0.00,0.00,1034,0,2015-05-01,EUR
COM11124,JET AVIATION Business Jets - Germany,PotCust,JET AVIATION Business Jets,Europe,Europe Western,Germany - DE - Europe,, 28 486,5%, 29 999,-82%, 5 399,-100%,0.00,0.00,0.00,0.00,0.00,Standard,EUR5,GA-BA,0.00,0.00,0.00,0.00,0.00,0.00,1035,1,1995-01-01,EUR
COM11125,ImperialJet Europe GmbH - Germany,Quarantine,ImperialJet Europe GmbH,Europe,Europe Western,Germany - DE - Europe,2025-02-28, 54 145,-8%, 49 956,20%, 60 024,-89%,"6,555.00",0.00,0.00,"6,555.00","6,555.00",Standard,EUR5,GA-BA,0.00,0.00,0.00,0.00,0.00,0.00,1036,2,2007-03-01,EUR
COM11127,JETFLITE OY - Finland,Customer,JETFLITE OY,Europe,Europe Northern,Finland - FI - Europe,, 106 057,-23%, 81 579,-5%, 77 777,7%,"83,185.00","52,468.00","87,145.00","48,508.00","83,185.00",Standard,EUR5,GA-BA,0.00,0.00,0.00,0.00,0.00,0.00,1037,3,1997-01-01,EUR
COM11128,JetNetherlands BV (ASL nv) - Netherlands,Customer,JetNetherlands BV (ASL nv),Europe,Europe Western,Netherlands - NL - Europe,, 128 991,-9%, 117 176,1%, 118 694,-11%,"105,845.00","76,685.00","120,808.00","61,721.00","105,845.00",Standard,EUR4,GA-BA,"12,022.00",0.00,"12,022.00",0.00,0.00,0.00,1038,8,2002-11-01,EUR
COM11129,JIVAIR AB - Sweden,Customer,JIVAIR AB,Europe,Europe Northern,Sweden - SE - Europe,, 31 728,-20%, 25 342,7%, 26 995,12%,"30,166.00","15,938.00","31,475.00","14,630.00","30,166.00",Old,EUR5,GA-BA,0.00,0.00,0.00,0.00,0.00,0.00,1039,1,1992-03-01,EUR
COM11138,LUXAVIATION UK (Part of Luxaviation Group. Former LEA London executive Aviation) - United Kingdom of Great Britain and Northern Ireland,PotCust,LUXAVIATION UK (Part of Luxaviation Group. Former LEA London executive Aviation),Europe,Europe Northern,United Kingdom of Great Britain and Northern Ireland - GB - Europe,, 227 107,-53%, 106 904,-100%,  ,0%,0.00,0.00,0.00,0.00,0.00,Standard,,GA-BA,0.00,0.00,0.00,0.00,0.00,0.00,1040,0,2018-12-01,EUR
COM11139,LUFTTRANSPORT F.W. A/S - Norway,Customer,LUFTTRANSPORT F.W. A/S,Europe,Europe Northern,Norway - NO - Europe,,  ,0%,  ,0%,  ,0%,0.00,0.00,0.00,0.00,0.00,Standard,EUR5,GA-BA,0.00,0.00,0.00,0.00,0.00,0.00,1041,0,1998-10-01,EUR
COM11140,LUXAIR S.A. - Luxembourg,Customer,LUXAIR S.A.,Europe,Europe Western,Luxembourg - LU - Europe,, 432 128,39%, 600 158,5%, 632 345,14%,"720,085.00","790,709.00","790,709.00","720,085.00","720,085.00",Old,EUR4,AIRL,0.00,0.00,0.00,0.00,0.00,0.00,1042,21,1998-07-01,EUR
COM11152,NORTH FLYING A/S - Denmark,Customer,NORTH FLYING A/S,Europe,Europe Northern,Denmark - DK - Europe,, 125 451,1%, 126 542,-10%, 114 456,12%,"128,019.00","89,644.00","142,130.00","75,532.00","128,019.00",Standard,EUR4,GA-BA,0.00,0.00,0.00,0.00,0.00,0.00,1043,8,1990-12-01,EUR
COM11155,ProAir Aviation GmbH - Germany,Customer,ProAir Aviation GmbH,Europe,Europe Western,Germany - DE - Europe,, 262 433,42%, 371 843,1%, 377 329,49%,"561,422.00","393,663.00","639,812.00","315,274.00","561,422.00",Standard,EUR3,GA-BA,"58,566.00",0.00,"58,566.00",0.00,0.00,0.00,1044,32,1998-01-01,EUR
COM11161,QUICK AIR JET CHARTER GmbH - Germany,Customer,QUICK AIR JET CHARTER GmbH,Europe,Europe Western,Germany - DE - Europe,, 105 535,6%, 111 561,-64%, 40 658,126%,"91,714.00","55,627.00","95,912.00","51,429.00","91,714.00",Standard,EUR5,GA-BA,0.00,0.00,0.00,0.00,0.00,0.00,1045,11,1995-07-01,EUR
COM11178,STAR-LINE - Denmark,PotCust,STAR-LINE,Europe,Europe Northern,Denmark - DK - Europe,,  ,0%,  ,0%,  ,0%,0.00,0.00,0.00,0.00,0.00,,,GA-BA,0.00,0.00,0.00,0.00,0.00,0.00,1046,0,,EUR
COM11181,SUN AIR OF SCANDINAVIA A/S (SUN-AIR Aviation Group) - Denmark,Customer,SUN AIR OF SCANDINAVIA A/S (SUN-AIR Aviation Group),Europe,Europe Northern,Denmark - DK - Europe,, 133 223,19%, 158 751,-10%, 142 478,13%,"161,601.00","106,644.00","171,160.00","97,085.00","161,601.00",Standard,EUR4,AIRL,0.00,0.00,0.00,0.00,0.00,0.00,1047,7,1990-12-01,EUR
COM11189,FÖRSVARSMAKTEN (SWEDISH AIR FORCE) - Sweden,NonCust,FÖRSVARSMAKTEN (SWEDISH AIR FORCE),Europe,Europe Northern,Sweden - SE - Europe,,  ,0%,  ,0%,  ,0%,0.00,0.00,0.00,0.00,0.00,Standard,EUR4,MIL,0.00,0.00,0.00,0.00,0.00,0.00,1048,0,1999-11-09,EUR
COM11190,Swiss Air Force - Switzerland,Customer via,Swiss Air Force,Europe,Europe Western,Switzerland - CH - Europe,, 747 419,7%, 799 009,34%,1 074 032,-87%,"141,839.00",0.00,"141,839.00",0.00,"141,839.00",Old,EUR4,MIL,0.00,0.00,0.00,0.00,0.00,0.00,1049,5,2003-11-01,EUR
COM11193,Jet Executive International - Germany,Customer,Jet Executive International,Europe,Europe Western,Germany - DE - Europe,, 121 858,4%, 127 172,8%, 136 979,-68%,"44,109.00","30,671.00","49,057.00","25,723.00","44,109.00",Standard,EUR5,GA-BA,0.00,0.00,0.00,0.00,0.00,0.00,1050,4,1997-10-01,EUR
COM11196,TYROL AIR AMBULANCE GmbH - Austria,Customer,TYROL AIR AMBULANCE GmbH,Europe,Europe Western,Austria - AT - Europe,, 92 033,11%, 101 984,10%, 112 308,7%,"120,130.00","62,792.00","112,871.00","70,051.00","120,130.00",Standard,EUR4,GA-BA,"8,831.00",0.00,"8,831.00",0.00,0.00,0.00,1051,5,2001-12-01,EUR
COM11201,VLM AIRLINES (TEST KONTO),NonCust,VLM AIRLINES (TEST KONTO),,,,,  ,0%,  ,0%,  ,0%,0.00,0.00,0.00,0.00,0.00,Old,,,0.00,0.00,0.00,0.00,0.00,0.00,1052,0,,USD
COM11204,German Airways (Former: WDL) - Germany,Customer,German Airways (Former: WDL),Europe,Europe Western,Germany - DE - Europe,, 217 931,50%, 326 503,10%, 358 388,9%,"389,126.00","249,708.00","412,492.00","226,342.00","389,126.00",Standard,EUR4,AIRL,"38,608.00",0.00,"38,608.00",0.00,0.00,0.00,1053,8,1994-10-01,EUR
COM11206,WINDROSE AIR Jetcharter GmbH - Germany,Customer,WINDROSE AIR Jetcharter GmbH,Europe,Europe Western,Germany - DE - Europe,, 105 922,-6%, 99 815,14%, 113 928,20%,"136,644.00","67,075.00","120,387.00","83,331.00","136,644.00",Standard,EUR4,GA-BA,0.00,0.00,0.00,0.00,0.00,0.00,1054,8,1994-09-01,EUR
COM11209,NORWEGIAN AIR SHUTTLE ASA - Norway,PotCust,NORWEGIAN AIR SHUTTLE ASA,Europe,Europe Northern,Norway - NO - Europe,,  ,0%,  ,0%,  ,0%,0.00,0.00,0.00,0.00,0.00,Standard,EUR1,AIRL,0.00,0.00,0.00,0.00,0.00,0.00,1055,0,2005-11-01,EUR
COM11219,BAE Systems Corporate Air Travel Ltd. - United Kingdom of Great Britain and Northern Ireland,PotCust,BAE Systems Corporate Air Travel Ltd.,Europe,Europe Northern,United Kingdom of Great Britain and Northern Ireland - GB - Europe,,  ,0%,  ,0%,  ,0%,0.00,0.00,0.00,0.00,0.00,Standard,EUR5,GA-BA,0.00,0.00,0.00,0.00,0.00,0.00,1056,0,2005-02-01,EUR
COM11220,Aurigny Air Services Ltd. - Guernsey,Customer,Aurigny Air Services Ltd.,Europe,Europe Northern,Guernsey - GG - Europe,, 134 959,8%, 145 913,55%, 226 484,-3%,"220,207.00",0.00,"220,207.00",0.00,"220,207.00",Old,EUR4,AIRL,0.00,0.00,0.00,0.00,0.00,0.00,1057,11,2005-03-01,EUR
COM11223,BLUE AIR - Romania,PotCust,BLUE AIR,Europe,Europe Eastern,Romania - RO - Europe,,  ,0%,  ,0%,  ,0%,0.00,0.00,0.00,0.00,0.00,,EUR5,AIRL,0.00,0.00,0.00,0.00,0.00,0.00,1058,0,2015-05-01,EUR
COM11224,SIPJ SONNIG International Private Jet - United Arab Emirates,PotCust,SIPJ SONNIG International Private Jet,Asia,Middle East,United Arab Emirates - AE - Asia,, 80 258,-56%, 35 297,-100%,  ,0%,0.00,0.00,0.00,0.00,0.00,Standard,,GA-BA,0.00,0.00,0.00,0.00,0.00,0.00,1059,0,2013-08-01,EUR
COM11228,Falcon Wings - United Arab Emirates,PotCust,Falcon Wings,Asia,Middle East,United Arab Emirates - AE - Asia,, 87 123,-8%, 80 117,-100%,  ,0%,0.00,0.00,0.00,0.00,0.00,Standard,,GA-BA,0.00,0.00,0.00,0.00,0.00,0.00,1060,0,2013-08-01,EUR
COM11230,(Duplicate) Falcon Jet Aviation - United Arab Emirates,NonCust,(Duplicate) Falcon Jet Aviation,Asia,Middle East,United Arab Emirates - AE - Asia,,  ,0%,  ,0%,  ,0%,0.00,0.00,0.00,0.00,0.00,Standard,,GA-BA,0.00,0.00,0.00,0.00,0.00,0.00,1061,0,,EUR
COM11231,WX Support ApS - Denmark,NonCust,WX Support ApS,Europe,Europe Northern,Denmark - DK - Europe,,  ,0%,  ,0%,  ,0%,0.00,0.00,0.00,0.00,0.00,Standard,,,0.00,0.00,0.00,0.00,0.00,0.00,1062,0,,DKK
COM11236,Bookajet Ltd. Operations Department - United Kingdom of Great Britain and Northern Ireland,PotCust,Bookajet Ltd. Operations Department,Europe,Europe Northern,United Kingdom of Great Britain and Northern Ireland - GB - Europe,, 37 562,-100%,  ,0%,  ,0%,0.00,0.00,0.00,0.00,0.00,Standard,,GA-BA,0.00,0.00,0.00,0.00,0.00,0.00,1063,0,2009-09-01,EUR
COM11254,AIR ARABIA - United Arab Emirates,PotCust,AIR ARABIA,Asia,Middle East,United Arab Emirates - AE - Asia,,  ,0%,  ,0%,  ,0%,0.00,0.00,0.00,0.00,0.00,,,AIRL,0.00,0.00,0.00,0.00,0.00,0.00,1064,0,,USD
COM11255,Aviation Services Management FZE (ASM) - United Arab Emirates,Customer,Aviation Services Management FZE (ASM),Asia,Middle East,United Arab Emirates - AE - Asia,, 79 282,7%, 84 541,39%, 117 424,23%,"144,655.00","81,926.00","140,210.00","86,371.00","144,655.00",New FSP,APAC5,FSP,"16,620.00",0.00,"16,620.00",0.00,0.00,0.00,1065,2,2012-11-01,EUR
COM11259,RusAero Open JSC (CCAS) - Russian Federation,Quarantine,RusAero Open JSC (CCAS),Europe,Europe Eastern,Russian Federation - RU - Europe,,  ,0%,  ,0%,  ,0%,0.00,0.00,0.00,0.00,0.00,Old FSP,,FSP,0.00,0.00,0.00,0.00,0.00,0.00,1066,1,2007-10-01,EUR
COM11288,Avinode AB - Sweden,NonCust,Avinode AB,Europe,Europe Northern,Sweden - SE - Europe,,  ,0%,  ,0%,  ,0%,0.00,0.00,0.00,0.00,0.00,,,,0.00,0.00,0.00,0.00,0.00,0.00,1067,0,,EUR
COM11297,Blue Islands Ltd. - Guernsey,NonCust,Blue Islands Ltd.,Europe,Europe Northern,Guernsey - GG - Europe,2025-10-31, 125 875,3%, 129 430,6%, 137 741,-16%,"115,761.00",0.00,"37,438.00","78,322.00","115,761.00",Standard,EUR5,AIRL,0.00,0.00,0.00,0.00,0.00,0.00,1068,5,2006-02-01,EUR
,,,,,,,,  ,0%,  ,0%,  ,0%,0.00,0.00,0.00,0.00,0.00,,,,0.00,0.00,0.00,0.00,0.00,0.00,1069,,,
COM11312,Luxaviation S.A. (Part of Luxaviation Group) - Luxembourg,PotCust,Luxaviation S.A. (Part of Luxaviation Group),Europe,Europe Western,Luxembourg - LU - Europe,, 55 172,24%, 68 157,-61%, 26 741,-100%,0.00,0.00,0.00,0.00,0.00,Standard,EUR5,GA-BA,0.00,0.00,0.00,0.00,0.00,0.00,1070,3,2018-10-01,EUR
COM11314,Arab Wings - Jordan,Customer,Arab Wings,Asia,Middle East,Jordan - JO - Asia,, 258 569,-7%, 239 654,24%, 297 105,-11%,"264,255.00","-35,828.00","15,087.00","213,340.00","264,255.00",Standard,APAC4,GA-BA,"5,026.00",0.00,"5,026.00",0.00,0.00,0.00,1071,10,2006-05-01,EUR
COM11319,MEDAVIA - Malta,PotCust,MEDAVIA,Europe,Europe Southern,Malta - MT - Europe,, 12 409,4%, 12 965,8%, 14 009,-64%,"5,014.00",0.00,0.00,"5,014.00","5,014.00",Standard,EUR5,GA-BA,0.00,0.00,0.00,0.00,0.00,0.00,1072,0,2006-12-01,EUR
COM11327,Lancelot - Spain,Customer,Lancelot,Europe,Europe Southern,Spain - ES - Europe,, 178 303,-19%, 145 228,8%, 156 147,8%,"168,172.00","139,441.00","213,883.00","93,730.00","168,172.00",New FSP,EUR5,FSP,"23,477.00",0.00,"23,477.00",0.00,0.00,0.00,1073,7,2007-01-01,EUR
COM11328,HADID Int. services Ltd. - United Arab Emirates,Customer,HADID Int. services Ltd.,Asia,Middle East,United Arab Emirates - AE - Asia,, 56 516,2%, 57 369,17%, 67 337,12%,"75,345.00","30,273.00","68,318.00","37,300.00","75,345.00",Old FSP,APAC5,FSP,0.00,0.00,0.00,0.00,0.00,0.00,1074,0,2009-11-01,EUR
COM11331,JETEX FZE - United Arab Emirates,Customer,JETEX FZE,Asia,Middle East,United Arab Emirates - AE - Asia,, 296 562,-8%, 273 179,-7%, 253 296,20%,"302,736.00","234,182.00","376,580.00","160,338.00","302,736.00",New FSP,APAC5,FSP,0.00,0.00,0.00,0.00,0.00,0.00,1075,0,2009-04-01,EUR
COM11332,JET TIME (old) - Denmark,NonCust,JET TIME (old),Europe,Europe Northern,Denmark - DK - Europe,,  ,0%,  ,0%,  ,0%,0.00,0.00,0.00,0.00,0.00,Standard,,AIRL,0.00,0.00,0.00,0.00,0.00,0.00,1076,0,,EUR
COM11340,NAC Nordic Aviation Capital - Denmark,PotCust,NAC Nordic Aviation Capital,Europe,Europe Northern,Denmark - DK - Europe,,  ,0%,  ,0%,  ,0%,0.00,0.00,0.00,0.00,0.00,,,GA-BA,0.00,0.00,0.00,0.00,0.00,0.00,1077,0,2018-04-01,EUR
COM11343,ASL nv (Air Service Leige NV) MOTHER COMPANY - Belgium,Customer,ASL nv (Air Service Leige NV) MOTHER COMPANY,Europe,Europe Western,Belgium - BE - Europe,, 318 043,-7%, 296 764,7%, 318 951,11%,"354,264.00","225,545.00","386,968.00","192,841.00","354,264.00",Standard,EUR3,GA-BA,"61,085.00",0.00,"31,159.00","29,926.00",0.00,0.00,1078,30,2006-02-01,EUR
COM11345,EASTERN AIRWAYS (UK) Ltd. - United Kingdom of Great Britain and Northern Ireland,NonCust,EASTERN AIRWAYS (UK) Ltd.,Europe,Europe Northern,United Kingdom of Great Britain and Northern Ireland - GB - Europe,2025-10-31, 254 114,17%, 296 179,36%, 404 189,-12%,"355,575.00",0.00,"94,383.00","261,192.00","355,575.00",Standard,EUR4,AIRL,0.00,0.00,0.00,0.00,0.00,0.00,1079,17,2013-07-01,EUR
COM11350,Q-Gate & Interflight Services - Germany,Customer,Q-Gate & Interflight Services,Europe,Europe Western,Germany - DE - Europe,, 74 927,-43%, 43 045,6%, 45 651,2%,"46,406.00","25,920.00","50,343.00","21,983.00","46,406.00",Old FSP,EUR5,FSP,0.00,0.00,0.00,0.00,0.00,0.00,1080,0,2006-10-01,EUR
COM11363,Air Link International (CY) Ltd - Cyprus,Customer,Air Link International (CY) Ltd,Europe,Europe Southern,Cyprus - CY - Europe,, 42 731,-3%, 41 495,8%, 44 829,8%,"48,401.00","25,920.00","50,343.00","23,978.00","48,401.00",Old FSP,EUR5,FSP,0.00,0.00,0.00,0.00,0.00,0.00,1081,0,2006-11-01,EUR
COM11368,Flex Flight ApS - Denmark,Customer,Flex Flight ApS,Europe,Europe Northern,Denmark - DK - Europe,, 140 878,19%, 168 314,-4%, 160 806,-38%,"100,084.00","46,254.00","79,171.00","67,168.00","100,084.00",Standard,EUR4,GA-BA,"10,117.00",0.00,"5,059.00","5,059.00",0.00,0.00,1082,3,2006-11-01,EUR
COM11386,LOGANAIR Ltd.a - United Kingdom of Great Britain and Northern Ireland,Customer,LOGANAIR Ltd.a,Europe,Europe Northern,United Kingdom of Great Britain and Northern Ireland - GB - Europe,, 778 187,1%, 787 965,9%, 857 281,8%,"928,827.00","601,340.00","986,971.00","543,196.00","928,827.00",Standard,EUR3,AIRL,0.00,0.00,0.00,0.00,0.00,0.00,1083,35,2007-07-01,EUR
COM11391,Babcock Scandinavian Air Ambulance AB - Sweden,NonCust,Babcock Scandinavian Air Ambulance AB,Europe,Europe Northern,Sweden - SE - Europe,, 92 161,-33%, 61 596,-100%,  ,0%,0.00,0.00,0.00,0.00,0.00,Standard,,GA-BA,0.00,0.00,0.00,0.00,0.00,0.00,1084,2,2007-05-01,EUR
COM11394,SaxonAir Charter Ltd. - United Kingdom of Great Britain and Northern Ireland,PotCust,SaxonAir Charter Ltd.,Europe,Europe Northern,United Kingdom of Great Britain and Northern Ireland - GB - Europe,, 147 415,0%, 147 503,-12%, 130 507,34%,"174,908.00","43,763.00","112,200.00","106,472.00","174,908.00",Standard,EUR5,GA-BA,0.00,0.00,0.00,0.00,0.00,0.00,1085,6,2007-06-01,EUR
COM11404,SAAB AB - Sweden,Customer,SAAB AB,Europe,Europe Northern,Sweden - SE - Europe,, 100 913,51%, 152 275,6%, 161 687,-23%,"124,230.00",0.00,"124,230.00",0.00,"124,230.00",Old,EUR4,GA-BA,0.00,0.00,0.00,0.00,0.00,0.00,1086,12,2008-03-01,EUR
COM11411,Papier-Mettler KG - Germany,PotCust,Papier-Mettler KG,Europe,Europe Western,Germany - DE - Europe,2025-02-28, 43 089,9%, 46 765,8%, 50 516,-82%,"9,018.00",0.00,0.00,"9,018.00","9,018.00",Standard,EUR5,GA-BA,0.00,0.00,0.00,0.00,0.00,0.00,1087,2,2007-08-01,EUR
COM11413,Air Baltic - Latvia,Customer,Air Baltic,Europe,Europe Northern,Latvia - LV - Europe,,  ,0%, 109 253,168%, 293 342,4%,"305,543.00","203,523.00","331,279.00","177,786.00","305,543.00",Standard,EUR3,AIRL,"29,202.00",0.00,"29,202.00",0.00,0.00,0.00,1088,50,2023-08-23,EUR
COM11416,HTM Jet Service GmbH & Co KG - Germany,PotCust,HTM Jet Service GmbH & Co KG,Europe,Europe Western,Germany - DE - Europe,,  ,0%,  ,0%,  ,0%,0.00,0.00,0.00,0.00,0.00,Standard,,GA-BA,0.00,0.00,0.00,0.00,0.00,0.00,1089,0,2007-08-01,EUR
COM11417,ACT AIRLINES - Turkey,PotCust,ACT AIRLINES,Asia,Middle East,Turkey - TR - Asia,, 10 560,"2,496%", 274 158,-9%, 250 358,-100%,0.00,0.00,0.00,0.00,0.00,Standard,APAC4,AIRL,0.00,0.00,0.00,0.00,0.00,0.00,1090,5,2022-06-20,EUR
COM11423,ABC Bedarfsflug GmbH - Austria,Customer,ABC Bedarfsflug GmbH,Europe,Europe Western,Austria - AT - Europe,, 82 238,21%, 99 749,-15%, 84 546,12%,"94,367.00","57,010.00","96,349.00","55,028.00","94,367.00",Standard,EUR4,GA-BA,0.00,0.00,0.00,0.00,0.00,0.00,1091,10,2007-08-01,EUR
COM11424,Bel Air Aviation A/S - Denmark,PotCust,Bel Air Aviation A/S,Europe,Europe Northern,Denmark - DK - Europe,,  ,0%,  ,0%,  ,0%,0.00,0.00,0.00,0.00,0.00,,,AIRL,0.00,0.00,0.00,0.00,0.00,0.00,1092,0,,EUR
COM11427,VistaJet GmbH (Air Hamburg) - Germany,Customer,VistaJet GmbH (Air Hamburg),Europe,Europe Western,Germany - DE - Europe,, 805 713,-3%, 780 404,-17%, 650 223,-31%,"451,001.00","283,629.00","471,638.00","262,992.00","451,001.00",Standard,EUR3,GA-BA,"40,372.00",0.00,"40,372.00",0.00,0.00,0.00,1093,41,2007-11-01,EUR
COM11438,AMAPOLA FLYG AB - Sweden,Customer,AMAPOLA FLYG AB,Europe,Europe Northern,Sweden - SE - Europe,, 84 978,269%, 313 563,21%, 378 904,13%,"427,809.00","266,370.00","446,419.00","247,761.00","427,809.00",Standard,EUR4,AIRL,0.00,0.00,0.00,0.00,0.00,0.00,1094,12,2007-10-01,EUR
COM11440,EMPIRE AVIATION GROUP - United Arab Emirates,Customer,EMPIRE AVIATION GROUP,Asia,Middle East,United Arab Emirates - AE - Asia,, 234 245,6%, 247 529,13%, 279 019,23%,"342,764.00","1,025.00","341,815.00","1,974.00","342,764.00",Old,APAC4,GA-BA,0.00,0.00,0.00,0.00,0.00,0.00,1095,18,2007-11-01,EUR
COM11452,UNICAIR (Air Alliance Express AG & Co. KG) - Germany,Customer,UNICAIR (Air Alliance Express AG & Co. KG),Europe,Europe Western,Germany - DE - Europe,, 178 760,16%, 206 538,57%, 324 735,14%,"369,879.00","193,893.00","370,554.00","193,218.00","369,879.00",Old,EUR4,GA-BA,0.00,0.00,0.00,0.00,0.00,0.00,1096,10,2012-12-01,EUR
COM11466,SPRINTAIR SA - Poland,Customer,SPRINTAIR SA,Europe,Europe Eastern,Poland - PL - Europe,, 282 162,-1%, 279 930,7%, 298 879,-3%,"290,970.00","195,565.00","316,533.00","170,002.00","290,970.00",Standard,EUR4,AIRL,0.00,0.00,0.00,0.00,0.00,0.00,1097,15,2008-03-01,EUR
COM11467,"Air Tanzania Company Ltd. - Tanzania, United Republic of",PotCust,Air Tanzania Company Ltd.,Africa,Africa Sub-Saharan,"Tanzania, United Republic of - TZ - Africa",,  ,0%,  ,0%,  ,0%,0.00,0.00,0.00,0.00,0.00,,,AIRL,0.00,0.00,0.00,0.00,0.00,0.00,1098,0,,EUR
COM11469,Signum Aviation - United Kingdom of Great Britain and Northern Ireland,Customer,Signum Aviation,Europe,Europe Northern,United Kingdom of Great Britain and Northern Ireland - GB - Europe,, 450 455,2%, 459 777,33%, 609 889,-14%,"527,438.00","210,077.00","388,446.00","349,069.00","527,438.00",New FSP,EUR5,FSP,"27,776.00",0.00,"27,776.00",0.00,0.00,0.00,1099,1,2012-05-01,EUR
COM11488,GLOBEAIR AG - Austria,Customer,GLOBEAIR AG,Europe,Europe Western,Austria - AT - Europe,, 170 179,1%, 171 435,3%, 176 512,14%,"201,490.00","128,170.00","213,807.00","115,854.00","201,490.00",Standard,EUR4,GA-BA,"18,316.00",0.00,"18,316.00",0.00,0.00,0.00,1100,19,2008-09-01,EUR
COM11494,Flightworx Aviation Ltd. - United Kingdom of Great Britain and Northern Ireland,Customer,Flightworx Aviation Ltd.,Europe,Europe Northern,United Kingdom of Great Britain and Northern Ireland - GB - Europe,, 979 705,-53%, 460 092,-29%, 324 417,-27%,"236,941.00","165,972.00","270,762.00","132,151.00","236,941.00",New FSP,EUR5,FSP,"22,992.00",0.00,"22,992.00",0.00,0.00,0.00,1101,1,2008-05-01,EUR
COM11502,Air Charter Scotland Ltd. - United Kingdom of Great Britain and Northern Ireland,Customer,Air Charter Scotland Ltd.,Europe,Europe Northern,United Kingdom of Great Britain and Northern Ireland - GB - Europe,, 160 297,33%, 213 350,8%, 230 452,-12%,"202,368.00","90,706.00","161,261.00","131,814.00","202,368.00",Standard,EUR4,GA-BA,0.00,0.00,0.00,0.00,0.00,0.00,1102,9,2008-07-01,EUR
COM11507,AER ARANN Ltd. (STOBART) - Ireland,NonCust,AER ARANN Ltd. (STOBART),Europe,Europe Northern,Ireland - IE - Europe,,  ,0%,  ,0%,  ,0%,0.00,0.00,0.00,0.00,0.00,Old,,AIRL,0.00,0.00,0.00,0.00,0.00,0.00,1103,0,2008-09-01,EUR
COM11518,MAERSK AIR CARGO (Tidligere STAR AIR) - Denmark,Pending Closure,MAERSK AIR CARGO (Tidligere STAR AIR),Europe,Europe Northern,Denmark - DK - Europe,, 830 715,34%,1 111 473,22%,1 353 497,-7%,"1,252,317.00","788,531.00","1,304,907.00","735,941.00","1,252,317.00",Standard,EUR4,AIRL,"112,152.00",0.00,"112,152.00",0.00,0.00,0.00,1104,20,2011-11-01,EUR
COM11538,UNITED AVIATION - Libya,PotCust,UNITED AVIATION,Africa,Africa Northern,Libya - LY - Africa,,  ,0%,  ,0%,  ,0%,0.00,0.00,0.00,0.00,0.00,Old,AFR5,GA-BA,0.00,0.00,0.00,0.00,0.00,0.00,1105,1,2019-04-01,EUR
COM11556,AVFUEL & AVPLAN - PACIFIC COAST FORECASTING Corporation 2 - United States of America,Customer,AVFUEL & AVPLAN - PACIFIC COAST FORECASTING Corporation 2,Americas,"America, Northern",United States of America - US - Americas,, 38 586,8%, 41 495,8%, 44 829,8%,"48,401.00","25,920.00","50,343.00","23,978.00","48,401.00",Old FSP,AME5,FSP,0.00,0.00,0.00,0.00,0.00,0.00,1106,0,2009-02-13,EUR
COM11565,NATEAM,PotCust,NATEAM,,,,,  ,0%,  ,0%,  ,0%,0.00,0.00,0.00,0.00,0.00,,,GA-BA,0.00,0.00,0.00,0.00,0.00,0.00,1107,0,,EUR
COM11571,EUROJET SERVIS sB.r.o. - Czechia,Customer,EUROJET SERVIS sB.r.o.,Europe,Europe Eastern,Czechia - CZ - Europe,, 45 549,-7%, 42 515,8%, 46 007,14%,"52,344.00","30,032.00","52,755.00","29,621.00","52,344.00",New FSP,EUR5,FSP,"4,269.00",0.00,"4,269.00",0.00,0.00,0.00,1108,0,2008-10-01,EUR
COM11573,ALKAN AIR - Egypt,Customer,ALKAN AIR,Africa,Africa Northern,Egypt - EG - Africa,, 32 944,-2%, 32 156,1%, 32 326,-13%,"28,129.00","15,209.00","29,279.00","14,059.00","28,129.00",Old,AFR5,GA-BA,0.00,0.00,0.00,0.00,0.00,0.00,1109,2,2008-08-01,EUR
COM11595,OLYMPIC AIR S.A. - Greece,Customer,OLYMPIC AIR S.A.,Europe,Europe Southern,Greece - GR - Europe,, 391 931,9%, 426 481,7%, 456 333,7%,"489,092.00","479,715.00","479,715.00","489,092.00","489,092.00",Old,EUR4,AIRL,0.00,0.00,0.00,0.00,0.00,0.00,1110,17,2009-08-01,EUR
COM11611,Cimber A/S,NonCust,Cimber A/S,,,,,  ,0%,  ,0%,  ,0%,0.00,0.00,0.00,0.00,0.00,,,AIRL,0.00,0.00,0.00,0.00,0.00,0.00,1111,0,,EUR
COM11612,Aviation Bridge LTD - Israel,PotCust,Aviation Bridge LTD,Asia,Middle East,Israel - IL - Asia,,  ,0%,  ,0%,  ,0%,0.00,0.00,0.00,0.00,0.00,,,GA-BA,0.00,0.00,0.00,0.00,0.00,0.00,1112,0,,USD
COM11619,Goldeck-Flug GmbH - Austria,NonCust,Goldeck-Flug GmbH,Europe,Europe Western,Austria - AT - Europe,,  ,0%,  ,0%,  ,0%,0.00,0.00,0.00,0.00,0.00,Standard,,GA-BA,0.00,0.00,0.00,0.00,0.00,0.00,1113,0,2016-03-08,EUR
COM11622,Panaviatic Ltd - Estonia,Customer,Panaviatic Ltd,Europe,Europe Northern,Estonia - EE - Europe,, 52 136,-15%, 44 492,3%, 45 876,54%,"70,571.00","41,008.00","73,161.00","38,418.00","70,571.00",Standard,EUR5,GA-BA,"5,678.00",0.00,"5,678.00",0.00,0.00,0.00,1114,5,2012-08-01,EUR
COM11637,EastUnion CJSC - Russian Federation,Quarantine,EastUnion CJSC,Europe,Europe Eastern,Russian Federation - RU - Europe,, 7 488,-100%,  ,0%,  ,0%,0.00,0.00,0.00,0.00,0.00,New FSP,,FSP,0.00,0.00,0.00,0.00,0.00,0.00,1115,1,2009-04-01,EUR
COM11640,BH AIR Ltd. - Bulgaria,PotCust,BH AIR Ltd.,Europe,Europe Eastern,Bulgaria - BG - Europe,,  ,0%,  ,0%,  ,0%,0.00,0.00,0.00,0.00,0.00,,,AIRL,0.00,0.00,0.00,0.00,0.00,0.00,1116,0,,EUR
COM11650,SEABORNE AIRLINES Inc. - United States of America,Customer,SEABORNE AIRLINES Inc.,Americas,"America, Northern",United States of America - US - Americas,, 50 127,16%, 58 264,38%, 80 372,15%,"92,653.00","64,025.00","101,446.00","55,232.00","92,653.00",Standard,AME5,AIRL,"18,585.00",0.00,"9,292.00","9,292.00",0.00,0.00,1117,3,2012-11-01,USD
COM11653,West Atlantic UK Ltd. - United Kingdom of Great Britain and Northern Ireland,Customer,West Atlantic UK Ltd.,Europe,Europe Northern,United Kingdom of Great Britain and Northern Ireland - GB - Europe,, 790 063,-7%, 731 248,0%, 730 203,-8%,"668,974.00","421,158.00","695,704.00","394,428.00","668,974.00",Standard,EUR4,AIRL,"55,712.00",0.00,"55,712.00",0.00,0.00,0.00,1118,20,2010-01-01,EUR
COM11655,Flair Aviation GmbH - Germany,PotCust,Flair Aviation GmbH,Europe,Europe Western,Germany - DE - Europe,,  ,0%,  ,0%,  ,0%,0.00,0.00,0.00,0.00,0.00,Standard,EUR5,GA-BA,0.00,0.00,0.00,0.00,0.00,0.00,1119,1,2010-09-01,EUR
COM11665,Call & Fly - Poland,NonCust,Call & Fly,Europe,Europe Eastern,Poland - PL - Europe,,  ,0%,  ,0%,  ,0%,0.00,0.00,0.00,0.00,0.00,,,GA-BA,0.00,0.00,0.00,0.00,0.00,0.00,1120,0,,EUR
COM11668,Bin Air Aero Service GmbH - Germany,PotCust,Bin Air Aero Service GmbH,Europe,Europe Western,Germany - DE - Europe,,  ,0%,  ,0%,  ,0%,0.00,0.00,0.00,0.00,0.00,,,GA-BA,0.00,0.00,0.00,0.00,0.00,0.00,1121,0,,EUR
COM11680,GestAir - Spain,Customer,GestAir,Europe,Europe Southern,Spain - ES - Europe,, 497 370,0%, 496 682,1%, 500 789,-3%,"487,390.00","142,186.00","335,519.00","294,058.00","487,390.00",New FSP,EUR4,FSP,"6,601.00",0.00,"6,601.00",0.00,0.00,0.00,1122,1,2009-06-01,EUR
COM11682,Dana Airlines Limited - Nigeria,PotCust,Dana Airlines Limited,Africa,Africa Sub-Saharan,Nigeria - NG - Africa,,  ,0%,  ,0%,  ,0%,0.00,0.00,0.00,0.00,0.00,,,AIRL,0.00,0.00,0.00,0.00,0.00,0.00,1123,0,2021-06-04,USD
COM11724,United Aviation Services (with EULA) aka UAS Int. Trip Support - United Arab Emirates,Customer,United Aviation Services (with EULA) aka UAS Int. Trip Support,Asia,Middle East,United Arab Emirates - AE - Asia,, 260 582,25%, 326 760,-5%, 311 035,11%,"344,933.00","213,056.00","361,650.00","196,339.00","344,933.00",New FSP,APAC5,FSP,0.00,0.00,0.00,0.00,0.00,0.00,1124,0,2010-11-01,EUR
COM11742,JETBASE - Portugal,PotCust,JETBASE,Europe,Europe Southern,Portugal - PT - Europe,, 73 986,25%, 92 450,-32%, 63 082,-100%,0.00,0.00,0.00,0.00,0.00,New FSP,EUR5,FSP,0.00,0.00,0.00,0.00,0.00,0.00,1125,0,2013-01-01,EUR
COM11743,PETRO AIR - Libya,Customer,PETRO AIR,Africa,Africa Northern,Libya - LY - Africa,, 91 319,-43%, 51 684,97%, 101 726,-11%,"90,252.00","60,155.00","106,403.00","44,004.00","90,252.00",Old,AFR5,GA-BA,0.00,0.00,0.00,0.00,0.00,0.00,1126,5,2013-11-01,EUR
COM11770,Fly Aviation Services - United Arab Emirates,Customer,Fly Aviation Services,Asia,Middle East,United Arab Emirates - AE - Asia,, 42 156,12%, 47 379,3%, 49 008,29%,"63,342.00","36,451.00","69,298.00","30,495.00","63,342.00",Old FSP,APAC5,FSP,0.00,0.00,0.00,0.00,0.00,0.00,1127,0,2009-12-01,EUR
COM11797,Flexjet Operations Ltd - United Kingdom of Great Britain and Northern Ireland,PotCust,Flexjet Operations Ltd,Europe,Europe Northern,United Kingdom of Great Britain and Northern Ireland - GB - Europe,,  ,0%,  ,0%,  ,0%,0.00,0.00,0.00,0.00,0.00,Standard,,GA-BA,0.00,0.00,0.00,0.00,0.00,0.00,1128,0,2009-11-01,EUR
COM11806,ELITAVIA - Malta,Customer,ELITAVIA,Europe,Europe Southern,Malta - MT - Europe,, 256 862,-2%, 252 299,21%, 306 247,11%,"338,600.00","182,902.00","316,618.00","204,883.00","338,600.00",Standard,EUR4,GA-BA,"27,124.00",0.00,"27,124.00",0.00,0.00,0.00,1129,14,2011-07-01,EUR
COM11812,Wolf Flugplanungen (VIE) - Austria,Customer,Wolf Flugplanungen (VIE),Europe,Europe Western,Austria - AT - Europe,, 56 557,-55%, 25 171,8%, 27 195,7%,"29,179.00","15,422.00","27,586.00","17,015.00","29,179.00",Standard,EUR5,GA-BA,0.00,0.00,0.00,0.00,0.00,0.00,1130,8,2015-02-01,EUR
COM11835,S.C. AVIATIQ SUPPORT S.R.L - Romania,Customer,S.C. AVIATIQ SUPPORT S.R.L,Europe,Europe Eastern,Romania - RO - Europe,, 496 250,-28%, 357 572,1%, 361 003,-2%,"354,602.00","92,458.00","286,507.00","160,553.00","354,602.00",Old FSP,EUR5,FSP,0.00,0.00,0.00,0.00,0.00,0.00,1131,1,2010-07-01,EUR
COM11843,ENAV S.p.A. Flight Inspection Dept. - Italy,PotCust,ENAV S.p.A. Flight Inspection Dept.,Europe,Europe Southern,Italy - IT - Europe,, 51 409,-100%,  ,0%,  ,0%,0.00,0.00,0.00,0.00,0.00,Old,,GA-BA,0.00,0.00,0.00,0.00,0.00,0.00,1132,0,2010-04-01,EUR
COM11854,HERON Luftfahrt GmbH & Co. KG - Germany,Customer,HERON Luftfahrt GmbH & Co. KG,Europe,Europe Western,Germany - DE - Europe,, 107 459,29%, 138 324,8%, 149 333,-37%,"93,698.00","19,439.00","59,521.00","53,616.00","93,698.00",Old,EUR4,GA-BA,0.00,0.00,0.00,0.00,0.00,0.00,1133,15,2011-10-01,EUR
COM11859,AMJET EXECUTIVE - Greece,Quarantine,AMJET EXECUTIVE,Europe,Europe Southern,Greece - GR - Europe,, 28 598,110%, 59 931,-48%, 30 922,-100%,0.00,0.00,0.00,0.00,0.00,Standard,EUR5,GA-BA,0.00,0.00,0.00,0.00,0.00,0.00,1134,1,2012-10-01,EUR
COM11861,LIBERTY AIR - Netherlands,PotCust,LIBERTY AIR,Europe,Europe Western,Netherlands - NL - Europe,,  ,0%,  ,0%,  ,0%,0.00,0.00,0.00,0.00,0.00,,,GA-BA,0.00,0.00,0.00,0.00,0.00,0.00,1135,0,2006-09-01,EUR
COM11865,CityJet DAC - Ireland,Customer,CityJet DAC,Europe,Europe Northern,Ireland - IE - Europe,, 503 413,8%, 546 001,5%, 570 712,10%,"626,319.00","377,470.00","635,458.00","368,331.00","626,319.00",Standard,EUR4,AIRL,"53,845.00",0.00,"53,845.00",0.00,0.00,0.00,1136,22,2017-06-01,EUR
COM11869,ACCESS FLIGHT SUPPORT FZE - United Arab Emirates,PotCust,ACCESS FLIGHT SUPPORT FZE,Asia,Middle East,United Arab Emirates - AE - Asia,,  ,0%,  ,0%,  ,0%,0.00,0.00,0.00,0.00,0.00,Old FSP,,FSP,0.00,0.00,0.00,0.00,0.00,0.00,1137,,2010-06-01,USD
COM11884,NEXT JET TEST,NonCust,NEXT JET TEST,,,,,  ,0%,  ,0%,  ,0%,0.00,0.00,0.00,0.00,0.00,Old,,AIRL,0.00,0.00,0.00,0.00,0.00,0.00,1138,0,,EUR
COM11885,AJ PRODUKTER AB - Sweden,PotCust,AJ PRODUKTER AB,Europe,Europe Northern,Sweden - SE - Europe,,  ,0%,  ,0%,  ,0%,0.00,0.00,0.00,0.00,0.00,Old,,GA-BA,0.00,0.00,0.00,0.00,0.00,0.00,1139,0,2011-11-01,EUR
COM11887,Avcon Jet AG - Austria,PotCust,Avcon Jet AG,Europe,Europe Western,Austria - AT - Europe,,  ,0%,  ,0%,  ,0%,0.00,0.00,0.00,0.00,0.00,,,GA-BA,0.00,0.00,0.00,0.00,0.00,0.00,1140,0,,EUR
COM11888,Jetflight Aviation Ltd. - Cyprus,Customer,Jetflight Aviation Ltd.,Asia,Middle East,Cyprus - C1 - Asia,, 406 228,-12%, 356 851,4%, 369 780,15%,"424,164.00","320,442.00","500,900.00","243,707.00","424,164.00",New FSP,EUR5,FSP,"107,347.00",0.00,"55,750.00","51,597.00",0.00,0.00,1141,0,2013-12-01,EUR
COM11892,2 Excel Aviation Limited - United Kingdom of Great Britain and Northern Ireland,PotCust,2 Excel Aviation Limited,Europe,Europe Northern,United Kingdom of Great Britain and Northern Ireland - GB - Europe,, 68 205,-81%, 12 765,-100%,  ,0%,0.00,0.00,0.00,0.00,0.00,Standard,,GA-BA,0.00,0.00,0.00,0.00,0.00,0.00,1142,0,2011-04-01,EUR
COM11898,PEAK Air GMBH - Germany,PotCust,PEAK Air GMBH,Europe,Europe Western,Germany - DE - Europe,, 60 455,7%, 64 823,7%, 69 534,-100%,0.00,0.00,0.00,0.00,0.00,Old,EUR5,GA-BA,0.00,0.00,0.00,0.00,0.00,0.00,1143,3,2007-07-01,EUR
COM11902,AIS Airlines - Netherlands,Customer,AIS Airlines,Europe,Europe Western,Netherlands - NL - Europe,, 48 786,34%, 65 140,8%, 70 047,-33%,"46,625.00","24,117.00","38,941.00","31,801.00","46,625.00",Standard,EUR5,AIRL,"3,162.00",0.00,"3,162.00",0.00,0.00,0.00,1144,3,2010-08-01,EUR
COM11903,Jota Aviation Ltd - United Kingdom of Great Britain and Northern Ireland,NonCust,Jota Aviation Ltd,Europe,Europe Northern,United Kingdom of Great Britain and Northern Ireland - GB - Europe,,  10,-100%,  ,0%,  ,0%,0.00,0.00,0.00,0.00,0.00,Old,,AIRL,0.00,0.00,0.00,0.00,0.00,0.00,1145,0,2010-06-01,EUR
COM11909,Sovereign Business Jets Limited - United Kingdom of Great Britain and Northern Ireland,PotCust,Sovereign Business Jets Limited,Europe,Europe Northern,United Kingdom of Great Britain and Northern Ireland - GB - Europe,,  ,0%,  ,0%,  ,0%,0.00,0.00,0.00,0.00,0.00,Standard,,GA-BA,0.00,0.00,0.00,0.00,0.00,0.00,1146,0,2010-05-01,EUR
COM11910,Air Europa - Spain,PotCust,Air Europa,Europe,Europe Southern,Spain - ES - Europe,,  ,0%,  ,0%,  ,0%,0.00,0.00,0.00,0.00,0.00,Standard,EUR2,AIRL,0.00,0.00,0.00,0.00,0.00,0.00,1147,60,,EUR
COM11934,Speedwings Business SA (Sparfell) - Switzerland,Customer,Speedwings Business SA (Sparfell),Europe,Europe Western,Switzerland - CH - Europe,, 39 370,-22%, 30 759,8%, 33 231,10%,"36,488.00","23,014.00","38,224.00","21,277.00","36,488.00",Standard,EUR5,GA-BA,0.00,0.00,0.00,0.00,0.00,0.00,1148,1,2014-10-01,EUR
COM11939,Continental Jet Services - United Arab Emirates,Customer,Continental Jet Services,Asia,Middle East,United Arab Emirates - AE - Asia,, 38 744,6%, 40 930,8%, 44 225,7%,"47,378.00","29,874.00","49,625.00","27,628.00","47,378.00",New FSP,APAC5,FSP,315.00,0.00,"4,269.00","-3,954.00",0.00,0.00,1149,0,2012-05-01,EUR
COM11941,BESTFLY - Angola,PotCust,BESTFLY,Africa,Africa Sub-Saharan,Angola - AO - Africa,,  ,0%,  ,0%,  ,0%,0.00,0.00,0.00,0.00,0.00,,,GA-BA,0.00,0.00,0.00,0.00,0.00,0.00,1150,0,,EUR
COM11977,IBEROSIME FS S.L. - Spain,Customer,IBEROSIME FS S.L.,Europe,Europe Southern,Spain - ES - Europe,, 115 144,9%, 125 436,9%, 137 229,4%,"142,064.00","25,920.00","144,006.00","23,978.00","142,064.00",Old FSP,EUR5,FSP,0.00,0.00,0.00,0.00,0.00,0.00,1151,1,2011-03-01,EUR
COM11995,AirOp Aviation Management Service - India,PotCust,AirOp Aviation Management Service,Asia,Asia Southern,India - IN - Asia,,  ,0%,  ,0%,  ,0%,0.00,0.00,0.00,0.00,0.00,Old FSP,,FSP,0.00,0.00,0.00,0.00,0.00,0.00,1152,0,,EUR
COM11997,IAS Medical Ltd. - United Kingdom of Great Britain and Northern Ireland,Customer,IAS Medical Ltd.,Europe,Europe Northern,United Kingdom of Great Britain and Northern Ireland - GB - Europe,, 67 580,5%, 71 175,8%, 76 891,22%,"93,915.00","59,236.00","98,386.00","54,765.00","93,915.00",Standard,EUR4,GA-BA,"16,930.00",0.00,"8,465.00","8,465.00",0.00,0.00,1153,7,2011-04-01,EUR
COM12003,FCG OPS (Flight Consulting Group) - Cyprus,Customer,FCG OPS (Flight Consulting Group),Europe,Europe Southern,Cyprus - CY - Europe,, 163 838,-42%, 95 644,-31%, 66 310,-21%,"52,181.00","45,648.00","67,265.00","30,564.00","52,181.00",New FSP,EUR5,FSP,0.00,0.00,0.00,0.00,0.00,0.00,1154,1,2010-07-01,EUR
COM12004,HollandOPS,NonCust,HollandOPS,,,,,  ,0%,  ,0%,  ,0%,0.00,0.00,0.00,0.00,0.00,,,FSP,0.00,0.00,0.00,0.00,0.00,0.00,1155,0,,EUR
COM12010,HQ Flight & Operations Support GmbH - Germany,Customer,HQ Flight & Operations Support GmbH,Europe,Europe Western,Germany - DE - Europe,, 181 481,-4%, 174 659,7%, 186 431,29%,"241,211.00","94,991.00","194,601.00","141,600.00","241,211.00",Old FSP,EUR5,FSP,0.00,0.00,0.00,0.00,0.00,0.00,1156,0,2011-06-01,EUR
COM12017,Jet-Stream Ops Kft. - Hungary,Customer,Jet-Stream Ops Kft.,Europe,Europe Eastern,Hungary - HU - Europe,, 348 034,8%, 374 975,5%, 394 949,30%,"514,116.00","245,100.00","511,720.00","247,496.00","514,116.00",Old FSP,EUR5,FSP,0.00,0.00,0.00,0.00,0.00,0.00,1157,0,2011-06-01,EUR
COM12024,SCANWINGS LTD - Finland,PotCust,SCANWINGS LTD,Europe,Europe Northern,Finland - FI - Europe,, 82 824,-31%, 56 986,-100%,  ,0%,0.00,0.00,0.00,0.00,0.00,Standard,,GA-BA,0.00,0.00,0.00,0.00,0.00,0.00,1158,2,2012-10-01,EUR
COM12034,Air X Charter (Germany) GmbH & Co KG - Germany,PotCust,Air X Charter (Germany) GmbH & Co KG,Europe,Europe Western,Germany - DE - Europe,,  ,0%,  ,0%,  ,0%,0.00,0.00,0.00,0.00,0.00,Standard,,GA-BA,0.00,0.00,0.00,0.00,0.00,0.00,1159,0,2011-01-01,EUR
COM12038,SMART AVIATION - Egypt,Customer,SMART AVIATION,Africa,Africa Northern,Egypt - EG - Africa,, 105 205,-11%, 94 082,15%, 107 872,-3%,"104,333.00","55,799.00","109,009.00","51,123.00","104,333.00",Old,AFR4,GA-BA,0.00,0.00,0.00,0.00,0.00,0.00,1160,6,2018-10-01,EUR
COM12052,Air Igor (Mng account - Aerotranscargo Moldova) - Hungary,PotCust,Air Igor (Mng account - Aerotranscargo Moldova),Europe,Europe Eastern,Hungary - HU - Europe,, 41 780,6%, 44 082,-100%,  ,0%,0.00,0.00,0.00,0.00,0.00,Standard,,AIRL,0.00,0.00,0.00,0.00,0.00,0.00,1161,1,2012-04-01,EUR
COM12067,Aviation Dispatch Service - United Arab Emirates,PotCust,Aviation Dispatch Service,Asia,Middle East,United Arab Emirates - AE - Asia,,  ,0%,  ,0%,  ,0%,0.00,0.00,0.00,0.00,0.00,Old FSP,,FSP,0.00,0.00,0.00,0.00,0.00,0.00,1162,0,2011-09-01,EUR
COM12072,HAHN AIR LINES GmbH - Germany,Customer,HAHN AIR LINES GmbH,Europe,Europe Western,Germany - DE - Europe,, 42 265,39%, 58 545,8%, 63 035,7%,"67,217.00","42,396.00","70,416.00","39,196.00","67,217.00",Standard,EUR5,AIRL,0.00,0.00,0.00,0.00,0.00,0.00,1163,2,2011-03-01,EUR
COM12083,GLOBAL REACH AVIATION - Denmark,Customer,GLOBAL REACH AVIATION,Europe,Europe Northern,Denmark - DK - Europe,,  ,0%, 6 977,66%, 11 559,0%,"11,567.00","10,074.00","14,896.00","6,745.00","11,567.00",Standard,EUR5,GA-BA,0.00,0.00,0.00,0.00,0.00,0.00,1164,2,2023-04-24,EUR
COM12084,SUDAN AIRWAYS - Sudan,Customer,SUDAN AIRWAYS,Africa,Africa Northern,Sudan - SD - Africa,, 42 223,-4%, 40 402,8%, 43 655,12%,"48,719.00","27,387.00","52,720.00","23,386.00","48,719.00",Old,AFR5,AIRL,0.00,0.00,0.00,0.00,0.00,0.00,1165,2,2016-11-01,EUR
COM12088,Success Aviation Services FZCO - United Arab Emirates,PotCust,Success Aviation Services FZCO,Asia,Middle East,United Arab Emirates - AE - Asia,, 86 811,-79%, 18 403,-100%,  ,0%,0.00,0.00,0.00,0.00,0.00,New FSP,,FSP,0.00,0.00,0.00,0.00,0.00,0.00,1166,0,2018-02-01,EUR
COM12109,CTR Atmospherica Aviation a.s. - Czechia,Customer,CTR Atmospherica Aviation a.s.,Europe,Europe Eastern,Czechia - CZ - Europe,, 88 018,30%, 114 150,1%, 115 302,37%,"157,771.00","121,075.00","198,024.00","80,821.00","157,771.00",Standard,EUR4,GA-BA,0.00,0.00,0.00,0.00,0.00,0.00,1167,7,2013-07-01,EUR
COM12118,Nexus Flight Operations Services - Saudi Arabia,PotCust,Nexus Flight Operations Services,Asia,Middle East,Saudi Arabia - SA - Asia,,  ,0%,  ,0%,  ,0%,0.00,0.00,0.00,0.00,0.00,New FSP,,FSP,0.00,0.00,0.00,0.00,0.00,0.00,1168,0,2014-09-01,EUR
COM12121,JET CALL GmbH & CO.KG - Germany,PotCust,JET CALL GmbH & CO.KG,Europe,Europe Western,Germany - DE - Europe,, 55 337,-95%, 2 983,-100%,  ,0%,0.00,0.00,0.00,0.00,0.00,Standard,,FSP,0.00,0.00,0.00,0.00,0.00,0.00,1169,0,2011-04-01,EUR
COM12153,Aeropartner - Czechia,PotCust,Aeropartner,Europe,Europe Eastern,Czechia - CZ - Europe,,  ,0%,  ,0%,  ,0%,0.00,0.00,0.00,0.00,0.00,,,GA-BA,0.00,0.00,0.00,0.00,0.00,0.00,1170,9,,EUR
COM12154,MAC Medical Aviation Consulting GmbH - Germany,Customer,MAC Medical Aviation Consulting GmbH,Europe,Europe Western,Germany - DE - Europe,, 8 983,7%, 9 645,3%, 9 936,8%,"10,726.00","11,606.00","11,606.00","10,726.00","10,726.00",Old,EUR5,GA-BA,0.00,0.00,0.00,0.00,0.00,0.00,1171,0,2008-08-01,EUR
COM12174,"Alliance Executive Jets Ltd, Orion (Malta) Ltd. - Malta",PotCust,"Alliance Executive Jets Ltd, Orion (Malta) Ltd.",Europe,Europe Southern,Malta - MT - Europe,,  ,0%,  ,0%,  ,0%,0.00,0.00,0.00,0.00,0.00,Standard,,GA-BA,0.00,0.00,0.00,0.00,0.00,0.00,1172,0,2013-09-01,EUR
COM12180,"FlyLease GmbH (SuissePromotion Immobiliare S.A.
 S.A.) - Switzerland",PotCust,"FlyLease GmbH (SuissePromotion Immobiliare S.A.
 S.A.)",Europe,Europe Western,Switzerland - CH - Europe,,  ,0%,  ,0%,  ,0%,0.00,0.00,0.00,0.00,0.00,Standard,,GA-BA,0.00,0.00,0.00,0.00,0.00,0.00,1173,0,2011-07-01,EUR
COM12181,ELILOMBARDA S. R. L. - Italy,Customer,ELILOMBARDA S. R. L.,Europe,Europe Southern,Italy - IT - Europe,, 65 456,7%, 70 304,8%, 75 728,8%,"81,529.00","88,673.00","88,673.00","81,529.00","81,529.00",Old,EUR5,GA-BA,"88,675.00",0.00,0.00,"88,675.00",0.00,0.00,1174,1,2011-09-01,EUR
COM12185,NavFix Flight Services - Philippines,PotCust,NavFix Flight Services,Asia,Asia South-eastern,Philippines - PH - Asia,, 64 055,32%, 84 756,-62%, 32 488,-100%,0.00,0.00,0.00,0.00,0.00,Old FSP,APAC5,FSP,0.00,0.00,0.00,0.00,0.00,0.00,1175,0,2011-08-01,USD
COM12186,"Jet Story Sp. z o. o., Bluejet - Poland",PotCust,"Jet Story Sp. z o. o., Bluejet",Europe,Europe Eastern,Poland - PL - Europe,, 239 721,-92%, 20 147,-100%,  ,0%,0.00,0.00,0.00,0.00,0.00,Standard,,GA-BA,0.00,0.00,0.00,0.00,0.00,0.00,1176,0,2018-12-01,EUR
COM12189,AEROGATE S.L. - Spain,PotCust,AEROGATE S.L.,Europe,Europe Southern,Spain - ES - Europe,,  ,0%,  ,0%,  ,0%,0.00,0.00,0.00,0.00,0.00,New FSP,,FSP,0.00,0.00,0.00,0.00,0.00,0.00,1177,1,2012-05-01,EUR
COM12207,"United Aviation Services, S.L. - Spain",Customer,"United Aviation Services, S.L.",Europe,Europe Southern,Spain - ES - Europe,, 9 375,0%, 9 380,-5%, 8 946,7%,"9,581.00","9,588.00","9,588.00","9,581.00","9,581.00",Old,EUR5,FSP,0.00,0.00,0.00,0.00,0.00,0.00,1178,0,2012-02-20,EUR
COM12212,Sardinian Sky Services s.r.l - Italy,Customer,Sardinian Sky Services s.r.l,Europe,Europe Southern,Italy - IT - Europe,, 52 573,-27%, 38 378,40%, 53 877,-26%,"40,071.00","17,062.00","33,477.00","23,656.00","40,071.00",Old,EUR5,GA-BA,"8,532.00",0.00,0.00,"8,532.00",0.00,0.00,1179,3,2012-01-01,EUR
COM12225,CARPATAIR S.A. - Romania,Customer,CARPATAIR S.A.,Europe,Europe Eastern,Romania - RO - Europe,, 69 722,20%, 83 618,31%, 109 360,64%,"179,851.00","116,849.00","200,256.00","96,444.00","179,851.00",Standard,EUR5,AIRL,0.00,0.00,0.00,0.00,0.00,0.00,1180,3,2012-06-01,EUR
COM12235,AVIART LLC - Russian Federation,Quarantine,AVIART LLC,Europe,Europe Eastern,Russian Federation - RU - Europe,, 9 127,-100%,  ,0%,  ,0%,0.00,0.00,0.00,0.00,0.00,Standard,,GA-BA,0.00,0.00,0.00,0.00,0.00,0.00,1181,0,2017-07-06,EUR
COM12245,REGOURD AVIATION (Amelia) - France,Customer,REGOURD AVIATION (Amelia),Europe,Europe Western,France - FR - Europe,, 444 020,41%, 625 592,34%, 840 492,9%,"916,310.00","511,141.00","903,034.00","524,418.00","916,310.00",Standard,EUR4,GA-BA,"102,607.00",0.00,"55,294.00","47,313.00",0.00,0.00,1182,18,2018-10-01,EUR
COM12247,Centreline AV Ltd. - United Kingdom of Great Britain and Northern Ireland,Customer,Centreline AV Ltd.,Europe,Europe Northern,United Kingdom of Great Britain and Northern Ireland - GB - Europe,, 141 611,27%, 179 273,49%, 266 793,5%,"280,424.00","74,669.00","205,980.00","149,114.00","280,424.00",Old,EUR4,GA-BA,0.00,0.00,0.00,0.00,0.00,0.00,1183,6,2011-12-01,EUR
COM12249,NOVAIR Test,NonCust,NOVAIR Test,,,,,  ,0%,  ,0%,  ,0%,0.00,0.00,0.00,0.00,0.00,Standard,,,0.00,0.00,0.00,0.00,0.00,0.00,1184,0,,EUR
COM12255,Lux Flight Solutions SA - Luxembourg,Customer,Lux Flight Solutions SA,Europe,Europe Western,Luxembourg - LU - Europe,, 387 761,20%, 467 066,-17%, 386 488,-3%,"374,893.00","164,866.00","359,206.00","180,553.00","374,893.00",Old FSP,EUR5,FSP,0.00,0.00,0.00,0.00,0.00,0.00,1185,27,2011-10-01,EUR
COM12257,FLYBE - United Kingdom of Great Britain and Northern Ireland,PotCust,FLYBE,Europe,Europe Northern,United Kingdom of Great Britain and Northern Ireland - GB - Europe,,  ,0%,  ,0%,  ,0%,0.00,0.00,0.00,0.00,0.00,,,AIRL,0.00,0.00,0.00,0.00,0.00,0.00,1186,0,,EUR
COM12275,Westerhof Aviation - AIROPS24 Flight Support BV - Netherlands,Customer,Westerhof Aviation - AIROPS24 Flight Support BV,Europe,Europe Western,Netherlands - NL - Europe,, 250 387,-7%, 231 908,-16%, 195 384,-12%,"171,947.00","113,456.00","189,796.00","95,608.00","171,947.00",New FSP,EUR5,FSP,"15,825.00",0.00,"15,825.00",0.00,0.00,0.00,1187,1,2011-10-01,EUR
COM12278,AURORA AVIATION SA - Switzerland,Customer,AURORA AVIATION SA,Europe,Europe Western,Switzerland - CH - Europe,, 38 586,8%, 41 495,8%, 44 829,8%,"48,401.00","25,920.00","50,343.00","23,978.00","48,401.00",Old FSP,EUR5,FSP,0.00,0.00,0.00,0.00,0.00,0.00,1188,0,2012-03-01,EUR
COM12288,Svenskt Industriflyg AB (Bluelink Jets AB) - Sweden,PotCust,Svenskt Industriflyg AB (Bluelink Jets AB),Europe,Europe Northern,Sweden - SE - Europe,, 93 765,-19%, 75 613,-45%, 41 420,-23%,"31,958.00","25,409.00","41,707.00","15,659.00","31,958.00",Old,EUR4,GA-BA,0.00,0.00,0.00,0.00,0.00,0.00,1189,2,2011-12-09,EUR
COM12301,Omni Aviação eTecnologia SA. - Portugal,PotCust,Omni Aviação eTecnologia SA.,Europe,Europe Southern,Portugal - PT - Europe,, 19 980,10%, 22 071,3%, 22 697,-100%,0.00,0.00,0.00,0.00,0.00,Old,EUR5,GA-BA,0.00,0.00,0.00,0.00,0.00,0.00,1190,0,2012-05-01,EUR
COM12304,TOYO AVIATION - Romania,Customer,TOYO AVIATION,Europe,Europe Eastern,Romania - RO - Europe,, 74 247,7%, 79 297,31%, 103 861,1%,"104,783.00","21,353.00","61,271.00","64,865.00","104,783.00",Standard,EUR4,GA-BA,"3,051.00",0.00,"3,051.00",0.00,0.00,0.00,1191,6,2014-02-01,EUR
COM12306,Gözen Havacilik Ve TIC.A.S. (Gözen Air Services) - Turkey,Customer,Gözen Havacilik Ve TIC.A.S. (Gözen Air Services),Asia,Middle East,Turkey - TR - Asia,, 617 185,-11%, 550 291,16%, 635 670,22%,"776,779.00","480,087.00","815,884.00","440,982.00","776,779.00",New FSP,APAC5,FSP,0.00,0.00,0.00,0.00,0.00,0.00,1192,15,2013-03-01,EUR
COM12309,ROSENXT Holding AG - Switzerland,Customer,ROSENXT Holding AG,Europe,Europe Western,Switzerland - CH - Europe,, 28 613,-15%, 24 411,8%, 26 376,7%,"28,302.00","17,851.00","29,649.00","16,504.00","28,302.00",Standard,EUR5,GA-BA,0.00,0.00,0.00,0.00,0.00,0.00,1193,1,2013-07-01,EUR
COM12319,SKAN SERVICE APS (CB WX only) - Denmark,Customer,SKAN SERVICE APS (CB WX only),Europe,Europe Northern,Denmark - DK - Europe,, 2 567,4%, 2 678,4%, 2 777,7%,"2,973.00","2,975.00","2,975.00","2,973.00","2,973.00",Old,EUR5,GA-BA,0.00,0.00,0.00,0.00,0.00,0.00,1194,0,2012-01-01,EUR
COM12330,ICS-AERO SM S.r.l. socio unico - San Marino,NonCust,ICS-AERO SM S.r.l. socio unico,Europe,Europe Southern,San Marino - SM - Europe,, 19 893,-100%,  ,0%,  ,0%,0.00,0.00,0.00,0.00,0.00,New FSP,EUR5,FSP,0.00,0.00,0.00,0.00,0.00,0.00,1195,0,2012-09-01,EUR
COM12339,AMAC Corporate Jet AG - Switzerland,Customer,AMAC Corporate Jet AG,Europe,Europe Western,Switzerland - CH - Europe,, 19 640,5%, 20 566,8%, 22 196,0%,"22,211.00","14,010.00","23,269.00","12,952.00","22,211.00",Standard,EUR5,GA-BA,"2,002.00",0.00,"2,002.00",0.00,0.00,0.00,1196,1,2012-04-01,EUR
COM12343,Aerotaxi Prague (CB WX only) - Czechia,Customer,Aerotaxi Prague (CB WX only),Europe,Europe Eastern,Czechia - CZ - Europe,, 2 679,1%, 2 702,3%, 2 776,7%,"2,971.00","2,977.00","2,977.00","2,971.00","2,971.00",Old,EUR5,GA-BA,0.00,0.00,0.00,0.00,0.00,0.00,1197,0,2012-03-01,EUR
COM12350,GLOBAL AEROSPACE LOGISTICS 05(IMOC),NonCust,GLOBAL AEROSPACE LOGISTICS 05(IMOC),,,,,  ,0%,  ,0%,  ,0%,0.00,0.00,0.00,0.00,0.00,,,,0.00,0.00,0.00,0.00,0.00,0.00,1198,0,,EUR
COM12353,ARKIA - Israel,PotCust,ARKIA,Asia,Middle East,Israel - IL - Asia,,  ,0%,  ,0%,  ,0%,0.00,0.00,0.00,0.00,0.00,Standard,,AIRL,0.00,0.00,0.00,0.00,0.00,0.00,1199,0,2013-05-01,EUR
COM12361,THREE GREEN AERO (AOSAC / 3Green) - Bulgaria,Customer,THREE GREEN AERO (AOSAC / 3Green),Europe,Europe Eastern,Bulgaria - BG - Europe,, 157 453,21%, 189 955,97%, 375 121,29%,"484,362.00","240,271.00","499,624.00","225,010.00","484,362.00",Old FSP,EUR5,FSP,0.00,0.00,0.00,0.00,0.00,0.00,1200,7,2013-02-01,EUR
COM12362,BULGARIA AIR - Bulgaria,PotCust,BULGARIA AIR,Europe,Europe Eastern,Bulgaria - BG - Europe,, 504 262,-100%,  ,0%,  ,0%,0.00,0.00,0.00,0.00,0.00,Standard,,AIRL,0.00,0.00,0.00,0.00,0.00,0.00,1201,0,2017-12-11,EUR
COM12363,GEORGIAN AIRWAYS - Georgia,Customer,GEORGIAN AIRWAYS,Asia,Middle East,Georgia - GE - Asia,, 27 764,5%, 29 239,48%, 43 268,48%,"63,858.00","40,278.00","66,898.00","37,237.00","63,858.00",Standard,APAC5,AIRL,0.00,0.00,0.00,0.00,0.00,0.00,1202,10,2017-06-01,EUR
COM12364,EPSILON AVIATION - Greece,Customer,EPSILON AVIATION,Europe,Europe Southern,Greece - GR - Europe,, 47 541,2%, 48 479,-1%, 48 136,-28%,"34,896.00","20,950.00","34,796.00","21,050.00","34,896.00",Standard,EUR5,GA-BA,"2,994.00",0.00,"2,994.00",0.00,0.00,0.00,1203,4,2015-06-01,EUR
COM12369,SKY EXPRESS S.A. - Greece,PotCust,SKY EXPRESS S.A.,Europe,Europe Southern,Greece - GR - Europe,,  ,0%,  ,0%,  ,0%,0.00,0.00,0.00,0.00,0.00,Standard,EUR4,AIRL,0.00,0.00,0.00,0.00,0.00,0.00,1204,22,2016-12-01,EUR
COM12370,TRADE AIR d.o.o. - Croatia,Customer,TRADE AIR d.o.o.,Europe,Europe Southern,Croatia - HR - Europe,, 161 225,8%, 173 467,16%, 201 368,-5%,"190,453.00","152,888.00","241,417.00","101,924.00","190,453.00",Standard,EUR4,AIRL,0.00,0.00,0.00,0.00,0.00,0.00,1205,5,2012-12-01,EUR
COM12379,AIRJETSUL - Portugal,PotCust,AIRJETSUL,Europe,Europe Southern,Portugal - PT - Europe,,  ,0%,  ,0%,  ,0%,0.00,0.00,0.00,0.00,0.00,Standard,,GA-BA,0.00,0.00,0.00,0.00,0.00,0.00,1206,0,2017-04-01,EUR
COM12380,MHS Aviation GmbH - Germany,Customer,MHS Aviation GmbH,Europe,Europe Western,Germany - DE - Europe,, 185 339,11%, 206 429,22%, 252 509,9%,"274,688.00","131,291.00","233,674.00","172,304.00","274,688.00",Standard,EUR4,GA-BA,"17,223.00",0.00,"17,223.00",0.00,0.00,0.00,1207,14,2012-12-01,EUR
COM12393,METIS Aviation Limited - United Kingdom of Great Britain and Northern Ireland,Customer,METIS Aviation Limited,Europe,Europe Northern,United Kingdom of Great Britain and Northern Ireland - GB - Europe,, 44 815,4%, 46 460,1%, 46 728,5%,"48,946.00","30,678.00","50,951.00","28,672.00","48,946.00",New FSP,EUR5,FSP,0.00,0.00,0.00,0.00,0.00,0.00,1208,1,2012-07-01,EUR
COM12396,"SATA Air Acores, SA - Portugal",Customer,"SATA Air Acores, SA",Europe,Europe Southern,Portugal - PT - Europe,, 164 440,14%, 186 656,8%, 200 696,8%,"215,854.00","136,145.00","226,128.00","125,871.00","215,854.00",Standard,EUR4,AIRL,"19,455.00",0.00,"19,455.00",0.00,0.00,0.00,1209,7,2015-10-01,EUR
COM12398,"AIR TRANSPORT EUROPE, spol. s r.o. (ATE) - Slovakia",Customer,"AIR TRANSPORT EUROPE, spol. s r.o. (ATE)",Europe,Europe Eastern,Slovakia - SK - Europe,, 23 159,5%, 24 411,8%, 26 376,11%,"29,407.00","16,746.00","29,649.00","16,504.00","29,407.00",Standard,EUR5,GA-BA,0.00,0.00,0.00,0.00,0.00,0.00,1210,10,2012-09-01,EUR
COM12400,ICARUS AMC inc - United States of America,Customer,ICARUS AMC inc,Americas,"America, Northern",United States of America - US - Americas,, 3 228,-100%,  ,0%,  ,100%,"35,539.00","29,874.00","49,625.00","15,788.00","35,539.00",New FSP,AME5,FSP,"4,269.00",0.00,"4,269.00",0.00,0.00,0.00,1211,0,2012-09-01,EUR
COM12405,BASe Airlines Zrt - Hungary,Customer,BASe Airlines Zrt,Europe,Europe Eastern,Hungary - HU - Europe,, 47 962,6%, 50 632,8%, 54 703,61%,"88,016.00","64,588.00","103,027.00","49,576.00","88,016.00",Standard,EUR5,AIRL,0.00,0.00,0.00,0.00,0.00,0.00,1212,3,2012-10-01,EUR
COM12411,Spire Flight Solutions WFS - United States of America,"Customer, on hold",Spire Flight Solutions WFS,Americas,"America, Northern",United States of America - US - Americas,, 219 562,-23%, 168 308,-32%, 114 955,-17%,"95,108.00",0.00,"34,797.00","60,311.00","95,108.00",New FSP,AME5,FSP,0.00,0.00,0.00,0.00,0.00,0.00,1213,0,2013-01-01,EUR
COM12413,AIRBUS TRANSPORT INT. (FR89383474814) - France,PotCust,AIRBUS TRANSPORT INT. (FR89383474814),Europe,Europe Western,France - FR - Europe,,  ,0%,  ,0%,  ,0%,0.00,0.00,0.00,0.00,0.00,Standard,,AIRL,0.00,0.00,0.00,0.00,0.00,0.00,1214,0,2012-11-01,EUR
COM12414,LUXWING Ltd. - Malta,Customer,LUXWING Ltd.,Europe,Europe Southern,Malta - MT - Europe,, 227 082,35%, 305 828,3%, 315 798,-26%,"233,372.00","139,838.00","225,177.00","148,033.00","233,372.00",Standard,EUR4,GA-BA,0.00,0.00,0.00,0.00,0.00,0.00,1215,10,2012-10-01,EUR
COM12418,Skyblue Aero Singapore Pte. Ltd. - Singapore,Customer,Skyblue Aero Singapore Pte. Ltd.,Asia,Asia South-eastern,Singapore - SG - Asia,, 184 811,-3%, 178 374,-7%, 165 816,36%,"226,312.00","128,955.00","246,136.00","109,131.00","226,312.00",New FSP,APAC5,FSP,"16,610.00",0.00,"16,610.00",0.00,0.00,0.00,1216,0,2012-11-01,EUR
COM12424,KARISMA BAHANA AVIASI - Indonesia,Customer,KARISMA BAHANA AVIASI,Asia,Asia South-eastern,Indonesia - ID - Asia,, 85 294,7%, 91 413,-13%, 79 809,15%,"91,846.00","62,436.00","101,675.00","52,606.00","91,846.00",New FSP,APAC5,FSP,0.00,0.00,0.00,0.00,0.00,0.00,1217,0,2012-11-01,EUR
COM12429,Premium Jet AG - Switzerland,PotCust,Premium Jet AG,Europe,Europe Western,Switzerland - CH - Europe,, 24 540,-100%,  ,0%,  ,0%,0.00,0.00,0.00,0.00,0.00,Old,,GA-BA,0.00,0.00,0.00,0.00,0.00,0.00,1218,1,2012-10-01,EUR
COM12441,CRONOS AIRLINES - Equatorial Guinea,Customer,CRONOS AIRLINES,Africa,Africa Sub-Saharan,Equatorial Guinea - GQ - Africa,, 74 514,13%, 84 284,-41%, 50 126,8%,"54,199.00",0.00,"54,199.00",0.00,"54,199.00",Old,AFR5,AIRL,"2,704.00",0.00,0.00,0.00,0.00,"2,704.00",1219,3,2013-02-01,EUR
COM12449,Hyperion Aviation Ltd - Malta,Customer,Hyperion Aviation Ltd,Europe,Europe Southern,Malta - MT - Europe,, 442 522,75%, 775 440,-15%, 660 769,-21%,"523,519.00","261,356.00","466,393.00","318,482.00","523,519.00",Standard,EUR4,GA-BA,0.00,0.00,0.00,0.00,0.00,0.00,1220,16,2017-09-01,EUR
COM12456,AEROFLIGHT SERVICES - United States of America,PotCust,AEROFLIGHT SERVICES,Americas,"America, Northern",United States of America - US - Americas,,  ,0%,  ,0%,  ,0%,0.00,0.00,0.00,0.00,0.00,New FSP,,GA-BA,0.00,0.00,0.00,0.00,0.00,0.00,1221,0,2018-06-01,USD
COM12465,Eclair s.r.o. - Czechia,Customer,Eclair s.r.o.,Europe,Europe Eastern,Czechia - CZ - Europe,, 131 617,-22%, 103 021,-16%, 86 534,40%,"120,841.00","100,059.00","160,319.00","60,581.00","120,841.00",Standard,EUR5,GA-BA,"15,993.00",0.00,"15,993.00",0.00,0.00,0.00,1222,6,2013-04-01,EUR
COM12473,VOLOTEA - Spain,PotCust,VOLOTEA,Europe,Europe Southern,Spain - ES - Europe,,  ,0%,  ,0%,  ,0%,0.00,0.00,0.00,0.00,0.00,Standard,EUR3,AIRL,0.00,0.00,0.00,0.00,0.00,0.00,1223,42,2014-05-01,EUR
COM12484,BURAQ AIR - Libya,Customer,BURAQ AIR,Africa,Africa Northern,Libya - LY - Africa,, 61 325,-15%, 51 835,44%, 74 704,331%,"321,820.00","120,620.00","317,976.00","124,463.00","321,820.00",Old,AFR5,AIRL,"149,077.00",0.00,0.00,"149,077.00",0.00,0.00,1224,5,2015-09-01,EUR
COM12486,AEROVIAS DAP - Chile,Customer,AEROVIAS DAP,Americas,"America, Latin and the Caribbean",Chile - CL - Americas,, 131 156,37%, 180 041,22%, 219 803,11%,"244,484.00","139,071.00","231,845.00","151,710.00","244,484.00",Standard,AME4,AIRL,"20,358.00",0.00,"20,358.00",0.00,0.00,0.00,1225,13,2013-05-01,EUR
COM12489,OYONNAIR - France,Customer,OYONNAIR,Europe,Europe Western,France - FR - Europe,, 108 378,11%, 120 688,16%, 140 154,10%,"154,228.00","132,830.00","204,584.00","82,473.00","154,228.00",Standard,EUR4,GA-BA,"19,985.00",0.00,"19,985.00",0.00,0.00,0.00,1226,8,2013-03-01,EUR
COM12491,Avinor Flysikring AS - Norway,PotCust,Avinor Flysikring AS,Europe,Europe Northern,Norway - NO - Europe,,  ,0%,  ,0%,  ,0%,0.00,0.00,0.00,0.00,0.00,New FSP,,FSP,0.00,0.00,0.00,0.00,0.00,0.00,1227,1,2013-09-01,EUR
COM12494,MNG JET - Turkey,PotCust,MNG JET,Asia,Middle East,Turkey - TR - Asia,,  ,0%,  ,0%,  ,0%,0.00,0.00,0.00,0.00,0.00,,,GA-BA,0.00,0.00,0.00,0.00,0.00,0.00,1228,0,,EUR
COM12496,BILEN AIR SERVICES - Turkey,Customer,BILEN AIR SERVICES,Asia,Middle East,Turkey - TR - Asia,, 170 344,-7%, 157 806,44%, 227 133,33%,"301,673.00","149,612.00","280,442.00","170,843.00","301,673.00",New FSP,APAC5,FSP,"21,632.00",0.00,"21,632.00",0.00,0.00,0.00,1229,1,2013-04-01,EUR
COM12508,SKYBRIDGE - Serbia,Customer,SKYBRIDGE,Europe,Europe Southern,Serbia - RS - Europe,, 10 996,3%, 11 356,8%, 12 270,7%,"13,166.00","8,304.00","13,792.00","7,677.00","13,166.00",Standard,EUR5,GA-BA,0.00,0.00,0.00,0.00,0.00,0.00,1230,2,2016-10-01,EUR
COM12511,AIR CHARTER EXPRESS LLC (Former REEM STYLE) - United Arab Emirates,Customer,AIR CHARTER EXPRESS LLC (Former REEM STYLE),Asia,Middle East,United Arab Emirates - AE - Asia,, 182 890,-42%, 105 949,100%, 212 044,17%,"248,301.00","203,479.00","320,109.00","131,670.00","248,301.00",Standard,APAC5,AIRL,0.00,0.00,0.00,0.00,0.00,0.00,1231,8,2013-05-01,USD
COM12515,FALCON AVIATION SERVICES - United Arab Emirates,Customer,FALCON AVIATION SERVICES,Asia,Middle East,United Arab Emirates - AE - Asia,, 170 237,25%, 213 585,-1%, 212 272,-26%,"156,236.00","120,168.00","184,447.00","91,957.00","156,236.00",Standard,APAC4,GA-BA,0.00,0.00,0.00,0.00,0.00,0.00,1232,7,2017-03-01,USD
COM12520,X-Operations GmbH - Austria,PotCust,X-Operations GmbH,Europe,Europe Western,Austria - AT - Europe,, 661 384,-17%, 549 034,-20%, 437 981,-100%,0.00,0.00,0.00,0.00,0.00,New FSP,EUR5,FSP,0.00,0.00,0.00,0.00,0.00,0.00,1233,6,2013-04-01,EUR
COM12524,JETFLY AVIATION S.A. - Luxembourg,Customer,JETFLY AVIATION S.A.,Europe,Europe Western,Luxembourg - LU - Europe,, 515 019,24%, 637 792,18%, 751 323,9%,"816,484.00","486,854.00","815,848.00","487,490.00","816,484.00",Standard,EUR3,GA-BA,"70,448.00",0.00,"70,448.00",0.00,0.00,0.00,1234,46,2013-06-01,EUR
COM12527,LITHUANIAN AIR FORCE AIRBASE - Lithuania,PotCust,LITHUANIAN AIR FORCE AIRBASE,Europe,Europe Northern,Lithuania - LT - Europe,,  ,0%,  ,0%,  ,0%,0.00,0.00,0.00,0.00,0.00,Old,,MIL,0.00,0.00,0.00,0.00,0.00,0.00,1235,0,2016-01-01,EUR
COM12528,"LINK CONNECTION AEREA, Tarmexico - Mexico",Customer,"LINK CONNECTION AEREA, Tarmexico",Americas,"America, Latin and the Caribbean",Mexico - MX - Americas,, 89 184,7%, 95 690,3%, 98 997,1%,"99,679.00","43,382.00","81,017.00","62,045.00","99,679.00",Standard,AME4,AIRL,0.00,0.00,0.00,0.00,0.00,0.00,1236,4,2013-11-01,EUR
COM12529,ARCUS AIR GmbH. & Co KG - Germany,Customer via,ARCUS AIR GmbH. & Co KG,Europe,Europe Western,Germany - DE - Europe,,  ,0%,  ,0%,  ,0%,0.00,0.00,0.00,0.00,0.00,,,GA-BA,0.00,0.00,0.00,0.00,0.00,0.00,1237,8,2025-01-15,EUR
COM12530,Air X Charter Ltd - Malta,Customer,Air X Charter Ltd,Europe,Europe Southern,Malta - MT - Europe,, 357 851,-75%, 88 376,-84%, 14 009,7%,"15,046.00","9,490.00","15,763.00","8,774.00","15,046.00",Standard,EUR5,GA-BA,"1,356.00",0.00,"1,356.00",0.00,0.00,0.00,1238,19,2013-05-01,EUR
COM12535,Executive Jets Asia Sdn Bhd - Malaysia,PotCust,Executive Jets Asia Sdn Bhd,Asia,Asia South-eastern,Malaysia - MY - Asia,,  ,0%,  ,0%,  ,0%,0.00,0.00,0.00,0.00,0.00,New FSP,,GA-BA,0.00,0.00,0.00,0.00,0.00,0.00,1239,0,,EUR
COM12568,AIR ICELAND CONNECT - Iceland,Customer,AIR ICELAND CONNECT,Europe,Europe Northern,Iceland - IS - Europe,, 92 414,84%, 170 074,39%, 236 065,4%,"245,204.00","155,159.00","257,377.00","142,986.00","245,204.00",Standard,EUR4,AIRL,0.00,0.00,0.00,0.00,0.00,0.00,1240,6,2013-12-01,EUR
COM12572,Fighter Wing SKP - Denmark,Customer,Fighter Wing SKP,Europe,Europe Northern,Denmark - DK - Europe,, 154 632,34%, 206 459,35%, 278 964,-40%,"167,478.00","181,110.00","236,953.00","111,634.00","167,478.00",Old,EUR3,MIL,"-8,079.00",0.00,"-8,079.00",0.00,0.00,0.00,1241,33,2014-02-01,EUR
COM12574,ZIMEX AVIATION LTD. - Switzerland,Customer,ZIMEX AVIATION LTD.,Europe,Europe Western,Switzerland - CH - Europe,, 296 631,16%, 345 228,4%, 359 906,-5%,"342,916.00","147,761.00","273,134.00","217,543.00","342,916.00",Standard,EUR4,GA-BA,"21,186.00",0.00,"21,186.00",0.00,0.00,0.00,1242,16,2013-11-01,EUR
COM12577,ASISTIM (SITA) - Germany,Customer,ASISTIM (SITA),Europe,Europe Western,Germany - DE - Europe,, 856 770,18%,1 007 440,-2%, 984 688,-5%,"934,744.00","635,862.00","1,010,490.00","560,116.00","934,744.00",Standard,EUR5,FSP,0.00,0.00,0.00,0.00,0.00,0.00,1243,39,2013-09-01,EUR
COM12578,Eagle Aviation GmbH - Germany,Customer,Eagle Aviation GmbH,Europe,Europe Western,Germany - DE - Europe,, 28 478,5%, 29 999,8%, 32 412,7%,"34,732.00","21,907.00","36,386.00","20,253.00","34,732.00",Standard,EUR5,GA-BA,0.00,0.00,0.00,0.00,0.00,0.00,1244,1,2013-10-01,EUR
COM12579,Evolem Aviation - France,NonCust,Evolem Aviation,Europe,Europe Western,France - FR - Europe,, 27 734,-100%,  ,0%,  ,0%,0.00,0.00,0.00,0.00,0.00,Standard,,GA-BA,0.00,0.00,0.00,0.00,0.00,0.00,1245,0,2014-01-01,EUR
COM12581,Ghadames Air - Libya,Customer,Ghadames Air,Africa,Africa Northern,Libya - LY - Africa,, 92 128,-22%, 72 048,10%, 79 133,24%,"98,387.00","49,249.00","96,212.00","51,423.00","98,387.00",Old,AFR5,AIRL,"30,739.00",0.00,0.00,"30,739.00",0.00,0.00,1246,1,2021-08-01,EUR
COM12584,Jet Advisor - Romania,PotCust,Jet Advisor,Europe,Europe Eastern,Romania - RO - Europe,,  ,0%,  ,0%,  ,0%,0.00,0.00,0.00,0.00,0.00,Standard,EUR5,GA-BA,0.00,0.00,0.00,0.00,0.00,0.00,1247,0,2011-03-01,EUR
COM12586,"Jet Commerce OU, Litavio - Estonia",NonCust,"Jet Commerce OU, Litavio",Europe,Europe Northern,Estonia - EE - Europe,, 1 034,-100%,  ,0%,  ,0%,0.00,0.00,0.00,0.00,0.00,Standard,EUR5,GA-BA,0.00,0.00,0.00,0.00,0.00,0.00,1248,0,2013-09-01,EUR
COM12587,Ministry of defence SAF Airlift - Slovenia,Customer,Ministry of defence SAF Airlift,Europe,Europe Southern,Slovenia - SI - Europe,, 43 057,73%, 74 662,49%, 111 120,49%,"165,513.00","97,737.00","181,768.00","81,482.00","165,513.00",Standard,EUR5,MIL,"14,012.00",0.00,"14,012.00",0.00,0.00,0.00,1249,4,2014-03-01,EUR
COM12589,Montenegro Airlines - Montenegro,PotCust,Montenegro Airlines,Europe,Europe Southern,Montenegro - ME - Europe,,  ,0%,  ,0%,  ,0%,0.00,0.00,0.00,0.00,0.00,Standard,,AIRL,0.00,0.00,0.00,0.00,0.00,0.00,1250,0,2019-11-01,EUR
COM12595,Helvetic Airways AG - Switzerland,Customer,Helvetic Airways AG,Europe,Europe Western,Switzerland - CH - Europe,, 462 872,46%, 677 538,14%, 774 047,15%,"888,779.00","600,716.00","975,465.00","514,030.00","888,779.00",Standard,EUR4,AIRL,0.00,0.00,0.00,0.00,0.00,0.00,1251,22,2014-07-01,EUR
COM12598,Air Pink doo ( airpink.rs ) - Serbia,NonCust,Air Pink doo ( airpink.rs ),Europe,Europe Southern,Serbia - RS - Europe,, 249 086,48%, 368 480,-70%, 110 933,-100%,0.00,0.00,0.00,0.00,0.00,Standard,EUR4,GA-BA,0.00,0.00,0.00,0.00,0.00,0.00,1252,0,2014-01-01,EUR
COM12607,ALTENRHEIN LUFTFAHRT GmbH - Austria,Customer,ALTENRHEIN LUFTFAHRT GmbH,Europe,Europe Western,Austria - AT - Europe,, 35 975,11%, 39 886,7%, 42 818,8%,"46,075.00","28,563.00","47,391.00","27,247.00","46,075.00",Standard,EUR5,AIRL,0.00,0.00,0.00,0.00,0.00,0.00,1253,1,2013-12-01,EUR
COM12609,Aerotech FMS Pvt. Ltd - India,Customer,Aerotech FMS Pvt. Ltd,Asia,Asia Southern,India - IN - Asia,, 235 166,37%, 323 212,2%, 328 520,-5%,"312,287.00","306,306.00","432,788.00","185,805.00","312,287.00",New FSP,APAC5,FSP,"44,191.00",0.00,"44,191.00",0.00,0.00,0.00,1254,15,2013-12-01,EUR
COM12618,NAS CORPORATION LTD - United Kingdom of Great Britain and Northern Ireland,Customer,NAS CORPORATION LTD,Europe,Europe Northern,United Kingdom of Great Britain and Northern Ireland - GB - Europe,,  ,0%, 17 038,159%, 44 078,7%,"47,281.00","29,818.00","49,531.00","27,568.00","47,281.00",New FSP,EUR5,FSP,0.00,0.00,0.00,0.00,0.00,0.00,1255,0,2014-07-24,EUR
COM12619,ICELANDAIR - Iceland,PotCust,ICELANDAIR,Europe,Europe Northern,Iceland - IS - Europe,,  ,0%,  ,0%,  ,0%,0.00,0.00,0.00,0.00,0.00,Standard,,AIRL,0.00,0.00,0.00,0.00,0.00,0.00,1256,0,2014-02-01,EUR
COM12620,ZENITH AVIATION LIMITED - United Kingdom of Great Britain and Northern Ireland,NonCust,ZENITH AVIATION LIMITED,Europe,Europe Northern,United Kingdom of Great Britain and Northern Ireland - GB - Europe,, 137 703,1%, 139 463,-9%, 127 455,-3%,"123,246.00","7,870.00","57,060.00","74,056.00","123,246.00",Standard,EUR5,GA-BA,0.00,0.00,0.00,0.00,0.00,0.00,1257,4,2014-02-01,EUR
COM12630,AIR VOLTA - Bulgaria,PotCust,AIR VOLTA,Europe,Europe Eastern,Bulgaria - BG - Europe,, 44 489,-63%, 16 267,-100%,  ,0%,0.00,0.00,0.00,0.00,0.00,Standard,,GA-BA,0.00,0.00,0.00,0.00,0.00,0.00,1258,1,2014-02-01,EUR
COM12632,ROYAL JET - United Arab Emirates,Customer,ROYAL JET,Asia,Middle East,United Arab Emirates - AE - Asia,, 986 704,81%,1 786 028,-41%,1 060 078,-113%,"-138,993.00","964,352.00","964,352.00","-138,993.00","-138,993.00",Old,APAC2,GA-BA,0.00,0.00,0.00,0.00,0.00,0.00,1259,93,2019-03-01,EUR
COM12638,JETCORP - France,NonCust,JETCORP,Europe,Europe Western,France - FR - Europe,, 56 525,-23%, 43 325,-83%, 7 285,-100%,0.00,0.00,0.00,0.00,0.00,Standard,EUR5,GA-BA,0.00,0.00,0.00,0.00,0.00,0.00,1260,1,2014-07-01,EUR
COM12657,Smartlynx Airlines - Latvia,NonCust,Smartlynx Airlines,Europe,Europe Northern,Latvia - LV - Europe,2025-10-31,1 168 965,47%,1 716 338,22%,2 101 987,-54%,"960,966.00",0.00,"114,518.00","846,448.00","960,966.00",Standard,EUR2,AIRL,0.00,0.00,0.00,0.00,0.00,0.00,1261,65,2014-12-01,EUR
COM12658,US-Bangla Airlines - Bangladesh,Customer,US-Bangla Airlines,Asia,Asia Southern,Bangladesh - BD - Asia,, 299 406,15%, 344 565,8%, 370 611,-2%,"362,648.00","256,519.00","414,990.00","204,177.00","362,648.00",Standard,APAC4,AIRL,0.00,0.00,0.00,0.00,0.00,0.00,1262,13,2014-06-01,EUR
COM12668,Chapman Freeborn Air Chartering - United Kingdom of Great Britain and Northern Ireland,Customer,Chapman Freeborn Air Chartering,Europe,Europe Northern,United Kingdom of Great Britain and Northern Ireland - GB - Europe,, 39 533,4%, 41 188,12%, 45 962,5%,"48,423.00","28,635.00","48,759.00","28,299.00","48,423.00",New FSP,EUR5,FSP,"4,839.00",0.00,"3,954.00",885.00,0.00,0.00,1263,0,2014-08-01,EUR
COM12672,Isavia ANS ehf. - Iceland,Customer,Isavia ANS ehf.,Europe,Europe Northern,Iceland - IS - Europe,, 23 211,5%, 24 411,8%, 26 376,7%,"28,302.00","17,851.00","29,649.00","16,504.00","28,302.00",Standard,EUR5,GA-BA,0.00,0.00,0.00,0.00,0.00,0.00,1264,1,2014-11-01,EUR
COM12674,Ventus International Aviation - United States of America,Customer,Ventus International Aviation,Americas,"America, Northern",United States of America - US - Americas,, 126 073,-39%, 77 275,-34%, 50 952,25%,"63,632.00","38,548.00","67,401.00","34,780.00","63,632.00",New FSP,AME5,FSP,0.00,0.00,0.00,0.00,0.00,0.00,1265,0,2015-04-01,EUR
COM12676,Moonjet - United Arab Emirates,Customer,Moonjet,Asia,Middle East,United Arab Emirates - AE - Asia,, 54 141,-5%, 51 343,14%, 58 613,40%,"82,321.00","67,635.00","107,854.00","42,101.00","82,321.00",New FSP,APAC5,FSP,0.00,0.00,0.00,0.00,0.00,0.00,1266,0,2015-02-01,EUR
COM12680,AVIATION ONE PTE LTD - Singapore,Customer,AVIATION ONE PTE LTD,Asia,Asia South-eastern,Singapore - SG - Asia,, 90 765,-13%, 78 992,18%, 92 951,8%,"100,306.00","67,253.00","110,868.00","56,691.00","100,306.00",New FSP,APAC5,FSP,"-7,473.00",0.00,0.00,0.00,0.00,"-7,473.00",1267,2,2014-08-01,EUR
COM12682,Tatra JET s.r.o. - Slovakia,PotCust,Tatra JET s.r.o.,Europe,Europe Eastern,Slovakia - SK - Europe,2025-06-30, 47 917,29%, 61 787,10%, 68 117,-45%,"37,531.00",0.00,0.00,"37,531.00","37,531.00",Standard,EUR5,GA-BA,0.00,0.00,0.00,0.00,0.00,0.00,1268,4,2021-01-14,EUR
COM12690,AIR INUIT - Canada,Customer,AIR INUIT,Americas,"America, Northern",Canada - CA - Americas,, 381 261,11%, 424 056,8%, 458 141,23%,"564,430.00","421,912.00","670,102.00","316,241.00","564,430.00",Standard,AME4,AIRL,"60,362.00",0.00,"60,362.00",0.00,0.00,0.00,1269,24,2015-05-01,EUR
COM12691,Avedeq Ltd. - United Kingdom of Great Britain and Northern Ireland,PotCust,Avedeq Ltd.,Europe,Europe Northern,United Kingdom of Great Britain and Northern Ireland - GB - Europe,, 19 355,-100%,  ,0%,  ,0%,0.00,0.00,0.00,0.00,0.00,Standard,,GA-BA,0.00,0.00,0.00,0.00,0.00,0.00,1270,0,2011-06-01,EUR
COM12693,Alpha Jet Services PC - Greece,NonCust,Alpha Jet Services PC,Europe,Europe Southern,Greece - GR - Europe,, 82 002,-54%, 37 457,-100%,  ,0%,0.00,0.00,0.00,0.00,0.00,New FSP,,GA-BA,0.00,0.00,0.00,0.00,0.00,0.00,1271,1,2014-07-01,EUR
COM12698,SOS INTERNATIONAL - Denmark,PotCust,SOS INTERNATIONAL,Europe,Europe Northern,Denmark - DK - Europe,, 16 145,-100%,  ,0%,  ,0%,0.00,0.00,0.00,0.00,0.00,New FSP,,FSP,0.00,0.00,0.00,0.00,0.00,0.00,1272,1,2014-11-01,EUR
COM12707,Saudia Private Aviation - Saudi Arabia,Customer,Saudia Private Aviation,Asia,Middle East,Saudi Arabia - SA - Asia,, 395 994,-13%, 343 315,22%, 420 047,7%,"450,956.00","276,296.00","471,957.00","255,295.00","450,956.00",New FSP,APAC5,FSP,0.00,0.00,0.00,0.00,0.00,0.00,1273,0,2015-04-01,EUR
COM12708,AVIASERVIS - Russian Federation,Quarantine,AVIASERVIS,Europe,Europe Eastern,Russian Federation - RU - Europe,, 21 996,-100%,  ,0%,  ,0%,0.00,0.00,0.00,0.00,0.00,Standard,,GA-BA,0.00,0.00,0.00,0.00,0.00,0.00,1274,0,2014-09-01,EUR
COM12721,Fly Egypt - Egypt,Quarantine,Fly Egypt,Africa,Africa Northern,Egypt - EG - Africa,, 173 441,-46%, 92 886,-59%, 38 520,-100%,0.00,0.00,0.00,0.00,0.00,Standard,AFR5,AIRL,0.00,0.00,0.00,0.00,0.00,0.00,1275,1,2014-12-01,EUR
COM12727,FR Aviation Limited trading as (Cobham/DRAKEN EUROPE)) - United Kingdom of Great Britain and Northern Ireland,Customer,FR Aviation Limited trading as (Cobham/DRAKEN EUROPE)),Europe,Europe Northern,United Kingdom of Great Britain and Northern Ireland - GB - Europe,, 134 713,6%, 142 619,8%, 154 056,7%,"165,153.00","104,168.00","173,015.00","96,306.00","165,153.00",Standard,EUR4,GA-BA,"14,886.00",0.00,"14,886.00",0.00,0.00,0.00,1276,10,2015-12-01,EUR
COM12732,Arena Aviation - United Kingdom of Great Britain and Northern Ireland,PotCust,Arena Aviation,Europe,Europe Northern,United Kingdom of Great Britain and Northern Ireland - GB - Europe,,-  5,-100%,  ,0%,  ,0%,0.00,0.00,0.00,0.00,0.00,Old,,GA-BA,0.00,0.00,0.00,0.00,0.00,0.00,1277,0,2017-03-01,EUR
COM12733,Fort Aero AS - Estonia,Customer,Fort Aero AS,Europe,Europe Northern,Estonia - EE - Europe,, 45 976,-1%, 45 304,7%, 48 465,-51%,"23,979.00","9,490.00","17,551.00","15,919.00","23,979.00",Standard,EUR5,GA-BA,"3,520.00",0.00,"1,356.00","1,356.00",808.00,0.00,1278,1,2014-09-01,EUR
COM12740,"Excellent Air GmbH, Air Allgaeu - Germany",Customer,"Excellent Air GmbH, Air Allgaeu",Europe,Europe Western,Germany - DE - Europe,, 176 499,13%, 198 801,6%, 210 074,6%,"221,783.00","126,456.00","211,918.00","136,321.00","221,783.00",Standard,EUR4,GA-BA,0.00,0.00,0.00,0.00,0.00,0.00,1279,13,2015-02-01,EUR
COM12745,Evo Jet Services Ltd - United States of America,Customer,Evo Jet Services Ltd,Americas,"America, Northern",United States of America - US - Americas,, 86 517,-4%, 82 990,18%, 97 818,-27%,"71,261.00","59,805.00","87,172.00","43,894.00","71,261.00",New FSP,AME5,FSP,0.00,0.00,0.00,0.00,0.00,0.00,1280,1,2014-09-01,EUR
COM12746,AF - Aviation ltd - United Kingdom of Great Britain and Northern Ireland,Customer,AF - Aviation ltd,Europe,Europe Northern,United Kingdom of Great Britain and Northern Ireland - GB - Europe,, 101 627,-4%, 97 559,-26%, 72 198,6%,"76,745.00","41,128.00","71,630.00","46,242.00","76,745.00",New FSP,EUR5,FSP,0.00,0.00,0.00,0.00,0.00,0.00,1281,1,2014-11-01,EUR
COM12752,BLUEBIRD NORDIC - Iceland,NonCust,BLUEBIRD NORDIC,Europe,Europe Northern,Iceland - IS - Europe,, 287 229,2%, 292 006,-70%, 87 793,-100%,0.00,0.00,0.00,0.00,0.00,Standard,EUR4,AIRL,0.00,0.00,0.00,0.00,0.00,0.00,1282,6,2015-11-01,EUR
COM12754,VALLJET - France,Pending Closure,VALLJET,Europe,Europe Western,France - FR - Europe,,  ,0%, 15 088,"2,394%", 376 350,20%,"450,610.00","353,693.00","570,344.00","233,959.00","450,610.00",Standard,EUR4,GA-BA,"107,388.00",0.00,"53,997.00","53,391.00",0.00,0.00,1283,23,2014-12-31,EUR
COM12762,DRAGONFLY EXECUTIVE AIRCHARTER - United Kingdom of Great Britain and Northern Ireland,Customer,DRAGONFLY EXECUTIVE AIRCHARTER,Europe,Europe Northern,United Kingdom of Great Britain and Northern Ireland - GB - Europe,, 50 663,-13%, 44 294,-5%, 42 018,19%,"50,074.00","39,246.00","63,040.00","26,280.00","50,074.00",Standard,EUR5,GA-BA,"10,830.00",0.00,"5,415.00","5,415.00",0.00,0.00,1284,5,2014-12-01,EUR
COM12767,Petroleum Air Services (PAS) - Egypt,Customer,Petroleum Air Services (PAS),Africa,Africa Northern,Egypt - EG - Africa,, 42 153,-24%, 31 869,138%, 75 708,10%,"83,200.00","51,014.00","84,617.00","49,597.00","83,200.00",Standard,AFR4,AIRL,"7,404.00",0.00,"7,404.00",0.00,0.00,0.00,1285,8,2020-03-01,USD
COM12769,EAGLE AIR ICELAND - Iceland,Quarantine,EAGLE AIR ICELAND,Europe,Europe Northern,Iceland - IS - Europe,, 48 415,-18%, 39 670,-19%, 32 285,-100%,0.00,0.00,0.00,0.00,0.00,Standard,EUR5,AIRL,0.00,0.00,0.00,0.00,0.00,0.00,1286,2,2015-11-01,EUR
COM12777,FLYOPS SAS - France,Customer,FLYOPS SAS,Europe,Europe Western,France - FR - Europe,, 74 771,-3%, 72 863,-31%, 49 977,11%,"55,714.00","32,258.00","58,140.00","29,832.00","55,714.00",New FSP,EUR5,FSP,"4,610.00",0.00,"4,610.00",0.00,0.00,0.00,1287,3,2016-04-01,EUR
COM12778,TALA Fze - United Arab Emirates,PotCust,TALA Fze,Asia,Middle East,United Arab Emirates - AE - Asia,,  ,0%,  ,0%,  ,0%,0.00,0.00,0.00,0.00,0.00,Standard,,AIRL,0.00,0.00,0.00,0.00,0.00,0.00,1288,0,2014-12-01,EUR
COM12779,Elite Jet - Slovakia,Customer,Elite Jet,Europe,Europe Eastern,Slovakia - SK - Europe,, 84 110,-5%, 80 161,4%, 83 378,32%,"109,855.00","75,074.00","128,711.00","56,218.00","109,855.00",Standard,EUR5,GA-BA,0.00,0.00,0.00,0.00,0.00,0.00,1289,6,2014-12-01,EUR
COM12784,Deek Aviation FZE - United Arab Emirates,PotCust,Deek Aviation FZE,Asia,Middle East,United Arab Emirates - AE - Asia,,  ,0%,  ,0%,  ,0%,0.00,0.00,0.00,0.00,0.00,Standard,,AIRL,0.00,0.00,0.00,0.00,0.00,0.00,1290,0,2015-02-01,EUR
COM12789,"Smartwings, a.s. Travel service - Czechia",Customer,"Smartwings, a.s. Travel service",Europe,Europe Eastern,Czechia - CZ - Europe,,1 388 385,8%,1 497 913,-3%,1 458 431,8%,"1,580,784.00","1,051,360.00","1,745,120.00","887,023.00","1,580,784.00",Standard,EUR3,AIRL,0.00,0.00,0.00,0.00,0.00,0.00,1291,51,2016-08-31,EUR
COM12806,Kermas Aviation - Malta,PotCust,Kermas Aviation,Europe,Europe Southern,Malta - MT - Europe,,  ,0%,  ,0%,  ,0%,0.00,0.00,0.00,0.00,0.00,Standard,,GA-BA,0.00,0.00,0.00,0.00,0.00,0.00,1292,0,2015-03-01,EUR
COM12809,Primeslot - Portugal,Customer,Primeslot,Europe,Europe Southern,Portugal - PT - Europe,, 49 850,72%, 85 607,98%, 169 829,5%,"178,806.00","109,854.00","177,149.00","111,511.00","178,806.00",New FSP,EUR5,FSP,"22,592.00",0.00,"22,592.00",0.00,0.00,0.00,1293,0,2018-12-01,EUR
COM12829,AlMasria Universal Airlines - Egypt,Customer,AlMasria Universal Airlines,Africa,Africa Northern,Egypt - EG - Africa,, 126 560,40%, 176 711,52%, 267 869,50%,"400,907.00","198,756.00","358,250.00","241,412.00","400,907.00",Standard,AFR4,AIRL,0.00,0.00,0.00,0.00,0.00,0.00,1294,8,2016-04-01,EUR
COM12833,Orion-X Ltd - Russian Federation,Quarantine,Orion-X Ltd,Europe,Europe Eastern,Russian Federation - RU - Europe,, 8 706,-100%,  ,0%,  ,0%,0.00,0.00,0.00,0.00,0.00,Standard,,GA-BA,0.00,0.00,0.00,0.00,0.00,0.00,1295,0,2015-04-01,EUR
COM12836,Nova Airways - United Arab Emirates,NonCust,Nova Airways,Asia,Middle East,United Arab Emirates - AE - Asia,, 30 686,-52%, 14 610,-100%,  ,0%,0.00,0.00,0.00,0.00,0.00,Old,,AIRL,0.00,0.00,0.00,0.00,0.00,0.00,1296,0,2015-05-01,EUR
COM12839,Air-Taxi Europe Gmbh - Germany,Quarantine,Air-Taxi Europe Gmbh,Europe,Europe Western,Germany - DE - Europe,, 67 133,5%, 70 192,-10%, 63 477,-2%,"62,391.00",0.00,"22,699.00","39,692.00","62,391.00",Standard,EUR5,GA-BA,0.00,0.00,0.00,0.00,0.00,0.00,1297,4,2015-05-01,EUR
COM12845,Air Inuit Hydro Quebec div. - Canada,Customer,Air Inuit Hydro Quebec div.,Americas,"America, Northern",Canada - CA - Americas,, 58 474,6%, 61 787,20%, 74 087,22%,"90,279.00","56,942.00","94,577.00","52,644.00","90,279.00",Standard,AME5,GA-BA,"8,137.00",0.00,"8,137.00",0.00,0.00,0.00,1298,4,2015-06-01,EUR
COM12848,"Comfort Jet Services, SA - Togo",PotCust,"Comfort Jet Services, SA",Africa,Africa Sub-Saharan,Togo - TG - Africa,,  ,0%,  ,0%,  ,0%,0.00,0.00,0.00,0.00,0.00,Standard,,GA-BA,0.00,0.00,0.00,0.00,0.00,0.00,1299,0,2015-05-01,EUR
COM12863,Aeolian Services - Greece,PotCust,Aeolian Services,Europe,Europe Southern,Greece - GR - Europe,, 20 242,595%, 140 643,23%, 173 307,-90%,"16,779.00",0.00,0.00,"16,779.00","16,779.00",New FSP,EUR5,FSP,0.00,0.00,0.00,0.00,0.00,0.00,1300,0,2013-07-01,EUR
COM12864,BBS FLIGHT SUPPORT - Russian Federation,Quarantine,BBS FLIGHT SUPPORT,Europe,Europe Eastern,Russian Federation - RU - Europe,,  ,0%,  ,0%,  ,0%,0.00,0.00,0.00,0.00,0.00,New FSP,,FSP,0.00,0.00,0.00,0.00,0.00,0.00,1301,0,2015-12-01,EUR
COM12867,FLY SERVICE LTD - Turkey,Customer,FLY SERVICE LTD,Asia,Middle East,Turkey - TR - Asia,, 65 926,23%, 80 775,15%, 92 941,105%,"190,829.00","119,381.00","222,325.00","87,885.00","190,829.00",New FSP,APAC5,FSP,"11,790.00","11,790.00",0.00,0.00,0.00,0.00,1302,0,2016-08-01,EUR
COM12870,Saudi Royal Fleet - Saudi Arabia,Customer,Saudi Royal Fleet,Asia,Middle East,Saudi Arabia - SA - Asia,, 183 204,28%, 234 026,3%, 240 033,73%,"415,746.00","280,151.00","446,386.00","249,511.00","415,746.00",New FSP,APAC5,FSP,0.00,0.00,0.00,0.00,0.00,0.00,1303,0,2015-09-01,EUR
COM12871,Tus Airways - Cyprus,Customer,Tus Airways,Europe,Europe Southern,Cyprus - CY - Europe,, 125 260,53%, 191 798,-24%, 146 201,2%,"148,901.00","140,669.00","208,026.00","81,544.00","148,901.00",Standard,EUR5,AIRL,"-18,845.00",0.00,"-18,845.00",0.00,0.00,0.00,1304,3,2015-07-01,EUR
COM12876,Atlas Trip Support (former Paramount/GTS) - United States of America,Customer,Atlas Trip Support (former Paramount/GTS),Americas,"America, Northern",United States of America - US - Americas,, 99 256,-40%, 59 257,13%, 66 814,6%,"70,733.00","38,559.00","62,266.00","47,026.00","70,733.00",New FSP,AME5,FSP,"9,979.00",0.00,"9,979.00",0.00,0.00,0.00,1305,0,2014-10-01,EUR
COM12878,SWIFTAIR S.A - Spain,Customer,SWIFTAIR S.A,Europe,Europe Southern,Spain - ES - Europe,,1 516 402,6%,1 613 630,3%,1 656 818,13%,"1,877,301.00","1,223,579.00","2,024,721.00","1,076,158.00","1,877,301.00",Standard,EUR3,AIRL,0.00,0.00,0.00,0.00,0.00,0.00,1306,47,2016-01-01,EUR
COM12881,Lipican Aer d.o.o. - Slovenia,PotCust,Lipican Aer d.o.o.,Europe,Europe Southern,Slovenia - SI - Europe,, 34 913,5%, 36 810,53%, 56 327,7%,"60,365.00","12,068.00","37,233.00","35,201.00","60,365.00",Standard,EUR5,AIRL,0.00,0.00,0.00,0.00,0.00,0.00,1307,3,2018-04-03,EUR
COM12885,AviaTraining Centre CJSC - Armenia,NonCust,AviaTraining Centre CJSC,Asia,Middle East,Armenia - AM - Asia,, 36 884,5%, 38 902,-100%,  ,0%,0.00,0.00,0.00,0.00,0.00,Old,,AIRL,0.00,0.00,0.00,0.00,0.00,0.00,1308,1,2015-08-01,EUR
COM12897,AEROTRANSCARGO FZE (24 hrs OPS - Aerotranscargo Moldova / Air Igor) - United Arab Emirates,Customer,AEROTRANSCARGO FZE (24 hrs OPS - Aerotranscargo Moldova / Air Igor),Asia,Middle East,United Arab Emirates - AE - Asia,, 221 939,-21%, 175 628,-3%, 170 502,-11%,"152,538.00","91,387.00","165,156.00","78,769.00","152,538.00",Standard,APAC5,AIRL,"12,111.00",0.00,"12,111.00",0.00,0.00,0.00,1309,3,2015-08-01,EUR
COM12902,Smart Cargo S.A. - Luxembourg,Customer,Smart Cargo S.A.,Europe,Europe Western,Luxembourg - LU - Europe,, 18 837,1%, 18 945,5%, 19 824,5%,"20,823.00","13,134.00","21,815.00","12,143.00","20,823.00",Standard,EUR5,AIRL,"1,877.00",0.00,"1,877.00",0.00,0.00,0.00,1310,0,2015-09-01,EUR
COM12907,CLICK AVIATION NETWORK - United Arab Emirates,Customer,CLICK AVIATION NETWORK,Asia,Middle East,United Arab Emirates - AE - Asia,, 47 970,1%, 48 531,8%, 52 437,7%,"56,248.00","39,282.00","62,774.00","32,756.00","56,248.00",New FSP,APAC5,FSP,"8,922.00",0.00,"8,922.00",0.00,0.00,0.00,1311,0,2015-11-01,EUR
COM12911,NESMA AIRLINES - Egypt,Customer,NESMA AIRLINES,Africa,Africa Northern,Egypt - EG - Africa,, 67 426,7%, 72 183,42%, 102 272,183%,"289,120.00","192,989.00","372,924.00","109,185.00","289,120.00",Standard,AFR5,AIRL,0.00,0.00,0.00,0.00,0.00,0.00,1312,4,2016-01-01,EUR
COM12919,Universal Air (AIR CM GLOBAL LTD) - Malta,Customer,Universal Air (AIR CM GLOBAL LTD),Europe,Europe Southern,Malta - MT - Europe,, 125 553,27%, 159 148,11%, 177 301,-7%,"165,579.00","112,366.00","173,398.00","104,547.00","165,579.00",Standard,EUR4,AIRL,"11,511.00",0.00,"11,511.00",0.00,0.00,0.00,1313,5,2016-03-01,EUR
COM12920,AIRCORSICA - France,Customer,AIRCORSICA,Europe,Europe Western,France - FR - Europe,, 362 198,26%, 457 143,19%, 542 482,14%,"616,071.00","431,254.00","689,560.00","357,765.00","616,071.00",Standard,EUR4,AIRL,"64,344.00",0.00,"64,344.00",0.00,0.00,0.00,1314,13,2016-07-01,EUR
COM12925,ARABASCO - Saudi Arabia,PotCust,ARABASCO,Asia,Middle East,Saudi Arabia - SA - Asia,,  ,0%,  ,0%,  ,0%,0.00,0.00,0.00,0.00,0.00,New FSP,,FSP,0.00,0.00,0.00,0.00,0.00,0.00,1315,0,,USD
COM12926,COMLUX MALTA - Malta,PotCust,COMLUX MALTA,Europe,Europe Southern,Malta - MT - Europe,,  ,0%,  ,0%,  ,0%,0.00,0.00,0.00,0.00,0.00,Standard,EUR5,GA-BA,0.00,0.00,0.00,0.00,0.00,0.00,1316,1,,EUR
COM12929,airCreebec - Canada,Customer,airCreebec,Americas,"America, Northern",Canada - CA - Americas,, 474 314,-31%, 328 524,10%, 360 557,9%,"392,251.00","299,843.00","458,961.00","233,134.00","392,251.00",Standard,AME4,AIRL,0.00,0.00,0.00,0.00,0.00,0.00,1317,20,2016-07-01,USD
COM12930,NORLANDAIR - Iceland,PotCust,NORLANDAIR,Europe,Europe Northern,Iceland - IS - Europe,,  ,0%,  ,0%,  ,0%,0.00,0.00,0.00,0.00,0.00,Standard,,GA-BA,0.00,0.00,0.00,0.00,0.00,0.00,1318,3,,EUR
COM12936,JSC SKY ATLAS - Russian Federation,Quarantine,JSC SKY ATLAS,Europe,Europe Eastern,Russian Federation - RU - Europe,, 8 763,-100%,  ,0%,  ,0%,0.00,0.00,0.00,0.00,0.00,New FSP,,FSP,0.00,0.00,0.00,0.00,0.00,0.00,1319,1,2016-01-01,EUR
COM12943,OLYMPUS AIRWAYS S.A - Greece,PotCust,OLYMPUS AIRWAYS S.A,Europe,Europe Southern,Greece - GR - Europe,, 5 113,-100%,  ,0%,  ,0%,0.00,0.00,0.00,0.00,0.00,Standard,,AIRL,0.00,0.00,0.00,0.00,0.00,0.00,1320,0,2016-03-01,EUR
COM12946,GreyBird Aviation Group - Denmark,PotCust,GreyBird Aviation Group,Europe,Europe Northern,Denmark - DK - Europe,,  ,0%,  ,0%,  ,0%,0.00,0.00,0.00,0.00,0.00,Standard,,GA-BA,0.00,0.00,0.00,0.00,0.00,0.00,1321,0,2017-07-01,EUR
COM12948,GLOBAL AIRWAYS LIMITED - Gibraltar,PotCust,GLOBAL AIRWAYS LIMITED,Europe,Europe Southern,Gibraltar - GI - Europe,2025-03-31, 178 216,46%, 260 487,-3%, 253 730,-94%,"15,755.00",0.00,0.00,"15,755.00","15,755.00",Standard,EUR4,AIRL,0.00,0.00,0.00,0.00,0.00,0.00,1322,1,2016-05-01,EUR
COM12952,BAA Training - Lithuania,PotCust,BAA Training,Europe,Europe Northern,Lithuania - LT - Europe,,  ,0%,  ,0%,  ,0%,0.00,0.00,0.00,0.00,0.00,,,GA-BA,0.00,0.00,0.00,0.00,0.00,0.00,1323,0,,EUR
COM12957,SILVER CLOUD AIR GmbH - Germany,Customer,SILVER CLOUD AIR GmbH,Europe,Europe Western,Germany - DE - Europe,, 129 950,-19%, 105 567,12%, 118 448,-8%,"109,123.00","70,828.00","118,268.00","61,682.00","109,123.00",Standard,EUR4,GA-BA,"10,573.00",0.00,"10,573.00",0.00,0.00,0.00,1324,5,2001-04-01,EUR
COM12964,Global Service Solution FZCO - United Arab Emirates,Customer,Global Service Solution FZCO,Asia,Middle East,United Arab Emirates - AE - Asia,, 43 442,21%, 52 582,95%, 102 733,10%,"113,287.00","59,465.00","110,356.00","62,396.00","113,287.00",New FSP,APAC5,FSP,0.00,0.00,0.00,0.00,0.00,0.00,1325,0,2016-11-01,EUR
COM12966,Orange2Fly - Greece,NonCust,Orange2Fly,Europe,Europe Southern,Greece - GR - Europe,,  ,0%,  ,0%,  ,0%,0.00,0.00,0.00,0.00,0.00,Standard,,GA-BA,0.00,0.00,0.00,0.00,0.00,0.00,1326,0,,EUR
COM12969,Ministerstvo vnútra SR Slovak Government - Slovakia,Customer,Ministerstvo vnútra SR Slovak Government,Europe,Europe Eastern,Slovakia - SK - Europe,, 111 145,1%, 111 860,1%, 112 703,29%,"145,893.00","140,605.00","140,605.00","145,893.00","145,893.00",Old,EUR5,GA-BA,0.00,0.00,0.00,0.00,0.00,0.00,1327,5,2016-10-01,EUR
COM12973,BBS Flight Support (RSY) - Russian Federation,Quarantine,BBS Flight Support (RSY),Europe,Europe Eastern,Russian Federation - RU - Europe,, 10 005,-100%,  ,0%,  ,0%,0.00,0.00,0.00,0.00,0.00,New FSP,,FSP,0.00,0.00,0.00,0.00,0.00,0.00,1328,1,2016-04-01,EUR
COM12984,Atlantis European Airways - Armenia,PotCust,Atlantis European Airways,Asia,Middle East,Armenia - AM - Asia,,  ,0%,  ,0%,  ,0%,0.00,0.00,0.00,0.00,0.00,Standard,,AIRL,0.00,0.00,0.00,0.00,0.00,0.00,1329,0,2020-12-10,EUR
COM13000,YUZMASHAVIA - Ukraine,PotCust,YUZMASHAVIA,Europe,Europe Eastern,Ukraine - UA - Europe,,  ,0%,  ,0%,  ,0%,0.00,0.00,0.00,0.00,0.00,Standard,,AIRL,0.00,0.00,0.00,0.00,0.00,0.00,1330,0,2017-02-17,EUR
COM13004,Air Mediterranean - Greece,Customer,Air Mediterranean,Europe,Europe Southern,Greece - GR - Europe,, 48 053,-20%, 38 560,105%, 79 022,-23%,"61,132.00","31,411.00","52,171.00","40,372.00","61,132.00",Standard,EUR5,AIRL,"4,489.00",0.00,"4,489.00",0.00,0.00,0.00,1331,1,2018-01-01,EUR
COM13005,ZEMAN Flugtechnik & Logistik GmbH - Germany,Customer,ZEMAN Flugtechnik & Logistik GmbH,Europe,Europe Western,Germany - DE - Europe,, 31 365,0%, 31 519,8%, 33 915,12%,"38,056.00","36,538.00","53,317.00","21,277.00","38,056.00",Standard,EUR5,GA-BA,0.00,0.00,0.00,0.00,0.00,0.00,1332,1,2016-08-01,EUR
COM13008,Simplifly Aviation Solutions LLC - United States of America,PotCust,Simplifly Aviation Solutions LLC,Americas,"America, Northern",United States of America - US - Americas,,  ,0%,  ,0%,  ,0%,0.00,0.00,0.00,0.00,0.00,New FSP,,FSP,0.00,0.00,0.00,0.00,0.00,0.00,1333,1,2017-06-01,USD
COM13012,MAE Jet Charters Company WLL (IJM3) - Bahrain,PotCust,MAE Jet Charters Company WLL (IJM3),Asia,Middle East,Bahrain - BH - Asia,,  ,0%,  ,0%,  ,0%,0.00,0.00,0.00,0.00,0.00,Standard,,GA-BA,0.00,0.00,0.00,0.00,0.00,0.00,1334,0,2016-09-01,EUR
COM13022,iJET - United Arab Emirates,PotCust,iJET,Asia,Middle East,United Arab Emirates - AE - Asia,,  ,0%,  ,0%,  ,0%,0.00,0.00,0.00,0.00,0.00,New FSP,,FSP,0.00,0.00,0.00,0.00,0.00,0.00,1335,0,2017-09-01,USD
,,,,,,,,  ,0%,  ,0%,  ,0%,0.00,0.00,0.00,0.00,0.00,,,,0.00,0.00,0.00,0.00,0.00,0.00,1336,,,
COM13040,Aircompany Armenia LLC (Air Dilijans LLC) - Armenia,NonCust,Aircompany Armenia LLC (Air Dilijans LLC),Asia,Middle East,Armenia - AM - Asia,, 59 115,-12%, 51 861,-59%, 21 012,-100%,0.00,0.00,0.00,0.00,0.00,Standard,APAC5,AIRL,0.00,0.00,0.00,0.00,0.00,0.00,1337,1,2016-09-01,EUR
COM13041,Haya Aviation Services Ltd - Saudi Arabia,Quarantine,Haya Aviation Services Ltd,Asia,Middle East,Saudi Arabia - SA - Asia,, 80 150,-37%, 50 571,12%, 56 434,-100%,0.00,0.00,0.00,0.00,0.00,Old FSP,APAC5,FSP,0.00,0.00,0.00,0.00,0.00,0.00,1338,0,2016-08-01,USD
COM13042,Regional Jet OU ( X-Fly / NORDICA) - Estonia,NonCust,Regional Jet OU ( X-Fly / NORDICA),Europe,Europe Northern,Estonia - EE - Europe,, 394 439,47%, 580 234,-27%, 422 382,-100%,0.00,0.00,0.00,0.00,0.00,Standard,EUR4,AIRL,0.00,0.00,0.00,0.00,0.00,0.00,1339,20,2016-07-01,EUR
COM13048,JET TEAM Ltd - United Kingdom of Great Britain and Northern Ireland,Customer,JET TEAM Ltd,Europe,Europe Northern,United Kingdom of Great Britain and Northern Ireland - GB - Europe,, 109 163,5%, 114 779,-34%, 75 882,-36%,"48,329.00","25,611.00","50,259.00","23,682.00","48,329.00",Old FSP,EUR5,FSP,0.00,0.00,0.00,0.00,0.00,0.00,1340,0,2016-08-01,EUR
COM13054,Plus Ultra Líneas Aéreas S.A. - Spain,PotCust,Plus Ultra Líneas Aéreas S.A.,Europe,Europe Southern,Spain - ES - Europe,,  ,0%,  ,0%,  ,0%,0.00,0.00,0.00,0.00,0.00,Standard,,AIRL,0.00,0.00,0.00,0.00,0.00,0.00,1341,8,2016-11-01,EUR
COM13057,SAFAIR OPERATIONS (PTY) LTD - South Africa,Customer,SAFAIR OPERATIONS (PTY) LTD,Africa,Africa Sub-Saharan,South Africa - ZA - Africa,,1 081 702,39%,1 506 245,6%,1 601 807,-2%,"1,576,936.00","1,014,949.00","1,661,427.00","930,459.00","1,576,936.00",Standard,AFR3,AIRL,"589,405.00",0.00,"148,025.00","144,394.00","148,493.00","148,493.00",1342,35,2017-09-01,USD
COM13058,Cemair - South Africa,Customer,Cemair,Africa,Africa Sub-Saharan,South Africa - ZA - Africa,, 417 925,72%, 720 757,-7%, 668 038,6%,"706,531.00","384,037.00","678,147.00","412,421.00","706,531.00",Standard,AFR3,AIRL,"55,059.00",0.00,"55,059.00",0.00,0.00,0.00,1343,25,2018-06-01,USD
COM13060,Airlink - South Africa,PotCust,Airlink,Africa,Africa Sub-Saharan,South Africa - ZA - Africa,, 988 063,0%, 991 466,-92%, 79 943,-100%,0.00,0.00,0.00,0.00,0.00,Standard,,AIRL,0.00,0.00,0.00,0.00,0.00,0.00,1344,62,2018-10-01,ZAR
COM13074,QCM Quality Control Management AG - Switzerland,NonCust,QCM Quality Control Management AG,Europe,Europe Western,Switzerland - CH - Europe,, 237 421,32%, 312 715,-100%,  ,0%,0.00,0.00,0.00,0.00,0.00,Standard,,FSP,0.00,0.00,0.00,0.00,0.00,0.00,1345,6,2020-07-02,EUR
COM13075,AeroTEC LLC - United States of America,PotCust,AeroTEC LLC,Americas,"America, Northern",United States of America - US - Americas,,  ,0%,  ,0%,  ,0%,0.00,0.00,0.00,0.00,0.00,,,GA-BA,0.00,0.00,0.00,0.00,0.00,0.00,1346,0,,USD
COM13082,SPOT REISEN GmbH DWC-LLC - United Arab Emirates,PotCust,SPOT REISEN GmbH DWC-LLC,Asia,Middle East,United Arab Emirates - AE - Asia,, 52 892,3%, 54 533,-82%, 9 811,-100%,0.00,0.00,0.00,0.00,0.00,New FSP,APAC5,FSP,0.00,0.00,0.00,0.00,0.00,0.00,1347,0,2016-11-01,USD
COM13084,Voepass - Linhas Aéreas - Brazil,Quarantine,Voepass - Linhas Aéreas,Americas,"America, Latin and the Caribbean",Brazil - BR - Americas,, 312 823,14%, 356 954,10%, 391 448,-75%,"97,760.00",0.00,0.00,"97,760.00","97,760.00",Standard,AME4,AIRL,0.00,0.00,0.00,0.00,0.00,0.00,1348,13,2018-10-01,USD
COM13093,DORNIER AVIATION Nigeria AIEP (DANA) - Nigeria,Customer,DORNIER AVIATION Nigeria AIEP (DANA),Africa,Africa Sub-Saharan,Nigeria - NG - Africa,, 61 785,8%, 66 958,28%, 85 443,-13%,"74,347.00","40,891.00","75,973.00","39,265.00","74,347.00",Old,AFR5,GA-BA,"18,651.00",0.00,0.00,"18,651.00",0.00,0.00,1349,7,2017-03-01,USD
COM13099,"FLY ONE S.R.L - Moldova, Republic of",Customer,FLY ONE S.R.L,Europe,Europe Eastern,"Moldova, Republic of - MD - Europe",, 186 157,19%, 221 813,29%, 287 077,69%,"485,695.00","347,257.00","610,033.00","222,918.00","485,695.00",Standard,EUR4,AIRL,0.00,0.00,0.00,0.00,0.00,0.00,1350,15,2016-11-01,EUR
COM13104,Fly Easy - Tunisia,NonCust,Fly Easy,Africa,Africa Northern,Tunisia - TN - Africa,, 251 603,5%, 265 147,-89%, 28 351,-100%,0.00,0.00,0.00,0.00,0.00,Standard,AFR3,GA-BA,0.00,0.00,0.00,0.00,0.00,0.00,1351,0,2018-04-12,EUR
COM13106,Sleepwell Aviation ltd - United Kingdom of Great Britain and Northern Ireland,PotCust,Sleepwell Aviation ltd,Europe,Europe Northern,United Kingdom of Great Britain and Northern Ireland - GB - Europe,,  ,0%,  ,0%,  ,0%,0.00,0.00,0.00,0.00,0.00,Old,,GA-BA,0.00,0.00,0.00,0.00,0.00,0.00,1352,0,2016-11-01,EUR
COM13107,Quick Link Aviation - United Arab Emirates,Customer,Quick Link Aviation,Asia,Middle East,United Arab Emirates - AE - Asia,, 157 108,-19%, 126 990,22%, 155 428,9%,"168,915.00","103,033.00","171,254.00","100,694.00","168,915.00",New FSP,APAC5,FSP,0.00,0.00,0.00,0.00,0.00,0.00,1353,4,2017-01-01,USD
COM13115,AFRICAN EXPRESS AIRWAYS - Kenya,PotCust,AFRICAN EXPRESS AIRWAYS,Africa,Africa Sub-Saharan,Kenya - KE - Africa,,  ,0%,  ,0%,  ,0%,0.00,0.00,0.00,0.00,0.00,Standard,,AIRL,0.00,0.00,0.00,0.00,0.00,0.00,1354,0,2016-11-01,USD
COM13116,Pioneers Aviation services Ltd - Saudi Arabia,PotCust,Pioneers Aviation services Ltd,Asia,Middle East,Saudi Arabia - SA - Asia,,  ,0%,  ,0%,  ,0%,0.00,0.00,0.00,0.00,0.00,New FSP,,FSP,0.00,0.00,0.00,0.00,0.00,0.00,1355,0,2017-01-01,EUR
COM13118,Sunrise Airways S.A. - Haiti,PotCust,Sunrise Airways S.A.,Americas,"America, Latin and the Caribbean",Haiti - HT - Americas,, 59 935,3%, 61 463,-82%, 11 058,-100%,0.00,0.00,0.00,0.00,0.00,Standard,AME5,AIRL,0.00,0.00,0.00,0.00,0.00,0.00,1356,3,2017-02-01,USD
COM13119,ClearWay Handling and Operations - Latvia,Customer,ClearWay Handling and Operations,Europe,Europe Northern,Latvia - LV - Europe,, 59 150,-12%, 51 906,1%, 52 466,32%,"69,217.00","59,110.00","94,826.00","33,501.00","69,217.00",New FSP,EUR5,FSP,0.00,0.00,0.00,0.00,0.00,0.00,1357,2,2016-12-01,EUR
COM13121,SAUDIA - Saudi Arabia,PotCust,SAUDIA,Asia,Middle East,Saudi Arabia - SA - Asia,,  ,0%,  ,0%,  ,0%,0.00,0.00,0.00,0.00,0.00,Standard,,AIRL,0.00,0.00,0.00,0.00,0.00,0.00,1358,0,,USD
COM13123,FLY GAC - Denmark,PotCust,FLY GAC,Europe,Europe Northern,Denmark - DK - Europe,,  ,0%,  ,0%,  ,0%,0.00,0.00,0.00,0.00,0.00,Standard,,FSP,0.00,0.00,0.00,0.00,0.00,0.00,1359,0,2018-06-01,EUR
COM13124,UKRAINIAN WINGS - Ukraine,Customer,UKRAINIAN WINGS,Europe,Europe Eastern,Ukraine - UA - Europe,,  21,-100%,  ,0%,  ,0%,0.00,0.00,0.00,0.00,0.00,Standard,EUR5,AIRL,0.00,0.00,0.00,0.00,0.00,0.00,1360,1,2017-04-01,USD
COM13125,Fly Baghdad - Iraq,Quarantine,Fly Baghdad,Asia,Middle East,Iraq - IQ - Asia,, 222 662,34%, 298 729,-100%,  ,100%,"54,429.00","57,243.00","57,243.00","54,429.00","54,429.00",Old,APAC4,AIRL,"58,234.00",0.00,0.00,0.00,"58,234.00",0.00,1361,8,2017-07-01,USD
COM13126,Tango Limited - Seychelles,Customer,Tango Limited,Africa,Africa Sub-Saharan,Seychelles - SC - Africa,, 44 671,25%, 55 949,-16%, 46 750,19%,"55,594.00","35,427.00","57,918.00","33,103.00","55,594.00",New FSP,AFR5,FSP,"9,169.00",0.00,"3,740.00","5,429.00",0.00,0.00,1362,0,2017-04-01,EUR
COM13129,Mediterranean Aviation Services - United Arab Emirates,Customer,Mediterranean Aviation Services,Asia,Middle East,United Arab Emirates - AE - Asia,, 48 279,31%, 63 147,-11%, 56 434,-16%,"47,359.00","29,279.00","57,642.00","18,996.00","47,359.00",Old FSP,APAC5,FSP,0.00,0.00,0.00,0.00,0.00,0.00,1363,0,2017-04-01,USD
COM13139,Jung Sky - Croatia,Customer,Jung Sky,Europe,Europe Southern,Croatia - HR - Europe,, 36 870,32%, 48 623,-2%, 47 853,-6%,"45,068.00","28,426.00","47,214.00","26,280.00","45,068.00",Standard,EUR5,GA-BA,"4,062.00",0.00,"4,062.00",0.00,0.00,0.00,1364,2,2017-03-01,EUR
COM13141,SOUTHERN CROSS INTERNATIONAL - Netherlands,Customer,SOUTHERN CROSS INTERNATIONAL,Europe,Europe Western,Netherlands - NL - Europe,, 43 352,28%, 55 593,-9%, 50 619,3%,"52,081.00","30,598.00","53,409.00","29,269.00","52,081.00",New FSP,EUR5,FSP,0.00,0.00,0.00,0.00,0.00,0.00,1365,0,2017-03-01,EUR
COM13142,Air Libya - Libya,Customer,Air Libya,Africa,Africa Northern,Libya - LY - Africa,, 153 794,47%, 226 541,-20%, 182 222,-4%,"174,261.00","116,541.00","206,931.00","83,871.00","174,261.00",Old,AFR4,AIRL,"115,996.00",0.00,0.00,"115,996.00",0.00,0.00,1366,4,2017-02-01,USD
COM13149,Flight Assist LTD - United Kingdom of Great Britain and Northern Ireland,Customer,Flight Assist LTD,Europe,Europe Northern,United Kingdom of Great Britain and Northern Ireland - GB - Europe,, 78 096,-28%, 56 496,-4%, 54 236,0%,"54,467.00","33,493.00","54,513.00","33,447.00","54,467.00",New FSP,EUR5,FSP,"6,199.00",0.00,"6,199.00",0.00,0.00,0.00,1367,0,2017-06-01,EUR
COM13152,sprouts GmbH - Germany,Customer,sprouts GmbH,Europe,Europe Western,Germany - DE - Europe,, 336 679,19%, 401 814,4%, 418 816,8%,"450,904.00","255,418.00","466,992.00","239,330.00","450,904.00",New FSP,EUR5,FSP,"36,757.00",0.00,"36,757.00",0.00,0.00,0.00,1368,0,2017-08-01,EUR
COM13154,Fly2Sky OOD - Bulgaria,Customer via,Fly2Sky OOD,Europe,Europe Eastern,Bulgaria - BG - Europe,,  ,0%,  ,0%,  ,0%,0.00,0.00,0.00,0.00,0.00,Standard,,AIRL,0.00,0.00,0.00,0.00,0.00,0.00,1369,0,2017-04-01,EUR
COM13157,FLYADEAL - Saudi Arabia,Customer,FLYADEAL,Asia,Middle East,Saudi Arabia - SA - Asia,, 970 991,21%,1 172 827,22%,1 432 846,15%,"1,652,797.00","1,116,738.00","1,803,367.00","966,168.00","1,652,797.00",Standard,APAC3,AIRL,0.00,0.00,0.00,0.00,0.00,0.00,1370,40,2017-08-01,USD
COM13165,Abu Dhabi Aviation - United Arab Emirates,Customer,Abu Dhabi Aviation,Asia,Middle East,United Arab Emirates - AE - Asia,, 198 886,33%, 265 230,21%, 320 369,6%,"339,859.00","165,384.00","290,318.00","214,925.00","339,859.00",Standard,APAC4,AIRL,"23,173.00",0.00,"23,173.00",0.00,0.00,0.00,1371,11,2018-03-01,USD
COM13173,SoftwareOne - Germany,PotCust,SoftwareOne,Europe,Europe Western,Germany - DE - Europe,, 95 946,-100%,  ,0%, 56 305,-67%,"18,388.00",0.00,0.00,"18,388.00","18,388.00",Old,EUR5,GA-BA,0.00,0.00,0.00,0.00,0.00,0.00,1372,1,2012-06-01,EUR
COM13185,Gullwing Aviation Luftfahrtservice e. K. - Germany,Customer,Gullwing Aviation Luftfahrtservice e. K.,Europe,Europe Western,Germany - DE - Europe,, 27 764,38%, 38 253,8%, 41 354,7%,"44,395.00","36,801.00","36,801.00","44,395.00","44,395.00",Old,EUR5,GA-BA,0.00,0.00,0.00,0.00,0.00,0.00,1373,4,2017-07-01,EUR
COM13191,SkyOne FZE (Terra Avia) (OMEGA AIR) - United Arab Emirates,Customer,SkyOne FZE (Terra Avia) (OMEGA AIR),Asia,Middle East,United Arab Emirates - AE - Asia,, 97 385,-36%, 62 319,21%, 75 266,49%,"112,202.00","91,658.00","150,067.00","53,794.00","112,202.00",New FSP,APAC5,FSP,"14,469.00",0.00,"14,469.00",0.00,0.00,0.00,1374,0,2017-07-01,EUR
COM13197,"Concierge U Ltd, t/a Jet Concierge Club - United Kingdom of Great Britain and Northern Ireland",PotCust,"Concierge U Ltd, t/a Jet Concierge Club",Europe,Europe Northern,United Kingdom of Great Britain and Northern Ireland - GB - Europe,, 416 036,-82%, 75 897,-100%,  ,0%,0.00,0.00,0.00,0.00,0.00,Standard,,GA-BA,0.00,0.00,0.00,0.00,0.00,0.00,1375,0,2017-09-01,EUR
COM13203,Jetbee Czech s.r.o. - Czechia,Customer,Jetbee Czech s.r.o.,Europe,Europe Eastern,Czechia - CZ - Europe,, 73 996,9%, 80 537,32%, 106 369,4%,"111,112.00","79,307.00","125,604.00","64,815.00","111,112.00",Standard,EUR5,GA-BA,"13,158.00",0.00,"13,158.00",0.00,0.00,0.00,1376,4,2017-09-01,EUR
COM13210,Blackbird Air A/S - Denmark,Customer,Blackbird Air A/S,Europe,Europe Northern,Denmark - DK - Europe,, 144 971,6%, 154 042,-16%, 130 030,64%,"213,460.00","178,649.00","274,572.00","117,536.00","213,460.00",Standard,EUR4,GA-BA,0.00,0.00,0.00,0.00,0.00,0.00,1377,7,2017-10-31,EUR
COM13211,WINGS OF LEBANON - Lebanon,PotCust,WINGS OF LEBANON,Asia,Middle East,Lebanon - LB - Asia,,  ,0%,  ,0%,  ,0%,0.00,0.00,0.00,0.00,0.00,Old,,AIRL,0.00,0.00,0.00,0.00,0.00,0.00,1378,0,2017-12-01,EUR
COM13218,ELANG LINTAS INDONESIA - Indonesia,NonCust,ELANG LINTAS INDONESIA,Asia,Asia South-eastern,Indonesia - ID - Asia,, 50 485,-32%, 34 578,5%, 36 358,-49%,"18,397.00",0.00,0.00,"18,397.00","18,397.00",Old,APAC4,GA-BA,0.00,0.00,0.00,0.00,0.00,0.00,1379,1,2018-03-01,USD
COM13220,ROYAL AIR Charter Service Inc - Philippines,Customer,ROYAL AIR Charter Service Inc,Asia,Asia South-eastern,Philippines - PH - Asia,, 132 810,-7%, 123 821,-16%, 104 250,-3%,"100,748.00","72,246.00","119,834.00","53,160.00","100,748.00",Standard,APAC5,AIRL,"10,486.00",0.00,"10,486.00",0.00,0.00,0.00,1380,3,2017-11-01,USD
COM13223,Pike Aviation S.A. - Uruguay,Customer,Pike Aviation S.A.,Americas,"America, Latin and the Caribbean",Uruguay - UY - Americas,, 49 556,0%, 49 691,7%, 53 340,-5%,"50,915.00","29,590.00","47,960.00","32,545.00","50,915.00",New FSP,AME5,FSP,0.00,0.00,0.00,0.00,0.00,0.00,1381,0,2018-08-01,USD
COM13225,CAE AVIATION Luxembourg - Luxembourg,NonCust,CAE AVIATION Luxembourg,Europe,Europe Western,Luxembourg - LU - Europe,,  ,0%,  ,0%,  ,0%,0.00,0.00,0.00,0.00,0.00,,,,0.00,0.00,0.00,0.00,0.00,0.00,1382,0,,EUR
COM13226,Air Hollandia B.V. - Netherlands,NonCust,Air Hollandia B.V.,Europe,Europe Western,Netherlands - NL - Europe,,  ,0%,  ,0%,  ,0%,0.00,0.00,0.00,0.00,0.00,,,AIRL,0.00,0.00,0.00,0.00,0.00,0.00,1383,0,,EUR
COM13228,Bravo Airways - Ukraine,PotCust,Bravo Airways,Europe,Europe Eastern,Ukraine - UA - Europe,,  ,0%,  ,0%,  ,0%,0.00,0.00,0.00,0.00,0.00,,,AIRL,0.00,0.00,0.00,0.00,0.00,0.00,1384,0,,EUR
COM13232,"Zimbabwe Airways (PVT), Ltd. - Zimbabwe",PotCust,"Zimbabwe Airways (PVT), Ltd.",Africa,Africa Sub-Saharan,Zimbabwe - ZW - Africa,,  ,0%,  ,0%,  ,0%,0.00,0.00,0.00,0.00,0.00,,,AIRL,0.00,0.00,0.00,0.00,0.00,0.00,1385,0,,USD
COM13236,WAMOS AIR - Spain,PotCust,WAMOS AIR,Europe,Europe Southern,Spain - ES - Europe,,  ,0%,  ,0%,  ,0%,0.00,0.00,0.00,0.00,0.00,,,AIRL,0.00,0.00,0.00,0.00,0.00,0.00,1386,13,,EUR
COM13238,Nolinor Aviation - Canada,Customer,Nolinor Aviation,Americas,"America, Northern",Canada - CA - Americas,, 325 604,8%, 352 031,14%, 399 866,-17%,"331,500.00","203,807.00","329,341.00","205,965.00","331,500.00",Standard,AME4,AIRL,"36,562.00",0.00,"36,562.00",0.00,0.00,0.00,1387,10,2019-02-01,USD
COM13240,ATA AIRLINES - Iran (Islamic Republic of),NonCust,ATA AIRLINES,Asia,Middle East,Iran (Islamic Republic of) - IR - Asia,,  ,0%,  ,0%,  ,0%,0.00,0.00,0.00,0.00,0.00,,,AIRL,0.00,0.00,0.00,0.00,0.00,0.00,1388,0,,USD
COM13241,Pia Kaltenberger (Bluesky) - Germany,Customer,Pia Kaltenberger (Bluesky),Europe,Europe Western,Germany - DE - Europe,, 65 169,6%, 69 110,7%, 73 636,12%,"82,750.00","50,316.00","87,551.00","45,515.00","82,750.00",New FSP,EUR5,FSP,"-6,787.00",0.00,0.00,0.00,"-6,787.00",0.00,1389,3,2018-02-01,EUR
COM13242,AMC AIRLINES - Egypt,PotCust,AMC AIRLINES,Africa,Africa Northern,Egypt - EG - Africa,,  ,0%,  ,0%, 36 229,-100%,0.00,0.00,0.00,0.00,0.00,Standard,AFR5,AIRL,0.00,0.00,0.00,0.00,0.00,0.00,1390,1,2023-11-30,EUR
COM13243,YALLAFLY AIRWAYS S.A - Morocco,PotCust,YALLAFLY AIRWAYS S.A,Africa,Africa Northern,Morocco - MA - Africa,,  ,0%,  ,0%,  ,0%,0.00,0.00,0.00,0.00,0.00,,,AIRL,0.00,0.00,0.00,0.00,0.00,0.00,1391,0,,EUR
COM13245,Longtail Aviation International Ltd. - Bermuda,PotCust,Longtail Aviation International Ltd.,Americas,"America, Northern",Bermuda - BM - Americas,, 177 417,-73%, 47 433,-100%,  ,100%,"11,806.00","21,419.00","29,114.00","4,111.00","11,806.00",Standard,AME5,AIRL,"6,553.00",0.00,"6,553.00",0.00,0.00,0.00,1392,1,2024-11-22,USD
COM13247,TIMBIS AIR SERVICES - Kenya,PotCust,TIMBIS AIR SERVICES,Africa,Africa Sub-Saharan,Kenya - KE - Africa,,  ,0%,  ,0%,  ,0%,0.00,0.00,0.00,0.00,0.00,,,AIRL,0.00,0.00,0.00,0.00,0.00,0.00,1393,0,,EUR
COM13249,FLYBOSNIA d.o.o. - Bosnia and Herzegovina,PotCust,FLYBOSNIA d.o.o.,Europe,Europe Southern,Bosnia and Herzegovina - BA - Europe,,  ,0%,  ,0%,  ,0%,0.00,0.00,0.00,0.00,0.00,Standard,,AIRL,0.00,0.00,0.00,0.00,0.00,0.00,1394,0,2018-12-01,EUR
COM13250,Volkswagen AirService GmbH - Germany,Customer,Volkswagen AirService GmbH,Europe,Europe Western,Germany - DE - Europe,, 110 632,7%, 118 878,-7%, 110 282,15%,"126,963.00","151,740.00","217,696.00","61,006.00","126,963.00",Old,EUR4,GA-BA,"-4,888.00",0.00,0.00,0.00,0.00,"-4,888.00",1395,6,2014-02-01,EUR
COM13257,3Plex Aero Ltd - Malta,PotCust,3Plex Aero Ltd,Europe,Europe Southern,Malta - MT - Europe,,  ,0%,  ,0%,  ,0%,0.00,0.00,0.00,0.00,0.00,,,GA-BA,0.00,0.00,0.00,0.00,0.00,0.00,1396,0,,EUR
COM13254,GETJET AIRLINES - Lithuania,Customer,GETJET AIRLINES,Europe,Europe Northern,Lithuania - LT - Europe,, 574 619,19%, 681 961,1%, 687 522,16%,"797,234.00","578,886.00","948,189.00","427,932.00","797,234.00",Standard,EUR4,AIRL,0.00,0.00,0.00,0.00,0.00,0.00,1397,12,2018-01-01,EUR
COM13255,LOT Polish Airlines S.A. - Poland,PotCust,LOT Polish Airlines S.A.,Europe,Europe Eastern,Poland - PL - Europe,,  ,0%,  ,0%,  ,0%,0.00,0.00,0.00,0.00,0.00,,,AIRL,0.00,0.00,0.00,0.00,0.00,0.00,1398,0,,EUR
COM13256,VALAIR - Portugal,Customer,VALAIR,Europe,Europe Southern,Portugal - PT - Europe,, 72 816,6%, 77 019,16%, 89 363,14%,"101,478.00","45,430.00","88,076.00","58,832.00","101,478.00",Standard,EUR5,GA-BA,"6,826.00",0.00,"6,826.00",0.00,0.00,0.00,1399,6,2018-04-01,EUR
,,,,,,,,  ,0%,  ,0%,  ,0%,0.00,0.00,0.00,0.00,0.00,,,,0.00,0.00,0.00,0.00,0.00,0.00,1401,,,
COM13266,LUMIWINGS S.A. - Greece,Quarantine,LUMIWINGS S.A.,Europe,Europe Southern,Greece - GR - Europe,, 71 568,16%, 82 919,15%, 94 975,-61%,"37,325.00",0.00,"8,297.00","29,027.00","37,325.00",Standard,EUR5,AIRL,0.00,0.00,0.00,0.00,0.00,0.00,1402,1,2018-06-01,EUR
COM13269,SkyUp Airlines - Ukraine,Customer,SkyUp Airlines,Europe,Europe Eastern,Ukraine - UA - Europe,,  ,-100%,  ,0%,  ,0%,0.00,0.00,0.00,0.00,0.00,Standard,EUR5,AIRL,0.00,0.00,0.00,0.00,0.00,0.00,1403,10,2018-05-01,EUR
COM13272,AVIOSTART - Bulgaria,Customer,AVIOSTART,Europe,Europe Eastern,Bulgaria - BG - Europe,, 27 228,11%, 30 279,-2%, 29 647,-21%,"23,555.00","14,857.00","24,676.00","13,736.00","23,555.00",Standard,EUR5,GA-BA,0.00,0.00,0.00,0.00,0.00,0.00,1404,3,2020-12-16,EUR
COM13274,Tayaran Jet JSCo - Bulgaria,PotCust,Tayaran Jet JSCo,Europe,Europe Eastern,Bulgaria - BG - Europe,,  ,0%,  ,0%,  ,0%,0.00,0.00,0.00,0.00,0.00,Standard,,GA-BA,0.00,0.00,0.00,0.00,0.00,0.00,1405,0,2018-03-01,EUR
COM13278,Life Line Ltd - Greece,Customer,Life Line Ltd,Europe,Europe Southern,Greece - GR - Europe,, 53 340,9%, 58 076,39%, 80 479,15%,"92,536.00","58,366.00","96,941.00","53,960.00","92,536.00",Standard,EUR5,GA-BA,0.00,0.00,0.00,0.00,0.00,0.00,1406,5,2018-03-01,EUR
COM13285,VOYAGE AIR - Bulgaria,PotCust,VOYAGE AIR,Europe,Europe Eastern,Bulgaria - BG - Europe,,  ,0%,  ,0%,  ,0%,0.00,0.00,0.00,0.00,0.00,Standard,,AIRL,0.00,0.00,0.00,0.00,0.00,0.00,1407,0,2019-04-01,EUR
COM13289,BAHAMASAIR - Bahamas,PotCust,BAHAMASAIR,Americas,"America, Latin and the Caribbean",Bahamas - BS - Americas,,  ,0%,  ,0%,  ,0%,0.00,0.00,0.00,0.00,0.00,,AME4,AIRL,0.00,0.00,0.00,0.00,0.00,0.00,1408,9,,USD
COM13291,AIR HORIZONT - Malta,Customer,AIR HORIZONT,Europe,Europe Southern,Malta - MT - Europe,, 142 123,21%, 172 327,13%, 195 271,27%,"248,922.00","129,433.00","241,761.00","136,594.00","248,922.00",Standard,EUR5,AIRL,"17,235.00",0.00,"17,235.00",0.00,0.00,0.00,1409,6,2018-06-01,EUR
COM13292,BAE Systems Marine Ltd. - United Kingdom of Great Britain and Northern Ireland,Customer via,BAE Systems Marine Ltd.,Europe,Europe Northern,United Kingdom of Great Britain and Northern Ireland - GB - Europe,, 124 134,-4%, 118 970,-100%,  ,0%,0.00,0.00,0.00,0.00,0.00,Standard,,AIRL,0.00,0.00,0.00,0.00,0.00,0.00,1410,5,2019-02-01,EUR
COM13294,CHRONO JET INC. - Canada,Customer,CHRONO JET INC.,Americas,"America, Northern",Canada - CA - Americas,, 238 038,5%, 249 836,14%, 285 976,-25%,"214,565.00","90,861.00","151,336.00","154,090.00","214,565.00",Standard,AME5,AIRL,0.00,0.00,0.00,0.00,0.00,0.00,1411,2,2020-03-01,USD
COM13295,AERONEXUS CORPORATE - United Kingdom of Great Britain and Northern Ireland,PotCust,AERONEXUS CORPORATE,Europe,Europe Northern,United Kingdom of Great Britain and Northern Ireland - GB - Europe,,  ,0%,  ,0%,  ,0%,0.00,0.00,0.00,0.00,0.00,,,GA-BA,0.00,0.00,0.00,0.00,0.00,0.00,1412,0,,EUR
COM13296,AVIA BUSINESS GROUP - Russian Federation,Quarantine,AVIA BUSINESS GROUP,Europe,Europe Eastern,Russian Federation - RU - Europe,,  ,0%,  ,0%,  ,0%,0.00,0.00,0.00,0.00,0.00,Standard,,GA-BA,0.00,0.00,0.00,0.00,0.00,0.00,1413,0,,EUR
COM13299,RAF AVIA - Latvia,Customer,RAF AVIA,Europe,Europe Northern,Latvia - LV - Europe,, 42 673,31%, 56 108,0%, 56 084,-43%,"31,837.00","21,441.00","33,692.00","19,586.00","31,837.00",Standard,EUR4,AIRL,"3,064.00",0.00,"3,064.00",0.00,0.00,0.00,1414,3,2021-07-01,EUR
COM13310,JSC UVT AERO - Russian Federation,Quarantine,JSC UVT AERO,Europe,Europe Eastern,Russian Federation - RU - Europe,, 26 833,-100%,  ,0%,  ,0%,0.00,0.00,0.00,0.00,0.00,Standard,,AIRL,0.00,0.00,0.00,0.00,0.00,0.00,1415,0,2019-03-01,EUR
COM13314,ROBUST ANALYTICS - United States of America,PotCust,ROBUST ANALYTICS,Americas,"America, Northern",United States of America - US - Americas,,  ,0%,  ,0%,  ,0%,0.00,0.00,0.00,0.00,0.00,Old,,GA-BA,0.00,0.00,0.00,0.00,0.00,0.00,1416,0,2017-05-01,USD
COM13319,Caspian Airlines - Iran (Islamic Republic of),NonCust,Caspian Airlines,Asia,Middle East,Iran (Islamic Republic of) - IR - Asia,,  ,0%,  ,0%,  ,0%,0.00,0.00,0.00,0.00,0.00,,,AIRL,0.00,0.00,0.00,0.00,0.00,0.00,1417,0,,EUR
COM13321,LAM MOZAMBIQUE - Mozambique,Quarantine,LAM MOZAMBIQUE,Africa,Africa Sub-Saharan,Mozambique - MZ - Africa,, 63 216,41%, 89 010,41%, 125 275,-38%,"77,866.00","28,389.00","45,737.00","60,517.00","77,866.00",Standard,AFR5,AIRL,"27,894.00",0.00,"3,823.00","3,823.00","3,823.00","16,426.00",1418,8,2019-06-01,USD
COM13322,Ghodawat Enterprises Pvt Ltd (Star Air India) - India,Customer,Ghodawat Enterprises Pvt Ltd (Star Air India),Asia,Asia Southern,India - IN - Asia,, 91 932,102%, 185 847,46%, 270 926,19%,"323,508.00","138,002.00","326,060.00","135,451.00","323,508.00",Old,APAC4,AIRL,"163,113.00",0.00,0.00,"150,145.00","12,968.00",0.00,1419,10,2018-10-01,EUR
COM13327,ATA CONCEPT GmbH - Switzerland,NonCust,ATA CONCEPT GmbH,Europe,Europe Western,Switzerland - CH - Europe,, 33 410,-65%, 11 728,-100%,  ,0%,0.00,0.00,0.00,0.00,0.00,Standard,,GA-BA,0.00,0.00,0.00,0.00,0.00,0.00,1420,0,2018-08-01,EUR
COM13328,AIR LEAP - Sweden,NonCust,AIR LEAP,Europe,Europe Northern,Sweden - SE - Europe,, 9 846,-100%,  ,0%,  ,0%,0.00,0.00,0.00,0.00,0.00,Standard,,AIRL,0.00,0.00,0.00,0.00,0.00,0.00,1421,0,2018-09-01,EUR
COM13332,Alexandria Airlines - Egypt,Customer via,Alexandria Airlines,Africa,Africa Northern,Egypt - EG - Africa,,  ,0%,  ,0%,  ,0%,0.00,0.00,0.00,0.00,0.00,Standard,,AIRL,0.00,0.00,0.00,0.00,0.00,0.00,1422,2,,EUR
COM13337,PSI AIR 2007 - Philippines,PotCust,PSI AIR 2007,Asia,Asia South-eastern,Philippines - PH - Asia,, 54 598,-84%, 8 518,-100%,  ,0%,0.00,0.00,0.00,0.00,0.00,Standard,,AIRL,0.00,0.00,0.00,0.00,0.00,0.00,1423,0,2021-03-22,USD
COM13341,Avincis Aviation Norway (Ex Babcock Norway) - Norway,PotCust,Avincis Aviation Norway (Ex Babcock Norway),Europe,Europe Northern,Norway - NO - Europe,, 122 848,33%, 163 958,4%, 171 274,-75%,"43,658.00",0.00,0.00,"43,658.00","43,658.00",Standard,EUR4,GA-BA,0.00,0.00,0.00,0.00,0.00,0.00,1424,12,2020-01-01,EUR
COM13342,Passionair - Ghana,Customer,Passionair,Africa,Africa Sub-Saharan,Ghana - GH - Africa,, 133 063,-24%, 100 653,26%, 126 659,-16%,"106,557.00","65,541.00","127,014.00","45,085.00","106,557.00",Old,AFR5,AIRL,"32,768.00",0.00,0.00,"32,768.00",0.00,0.00,1425,4,2020-07-01,USD
COM13343,ENDEAVOUR AVIATION - Côte d'Ivoire,PotCust,ENDEAVOUR AVIATION,Africa,Africa Sub-Saharan,Côte d'Ivoire - CI - Africa,, 37 840,5%, 39 800,-100%,  ,0%,0.00,0.00,0.00,0.00,0.00,Old,AFR5,GA-BA,0.00,0.00,0.00,0.00,0.00,0.00,1426,3,2018-09-01,EUR
COM13354,TEXEL AIR - Bahrain,Customer,TEXEL AIR,Asia,Middle East,Bahrain - BH - Asia,, 184 031,93%, 355 659,104%, 726 209,14%,"825,916.00","531,782.00","882,083.00","475,615.00","825,916.00",Standard,APAC4,AIRL,"75,409.00",0.00,"75,409.00",0.00,0.00,0.00,1427,11,2019-08-01,EUR
COM13359,International Flight Planning Solutions - Lebanon,PotCust,International Flight Planning Solutions,Asia,Middle East,Lebanon - LB - Asia,, 52 743,-100%,  ,0%,  ,0%,0.00,0.00,0.00,0.00,0.00,New FSP,,FSP,0.00,0.00,0.00,0.00,0.00,0.00,1428,0,2019-04-25,USD
COM13363,Asia Jet Sdn Bhd - Malaysia,PotCust,Asia Jet Sdn Bhd,Asia,Asia South-eastern,Malaysia - MY - Asia,,  ,0%,  ,0%,  ,0%,0.00,0.00,0.00,0.00,0.00,,,GA-BA,0.00,0.00,0.00,0.00,0.00,0.00,1429,0,,USD
COM13365,Advanced Air Support International - France,PotCust,Advanced Air Support International,Europe,Europe Western,France - FR - Europe,,  ,0%,  ,0%,  ,0%,0.00,0.00,0.00,0.00,0.00,New FSP,EUR5,FSP,0.00,0.00,0.00,0.00,0.00,0.00,1430,1,2018-09-01,EUR
COM13369,BRAVO AIR Ltd - Georgia,PotCust,BRAVO AIR Ltd,Asia,Middle East,Georgia - GE - Asia,,  ,0%,  ,0%,  ,0%,0.00,0.00,0.00,0.00,0.00,Standard,,AIRL,0.00,0.00,0.00,0.00,0.00,0.00,1431,0,,EUR
COM13370,AIR DECCAN - India,PotCust,AIR DECCAN,Asia,Asia Southern,India - IN - Asia,,  ,0%,  ,0%,  ,0%,0.00,0.00,0.00,0.00,0.00,,,GA-BA,0.00,0.00,0.00,0.00,0.00,0.00,1432,0,,USD
COM13371,ELLINAIR S.A. - Greece,PotCust,ELLINAIR S.A.,Europe,Europe Southern,Greece - GR - Europe,,  ,0%,  ,0%,  ,0%,0.00,0.00,0.00,0.00,0.00,Standard,,AIRL,0.00,0.00,0.00,0.00,0.00,0.00,1433,0,2019-05-01,EUR
COM13372,FlyGR8 S.A (AllTime Aviation Ltd) - Greece,PotCust,FlyGR8 S.A (AllTime Aviation Ltd),Europe,Europe Southern,Greece - GR - Europe,,  ,0%,  ,0%,  ,0%,0.00,0.00,0.00,0.00,0.00,Standard,,AIRL,0.00,0.00,0.00,0.00,0.00,0.00,1434,0,2021-03-04,EUR
COM13373,Libyan Government - Libya,PotCust,Libyan Government,Africa,Africa Northern,Libya - LY - Africa,,  ,0%,  ,0%,  ,0%,0.00,0.00,0.00,0.00,0.00,Old,,GA-BA,0.00,0.00,0.00,0.00,0.00,0.00,1435,0,2019-10-01,EUR
COM13374,Shujaa Aviation Limited - Kenya,Customer,Shujaa Aviation Limited,Africa,Africa Sub-Saharan,Kenya - KE - Africa,, 135 865,47%, 200 155,56%, 313 050,4%,"326,966.00","208,035.00","337,809.00","197,192.00","326,966.00",New FSP,AFR5,FSP,"27,171.00",0.00,"27,171.00",0.00,0.00,0.00,1436,11,2019-01-01,USD
COM13377,AMREF Flying Doctors - Kenya,Customer,AMREF Flying Doctors,Africa,Africa Sub-Saharan,Kenya - KE - Africa,, 102 380,79%, 183 582,3%, 188 633,-1%,"185,819.00","110,703.00","184,465.00","112,057.00","185,819.00",Standard,AFR4,GA-BA,"16,426.00",0.00,"16,426.00",0.00,0.00,0.00,1437,5,2018-12-01,USD
COM13378,Georgian Wings (TCA LLC) - Georgia,Quarantine,Georgian Wings (TCA LLC),Asia,Middle East,Georgia - GE - Asia,, 22 140,6%, 23 449,8%, 25 337,-1%,"25,153.00",0.00,0.00,"25,153.00","25,153.00",Standard,APAC5,AIRL,0.00,0.00,0.00,0.00,0.00,0.00,1438,1,2021-02-18,EUR
COM13382,STAR AVIATION SPA - Algeria,Customer,STAR AVIATION SPA,Africa,Africa Northern,Algeria - DZ - Africa,, 129 784,7%, 139 421,24%, 173 330,-15%,"147,495.00","78,305.00","149,221.00","76,580.00","147,495.00",Old,AFR4,GA-BA,"120,750.00",0.00,0.00,"37,634.00",0.00,"83,115.00",1439,12,2018-10-01,EUR
COM13388,JONIKA LLC - Ukraine,Customer,JONIKA LLC,Europe,Europe Eastern,Ukraine - UA - Europe,,  50,-100%,  ,0%,  ,0%,0.00,0.00,0.00,0.00,0.00,Standard,EUR5,AIRL,0.00,0.00,0.00,0.00,0.00,0.00,1440,4,2019-02-01,USD
COM13390,Emperor Aviation Ltd - Malta,Quarantine,Emperor Aviation Ltd,Europe,Europe Southern,Malta - MT - Europe,, 140 601,-100%,  ,0%,  ,0%,0.00,0.00,0.00,0.00,0.00,Standard,,GA-BA,0.00,0.00,0.00,0.00,0.00,0.00,1441,0,2019-04-01,EUR
COM13393,NILE AIR - Egypt,Customer,NILE AIR,Africa,Africa Northern,Egypt - EG - Africa,, 120 585,93%, 232 378,3%, 238 737,-9%,"216,266.00","187,663.00","281,936.00","121,993.00","216,266.00",Standard,AFR4,AIRL,0.00,0.00,0.00,0.00,0.00,0.00,1442,5,2021-10-08,EUR
COM13394,Eliance Aviation Global Services SLU - Spain,Customer,Eliance Aviation Global Services SLU,Europe,Europe Southern,Spain - ES - Europe,, 148 639,-7%, 138 183,-1%, 137 077,4%,"142,332.00","89,774.00","149,108.00","82,998.00","142,332.00",Standard,EUR5,GA-BA,0.00,0.00,0.00,0.00,0.00,0.00,1443,3,2020-01-01,EUR
COM13395,JSC NordStar Airlines - Russian Federation,Quarantine,JSC NordStar Airlines,Europe,Europe Eastern,Russian Federation - RU - Europe,, 68 310,-100%,  ,0%,  ,0%,0.00,0.00,0.00,0.00,0.00,Standard,,AIRL,0.00,0.00,0.00,0.00,0.00,0.00,1444,0,2019-10-01,USD
COM13398,Emirates Flight Training Academy - United Arab Emirates,Customer,Emirates Flight Training Academy,Asia,Middle East,United Arab Emirates - AE - Asia,, 95 477,28%, 122 090,32%, 161 437,19%,"192,520.00","127,612.00","207,804.00","112,328.00","192,520.00",Standard,APAC3,GA-BA,"18,401.00",0.00,"18,401.00",0.00,0.00,0.00,1445,31,2020-01-01,EUR
COM13400,I-OPS Aviation - Malta,Customer,I-OPS Aviation,Europe,Europe Southern,Malta - MT - Europe,, 44 844,12%, 50 101,-8%, 45 862,7%,"49,134.00","30,981.00","51,464.00","28,651.00","49,134.00",New FSP,EUR5,FSP,"4,427.00",0.00,"4,427.00",0.00,0.00,0.00,1446,0,2019-01-01,EUR
COM13402,UR AIRLINES - Iraq,Customer,UR AIRLINES,Asia,Middle East,Iraq - IQ - Asia,, 83 029,-43%, 47 045,14%, 53 470,2%,"54,538.00","31,072.00","48,634.00","36,976.00","54,538.00",Standard,APAC5,AIRL,0.00,0.00,0.00,0.00,0.00,0.00,1447,2,2019-02-01,EUR
COM13403,ASTRA AIRLINES - Greece,PotCust,ASTRA AIRLINES,Europe,Europe Southern,Greece - GR - Europe,,  ,0%,  ,0%,  ,0%,0.00,0.00,0.00,0.00,0.00,Standard,,AIRL,0.00,0.00,0.00,0.00,0.00,0.00,1448,0,2019-07-01,EUR
COM13404,AEREO CALAFIA - Mexico,Quarantine,AEREO CALAFIA,Americas,"America, Latin and the Caribbean",Mexico - MX - Americas,, 27 746,-22%, 21 543,70%, 36 713,-100%,0.00,0.00,0.00,0.00,0.00,Old,AME5,AIRL,0.00,0.00,0.00,0.00,0.00,0.00,1449,1,2019-03-29,USD
COM13405,KEY LIME AIR - United States of America,Customer,KEY LIME AIR,Americas,"America, Northern",United States of America - US - Americas,, 240 761,6%, 254 708,32%, 336 430,5%,"353,282.00","235,855.00","378,539.00","210,598.00","353,282.00",Standard,AME4,AIRL,0.00,0.00,0.00,0.00,0.00,0.00,1450,15,2019-04-01,USD
COM13407,Avimaxx W.L.L. - FSP AIRCRAFT FERRY - Bahrain,Customer,Avimaxx W.L.L. - FSP AIRCRAFT FERRY,Asia,Middle East,Bahrain - BH - Asia,, 16 005,3%, 16 419,8%, 17 783,2%,"18,225.00","11,174.00","18,535.00","10,864.00","18,225.00",New FSP,APAC5,FSP,"1,622.00",0.00,"1,622.00",0.00,0.00,0.00,1451,0,2019-02-01,USD
COM13408,MALETH AERO - Malta,Quarantine,MALETH AERO,Europe,Europe Southern,Malta - MT - Europe,, 332 636,14%, 380 570,-42%, 219 603,-88%,"27,129.00",0.00,0.00,"27,129.00","27,129.00",Standard,EUR5,AIRL,0.00,0.00,0.00,0.00,0.00,0.00,1452,1,2020-09-01,EUR
COM13409,CHARTER JETS - Lithuania,PotCust,CHARTER JETS,Europe,Europe Northern,Lithuania - LT - Europe,,  ,0%,  ,0%,  ,0%,0.00,0.00,0.00,0.00,0.00,,,GA-BA,0.00,0.00,0.00,0.00,0.00,0.00,1453,4,,EUR
COM13411,AVEM AERO OÜ - Estonia,Customer,AVEM AERO OÜ,Europe,Europe Northern,Estonia - EE - Europe,, 175 688,-100%,  ,0%,  ,0%,0.00,0.00,0.00,0.00,0.00,New FSP,EUR5,FSP,0.00,0.00,0.00,0.00,0.00,0.00,1454,1,2019-09-01,EUR
COM13416,COBRA JET AVIATION - Egypt,PotCust,COBRA JET AVIATION,Africa,Africa Northern,Egypt - EG - Africa,, 29 868,-100%,  ,0%,  ,0%,0.00,0.00,0.00,0.00,0.00,Standard,,AIRL,0.00,0.00,0.00,0.00,0.00,0.00,1455,0,2021-06-24,EUR
COM13417,HOP! - France,Customer,HOP!,Europe,Europe Western,France - FR - Europe,, 804 268,19%, 954 489,10%,1 046 383,10%,"1,148,569.00","463,120.00","958,278.00","653,412.00","1,148,569.00",Standard,EUR3,AIRL,"50,736.00",0.00,"50,736.00",0.00,0.00,0.00,1456,39,2021-05-04,EUR
COM13418,AlpAvia d.o.o. (previously Batagon) - Slovenia,Quarantine,AlpAvia d.o.o. (previously Batagon),Europe,Europe Southern,Slovenia - SI - Europe,2025-08-31, 111 266,-10%, 100 183,-23%, 77 160,-33%,"51,655.00",0.00,"5,390.00","46,265.00","51,655.00",Standard,EUR5,GA-BA,0.00,0.00,0.00,0.00,0.00,0.00,1457,2,2019-05-01,EUR
,,,,,,,,  ,0%,  ,0%,  ,100%,"49,327.00",0.00,"21,923.00","27,404.00","49,327.00",,,,0.00,0.00,0.00,0.00,0.00,0.00,1458,,,
COM13428,Bluebair Jet S.A. - Switzerland,PotCust,Bluebair Jet S.A.,Europe,Europe Western,Switzerland - CH - Europe,,  ,0%,  ,0%,  ,0%,0.00,0.00,0.00,0.00,0.00,,,GA-BA,0.00,0.00,0.00,0.00,0.00,0.00,1459,0,,EUR
COM13429,Eswatini Air - Eswatini,Customer,Eswatini Air,Africa,Africa Sub-Saharan,Eswatini - SZ - Africa,, 141 549,-15%, 120 779,8%, 130 496,7%,"139,928.00","90,214.00","148,637.00","81,505.00","139,928.00",Standard,AFR5,AIRL,"13,027.00",0.00,"13,027.00",0.00,0.00,0.00,1460,4,2019-05-01,EUR
COM13430,KENYA AIRWAYS - Kenya,PotCust,KENYA AIRWAYS,Africa,Africa Sub-Saharan,Kenya - KE - Africa,,  ,0%,  ,0%,  ,0%,0.00,0.00,0.00,0.00,0.00,,,AIRL,0.00,0.00,0.00,0.00,0.00,0.00,1461,0,,EUR
COM13431,EFPL SUPPORT PRIVATE LIMITED - India,PotCust,EFPL SUPPORT PRIVATE LIMITED,Asia,Asia Southern,India - IN - Asia,,  ,0%,  ,0%,  ,0%,0.00,0.00,0.00,0.00,0.00,Standard,,GA-BA,0.00,0.00,0.00,0.00,0.00,0.00,1462,0,2019-05-01,EUR
COM13432,AFS ALPINE FLIGHTSERVICE GMBH - Austria,PotCust,AFS ALPINE FLIGHTSERVICE GMBH,Europe,Europe Western,Austria - AT - Europe,,  ,0%,  ,0%,  ,0%,0.00,0.00,0.00,0.00,0.00,,,GA-BA,0.00,0.00,0.00,0.00,0.00,0.00,1463,0,,EUR
COM13433,Jasmin Airways - Tunisia,PotCust,Jasmin Airways,Africa,Africa Northern,Tunisia - TN - Africa,,  ,0%,  ,0%,  ,0%,0.00,0.00,0.00,0.00,0.00,Standard,,AIRL,0.00,0.00,0.00,0.00,0.00,0.00,1464,0,,EUR
COM13436,ALLIED AIR - Nigeria,PotCust,ALLIED AIR,Africa,Africa Sub-Saharan,Nigeria - NG - Africa,, 170 436,-195%,- 162 731,-100%,  ,0%,0.00,0.00,0.00,0.00,0.00,Old,,AIRL,0.00,0.00,0.00,0.00,0.00,0.00,1465,4,2019-04-01,USD
COM13438,Aviagreene Solutions Ltd - Nigeria,Customer,Aviagreene Solutions Ltd,Africa,Africa Sub-Saharan,Nigeria - NG - Africa,,  ,0%,  ,0%, 30 827,50%,"46,169.00","29,111.00","48,358.00","26,923.00","46,169.00",New FSP,AFR5,FSP,"13,326.00",0.00,"4,160.00","4,160.00","4,160.00",846.00,1466,0,2024-04-30,EUR
COM13439,Air Aviation Support - France,Customer,Air Aviation Support,Europe,Europe Western,France - FR - Europe,, 47 325,77%, 83 662,8%, 90 539,8%,"97,911.00","51,242.00","88,226.00","60,927.00","97,911.00",New FSP,EUR5,FSP,0.00,0.00,0.00,0.00,0.00,0.00,1467,0,2019-10-01,EUR
COM13441,AIR CALEDONIE - New Caledonia,PotCust,AIR CALEDONIE,Oceania,Melanesia,New Caledonia - NC - Oceania,,  ,0%,  ,0%,  ,0%,0.00,0.00,0.00,0.00,0.00,,,AIRL,0.00,0.00,0.00,0.00,0.00,0.00,1468,0,,EUR
COM13445,Bartolini Air - Poland,PotCust,Bartolini Air,Europe,Europe Eastern,Poland - PL - Europe,,  ,0%,  ,0%,  ,0%,0.00,0.00,0.00,0.00,0.00,,,GA-BA,0.00,0.00,0.00,0.00,0.00,0.00,1469,0,,EUR
COM13453,SKYWARD AIRLINES - Kenya,Customer,SKYWARD AIRLINES,Africa,Africa Sub-Saharan,Kenya - KE - Africa,,  ,0%,  ,0%,  ,100%,"69,790.00","142,023.00","211,813.00",0.00,"69,790.00",Old,AFR4,AIRL,"51,543.00",0.00,0.00,"51,543.00",0.00,0.00,1470,4,2024-05-02,EUR
COM13455,PHOENIX AVIATION - Kenya,PotCust,PHOENIX AVIATION,Africa,Africa Sub-Saharan,Kenya - KE - Africa,,  ,0%,  ,0%,  ,0%,0.00,0.00,0.00,0.00,0.00,,,GA-BA,0.00,0.00,0.00,0.00,0.00,0.00,1471,0,,EUR
COM13457,ASTRAL AVIATION - Kenya,PotCust,ASTRAL AVIATION,Africa,Africa Sub-Saharan,Kenya - KE - Africa,,  ,0%,  ,0%,  ,0%,0.00,0.00,0.00,0.00,0.00,,,AIRL,0.00,0.00,0.00,0.00,0.00,0.00,1472,0,,EUR
COM13458,MJETS AIR Sdn Bhd (Kargo Xpress) - Malaysia,Customer,MJETS AIR Sdn Bhd (Kargo Xpress),Asia,Asia South-eastern,Malaysia - MY - Asia,, 113 464,34%, 152 097,23%, 187 303,33%,"249,879.00","134,330.00","238,497.00","145,712.00","249,879.00",Standard,APAC5,AIRL,"35,067.00",0.00,"15,871.00","19,197.00",0.00,0.00,1473,6,2021-01-06,EUR
COM13460,AOPA DMU - Denmark,NonCust,AOPA DMU,Europe,Europe Northern,Denmark - DK - Europe,,  ,0%,  ,0%,  ,0%,0.00,0.00,0.00,0.00,0.00,,,,0.00,0.00,0.00,0.00,0.00,0.00,1474,0,,EUR
COM13461,Star Air Cargo (Pty) Ltd - South Africa,PotCust,Star Air Cargo (Pty) Ltd,Africa,Africa Sub-Saharan,South Africa - ZA - Africa,2025-03-31, 271 709,1%, 275 712,9%, 300 430,-82%,"52,610.00",0.00,0.00,"52,610.00","52,610.00",Standard,AFR4,AIRL,0.00,0.00,0.00,0.00,0.00,0.00,1475,6,2020-02-01,USD
COM13466,JORDAN AVIATION - Jordan,Customer,JORDAN AVIATION,Asia,Middle East,Jordan - JO - Asia,, 181 013,385%, 878 534,20%,1 056 711,-9%,"958,836.00","560,613.00","934,554.00","584,896.00","958,836.00",Standard,APAC4,AIRL,"236,924.00","73,251.00","79,423.00","84,250.00",0.00,0.00,1476,7,2014-03-01,EUR
COM13471,ARGOS VPH - Italy,PotCust,ARGOS VPH,Europe,Europe Southern,Italy - IT - Europe,,  ,0%,  ,0%,  ,0%,0.00,0.00,0.00,0.00,0.00,,,FSP,0.00,0.00,0.00,0.00,0.00,0.00,1477,0,,EUR
COM13474,Ford Aviation - United Kingdom of Great Britain and Northern Ireland,PotCust,Ford Aviation,Europe,Europe Northern,United Kingdom of Great Britain and Northern Ireland - GB - Europe,,  ,0%,  ,0%,  ,0%,0.00,0.00,0.00,0.00,0.00,New FSP,,FSP,0.00,0.00,0.00,0.00,0.00,0.00,1478,1,2019-04-01,EUR
,EXPRESSJET Inc.,NonCust,EXPRESSJET Inc.,,,,,  ,0%,  ,0%,  ,100%,"342,180.00",0.00,"70,498.00","271,682.00","342,180.00",,,AIRL,0.00,0.00,0.00,0.00,0.00,0.00,1479,0,,USD
COM13480,NESAVIATON - Aruba,PotCust,NESAVIATON,Americas,"America, Latin and the Caribbean",Aruba - AW - Americas,,  ,0%,  ,0%,  ,0%,0.00,0.00,0.00,0.00,0.00,,,,0.00,0.00,0.00,0.00,0.00,0.00,1480,0,,EUR
COM13481,EGT Jet Ltd. - Bulgaria,Customer,EGT Jet Ltd.,Europe,Europe Eastern,Bulgaria - BG - Europe,, 46 037,6%, 48 581,8%, 52 515,7%,"56,243.00","32,648.00","32,648.00","56,243.00","56,243.00",Old,EUR5,GA-BA,"3,400.00",0.00,"3,400.00",0.00,0.00,0.00,1481,3,2019-06-01,EUR
COM13482,SKY AIRLINE - Chile,PotCust,SKY AIRLINE,Americas,"America, Latin and the Caribbean",Chile - CL - Americas,,  ,0%,  ,0%,  ,0%,0.00,0.00,0.00,0.00,0.00,,,AIRL,0.00,0.00,0.00,0.00,0.00,0.00,1482,0,,USD
COM13483,748 AIR SERVICES - Kenya,PotCust,748 AIR SERVICES,Africa,Africa Sub-Saharan,Kenya - KE - Africa,,  ,0%,  ,0%,  ,0%,0.00,0.00,0.00,0.00,0.00,,,AIRL,0.00,0.00,0.00,0.00,0.00,0.00,1483,5,,USD
COM13486,Elitavia Malta Ltd - Malta,NonCust,Elitavia Malta Ltd,Europe,Europe Southern,Malta - MT - Europe,,  ,0%,  ,0%,  ,0%,0.00,0.00,0.00,0.00,0.00,Old,,,0.00,0.00,0.00,0.00,0.00,0.00,1484,0,,EUR
COM13488,BKNJET Havac?l?k A? - Turkey,PotCust,BKNJET Havac?l?k A?,Asia,Middle East,Turkey - TR - Asia,,  ,0%,  ,0%,  ,0%,0.00,0.00,0.00,0.00,0.00,,EUR5,GA-BA,0.00,0.00,0.00,0.00,0.00,0.00,1485,0,,EUR
COM13489,National Airways (Ethiopia) - Ethiopia,PotCust,National Airways (Ethiopia),Africa,Africa Sub-Saharan,Ethiopia - ET - Africa,,  ,0%,  ,0%,  ,0%,0.00,0.00,0.00,0.00,0.00,Standard,,AIRL,0.00,0.00,0.00,0.00,0.00,0.00,1486,0,2019-10-01,USD
COM13490,AFRICA WORLD AIRLINES - Ghana,PotCust,AFRICA WORLD AIRLINES,Africa,Africa Sub-Saharan,Ghana - GH - Africa,,  ,0%,  ,0%,  ,0%,0.00,0.00,0.00,0.00,0.00,,,AIRL,0.00,0.00,0.00,0.00,0.00,0.00,1487,0,,USD
COM13492,The Helicopter & Jet Company - Saudi Arabia,Customer,The Helicopter & Jet Company,Asia,Middle East,Saudi Arabia - SA - Asia,, 356 967,65%, 589 876,42%, 836 735,10%,"923,073.00","497,432.00","842,915.00","577,590.00","923,073.00",New FSP,APAC2,FSP,"123,604.00",0.00,"66,492.00","57,113.00",0.00,0.00,1488,37,2019-10-01,USD
COM13493,MOZAMBIQUE EXPRESSO - Mozambique,PotCust,MOZAMBIQUE EXPRESSO,Africa,Africa Sub-Saharan,Mozambique - MZ - Africa,,  ,0%,  ,0%,  ,0%,0.00,0.00,0.00,0.00,0.00,Standard,AFR5,AIRL,0.00,0.00,0.00,0.00,0.00,0.00,1489,0,,USD
COM13494,KlasJet - Lithuania,Customer,KlasJet,Europe,Europe Northern,Lithuania - LT - Europe,, 140 692,107%, 290 663,58%, 460 655,18%,"542,668.00","275,255.00","483,370.00","334,553.00","542,668.00",Standard,EUR4,AIRL,"57,930.00",0.00,"57,930.00",0.00,0.00,0.00,1490,11,2019-07-01,EUR
COM13497,Air Taxi and Charter International - Spain,PotCust,Air Taxi and Charter International,Europe,Europe Southern,Spain - ES - Europe,,  ,0%,  ,0%,  ,0%,0.00,0.00,0.00,0.00,0.00,,,GA-BA,0.00,0.00,0.00,0.00,0.00,0.00,1491,0,,EUR
COM13498,UNITY AIR - Ghana,PotCust,UNITY AIR,Africa,Africa Sub-Saharan,Ghana - GH - Africa,,  ,0%,  ,0%,  ,0%,0.00,0.00,0.00,0.00,0.00,,,AIRL,0.00,0.00,0.00,0.00,0.00,0.00,1492,0,,USD
COM13499,SA EXPRESS - South Africa,PotCust,SA EXPRESS,Africa,Africa Sub-Saharan,South Africa - ZA - Africa,,  ,0%,  ,0%,  ,0%,0.00,0.00,0.00,0.00,0.00,,,AIRL,0.00,0.00,0.00,0.00,0.00,0.00,1493,0,,EUR
COM13501,CIAF LEASING - Egypt,PotCust,CIAF LEASING,Africa,Africa Northern,Egypt - EG - Africa,,  ,0%,  ,0%,  ,0%,0.00,0.00,0.00,0.00,0.00,Standard,,AIRL,0.00,0.00,0.00,0.00,0.00,0.00,1494,0,2019-08-01,EUR
COM13504,EXECUJET AIR CHARTER - South Africa,PotCust,EXECUJET AIR CHARTER,Africa,Africa Sub-Saharan,South Africa - ZA - Africa,,  ,0%,  ,0%,  ,0%,0.00,0.00,0.00,0.00,0.00,,,GA-BA,0.00,0.00,0.00,0.00,0.00,0.00,1495,0,,USD
COM13505,VSR Aviation - India,Customer via,VSR Aviation,Asia,Asia Southern,India - IN - Asia,,  ,0%,  ,0%,  ,0%,0.00,0.00,0.00,0.00,0.00,,,GA-BA,0.00,0.00,0.00,0.00,0.00,0.00,1496,0,2024-04-29,USD
COM13506,CHALAIR AVIATION - France,Customer,CHALAIR AVIATION,Europe,Europe Western,France - FR - Europe,, 262 524,-8%, 242 447,0%, 242 831,10%,"267,695.00","152,777.00","247,916.00","172,557.00","267,695.00",Standard,EUR4,AIRL,"21,931.00",0.00,"21,931.00",0.00,0.00,0.00,1497,11,2020-07-01,EUR
COM13507,Lothringen Aero Services GmbH - Germany,PotCust,Lothringen Aero Services GmbH,Europe,Europe Western,Germany - DE - Europe,,  ,0%,  ,0%,  ,0%,0.00,0.00,0.00,0.00,0.00,,,GA-BA,0.00,0.00,0.00,0.00,0.00,0.00,1498,0,,EUR
COM13508,SIRIUS-AERO - Russian Federation,Quarantine,SIRIUS-AERO,Europe,Europe Eastern,Russian Federation - RU - Europe,,  ,0%,  ,0%,  ,0%,0.00,0.00,0.00,0.00,0.00,Standard,,GA-BA,0.00,0.00,0.00,0.00,0.00,0.00,1499,0,2019-11-01,EUR
COM13511,Brightling Services - United Kingdom of Great Britain and Northern Ireland,PotCust,Brightling Services,Europe,Europe Northern,United Kingdom of Great Britain and Northern Ireland - GB - Europe,,  ,0%,  ,0%,  ,0%,0.00,0.00,0.00,0.00,0.00,,,GA-BA,0.00,0.00,0.00,0.00,0.00,0.00,1500,0,,EUR
COM13512,LLC AVIATION COMPANY ELERON (VVA) - Ukraine,PotCust,LLC AVIATION COMPANY ELERON (VVA),Europe,Europe Eastern,Ukraine - UA - Europe,,  ,0%,  ,0%,  ,0%,0.00,0.00,0.00,0.00,0.00,,,GA-BA,0.00,0.00,0.00,0.00,0.00,0.00,1501,0,,EUR
COM13514,OK AVIATION WINGS - Czechia,Customer,OK AVIATION WINGS,Europe,Europe Eastern,Czechia - CZ - Europe,, 79 751,-9%, 72 285,23%, 88 563,22%,"108,294.00","91,025.00","135,193.00","64,125.00","108,294.00",New FSP,EUR5,FSP,0.00,0.00,0.00,0.00,0.00,0.00,1502,4,2019-09-01,EUR
COM13516,MARATHON AIRLINES - Greece,Customer,MARATHON AIRLINES,Europe,Europe Southern,Greece - GR - Europe,, 52 833,189%, 152 666,28%, 194 980,-18%,"159,019.00","111,784.00","173,792.00","97,012.00","159,019.00",Standard,EUR4,AIRL,"68,713.00",0.00,"17,001.00",0.00,"51,713.00",0.00,1503,5,2020-08-01,EUR
COM13517,Jet Premier One - Malaysia,PotCust,Jet Premier One,Asia,Asia South-eastern,Malaysia - MY - Asia,,  ,0%,  ,0%,  ,0%,0.00,0.00,0.00,0.00,0.00,,,GA-BA,0.00,0.00,0.00,0.00,0.00,0.00,1504,0,,USD
COM13519,AIR BOURGOGNE - France,NonCust,AIR BOURGOGNE,Europe,Europe Western,France - FR - Europe,,  ,0%,  ,0%,  ,0%,0.00,0.00,0.00,0.00,0.00,,,GA-BA,0.00,0.00,0.00,0.00,0.00,0.00,1505,0,,USD
COM13520,Spherus Aviation - Germany,NonCust,Spherus Aviation,Europe,Europe Western,Germany - DE - Europe,,  ,0%,  ,0%,  ,0%,0.00,0.00,0.00,0.00,0.00,,,GA-BA,0.00,0.00,0.00,0.00,0.00,0.00,1506,0,,EUR
COM13521,RH Trade AG - Switzerland,PotCust,RH Trade AG,Europe,Europe Western,Switzerland - CH - Europe,,  ,0%,  ,0%,  ,0%,0.00,0.00,0.00,0.00,0.00,,,GA-BA,0.00,0.00,0.00,0.00,0.00,0.00,1507,0,,EUR
COM13522,SWISS GLOBAL JET - Switzerland,PotCust,SWISS GLOBAL JET,Europe,Europe Western,Switzerland - CH - Europe,,  ,0%,  ,0%,  ,0%,0.00,0.00,0.00,0.00,0.00,,,GA-BA,0.00,0.00,0.00,0.00,0.00,0.00,1508,0,,EUR
COM13523,Heidelberg Cement AG - Germany,PotCust,Heidelberg Cement AG,Europe,Europe Western,Germany - DE - Europe,,  ,0%,  ,0%,  ,0%,0.00,0.00,0.00,0.00,0.00,,,GA-BA,0.00,0.00,0.00,0.00,0.00,0.00,1509,0,,EUR
COM13524,Lynxjet Private Flights - Israel,PotCust,Lynxjet Private Flights,Asia,Middle East,Israel - IL - Asia,,  ,0%,  ,0%,  ,0%,0.00,0.00,0.00,0.00,0.00,,,GA-BA,0.00,0.00,0.00,0.00,0.00,0.00,1510,0,,EUR
COM13525,Air Ocean Maroc - Morocco,PotCust,Air Ocean Maroc,Africa,Africa Northern,Morocco - MA - Africa,, 69 568,-92%, 5 842,-100%,  ,0%,0.00,0.00,0.00,0.00,0.00,Standard,,GA-BA,0.00,0.00,0.00,0.00,0.00,0.00,1511,0,2020-09-17,EUR
COM13526,JP Iaeono - Switzerland,NonCust,JP Iaeono,Europe,Europe Western,Switzerland - CH - Europe,,  ,0%,  ,0%,  ,0%,0.00,0.00,0.00,0.00,0.00,,,GA-BA,0.00,0.00,0.00,0.00,0.00,0.00,1512,0,,EUR
COM13527,PREMIER PRIVATE JETS - United States of America,PotCust,PREMIER PRIVATE JETS,Americas,"America, Northern",United States of America - US - Americas,,  ,0%,  ,0%,  ,0%,0.00,0.00,0.00,0.00,0.00,,,GA-BA,0.00,0.00,0.00,0.00,0.00,0.00,1513,0,,EUR
COM13528,Resource Aviation Services - Mali,NonCust,Resource Aviation Services,Africa,Africa Sub-Saharan,Mali - ML - Africa,,  ,0%,  ,0%,  ,0%,0.00,0.00,0.00,0.00,0.00,,,,0.00,0.00,0.00,0.00,0.00,0.00,1514,0,,EUR
COM13529,SAHARA AFRICAN AVIATION - South Africa,PotCust,SAHARA AFRICAN AVIATION,Africa,Africa Sub-Saharan,South Africa - ZA - Africa,,  ,0%,  ,0%,  ,0%,0.00,0.00,0.00,0.00,0.00,,,AIRL,0.00,0.00,0.00,0.00,0.00,0.00,1515,0,,USD
COM13530,DAS private jets GmbH - Germany,Customer,DAS private jets GmbH,Europe,Europe Western,Germany - DE - Europe,, 12 191,654%, 91 893,13%, 103 932,-13%,"90,386.00","52,034.00","89,776.00","52,644.00","90,386.00",Standard,EUR4,GA-BA,"9,310.00",0.00,"9,310.00",0.00,0.00,0.00,1516,7,2022-10-01,EUR
COM13531,TAAG ANGOLA AIRLINES - Angola,Customer,TAAG ANGOLA AIRLINES,Africa,Africa Sub-Saharan,Angola - AO - Africa,,  ,0%, 181 076,560%,1 195 776,23%,"1,468,719.00","1,149,969.00","1,781,729.00","836,958.00","1,468,719.00",Standard,AFR4,AIRL,"333,154.00",0.00,"166,369.00",0.00,"166,785.00",0.00,1517,18,2023-06-20,EUR
COM13532,LEGEND OF THE NILE - Egypt,PotCust,LEGEND OF THE NILE,Africa,Africa Northern,Egypt - EG - Africa,,  ,0%,  ,0%,  ,0%,0.00,0.00,0.00,0.00,0.00,Standard,AFR5,GA-BA,0.00,0.00,0.00,0.00,0.00,0.00,1518,2,2021-03-03,EUR
COM13533,AVIATORS S.A.S. - France,NonCust,AVIATORS S.A.S.,Europe,Europe Western,France - FR - Europe,,  ,0%,  ,0%,  ,0%,0.00,0.00,0.00,0.00,0.00,,,,0.00,0.00,0.00,0.00,0.00,0.00,1519,0,,EUR
,,,,,,,,  ,0%,  ,0%,  ,0%,0.00,0.00,0.00,0.00,0.00,,,,0.00,0.00,0.00,0.00,0.00,0.00,1520,,,
COM13536,GRYPHON AIRLINES SA - South Africa,NonCust,GRYPHON AIRLINES SA,Africa,Africa Sub-Saharan,South Africa - ZA - Africa,,  ,0%,  ,0%,  ,0%,0.00,0.00,0.00,0.00,0.00,,,,0.00,0.00,0.00,0.00,0.00,0.00,1521,0,,USD
COM13537,OMNI Táxi Aéreo S.A. - Brazil,PotCust,OMNI Táxi Aéreo S.A.,Americas,"America, Latin and the Caribbean",Brazil - BR - Americas,, 28 909,46%, 42 104,-46%, 22 813,-100%,0.00,0.00,0.00,0.00,0.00,Standard,AME5,GA-BA,0.00,0.00,0.00,0.00,0.00,0.00,1522,1,2021-09-01,USD
COM13538,Constanta Airlines - Ukraine,PotCust,Constanta Airlines,Europe,Europe Eastern,Ukraine - UA - Europe,,  ,0%,  ,0%,  ,0%,0.00,0.00,0.00,0.00,0.00,,,AIRL,0.00,0.00,0.00,0.00,0.00,0.00,1523,0,,EUR
COM13539,SKYX AIRWAYS - Slovenia,NonCust,SKYX AIRWAYS,Europe,Europe Southern,Slovenia - SI - Europe,,  ,0%,  ,0%,  ,0%,0.00,0.00,0.00,0.00,0.00,Standard,,AIRL,0.00,0.00,0.00,0.00,0.00,0.00,1524,0,,EUR
COM13540,THE AVIATION COMPANY - Netherlands,PotCust,THE AVIATION COMPANY,Europe,Europe Western,Netherlands - NL - Europe,,  ,0%,  ,0%,  ,0%,0.00,0.00,0.00,0.00,0.00,,,FSP,0.00,0.00,0.00,0.00,0.00,0.00,1525,0,,EUR
COM13541,SUNWING AIRLINES INC. - Canada,PotCust,SUNWING AIRLINES INC.,Americas,"America, Northern",Canada - CA - Americas,,  ,0%,  ,0%,  ,0%,0.00,0.00,0.00,0.00,0.00,,,AIRL,0.00,0.00,0.00,0.00,0.00,0.00,1526,0,,USD
COM13542,MUNDIO International Plc. - United Kingdom of Great Britain and Northern Ireland,PotCust,MUNDIO International Plc.,Europe,Europe Northern,United Kingdom of Great Britain and Northern Ireland - GB - Europe,,  ,0%,  ,0%,  ,0%,0.00,0.00,0.00,0.00,0.00,,,,0.00,0.00,0.00,0.00,0.00,0.00,1527,0,,EUR
COM13543,Turkish Aerospace Industries - Turkey,Customer,Turkish Aerospace Industries,Asia,Middle East,Turkey - TR - Asia,, 100 726,-74%, 26 039,72%, 44 904,-6%,"41,996.00","25,750.00","42,711.00","25,035.00","41,996.00",Standard,APAC5,MIL,"7,475.00",0.00,"3,737.00","3,737.00",0.00,0.00,1528,1,2021-03-01,USD
COM13544,VipJet - Ireland,PotCust,VipJet,Europe,Europe Northern,Ireland - IE - Europe,,  ,0%,  ,0%,  ,0%,0.00,0.00,0.00,0.00,0.00,,,,0.00,0.00,0.00,0.00,0.00,0.00,1529,0,,EUR
COM13545,Thai Summer Airways - Thailand,Quarantine,Thai Summer Airways,Asia,Asia South-eastern,Thailand - TH - Asia,,  ,0%,  ,0%,  ,0%,0.00,0.00,0.00,0.00,0.00,,,AIRL,0.00,0.00,0.00,0.00,0.00,0.00,1530,0,,EUR
COM13546,CS & FS Caribbean Support & Flight Services SAS - Colombia,PotCust,CS & FS Caribbean Support & Flight Services SAS,Americas,"America, Latin and the Caribbean",Colombia - CO - Americas,,  ,0%,  ,0%,  ,0%,0.00,0.00,0.00,0.00,0.00,New FSP,,FSP,0.00,0.00,0.00,0.00,0.00,0.00,1531,0,,USD
COM13547,PRIMEYOU - Brazil,PotCust,PRIMEYOU,Americas,"America, Latin and the Caribbean",Brazil - BR - Americas,,  ,0%,  ,0%,  ,0%,0.00,0.00,0.00,0.00,0.00,,,GA-BA,0.00,0.00,0.00,0.00,0.00,0.00,1532,0,,USD
COM13548,HELLENIC CIVIL AVIATION AUTHORITY (HCAA) - Greece,Customer via,HELLENIC CIVIL AVIATION AUTHORITY (HCAA),Europe,Europe Southern,Greece - GR - Europe,,  ,0%,  ,0%,  ,0%,0.00,0.00,0.00,0.00,0.00,,EUR5,GA-BA,0.00,0.00,0.00,0.00,0.00,0.00,1533,1,2021-12-22,EUR
COM13550,Flightserve - United Kingdom of Great Britain and Northern Ireland,NonCust,Flightserve,Europe,Europe Northern,United Kingdom of Great Britain and Northern Ireland - GB - Europe,,  ,0%,  ,0%,  ,0%,0.00,0.00,0.00,0.00,0.00,,,FSP,0.00,0.00,0.00,0.00,0.00,0.00,1534,0,,EUR
COM13551,Air Manas - Kyrgyzstan,PotCust,Air Manas,Asia,Middle East,Kyrgyzstan - KG - Asia,,  ,0%,  ,0%,  ,0%,0.00,0.00,0.00,0.00,0.00,,,AIRL,0.00,0.00,0.00,0.00,0.00,0.00,1535,0,,USD
COM13552,Carthage Sky Service - Tunisia,PotCust,Carthage Sky Service,Africa,Africa Northern,Tunisia - TN - Africa,,  ,0%,  ,0%,  ,0%,0.00,0.00,0.00,0.00,0.00,,,FSP,0.00,0.00,0.00,0.00,0.00,0.00,1536,0,,EUR
COM13553,TRANSAVIABALTIKA - Lithuania,NonCust,TRANSAVIABALTIKA,Europe,Europe Northern,Lithuania - LT - Europe,,  ,0%,  ,0%,  ,0%,0.00,0.00,0.00,0.00,0.00,,,,0.00,0.00,0.00,0.00,0.00,0.00,1537,0,,EUR
COM13554,48th Contracting Squadron - United Kingdom of Great Britain and Northern Ireland,PotCust,48th Contracting Squadron,Europe,Europe Northern,United Kingdom of Great Britain and Northern Ireland - GB - Europe,,  ,0%,  ,0%,  ,0%,0.00,0.00,0.00,0.00,0.00,,,MIL,0.00,0.00,0.00,0.00,0.00,0.00,1538,0,,USD
COM13555,Alliance Air (India) - India,PotCust,Alliance Air (India),Asia,Asia Southern,India - IN - Asia,,  ,0%,  ,0%,  ,0%,0.00,0.00,0.00,0.00,0.00,,,AIRL,0.00,0.00,0.00,0.00,0.00,0.00,1539,0,,USD
COM13556,YANNICK BOGAERT - Malta,PotCust,YANNICK BOGAERT,Europe,Europe Southern,Malta - MT - Europe,,  ,0%,  ,0%,  ,0%,0.00,0.00,0.00,0.00,0.00,,,AIRL,0.00,0.00,0.00,0.00,0.00,0.00,1540,0,,EUR
COM13557,Etihad Aviation Training - United Arab Emirates,PotCust,Etihad Aviation Training,Asia,Middle East,United Arab Emirates - AE - Asia,,  ,0%,  ,0%,  ,0%,0.00,0.00,0.00,0.00,0.00,,,,0.00,0.00,0.00,0.00,0.00,0.00,1541,0,,USD
COM13558,SPACECARGO INC - United Arab Emirates,Customer via,SPACECARGO INC,Asia,Middle East,United Arab Emirates - AE - Asia,,  ,0%,  ,0%,  ,0%,0.00,0.00,0.00,0.00,0.00,Standard,,AIRL,0.00,0.00,0.00,0.00,0.00,0.00,1542,0,2020-02-01,EUR
COM13559,RRSM International LLC - Saudi Arabia,PotCust,RRSM International LLC,Asia,Middle East,Saudi Arabia - SA - Asia,,  ,0%,  ,0%,  ,0%,0.00,0.00,0.00,0.00,0.00,,,GA-BA,0.00,0.00,0.00,0.00,0.00,0.00,1543,0,,USD
COM13561,Snild ehf - Iceland,NonCust,Snild ehf,Europe,Europe Northern,Iceland - IS - Europe,,  ,0%,  ,0%,  ,0%,0.00,0.00,0.00,0.00,0.00,,,,0.00,0.00,0.00,0.00,0.00,0.00,1544,0,,EUR
COM13562,RUSLINE - Russian Federation,Quarantine,RUSLINE,Europe,Europe Eastern,Russian Federation - RU - Europe,,  ,0%,  ,0%,  ,0%,0.00,0.00,0.00,0.00,0.00,,,AIRL,0.00,0.00,0.00,0.00,0.00,0.00,1545,0,,EUR
COM13563,AZUR AIR Russia - Russian Federation,Quarantine,AZUR AIR Russia,Europe,Europe Eastern,Russian Federation - RU - Europe,,  ,0%,  ,0%,  ,0%,0.00,0.00,0.00,0.00,0.00,,,AIRL,0.00,0.00,0.00,0.00,0.00,0.00,1546,0,,EUR
COM13564,QUEEN AIR - Czechia,PotCust,QUEEN AIR,Europe,Europe Eastern,Czechia - CZ - Europe,,  ,0%,  ,0%,  ,0%,0.00,0.00,0.00,0.00,0.00,Standard,,GA-BA,0.00,0.00,0.00,0.00,0.00,0.00,1547,0,2019-12-01,EUR
COM13565,Air Botswana - Botswana,PotCust,Air Botswana,Africa,Africa Sub-Saharan,Botswana - BW - Africa,,  ,0%,  ,0%,  ,0%,0.00,0.00,0.00,0.00,0.00,,AFR5,AIRL,0.00,0.00,0.00,0.00,0.00,0.00,1548,0,,EUR
COM13566,SkyAir - Bangladesh,Quarantine,SkyAir,Asia,Asia Southern,Bangladesh - BD - Asia,, 20 157,112%, 42 667,19%, 50 592,-91%,"4,498.00",0.00,0.00,"4,498.00","4,498.00",Old,APAC5,AIRL,0.00,0.00,0.00,0.00,0.00,0.00,1549,1,2020-01-01,USD
COM13567,Zoom Air - India,PotCust,Zoom Air,Asia,Asia Southern,India - IN - Asia,,  ,0%,  ,0%,  ,0%,0.00,0.00,0.00,0.00,0.00,,,AIRL,0.00,0.00,0.00,0.00,0.00,0.00,1550,0,,USD
COM13568,Fastway Aviation Group - United States of America,PotCust,Fastway Aviation Group,Americas,"America, Northern",United States of America - US - Americas,,  ,0%,  ,0%,  ,0%,0.00,0.00,0.00,0.00,0.00,,,FSP,0.00,0.00,0.00,0.00,0.00,0.00,1551,0,,USD
COM13569,GOVERNMENT OF THE REP. OF NORTH MACEDONIA - North Macedonia,PotCust,GOVERNMENT OF THE REP. OF NORTH MACEDONIA,Europe,Europe Southern,North Macedonia - MK - Europe,,  ,0%,  ,0%,  ,0%,0.00,0.00,0.00,0.00,0.00,Standard,,GA-BA,0.00,0.00,0.00,0.00,0.00,0.00,1552,0,,EUR
COM13570,Airspeedcharter (AeroStan) - United Arab Emirates,Customer,Airspeedcharter (AeroStan),Asia,Middle East,United Arab Emirates - AE - Asia,, 202 761,11%, 225 905,20%, 270 098,-5%,"257,660.00","146,395.00","246,425.00","157,630.00","257,660.00",Standard,APAC5,AIRL,"17,573.00",0.00,"17,573.00",0.00,0.00,0.00,1553,5,2019-11-14,EUR
COM13571,FIFA AIR - Egypt,PotCust,FIFA AIR,Africa,Africa Northern,Egypt - EG - Africa,,  ,0%,  ,0%,  ,0%,0.00,0.00,0.00,0.00,0.00,,,FSP,0.00,0.00,0.00,0.00,0.00,0.00,1554,0,,EUR
COM13572,ALHAYA AVIATION - Iraq,Customer,ALHAYA AVIATION,Asia,Middle East,Iraq - IQ - Asia,, 37 800,-92%, 3 194,"1,214%", 41 980,11%,"46,494.00","36,859.00","58,843.00","24,509.00","46,494.00",Standard,APAC5,AIRL,"-3,403.00",0.00,0.00,0.00,"-3,403.00",0.00,1555,2,2020-01-01,EUR
COM13575,BINTER CANARIAS - Spain,Customer,BINTER CANARIAS,Europe,Europe Southern,Spain - ES - Europe,, 837 609,13%, 948 082,23%,1 167 985,56%,"1,827,175.00","1,190,235.00","2,384,621.00","632,788.00","1,827,175.00",Old,EUR3,AIRL,0.00,0.00,0.00,0.00,0.00,0.00,1556,46,2011-12-19,EUR
COM13576,Pacific Coastal Airlines - Canada,PotCust,Pacific Coastal Airlines,Americas,"America, Northern",Canada - CA - Americas,,  ,0%,  ,0%,  ,0%,0.00,0.00,0.00,0.00,0.00,,AME4,AIRL,0.00,0.00,0.00,0.00,0.00,0.00,1557,22,,USD
COM13582,Erofey (Lutonair) - Marshall Islands,NonCust,Erofey (Lutonair),Oceania,Micronesia,Marshall Islands - MH - Oceania,, 38 658,7%, 41 226,8%, 44 329,8%,"47,774.00",0.00,"24,819.00","22,956.00","47,774.00",Old,APAC5,AIRL,0.00,0.00,0.00,0.00,0.00,0.00,1558,1,2017-09-01,EUR
COM13583,Kommunalförbundet Svenskt Ambulansflyg (KSA) - Sweden,NonCust,Kommunalförbundet Svenskt Ambulansflyg (KSA),Europe,Europe Northern,Sweden - SE - Europe,,  ,0%,  ,0%,  ,0%,0.00,0.00,0.00,0.00,0.00,,,GA-BA,0.00,0.00,0.00,0.00,0.00,0.00,1559,0,,EUR
COM13584,Zephyr Aviation Ltd - United Kingdom of Great Britain and Northern Ireland,PotCust,Zephyr Aviation Ltd,Europe,Europe Northern,United Kingdom of Great Britain and Northern Ireland - GB - Europe,,  ,0%,  ,0%,  ,0%,0.00,0.00,0.00,0.00,0.00,,,GA-BA,0.00,0.00,0.00,0.00,0.00,0.00,1560,0,,EUR
COM13585,UNIVERSAL TRIP SUPPORT PVT LTD - India,PotCust,UNIVERSAL TRIP SUPPORT PVT LTD,Asia,Asia Southern,India - IN - Asia,,  ,0%,  ,0%,  ,0%,0.00,0.00,0.00,0.00,0.00,New FSP,,FSP,0.00,0.00,0.00,0.00,0.00,0.00,1561,0,2020-03-01,USD
COM13586,VVIP FLIGHT PVT LTD - India,PotCust,VVIP FLIGHT PVT LTD,Asia,Asia Southern,India - IN - Asia,,  ,0%,  ,0%,  ,0%,0.00,0.00,0.00,0.00,0.00,,APAC5,FSP,0.00,0.00,0.00,0.00,0.00,0.00,1562,0,,USD
COM13587,Aquila Aerospace LLC - United Arab Emirates,NonCust,Aquila Aerospace LLC,Asia,Middle East,United Arab Emirates - AE - Asia,,  ,0%,  ,0%,  ,0%,0.00,0.00,0.00,0.00,0.00,,,GA-BA,0.00,0.00,0.00,0.00,0.00,0.00,1563,0,,EUR
COM13589,Air North - Canada,PotCust,Air North,Americas,"America, Northern",Canada - CA - Americas,,  ,0%,  ,0%,  ,0%,0.00,0.00,0.00,0.00,0.00,,,AIRL,0.00,0.00,0.00,0.00,0.00,0.00,1564,11,,USD
COM13590,Aerospace Consortium Ltd. - Kenya,PotCust,Aerospace Consortium Ltd.,Africa,Africa Sub-Saharan,Kenya - KE - Africa,,  ,0%,  ,0%,  ,0%,0.00,0.00,0.00,0.00,0.00,,,AIRL,0.00,0.00,0.00,0.00,0.00,0.00,1565,0,,USD
COM13591,KiteAir - Viet Nam,NonCust,KiteAir,Asia,Asia South-eastern,Viet Nam - VN - Asia,,  ,0%,  ,0%,  ,0%,0.00,0.00,0.00,0.00,0.00,,,AIRL,0.00,0.00,0.00,0.00,0.00,0.00,1566,0,,USD
COM13592,EGO AIRWAYS S.P.A. - Italy,NonCust,EGO AIRWAYS S.P.A.,Europe,Europe Southern,Italy - IT - Europe,,  ,0%,  ,0%,  ,0%,0.00,0.00,0.00,0.00,0.00,Standard,,AIRL,0.00,0.00,0.00,0.00,0.00,0.00,1567,0,2020-09-01,EUR
COM13594,ALLIANCE FLIGHT SUPPORT - Ireland,Customer,ALLIANCE FLIGHT SUPPORT,Europe,Europe Northern,Ireland - IE - Europe,, 103 649,-26%, 76 223,7%, 81 252,-28%,"58,101.00","17,070.00","38,352.00","36,820.00","58,101.00",New FSP,EUR5,FSP,"8,538.00",0.00,"4,269.00","4,269.00",0.00,0.00,1568,0,2020-03-01,EUR
COM13596,TransNusa Aviation Mandiri - Indonesia,PotCust,TransNusa Aviation Mandiri,Asia,Asia South-eastern,Indonesia - ID - Asia,,  ,0%,  ,0%,  ,0%,0.00,0.00,0.00,0.00,0.00,,,AIRL,0.00,0.00,0.00,0.00,0.00,0.00,1569,0,2020-06-01,USD
COM13597,Avalon Airlines LLC - Ukraine,PotCust,Avalon Airlines LLC,Europe,Europe Eastern,Ukraine - UA - Europe,,  ,0%,  ,0%,  ,0%,0.00,0.00,0.00,0.00,0.00,,,AIRL,0.00,0.00,0.00,0.00,0.00,0.00,1570,0,,EUR
COM13598,ULTIMATE AIRWAYS (PTY) - United Arab Emirates,NonCust,ULTIMATE AIRWAYS (PTY),Asia,Middle East,United Arab Emirates - AE - Asia,2025-03-31, 60 931,-44%, 34 379,-21%, 27 234,-71%,"8,008.00",0.00,0.00,"8,008.00","8,008.00",Standard,APAC5,GA-BA,0.00,0.00,0.00,0.00,0.00,0.00,1571,1,2021-07-01,USD
COM13599,STEFAN BUCHHOLZ - Germany,PotCust,STEFAN BUCHHOLZ,Europe,Europe Western,Germany - DE - Europe,,  ,0%,  ,0%,  ,0%,0.00,0.00,0.00,0.00,0.00,Standard,,GA-BA,0.00,0.00,0.00,0.00,0.00,0.00,1572,0,2020-03-01,EUR
COM13600,ORTAC - Jersey,PotCust,ORTAC,Europe,Europe Northern,Jersey - JE - Europe,,  ,0%,  ,0%,  ,0%,0.00,0.00,0.00,0.00,0.00,Standard,EUR4,GA-BA,0.00,0.00,0.00,0.00,0.00,0.00,1573,6,,EUR
COM13601,Sarah Airways - Morocco,Customer,Sarah Airways,Africa,Africa Northern,Morocco - MA - Africa,,  ,0%, 4 452,680%, 34 743,124%,"77,974.00","59,875.00","92,984.00","44,865.00","77,974.00",Standard,AFR5,GA-BA,"9,035.00",0.00,"9,035.00",0.00,0.00,0.00,1574,4,2020-02-01,EUR
COM13602,GUARDIAN AIR - South Africa,PotCust,GUARDIAN AIR,Africa,Africa Sub-Saharan,South Africa - ZA - Africa,,  ,0%,  ,0%,  ,0%,0.00,0.00,0.00,0.00,0.00,,,GA-BA,0.00,0.00,0.00,0.00,0.00,0.00,1575,0,,USD
COM13604,ONTOP AIR CHARTER AG - Switzerland,NonCust,ONTOP AIR CHARTER AG,Europe,Europe Western,Switzerland - CH - Europe,,  ,0%,  ,0%,  ,0%,0.00,0.00,0.00,0.00,0.00,,,,0.00,0.00,0.00,0.00,0.00,0.00,1576,0,,EUR
COM13605,SMART JET SP. Z.O.O. - Poland,Customer,SMART JET SP. Z.O.O.,Europe,Europe Eastern,Poland - PL - Europe,, 66 717,5%, 69 946,26%, 88 138,7%,"94,202.00","64,253.00","103,523.00","54,932.00","94,202.00",Standard,EUR4,GA-BA,0.00,0.00,0.00,0.00,0.00,0.00,1577,6,2020-03-01,EUR
COM13606,MAP Transportes Aéreos Ltda - Brazil,PotCust,MAP Transportes Aéreos Ltda,Americas,"America, Latin and the Caribbean",Brazil - BR - Americas,,  ,0%,  ,0%,  ,0%,0.00,0.00,0.00,0.00,0.00,Standard,,AIRL,0.00,0.00,0.00,0.00,0.00,0.00,1578,0,2020-03-01,USD
COM13607,Air Zimbabwe - Zimbabwe,Quarantine,Air Zimbabwe,Africa,Africa Sub-Saharan,Zimbabwe - ZW - Africa,,  ,0%,  ,0%,  ,100%,"72,124.00","108,868.00","180,991.00",0.00,"72,124.00",Standard,AFR5,AIRL,"125,800.00",0.00,"15,801.00","15,801.00","15,801.00","78,397.00",1579,0,2020-12-04,USD
,,,,,,,,  ,0%,  ,0%,  ,0%,0.00,0.00,0.00,0.00,0.00,,,,0.00,0.00,0.00,0.00,0.00,0.00,1580,,,
COM13610,GOVERNMENT AVIO SERVICE - Serbia,Customer,GOVERNMENT AVIO SERVICE,Europe,Europe Southern,Serbia - RS - Europe,, 70 114,-16%, 59 072,8%, 63 693,6%,"67,604.00","95,993.00","95,993.00","67,604.00","67,604.00",Old,EUR5,GA-BA,0.00,0.00,0.00,0.00,0.00,0.00,1581,1,2020-08-01,EUR
COM13611,PRINCE AVIATION - Serbia,PotCust,PRINCE AVIATION,Europe,Europe Southern,Serbia - RS - Europe,,  ,0%,  ,0%,  ,0%,0.00,0.00,0.00,0.00,0.00,,,GA-BA,0.00,0.00,0.00,0.00,0.00,0.00,1582,0,,EUR
COM13612,CADG Aviation (Pty) Ltd - South Africa,PotCust,CADG Aviation (Pty) Ltd,Africa,Africa Sub-Saharan,South Africa - ZA - Africa,,  ,0%,  ,0%,  ,0%,0.00,0.00,0.00,0.00,0.00,,,,0.00,0.00,0.00,0.00,0.00,0.00,1583,0,,USD
COM13613,REDSTAR AVIATION - Turkey,Customer,REDSTAR AVIATION,Asia,Middle East,Turkey - TR - Asia,, 11 159,6%, 11 825,38%, 16 368,2%,"16,740.00","8,643.00","14,259.00","11,124.00","16,740.00",Standard,APAC4,GA-BA,0.00,0.00,0.00,0.00,0.00,0.00,1584,10,2020-12-01,EUR
COM13614,AIR SUPPORT A/S - Denmark,NonCust,AIR SUPPORT A/S,Europe,Europe Northern,Denmark - DK - Europe,,  ,0%,  ,0%,  ,0%,0.00,0.00,0.00,0.00,0.00,,,GA-BA,0.00,0.00,0.00,0.00,0.00,0.00,1585,0,,EUR
COM13615,AVIS7 LLC - Kazakhstan,PotCust,AVIS7 LLC,Asia,Middle East,Kazakhstan - KZ - Asia,,  ,0%,  ,0%,  ,0%,0.00,0.00,0.00,0.00,0.00,,,AIRL,0.00,0.00,0.00,0.00,0.00,0.00,1586,0,,USD
COM13616,FIRST AIR (merged w/Canadian North) - Canada,PotCust,FIRST AIR (merged w/Canadian North),Americas,"America, Northern",Canada - CA - Americas,,  ,0%,  ,0%,  ,0%,0.00,0.00,0.00,0.00,0.00,,,AIRL,0.00,0.00,0.00,0.00,0.00,0.00,1587,0,,USD
COM13617,Direct Dispatch Sp. z o.o. - Poland,Customer,Direct Dispatch Sp. z o.o.,Europe,Europe Eastern,Poland - PL - Europe,, 222 422,7%, 238 334,8%, 257 222,24%,"318,415.00","164,241.00","283,079.00","199,577.00","318,415.00",New FSP,EUR4,FSP,0.00,0.00,0.00,0.00,0.00,0.00,1588,13,2020-03-01,EUR
COM13618,WHITE AIRWAYS - Portugal,Customer,WHITE AIRWAYS,Europe,Europe Southern,Portugal - PT - Europe,,  ,0%,  ,0%,  ,100%,"24,258.00","24,298.00","24,298.00","24,258.00","24,258.00",Old,EUR5,AIRL,0.00,0.00,0.00,0.00,0.00,0.00,1589,3,2025-05-21,EUR
COM13619,PROJET24 - Austria,PotCust,PROJET24,Europe,Europe Western,Austria - AT - Europe,,  ,0%,  ,0%,  ,0%,0.00,0.00,0.00,0.00,0.00,,,FSP,0.00,0.00,0.00,0.00,0.00,0.00,1590,0,,EUR
COM13620,AEROWORLD FLIGHT SUPPORT - Pakistan,PotCust,AEROWORLD FLIGHT SUPPORT,Asia,Asia Southern,Pakistan - PK - Asia,,  ,0%,  ,0%,  ,0%,0.00,0.00,0.00,0.00,0.00,,,FSP,0.00,0.00,0.00,0.00,0.00,0.00,1591,0,,USD
COM13621,CAVOK AIR - Ukraine,PotCust,CAVOK AIR,Europe,Europe Eastern,Ukraine - UA - Europe,,  ,0%,  ,0%,  ,0%,0.00,0.00,0.00,0.00,0.00,,,AIRL,0.00,0.00,0.00,0.00,0.00,0.00,1592,0,,EUR
COM13622,EVAS AIR - Canada,PotCust,EVAS AIR,Americas,"America, Northern",Canada - CA - Americas,,  ,0%,  ,0%,  ,0%,0.00,0.00,0.00,0.00,0.00,,,AIRL,0.00,0.00,0.00,0.00,0.00,0.00,1593,0,,USD
COM13623,Merkur Aviation - Turkey,PotCust,Merkur Aviation,Asia,Middle East,Turkey - TR - Asia,2025-03-31, 134 893,-27%, 99 124,47%, 145 288,-72%,"40,443.00",0.00,0.00,"40,443.00","40,443.00",New FSP,APAC5,FSP,0.00,0.00,0.00,0.00,0.00,0.00,1594,6,2020-04-01,EUR
COM13624,Easy Charter LLC - Georgia,PotCust,Easy Charter LLC,Asia,Middle East,Georgia - GE - Asia,,  ,0%,  ,0%,  ,0%,0.00,0.00,0.00,0.00,0.00,,APAC5,AIRL,0.00,0.00,0.00,0.00,0.00,0.00,1595,0,,EUR
COM13625,AIR DJIBOUTI - Djibouti,Quarantine,AIR DJIBOUTI,Africa,Africa Sub-Saharan,Djibouti - DJ - Africa,, 55 448,-76%, 13 162,245%, 45 390,-6%,"42,526.00",0.00,"9,098.00","33,429.00","42,526.00",Standard,AFR5,AIRL,0.00,0.00,0.00,0.00,0.00,0.00,1596,3,2021-10-01,USD
COM13626,RBA VOYAGE Sdn Bhd - Malaysia,PotCust,RBA VOYAGE Sdn Bhd,Asia,Asia South-eastern,Malaysia - MY - Asia,,  ,0%,  ,0%,  ,0%,0.00,0.00,0.00,0.00,0.00,,,,0.00,0.00,0.00,0.00,0.00,0.00,1597,0,,USD
COM13627,IDC AVIATION - Seychelles,PotCust,IDC AVIATION,Africa,Africa Sub-Saharan,Seychelles - SC - Africa,,  ,0%,  ,0%,  ,0%,0.00,0.00,0.00,0.00,0.00,,,AIRL,0.00,0.00,0.00,0.00,0.00,0.00,1598,0,,USD
COM13628,UPLINK OPERATIONS - United Kingdom of Great Britain and Northern Ireland,NonCust,UPLINK OPERATIONS,Europe,Europe Northern,United Kingdom of Great Britain and Northern Ireland - GB - Europe,,  ,0%,  ,0%,  ,0%,0.00,0.00,0.00,0.00,0.00,,,,0.00,0.00,0.00,0.00,0.00,0.00,1599,0,,EUR
COM13629,MPC AIR - Serbia,PotCust,MPC AIR,Europe,Europe Southern,Serbia - RS - Europe,,  ,0%,  ,0%,  ,0%,0.00,0.00,0.00,0.00,0.00,,,GA-BA,0.00,0.00,0.00,0.00,0.00,0.00,1600,0,,EUR
COM13630,CORENDON DUTCH AIRLINES - Netherlands,PotCust,CORENDON DUTCH AIRLINES,Europe,Europe Western,Netherlands - NL - Europe,,  ,0%,  ,0%,  ,0%,0.00,0.00,0.00,0.00,0.00,,,AIRL,0.00,0.00,0.00,0.00,0.00,0.00,1601,0,,EUR
COM13631,Aquiline Int'l Corp LTD - United Arab Emirates,PotCust,Aquiline Int'l Corp LTD,Asia,Middle East,United Arab Emirates - AE - Asia,,  ,0%,  ,0%,  ,0%,0.00,0.00,0.00,0.00,0.00,,,AIRL,0.00,0.00,0.00,0.00,0.00,0.00,1602,0,,EUR
COM13632,MERIT LOYAL TECHNOLOGY LTD - Hong Kong,PotCust,MERIT LOYAL TECHNOLOGY LTD,Asia,Asia Eastern,Hong Kong - HK - Asia,,  ,0%,  ,0%,  ,0%,0.00,0.00,0.00,0.00,0.00,,,GA-BA,0.00,0.00,0.00,0.00,0.00,0.00,1603,0,,USD
COM13633,Hunnu Air - Mongolia,Customer,Hunnu Air,Asia,Asia Eastern,Mongolia - MN - Asia,,  ,0%,  ,0%,  ,0%,0.00,"30,513.00","30,513.00",0.00,0.00,Standard,APAC5,AIRL,"6,149.00",0.00,"6,149.00",0.00,0.00,0.00,1604,4,2026-01-25,USD
COM13634,UAB Jump Air (Jump-Airways.com) - Lithuania,Customer,UAB Jump Air (Jump-Airways.com),Europe,Europe Northern,Lithuania - LT - Europe,, 33 834,45%, 48 931,29%, 63 092,23%,"77,376.00","69,560.00","108,085.00","38,851.00","77,376.00",Standard,EUR5,AIRL,"10,219.00",0.00,"10,219.00",0.00,0.00,0.00,1605,3,2021-10-01,EUR
COM13635,WOW AIR - Iceland,NonCust,WOW AIR,Europe,Europe Northern,Iceland - IS - Europe,,  ,0%,  ,0%,  ,0%,0.00,0.00,0.00,0.00,0.00,,,AIRL,0.00,0.00,0.00,0.00,0.00,0.00,1606,0,,USD
COM13636,Green Africa Airways Ltd - Nigeria,PotCust,Green Africa Airways Ltd,Africa,Africa Sub-Saharan,Nigeria - NG - Africa,,  ,0%,  ,0%,  ,0%,0.00,0.00,0.00,0.00,0.00,,,AIRL,0.00,0.00,0.00,0.00,0.00,0.00,1607,0,,USD
COM13637,STAR EAST AIRLINE SRL (Jordan) - Jordan,PotCust,STAR EAST AIRLINE SRL (Jordan),Asia,Middle East,Jordan - JO - Asia,,  ,0%,  ,0%,  ,0%,0.00,0.00,0.00,0.00,0.00,,,AIRL,0.00,0.00,0.00,0.00,0.00,0.00,1608,0,,EUR
COM13639,BEST WINGS - Croatia,NonCust,BEST WINGS,Europe,Europe Southern,Croatia - HR - Europe,,  ,0%,  ,0%,  ,0%,0.00,0.00,0.00,0.00,0.00,,,,0.00,0.00,0.00,0.00,0.00,0.00,1609,0,,EUR
COM13640,ATLANTIS ARMENIAN AIRLINES - Armenia,PotCust,ATLANTIS ARMENIAN AIRLINES,Asia,Middle East,Armenia - AM - Asia,,  ,0%,  ,0%,  ,0%,0.00,0.00,0.00,0.00,0.00,,,AIRL,0.00,0.00,0.00,0.00,0.00,0.00,1610,0,,EUR
COM13641,Aviation Projex - Germany,PotCust,Aviation Projex,Europe,Europe Western,Germany - DE - Europe,,  ,0%,  ,0%,  ,0%,0.00,0.00,0.00,0.00,0.00,,,FSP,0.00,0.00,0.00,0.00,0.00,0.00,1611,0,,EUR
COM13642,NEXTGEN AVIATION GROUP N.V. - Belgium,NonCust,NEXTGEN AVIATION GROUP N.V.,Europe,Europe Western,Belgium - BE - Europe,,  ,0%,  ,0%,  ,0%,0.00,0.00,0.00,0.00,0.00,,,,0.00,0.00,0.00,0.00,0.00,0.00,1612,0,,EUR
COM13643,Paradox Jets Ltd - Bulgaria,PotCust,Paradox Jets Ltd,Europe,Europe Eastern,Bulgaria - BG - Europe,,  ,0%,  ,0%,  ,0%,0.00,0.00,0.00,0.00,0.00,,,GA-BA,0.00,0.00,0.00,0.00,0.00,0.00,1613,0,,EUR
COM13644,DE MAN AVIATION - Netherlands,NonCust,DE MAN AVIATION,Europe,Europe Western,Netherlands - NL - Europe,,  ,0%,  ,0%,  ,0%,0.00,0.00,0.00,0.00,0.00,,,,0.00,0.00,0.00,0.00,0.00,0.00,1614,0,,EUR
COM13646,SUNCLASS AIRLINES - Denmark,PotCust,SUNCLASS AIRLINES,Europe,Europe Northern,Denmark - DK - Europe,, 431 141,22%, 527 144,-91%, 47 899,-100%,0.00,0.00,0.00,0.00,0.00,Standard,,AIRL,0.00,0.00,0.00,0.00,0.00,0.00,1615,13,2020-09-01,EUR
COM13647,AviaThor - Switzerland,NonCust,AviaThor,Europe,Europe Western,Switzerland - CH - Europe,,  ,0%,  ,0%,  ,0%,0.00,0.00,0.00,0.00,0.00,,,GA-BA,0.00,0.00,0.00,0.00,0.00,0.00,1616,0,,EUR
COM13648,AIR AFFAIRES - Australia,PotCust,AIR AFFAIRES,Oceania,Australia and New Zealand,Australia - AU - Oceania,,  ,0%,  ,0%,  ,0%,0.00,0.00,0.00,0.00,0.00,,,AIRL,0.00,0.00,0.00,0.00,0.00,0.00,1617,0,,USD
COM13649,Airtask Ltd - United Kingdom of Great Britain and Northern Ireland,PotCust,Airtask Ltd,Europe,Europe Northern,United Kingdom of Great Britain and Northern Ireland - GB - Europe,,  ,0%,  ,0%,  ,0%,0.00,0.00,0.00,0.00,0.00,,,GA-BA,0.00,0.00,0.00,0.00,0.00,0.00,1618,0,,EUR
COM13650,AFAS International - Niger,PotCust,AFAS International,Africa,Africa Sub-Saharan,Niger - NE - Africa,,  ,0%,  ,0%,  ,0%,0.00,0.00,0.00,0.00,0.00,New FSP,,FSP,0.00,0.00,0.00,0.00,0.00,0.00,1619,0,,EUR
COM13651,BRAATHENS REGIONAL AIRWAYS - Sweden,Customer,BRAATHENS REGIONAL AIRWAYS,Europe,Europe Northern,Sweden - SE - Europe,, 412 524,70%, 701 248,33%, 931 441,5%,"980,183.00","437,075.00","807,969.00","609,290.00","980,183.00",Standard,EUR4,AIRL,"-4,857.00",0.00,0.00,0.00,0.00,"-4,857.00",1620,17,2010-02-01,EUR
COM13652,Gregory Pyziak,NonCust,Gregory Pyziak,,,,,  ,0%,  ,0%,  ,0%,0.00,0.00,0.00,0.00,0.00,,,,0.00,0.00,0.00,0.00,0.00,0.00,1621,0,,EUR
COM13653,Deutsches Zentrum für Luft- und Raumfahrt e.V. (DLR) - Germany,Customer,Deutsches Zentrum für Luft- und Raumfahrt e.V. (DLR),Europe,Europe Western,Germany - DE - Europe,, 165 512,22%, 201 620,11%, 223 520,8%,"240,486.00","155,200.00","255,634.00","140,052.00","240,486.00",Standard,EUR4,GA-BA,0.00,0.00,0.00,0.00,0.00,0.00,1622,7,2021-01-18,EUR
COM13654,BLUE EAGLE FLY - China,PotCust,BLUE EAGLE FLY,Asia,Asia Eastern,China - CN - Asia,,  ,0%,  ,0%,  ,0%,0.00,0.00,0.00,0.00,0.00,,,,0.00,0.00,0.00,0.00,0.00,0.00,1623,0,,USD
COM13655,"Coastal Aviation - Tanzania, United Republic of",PotCust,Coastal Aviation,Africa,Africa Sub-Saharan,"Tanzania, United Republic of - TZ - Africa",,  ,0%,  ,0%,  ,0%,0.00,0.00,0.00,0.00,0.00,,,GA-BA,0.00,0.00,0.00,0.00,0.00,0.00,1624,0,,USD
COM13656,Aviary - Egypt,PotCust,Aviary,Africa,Africa Northern,Egypt - EG - Africa,,  ,0%,  ,0%,  ,0%,0.00,0.00,0.00,0.00,0.00,,,FSP,0.00,0.00,0.00,0.00,0.00,0.00,1625,0,,EUR
COM13657,AJWAA AIRLINES - Egypt,PotCust,AJWAA AIRLINES,Africa,Africa Northern,Egypt - EG - Africa,, 51 957,-91%, 4 577,-100%,  ,0%,0.00,0.00,0.00,0.00,0.00,Standard,,AIRL,0.00,0.00,0.00,0.00,0.00,0.00,1626,0,2020-09-30,EUR
COM13658,United Sky Cargo GmbH - Germany,PotCust,United Sky Cargo GmbH,Europe,Europe Western,Germany - DE - Europe,,  ,0%,  ,0%,  ,0%,0.00,0.00,0.00,0.00,0.00,,,AIRL,0.00,0.00,0.00,0.00,0.00,0.00,1627,0,,EUR
COM13659,SAUDI ROYAL AVIATION - Saudi Arabia,Customer,SAUDI ROYAL AVIATION,Asia,Middle East,Saudi Arabia - SA - Asia,, 65 615,903%, 658 290,6%, 699 006,19%,"828,641.00","425,377.00","832,944.00","421,073.00","828,641.00",Standard,APAC4,AIRL,0.00,0.00,0.00,0.00,0.00,0.00,1628,17,2022-11-03,USD
COM13665,Wael Omar - Egypt,NonCust,Wael Omar,Africa,Africa Northern,Egypt - EG - Africa,,  ,0%,  ,0%,  ,0%,0.00,0.00,0.00,0.00,0.00,,,,0.00,0.00,0.00,0.00,0.00,0.00,1629,0,,EUR
COM13666,Lilium GmbH - Germany,PotCust,Lilium GmbH,Europe,Europe Western,Germany - DE - Europe,,  ,0%,  ,0%,  ,0%,0.00,0.00,0.00,0.00,0.00,,,,0.00,0.00,0.00,0.00,0.00,0.00,1630,0,,USD
COM13667,ISI AVIATION - Nigeria,PotCust,ISI AVIATION,Africa,Africa Sub-Saharan,Nigeria - NG - Africa,,  ,0%,  ,0%,  ,0%,0.00,0.00,0.00,0.00,0.00,,,GA-BA,0.00,0.00,0.00,0.00,0.00,0.00,1631,0,,EUR
COM13668,Religare Aviation - India,PotCust,Religare Aviation,Asia,Asia Southern,India - IN - Asia,,  ,0%,  ,0%,  ,0%,0.00,0.00,0.00,0.00,0.00,,,GA-BA,0.00,0.00,0.00,0.00,0.00,0.00,1632,0,,EUR
COM13669,Aura Airlines - Spain,PotCust,Aura Airlines,Europe,Europe Southern,Spain - ES - Europe,, 164 450,-100%,  ,0%,  ,0%,0.00,0.00,0.00,0.00,0.00,Standard,,AIRL,0.00,0.00,0.00,0.00,0.00,0.00,1633,0,2020-11-18,EUR
COM13670,AVION EXPRESS - Lithuania,PotCust,AVION EXPRESS,Europe,Europe Northern,Lithuania - LT - Europe,,  ,0%,  ,0%,  ,0%,0.00,0.00,0.00,0.00,0.00,,EUR3,AIRL,0.00,0.00,0.00,0.00,0.00,0.00,1634,42,,EUR
COM13671,Falcon Jet Aviation - United Arab Emirates,PotCust,Falcon Jet Aviation,Asia,Middle East,United Arab Emirates - AE - Asia,, 7 433,-100%,  ,0%,  ,0%,0.00,0.00,0.00,0.00,0.00,Standard,,GA-BA,0.00,0.00,0.00,0.00,0.00,0.00,1635,0,2020-09-01,EUR
COM13672,EAGLE EXPRESS d.o.o. - Serbia,NonCust,EAGLE EXPRESS d.o.o.,Europe,Europe Southern,Serbia - RS - Europe,,  ,0%,  ,0%,  ,0%,0.00,0.00,0.00,0.00,0.00,,,GA-BA,0.00,0.00,0.00,0.00,0.00,0.00,1636,0,,EUR
COM13673,Air Juan - Philippines,PotCust,Air Juan,Asia,Asia South-eastern,Philippines - PH - Asia,,  ,0%,  ,0%,  ,0%,0.00,0.00,0.00,0.00,0.00,,,AIRL,0.00,0.00,0.00,0.00,0.00,0.00,1637,0,,
COM13674,DELTA AIR WING - Pakistan,PotCust,DELTA AIR WING,Asia,Asia Southern,Pakistan - PK - Asia,,  ,0%,  ,0%,  ,0%,0.00,0.00,0.00,0.00,0.00,New FSP,APAC5,FSP,0.00,0.00,0.00,0.00,0.00,0.00,1638,0,2012-12-01,EUR
COM13675,Flight Pro International LLC - United States of America,PotCust,Flight Pro International LLC,Americas,"America, Northern",United States of America - US - Americas,,  ,0%,  ,0%,  ,0%,0.00,0.00,0.00,0.00,0.00,,,FSP,0.00,0.00,0.00,0.00,0.00,0.00,1639,0,,USD
COM13676,SerAir Transworld Press - Spain,PotCust,SerAir Transworld Press,Europe,Europe Southern,Spain - ES - Europe,, 90 829,-110%,- 9 000,-100%,  ,0%,0.00,0.00,0.00,0.00,0.00,Standard,,AIRL,0.00,0.00,0.00,0.00,0.00,0.00,1640,0,2021-01-01,EUR
COM13677,Hans Airways Ltd. - United Kingdom of Great Britain and Northern Ireland,PotCust,Hans Airways Ltd.,Europe,Europe Northern,United Kingdom of Great Britain and Northern Ireland - GB - Europe,,  ,0%,  ,0%,  ,0%,0.00,0.00,0.00,0.00,0.00,,,AIRL,0.00,0.00,0.00,0.00,0.00,0.00,1641,0,,EUR
COM13678,PRIME AVIATION - United Arab Emirates,Customer,PRIME AVIATION,Asia,Middle East,United Arab Emirates - AE - Asia,, 52 185,4%, 54 352,8%, 58 868,2%,"60,165.00","20,095.00","44,395.00","35,866.00","60,165.00",Standard,APAC5,AIRL,0.00,0.00,0.00,0.00,0.00,0.00,1642,1,2021-10-01,USD
COM13679,Air Mountain SA - Switzerland,PotCust,Air Mountain SA,Europe,Europe Western,Switzerland - CH - Europe,, 42 317,-68%, 13 748,-100%,  ,0%,0.00,0.00,0.00,0.00,0.00,Standard,,GA-BA,0.00,0.00,0.00,0.00,0.00,0.00,1643,0,2020-09-01,EUR
COM13680,NILS CONRADI - Germany,PotCust,NILS CONRADI,Europe,Europe Western,Germany - DE - Europe,,  ,0%,  ,0%,  ,0%,0.00,0.00,0.00,0.00,0.00,,,GA-BA,0.00,0.00,0.00,0.00,0.00,0.00,1644,0,,EUR
COM13682,VALUE JET - Nigeria,Customer,VALUE JET,Africa,Africa Sub-Saharan,Nigeria - NG - Africa,, 68 623,135%, 161 228,15%, 185 172,24%,"229,949.00","247,370.00","362,308.00","115,011.00","229,949.00",Standard,AFR5,AIRL,"11,790.00",0.00,"11,790.00",0.00,0.00,0.00,1645,4,2022-03-01,EUR
COM13683,Biman Bangladesh Airlines LTD - Bangladesh,PotCust,Biman Bangladesh Airlines LTD,Asia,Asia Southern,Bangladesh - BD - Asia,,  ,0%,  ,0%,  ,0%,0.00,0.00,0.00,0.00,0.00,,,AIRL,0.00,0.00,0.00,0.00,0.00,0.00,1646,0,,EUR
COM13684,State Air Enterprise Ukraine - Ukraine,PotCust,State Air Enterprise Ukraine,Europe,Europe Eastern,Ukraine - UA - Europe,,  ,0%,  ,0%,  ,0%,0.00,0.00,0.00,0.00,0.00,,,AIRL,0.00,0.00,0.00,0.00,0.00,0.00,1647,0,,EUR
COM13686,FAIR AVIATION - South Africa,PotCust,FAIR AVIATION,Africa,Africa Sub-Saharan,South Africa - ZA - Africa,,  ,0%,  ,0%,  ,0%,0.00,0.00,0.00,0.00,0.00,,,AIRL,0.00,0.00,0.00,0.00,0.00,0.00,1648,0,,EUR
COM13687,PINK JET - France,PotCust,PINK JET,Europe,Europe Western,France - FR - Europe,,  ,0%,  ,0%,  ,0%,0.00,0.00,0.00,0.00,0.00,,,AIRL,0.00,0.00,0.00,0.00,0.00,0.00,1649,0,,EUR
COM13688,Maximus Air L.L.C - United Arab Emirates,Customer,Maximus Air L.L.C,Asia,Middle East,United Arab Emirates - AE - Asia,, 140 292,6%, 148 475,8%, 160 427,7%,"172,318.00","108,687.00","180,522.00","100,484.00","172,318.00",Standard,APAC5,AIRL,0.00,0.00,0.00,0.00,0.00,0.00,1650,2,2020-09-23,EUR
COM13689,Azman Air Services - Nigeria,PotCust,Azman Air Services,Africa,Africa Sub-Saharan,Nigeria - NG - Africa,,  ,0%,  ,0%,  ,0%,0.00,0.00,0.00,0.00,0.00,,,AIRL,0.00,0.00,0.00,0.00,0.00,0.00,1651,3,,EUR
COM13690,IXAIR SAS - France,Customer,IXAIR SAS,Europe,Europe Western,France - FR - Europe,, 157 403,22%, 191 955,4%, 199 775,5%,"209,800.00","134,174.00","222,601.00","121,374.00","209,800.00",Standard,EUR4,GA-BA,"19,503.00",0.00,"19,503.00",0.00,0.00,0.00,1652,7,2021-05-27,EUR
COM13691,GOVERNMENT OF THE REP. OF CROATIA - Croatia,Customer,GOVERNMENT OF THE REP. OF CROATIA,Europe,Europe Southern,Croatia - HR - Europe,, 31 469,33%, 41 709,4%, 43 430,6%,"45,945.00","28,863.00","48,017.00","26,792.00","45,945.00",Standard,EUR5,GA-BA,0.00,0.00,0.00,0.00,0.00,0.00,1653,1,2020-12-01,EUR
COM13692,Aviastar TU - Russian Federation,Quarantine,Aviastar TU,Europe,Europe Eastern,Russian Federation - RU - Europe,,  ,0%,  ,0%,  ,0%,0.00,0.00,0.00,0.00,0.00,,,AIRL,0.00,0.00,0.00,0.00,0.00,0.00,1654,0,,EUR
COM13693,LINK AIR CARGO - Equatorial Guinea,PotCust,LINK AIR CARGO,Africa,Africa Sub-Saharan,Equatorial Guinea - GQ - Africa,,  ,0%,  ,0%,  ,0%,0.00,0.00,0.00,0.00,0.00,,,AIRL,0.00,0.00,0.00,0.00,0.00,0.00,1655,0,,EUR
COM13694,FLYJETSTREAM - South Africa,NonCust,FLYJETSTREAM,Africa,Africa Sub-Saharan,South Africa - ZA - Africa,,  ,0%,  ,0%,  ,0%,0.00,0.00,0.00,0.00,0.00,,,,0.00,0.00,0.00,0.00,0.00,0.00,1656,0,,USD
COM13695,FLYSKY - United Arab Emirates,Customer,FLYSKY,Asia,Middle East,United Arab Emirates - AE - Asia,, 212 540,20%, 254 951,-29%, 181 963,91%,"347,995.00","55,099.00","221,522.00","181,572.00","347,995.00",New FSP,APAC5,FSP,"18,360.00",0.00,"18,360.00",0.00,0.00,0.00,1657,0,2020-10-01,USD
COM13696,Fly Armenia Airways LLC (DEAD) - Armenia,PotCust,Fly Armenia Airways LLC (DEAD),Asia,Middle East,Armenia - AM - Asia,,  ,0%,  ,0%,  ,0%,0.00,0.00,0.00,0.00,0.00,Standard,,AIRL,0.00,0.00,0.00,0.00,0.00,0.00,1658,0,2021-05-25,EUR
COM13697,EAN AVIATION - Nigeria,PotCust,EAN AVIATION,Africa,Africa Sub-Saharan,Nigeria - NG - Africa,,  ,0%,  ,0%,  ,0%,0.00,0.00,0.00,0.00,0.00,,,GA-BA,0.00,0.00,0.00,0.00,0.00,0.00,1659,0,,USD
COM13698,Hai Au Aviation - Viet Nam,Customer,Hai Au Aviation,Asia,Asia South-eastern,Viet Nam - VN - Asia,, 61 813,31%, 80 838,8%, 87 556,29%,"112,707.00","84,052.00","135,585.00","61,174.00","112,707.00",Standard,APAC5,GA-BA,0.00,0.00,0.00,0.00,0.00,0.00,1660,5,2020-11-11,USD
COM13700,United Nigeria - Nigeria,Customer,United Nigeria,Africa,Africa Sub-Saharan,Nigeria - NG - Africa,, 93 201,27%, 118 741,-39%, 72 824,120%,"160,245.00","32,910.00","131,643.00","61,512.00","160,245.00",Old,AFR5,AIRL,"-32,909.00",0.00,"-32,909.00",0.00,0.00,0.00,1661,2,2021-01-14,EUR
COM13703,SEVENAIR - Portugal,Customer,SEVENAIR,Europe,Europe Southern,Portugal - PT - Europe,, 45 618,-5%, 43 280,-7%, 40 376,33%,"53,708.00","38,156.00","61,006.00","30,858.00","53,708.00",Standard,EUR5,AIRL,"6,135.00",0.00,"6,135.00",0.00,0.00,0.00,1662,3,2020-11-06,EUR
COM13705,VOLUXIS - United Kingdom of Great Britain and Northern Ireland,PotCust,VOLUXIS,Europe,Europe Northern,United Kingdom of Great Britain and Northern Ireland - GB - Europe,,  ,0%,  ,0%,  ,0%,0.00,0.00,0.00,0.00,0.00,,,GA-BA,0.00,0.00,0.00,0.00,0.00,0.00,1663,0,,EUR
COM13706,Dansk Radioteknik - Denmark,NonCust,Dansk Radioteknik,Europe,Europe Northern,Denmark - DK - Europe,,  ,0%,  ,0%,  ,0%,0.00,0.00,0.00,0.00,0.00,,,GA-BA,0.00,0.00,0.00,0.00,0.00,0.00,1664,0,,EUR
COM13707,FLAIR AIRLINES - Canada,PotCust,FLAIR AIRLINES,Americas,"America, Northern",Canada - CA - Americas,,  ,0%,  ,0%,  ,0%,0.00,0.00,0.00,0.00,0.00,,AME4,AIRL,0.00,0.00,0.00,0.00,0.00,0.00,1665,20,,USD
COM13708,LUX JET AVIATION - Morocco,PotCust,LUX JET AVIATION,Africa,Africa Northern,Morocco - MA - Africa,, 4 520,-100%,  ,0%,  ,0%,0.00,0.00,0.00,0.00,0.00,Standard,,GA-BA,0.00,0.00,0.00,0.00,0.00,0.00,1666,0,2020-10-29,EUR
COM13709,TITAN AVIATION - United Arab Emirates,PotCust,TITAN AVIATION,Asia,Middle East,United Arab Emirates - AE - Asia,,  ,0%,  ,0%,  ,0%,0.00,0.00,0.00,0.00,0.00,,APAC4,GA-BA,0.00,0.00,0.00,0.00,0.00,0.00,1667,0,,EUR
COM13711,Westair Aviation - Namibia,PotCust,Westair Aviation,Africa,Africa Sub-Saharan,Namibia - NA - Africa,,  ,0%,  ,0%,  ,0%,0.00,0.00,0.00,0.00,0.00,,,AIRL,0.00,0.00,0.00,0.00,0.00,0.00,1668,0,,EUR
COM13712,Heston Airlines (Heston Aviation) - Lithuania,Customer,Heston Airlines (Heston Aviation),Europe,Europe Northern,Lithuania - LT - Europe,, 267 289,111%, 563 381,7%, 602 563,27%,"766,608.00","548,134.00","892,847.00","421,895.00","766,608.00",Standard,EUR4,AIRL,0.00,0.00,0.00,0.00,0.00,0.00,1669,15,2021-01-11,EUR
COM13713,OneSky Aviation Services SpA - Chile,PotCust,OneSky Aviation Services SpA,Americas,"America, Latin and the Caribbean",Chile - CL - Americas,,  ,0%,  ,0%,  ,0%,0.00,0.00,0.00,0.00,0.00,,,AIRL,0.00,0.00,0.00,0.00,0.00,0.00,1670,0,,USD
COM13714,Aircompany North West LLc - Russian Federation,Quarantine,Aircompany North West LLc,Europe,Europe Eastern,Russian Federation - RU - Europe,, 16 385,-100%,  ,0%,  ,0%,0.00,0.00,0.00,0.00,0.00,Standard,,GA-BA,0.00,0.00,0.00,0.00,0.00,0.00,1671,0,2020-11-10,EUR
COM13715,Air Astana - Kazakhstan,PotCust,Air Astana,Asia,Middle East,Kazakhstan - KZ - Asia,,  ,0%,  ,0%,  ,0%,0.00,0.00,0.00,0.00,0.00,,,AIRL,0.00,0.00,0.00,0.00,0.00,0.00,1672,0,,EUR
COM13716,JetStream Aviation Services - Lebanon,PotCust,JetStream Aviation Services,Asia,Middle East,Lebanon - LB - Asia,,  ,0%,  ,0%,  ,0%,0.00,0.00,0.00,0.00,0.00,,,FSP,0.00,0.00,0.00,0.00,0.00,0.00,1673,0,,EUR
COM13717,TAB CHARTERS - South Africa,PotCust,TAB CHARTERS,Africa,Africa Sub-Saharan,South Africa - ZA - Africa,,  ,0%,  ,0%,  ,0%,0.00,0.00,0.00,0.00,0.00,,,GA-BA,0.00,0.00,0.00,0.00,0.00,0.00,1674,0,,EUR
COM13719,SKYWAY Flight Support - United Arab Emirates,PotCust,SKYWAY Flight Support,Asia,Middle East,United Arab Emirates - AE - Asia,,  ,0%,  ,0%,  ,0%,0.00,0.00,0.00,0.00,0.00,,,FSP,0.00,0.00,0.00,0.00,0.00,0.00,1675,0,,EUR
COM13720,SkyLight LLC - Russian Federation,Quarantine,SkyLight LLC,Europe,Europe Eastern,Russian Federation - RU - Europe,,  ,0%,  ,0%,  ,0%,0.00,0.00,0.00,0.00,0.00,,,GA-BA,0.00,0.00,0.00,0.00,0.00,0.00,1676,0,,EUR
COM13721,Proflight Commuter Services Ltd - Zambia,Customer,Proflight Commuter Services Ltd,Africa,Africa Sub-Saharan,Zambia - ZM - Africa,, 91 950,47%, 134 941,45%, 195 928,25%,"245,555.00","164,209.00","273,398.00","136,366.00","245,555.00",Standard,AFR4,AIRL,0.00,0.00,0.00,0.00,0.00,0.00,1677,10,2021-06-01,EUR
COM13722,Air Cote Divoire - Côte d'Ivoire,PotCust,Air Cote Divoire,Africa,Africa Sub-Saharan,Côte d'Ivoire - CI - Africa,,  ,0%,  ,0%,  ,0%,0.00,0.00,0.00,0.00,0.00,Standard,AFR4,AIRL,0.00,0.00,0.00,0.00,0.00,0.00,1678,14,,EUR
COM13723,(Duplicate) United Airlines - United States of America,NonCust,(Duplicate) United Airlines,Americas,"America, Northern",United States of America - US - Americas,,  ,0%,  ,0%,  ,0%,0.00,0.00,0.00,0.00,0.00,,,AIRL,0.00,0.00,0.00,0.00,0.00,0.00,1679,0,,USD
COM13724,Tarco Aviation Company - Sudan,PotCust,Tarco Aviation Company,Africa,Africa Northern,Sudan - SD - Africa,, 116 929,-100%,  ,0%,  ,0%,0.00,0.00,0.00,0.00,0.00,Old,,AIRL,0.00,0.00,0.00,0.00,0.00,0.00,1680,0,2021-02-19,EUR
COM13726,KELSTAR AVIATION - Ireland,PotCust,KELSTAR AVIATION,Europe,Europe Northern,Ireland - IE - Europe,,  ,0%,  ,0%,  ,0%,0.00,0.00,0.00,0.00,0.00,New FSP,,FSP,0.00,0.00,0.00,0.00,0.00,0.00,1681,0,2020-12-04,EUR
COM13727,Panellenic Airlines - Greece,Customer,Panellenic Airlines,Europe,Europe Southern,Greece - GR - Europe,, 26 357,67%, 43 926,37%, 60 332,7%,"64,545.00","39,317.00","66,304.00","37,559.00","64,545.00",Standard,EUR5,GA-BA,"5,619.00",0.00,"5,619.00",0.00,0.00,0.00,1682,3,2021-01-12,EUR
COM13728,JetStream Aviation Congo - Congo,PotCust,JetStream Aviation Congo,Africa,Africa Sub-Saharan,Congo - CG - Africa,,  ,0%,  ,0%,  ,0%,0.00,0.00,0.00,0.00,0.00,Old,,AIRL,0.00,0.00,0.00,0.00,0.00,0.00,1683,0,2020-12-09,EUR
COM13729,SUNLIGHT CARGO - United Arab Emirates,PotCust,SUNLIGHT CARGO,Asia,Middle East,United Arab Emirates - AE - Asia,,  ,0%,  ,0%,  ,0%,0.00,0.00,0.00,0.00,0.00,,,FSP,0.00,0.00,0.00,0.00,0.00,0.00,1684,0,,EUR
COM13730,Renegade Air Ltd - Kenya,Customer,Renegade Air Ltd,Africa,Africa Sub-Saharan,Kenya - KE - Africa,, 71 428,31%, 93 529,70%, 158 703,39%,"221,353.00","151,493.00","245,746.00","127,100.00","221,353.00",Standard,AFR4,AIRL,"21,331.00",0.00,"21,331.00",0.00,0.00,0.00,1685,8,2021-02-01,USD
COM13731,Marc Kanitz - Germany,PotCust,Marc Kanitz,Europe,Europe Western,Germany - DE - Europe,,  ,0%,  ,0%,  ,0%,0.00,0.00,0.00,0.00,0.00,,,FSP,0.00,0.00,0.00,0.00,0.00,0.00,1686,0,,EUR
COM13732,Advania Service AB (Swedish Air Force) - Sweden,PotCust,Advania Service AB (Swedish Air Force),Europe,Europe Northern,Sweden - SE - Europe,, 544 099,-100%,  ,0%, 809 041,-100%,0.00,0.00,0.00,0.00,0.00,Old,EUR4,MIL,0.00,0.00,0.00,0.00,0.00,0.00,1687,20,1999-10-01,EUR
COM13734,MS Aviation - South Africa,PotCust,MS Aviation,Africa,Africa Sub-Saharan,South Africa - ZA - Africa,,  ,0%,  ,0%,  ,0%,0.00,0.00,0.00,0.00,0.00,,,GA-BA,0.00,0.00,0.00,0.00,0.00,0.00,1688,0,,EUR
COM13735,JETLUXE - United Arab Emirates,PotCust,JETLUXE,Asia,Middle East,United Arab Emirates - AE - Asia,,  ,0%,  ,0%,  ,0%,0.00,0.00,0.00,0.00,0.00,,,GA-BA,0.00,0.00,0.00,0.00,0.00,0.00,1689,0,,EUR
COM13736,Gama Aviation Limited - United Kingdom of Great Britain and Northern Ireland,PotCust,Gama Aviation Limited,Europe,Europe Northern,United Kingdom of Great Britain and Northern Ireland - GB - Europe,,  ,0%,  ,0%,  ,0%,0.00,0.00,0.00,0.00,0.00,,,GA-BA,0.00,0.00,0.00,0.00,0.00,0.00,1690,0,,EUR
COM13738,SKOL Airline LLC - Russian Federation,Quarantine,SKOL Airline LLC,Europe,Europe Eastern,Russian Federation - RU - Europe,,  ,0%,  ,0%,  ,0%,0.00,0.00,0.00,0.00,0.00,,,GA-BA,0.00,0.00,0.00,0.00,0.00,0.00,1691,0,2021-03-03,EUR
COM13743,UZ Aero Tech Group - Uzbekistan,PotCust,UZ Aero Tech Group,Asia,Middle East,Uzbekistan - UZ - Asia,,  ,0%,  ,0%,  ,0%,0.00,0.00,0.00,0.00,0.00,,,AIRL,0.00,0.00,0.00,0.00,0.00,0.00,1692,0,,USD
COM13744,SLS Aviation - Malta,Customer,SLS Aviation,Europe,Europe Southern,Malta - MT - Europe,, 85 895,-8%, 78 724,3%, 81 343,0%,"81,188.00","49,008.00","83,169.00","47,026.00","81,188.00",New FSP,EUR5,FSP,0.00,0.00,0.00,0.00,0.00,0.00,1693,0,2021-05-01,EUR
COM13745,Aerolineas Sosa - Honduras,PotCust,Aerolineas Sosa,Americas,"America, Latin and the Caribbean",Honduras - HN - Americas,,  ,0%,  ,0%,  ,0%,0.00,0.00,0.00,0.00,0.00,,,AIRL,0.00,0.00,0.00,0.00,0.00,0.00,1694,0,,USD
COM13752,Emerald Airlines - Ireland,Customer,Emerald Airlines,Europe,Europe Northern,Ireland - IE - Europe,, 277 097,71%, 473 110,12%, 527 522,24%,"652,226.00","436,910.00","725,217.00","363,920.00","652,226.00",Standard,EUR4,AIRL,0.00,0.00,0.00,0.00,0.00,0.00,1695,21,2022-03-01,EUR
,New Airline (Tom De Neve) - Luxembourg,PotCust,New Airline (Tom De Neve),Europe,Europe Western,Luxembourg - LU - Europe,,  ,0%,  ,0%,  ,0%,0.00,0.00,0.00,0.00,0.00,,,AIRL,0.00,0.00,0.00,0.00,0.00,0.00,1696,0,,EUR
COM13759,AIR CAIRO - Egypt,PotCust,AIR CAIRO,Africa,Africa Northern,Egypt - EG - Africa,,  ,0%,  ,0%,  ,0%,0.00,0.00,0.00,0.00,0.00,,,AIRL,0.00,0.00,0.00,0.00,0.00,0.00,1697,35,,EUR
COM13760,Libyan Express - Libya,PotCust,Libyan Express,Africa,Africa Northern,Libya - LY - Africa,,  ,0%,  ,0%,  ,0%,0.00,0.00,0.00,0.00,0.00,Standard,AFR5,GA-BA,0.00,0.00,0.00,0.00,0.00,0.00,1698,4,,EUR
COM13766,Altsel Aviation - United Kingdom of Great Britain and Northern Ireland,PotCust,Altsel Aviation,Europe,Europe Northern,United Kingdom of Great Britain and Northern Ireland - GB - Europe,,  ,0%,  ,0%,  ,0%,0.00,0.00,0.00,0.00,0.00,,,AIRL,0.00,0.00,0.00,0.00,0.00,0.00,1699,0,,EUR
COM13770,Executive Authority For Special Flights EACS - Libya,PotCust,Executive Authority For Special Flights EACS,Africa,Africa Northern,Libya - LY - Africa,,  ,0%,  ,0%,  ,0%,0.00,0.00,0.00,0.00,0.00,,,GA-BA,0.00,0.00,0.00,0.00,0.00,0.00,1700,0,,EUR
COM13774,ETF AIRWAYS d.o.o. - Croatia,Customer,ETF AIRWAYS d.o.o.,Europe,Europe Southern,Croatia - HR - Europe,, 139 636,16%, 162 424,7%, 174 388,11%,"193,380.00","112,805.00","195,365.00","110,819.00","193,380.00",Standard,EUR5,AIRL,"14,062.00",0.00,"14,062.00",0.00,0.00,0.00,1701,3,2021-01-12,EUR
COM13789,Vflyair Airline Ghana Limited - Ghana,PotCust,Vflyair Airline Ghana Limited,Africa,Africa Sub-Saharan,Ghana - GH - Africa,,  ,0%,  ,0%,  ,0%,0.00,0.00,0.00,0.00,0.00,,,AIRL,0.00,0.00,0.00,0.00,0.00,0.00,1702,0,,EUR
COM13790,ACASS Ireland Ltd - Ireland,PotCust,ACASS Ireland Ltd,Europe,Europe Northern,Ireland - IE - Europe,,  ,0%,  ,0%,  ,0%,0.00,0.00,0.00,0.00,0.00,,,GA-BA,0.00,0.00,0.00,0.00,0.00,0.00,1703,0,,EUR
COM13796,Afriqiyah Airways - Libya,PotCust,Afriqiyah Airways,Africa,Africa Northern,Libya - LY - Africa,,  ,0%,  ,0%,  ,0%,0.00,0.00,0.00,0.00,0.00,,,AIRL,0.00,0.00,0.00,0.00,0.00,0.00,1704,10,,EUR
COM13798,RAYA AIRWAYS - Malaysia,PotCust,RAYA AIRWAYS,Asia,Asia South-eastern,Malaysia - MY - Asia,, 146 335,78%, 260 623,10%, 286 959,-100%,0.00,0.00,0.00,0.00,0.00,Standard,APAC4,AIRL,0.00,0.00,0.00,0.00,0.00,0.00,1705,7,2022-01-01,USD
COM13804,Al Rafidain - Iraq,PotCust,Al Rafidain,Asia,Middle East,Iraq - IQ - Asia,,  ,0%,  ,0%,  ,0%,0.00,0.00,0.00,0.00,0.00,Standard,,AIRL,0.00,0.00,0.00,0.00,0.00,0.00,1706,0,2021-05-06,EUR
COM13811,SARPA - Colombia,PotCust,SARPA,Americas,"America, Latin and the Caribbean",Colombia - CO - Americas,,  ,0%,  ,0%,  ,0%,0.00,0.00,0.00,0.00,0.00,Standard,AME5,GA-BA,0.00,0.00,0.00,0.00,0.00,0.00,1707,0,,USD
COM13812,European Cargo Ltd - United Kingdom of Great Britain and Northern Ireland,Quarantine,European Cargo Ltd,Europe,Europe Northern,United Kingdom of Great Britain and Northern Ireland - GB - Europe,, 230 273,-9%, 209 962,36%, 286 212,50%,"428,782.00","223,608.00","430,271.00","222,119.00","428,782.00",Standard,EUR5,AIRL,"45,099.00",0.00,0.00,0.00,"45,099.00",0.00,1708,6,2021-07-01,EUR
COM13814,Masterjet (Luxaviation Portugal - Part of Luxaviation Group) - Portugal,PotCust,Masterjet (Luxaviation Portugal - Part of Luxaviation Group),Europe,Europe Southern,Portugal - PT - Europe,,  ,0%,  ,0%,  ,0%,0.00,0.00,0.00,0.00,0.00,Standard,,GA-BA,0.00,0.00,0.00,0.00,0.00,0.00,1709,0,,EUR
COM13818,FLYR - Norway,NonCust,FLYR,Europe,Europe Northern,Norway - NO - Europe,, 553 822,-90%, 56 585,-100%,  ,0%,0.00,0.00,0.00,0.00,0.00,Standard,,AIRL,0.00,0.00,0.00,0.00,0.00,0.00,1710,0,2021-11-18,EUR
COM13820,BADR Airlines - Sudan,Customer,BADR Airlines,Africa,Africa Northern,Sudan - SD - Africa,, 304 376,-37%, 191 337,-35%, 125 222,17%,"146,131.00","89,968.00","144,530.00","91,569.00","146,131.00",Standard,AFR5,AIRL,0.00,0.00,0.00,0.00,0.00,0.00,1711,5,2014-12-01,EUR
COM13821,Polar Aviation OY - Finland,NonCust,Polar Aviation OY,Europe,Europe Northern,Finland - FI - Europe,, 79 438,18%, 93 840,-81%, 18 135,-100%,0.00,0.00,0.00,0.00,0.00,Standard,EUR5,FSP,0.00,0.00,0.00,0.00,0.00,0.00,1712,3,2021-08-01,EUR
COM13822,SAFARILINK AVIATION LTD - Kenya,PotCust,SAFARILINK AVIATION LTD,Africa,Africa Sub-Saharan,Kenya - KE - Africa,,  ,0%,  ,0%,  ,0%,0.00,0.00,0.00,0.00,0.00,,,AIRL,0.00,0.00,0.00,0.00,0.00,0.00,1713,0,,EUR
COM13827,SHIRAK AVIA LLC - Armenia,Customer,SHIRAK AVIA LLC,Asia,Middle East,Armenia - AM - Asia,, 45 536,85%, 84 256,7%, 90 409,42%,"128,379.00","80,973.00","134,490.00","74,861.00","128,379.00",Standard,APAC5,AIRL,0.00,0.00,0.00,0.00,0.00,0.00,1717,3,2021-02-09,EUR
COM13828,SATENA - Colombia,PotCust,SATENA,Americas,"America, Latin and the Caribbean",Colombia - CO - Americas,,  ,0%,  ,0%,  ,0%,0.00,0.00,0.00,0.00,0.00,,,AIRL,0.00,0.00,0.00,0.00,0.00,0.00,1718,0,,USD
COM13829,ROTANA JET - United Arab Emirates,PotCust,ROTANA JET,Asia,Middle East,United Arab Emirates - AE - Asia,,  ,0%,  ,0%,  ,0%,0.00,0.00,0.00,0.00,0.00,,,GA-BA,0.00,0.00,0.00,0.00,0.00,0.00,1719,6,,EUR
COM13831,Hala Air - Libya,PotCust,Hala Air,Africa,Africa Northern,Libya - LY - Africa,,  ,0%, 51 652,-100%,  ,0%,0.00,0.00,0.00,0.00,0.00,Old,AFR5,AIRL,0.00,0.00,0.00,0.00,0.00,0.00,1720,1,2023-05-08,EUR
COM13834,ANTONOV Company - Ukraine,Customer,ANTONOV Company,Europe,Europe Eastern,Ukraine - UA - Europe,,  ,0%, 239 293,29%, 308 199,-10%,"276,272.00","182,430.00","297,223.00","161,479.00","276,272.00",Standard,EUR5,AIRL,"25,167.00",0.00,"25,167.00",0.00,0.00,0.00,1723,4,2022-09-12,EUR
COM13837,Aeroglide Aviation - Singapore,PotCust,Aeroglide Aviation,Asia,Asia South-eastern,Singapore - SG - Asia,,  ,0%,  ,0%,  ,0%,0.00,0.00,0.00,0.00,0.00,,,FSP,0.00,0.00,0.00,0.00,0.00,0.00,1726,0,,EUR
COM13839,Priority Flight Support - United Arab Emirates,Customer,Priority Flight Support,Asia,Middle East,United Arab Emirates - AE - Asia,, 47 931,3%, 49 248,8%, 53 340,2%,"54,595.00","33,465.00","55,514.00","32,545.00","54,595.00",New FSP,APAC5,FSP,"-4,857.00",0.00,"-4,857.00",0.00,0.00,0.00,1728,0,2021-06-01,USD
COM13840,DEUTZ EXECUTIVE - Belgium,PotCust,DEUTZ EXECUTIVE,Europe,Europe Western,Belgium - BE - Europe,,  ,0%,  ,0%,  ,0%,0.00,0.00,0.00,0.00,0.00,,,GA-BA,0.00,0.00,0.00,0.00,0.00,0.00,1729,0,,EUR
COM13841,ALEXA OPS - Brazil,Customer,ALEXA OPS,Americas,"America, Latin and the Caribbean",Brazil - BR - Americas,, 86 820,17%, 101 541,-8%, 93 911,7%,"100,295.00","56,837.00","104,642.00","52,491.00","100,295.00",New FSP,AME5,FSP,"10,315.00",0.00,"10,315.00",0.00,0.00,0.00,1730,0,2021-05-10,USD
COM13843,CAMEX AIRLINES LLC - Georgia,PotCust,CAMEX AIRLINES LLC,Asia,Middle East,Georgia - GE - Asia,,  ,0%,  ,0%,  ,0%,0.00,0.00,0.00,0.00,0.00,,,AIRL,0.00,0.00,0.00,0.00,0.00,0.00,1732,0,,EUR
COM13844,AIRWORKS B. V. - Netherlands,NonCust,AIRWORKS B. V.,Europe,Europe Western,Netherlands - NL - Europe,,  ,0%,  ,0%,  ,0%,0.00,0.00,0.00,0.00,0.00,,,GA-BA,0.00,0.00,0.00,0.00,0.00,0.00,1733,0,,EUR
COM13251,AeroVis Airlines Ltd - Ukraine,PotCust,AeroVis Airlines Ltd,Europe,Europe Eastern,Ukraine - UA - Europe,,  ,0%,  ,0%,  ,0%,0.00,0.00,0.00,0.00,0.00,,,AIRL,0.00,0.00,0.00,0.00,0.00,0.00,1734,0,,EUR
COM13422,ROYAL AIR AB - Sweden,PotCust,ROYAL AIR AB,Europe,Europe Northern,Sweden - SE - Europe,,  ,0%,  ,0%,  ,0%,0.00,0.00,0.00,0.00,0.00,,,GA-BA,0.00,0.00,0.00,0.00,0.00,0.00,1735,0,,EUR
COM13422,ROYAL AIR AB - Sweden,PotCust,ROYAL AIR AB,Europe,Europe Northern,Sweden - SE - Europe,,  ,0%,  ,0%,  ,0%,0.00,0.00,0.00,0.00,0.00,,,GA-BA,0.00,0.00,0.00,0.00,0.00,0.00,1736,0,,EUR
COM13846,Southern Air Charter - Bahamas,PotCust,Southern Air Charter,Americas,"America, Latin and the Caribbean",Bahamas - BS - Americas,,  ,0%,  ,0%,  ,0%,0.00,0.00,0.00,0.00,0.00,Standard,,AIRL,0.00,0.00,0.00,0.00,0.00,0.00,1737,0,2021-04-29,USD
COM13846,Southern Air Charter - Bahamas,PotCust,Southern Air Charter,Americas,"America, Latin and the Caribbean",Bahamas - BS - Americas,,  ,0%,  ,0%,  ,0%,0.00,0.00,0.00,0.00,0.00,Standard,,AIRL,0.00,0.00,0.00,0.00,0.00,0.00,1738,0,2021-04-29,USD
COM13847,Kronborg Air Consult - Denmark,NonCust,Kronborg Air Consult,Europe,Europe Northern,Denmark - DK - Europe,,  ,0%,  ,0%,  ,0%,0.00,0.00,0.00,0.00,0.00,,,AIRL,0.00,0.00,0.00,0.00,0.00,0.00,1739,0,,EUR
COM13847,Kronborg Air Consult - Denmark,NonCust,Kronborg Air Consult,Europe,Europe Northern,Denmark - DK - Europe,,  ,0%,  ,0%,  ,0%,0.00,0.00,0.00,0.00,0.00,,,AIRL,0.00,0.00,0.00,0.00,0.00,0.00,1740,0,,EUR
COM13848,Per Jensen Test Company - Denmark,PotCust,Per Jensen Test Company,Europe,Europe Northern,Denmark - DK - Europe,,  ,0%,  ,0%,  ,0%,0.00,0.00,0.00,0.00,0.00,,,,0.00,0.00,0.00,0.00,0.00,0.00,1741,0,,EUR
COM13848,Per Jensen Test Company - Denmark,PotCust,Per Jensen Test Company,Europe,Europe Northern,Denmark - DK - Europe,,  ,0%,  ,0%,  ,0%,0.00,0.00,0.00,0.00,0.00,,,,0.00,0.00,0.00,0.00,0.00,0.00,1742,0,,EUR
COM13849,GIANAIR - Ghana,Customer,GIANAIR,Africa,Africa Sub-Saharan,Ghana - GH - Africa,, 24 825,3%, 25 465,-1%, 25 219,-44%,"14,120.00","8,658.00","14,361.00","8,417.00","14,120.00",Standard,AFR5,GA-BA,0.00,0.00,0.00,0.00,0.00,0.00,1743,2,2021-03-15,USD
COM13850,AEROTRANSCARGO NL bv ATC.NL - Netherlands,PotCust,AEROTRANSCARGO NL bv ATC.NL,Europe,Europe Western,Netherlands - NL - Europe,,  ,0%,  ,0%,  ,0%,0.00,0.00,0.00,0.00,0.00,,,AIRL,0.00,0.00,0.00,0.00,0.00,0.00,1744,0,,EUR
COM13850,AEROTRANSCARGO NL bv ATC.NL - Netherlands,PotCust,AEROTRANSCARGO NL bv ATC.NL,Europe,Europe Western,Netherlands - NL - Europe,,  ,0%,  ,0%,  ,0%,0.00,0.00,0.00,0.00,0.00,,,AIRL,0.00,0.00,0.00,0.00,0.00,0.00,1745,0,,EUR
COM13851,AERONODO - Mexico,PotCust,AERONODO,Americas,"America, Latin and the Caribbean",Mexico - MX - Americas,,  ,0%,  ,0%,  ,0%,0.00,0.00,0.00,0.00,0.00,Standard,,GA-BA,0.00,0.00,0.00,0.00,0.00,0.00,1746,0,,USD
COM13851,AERONODO - Mexico,PotCust,AERONODO,Americas,"America, Latin and the Caribbean",Mexico - MX - Americas,,  ,0%,  ,0%,  ,0%,0.00,0.00,0.00,0.00,0.00,Standard,,GA-BA,0.00,0.00,0.00,0.00,0.00,0.00,1747,0,,USD
COM13852,COMMUTAIR - United States of America,PotCust,COMMUTAIR,Americas,"America, Northern",United States of America - US - Americas,,  ,0%,  ,0%,  ,0%,0.00,0.00,0.00,0.00,0.00,Standard,,AIRL,0.00,0.00,0.00,0.00,0.00,0.00,1748,1,2016-08-01,USD
COM13852,COMMUTAIR - United States of America,PotCust,COMMUTAIR,Americas,"America, Northern",United States of America - US - Americas,,  ,0%,  ,0%,  ,0%,0.00,0.00,0.00,0.00,0.00,Standard,,AIRL,0.00,0.00,0.00,0.00,0.00,0.00,1749,1,2016-08-01,USD
COM13853,Union Aviation - Latvia,PotCust,Union Aviation,Europe,Europe Northern,Latvia - LV - Europe,,  ,0%,  ,0%,  ,0%,0.00,0.00,0.00,0.00,0.00,,,FSP,0.00,0.00,0.00,0.00,0.00,0.00,1750,0,,EUR
COM13853,Union Aviation - Latvia,PotCust,Union Aviation,Europe,Europe Northern,Latvia - LV - Europe,,  ,0%,  ,0%,  ,0%,0.00,0.00,0.00,0.00,0.00,,,FSP,0.00,0.00,0.00,0.00,0.00,0.00,1751,0,,EUR
COM13854,Flight Watch Company - Tunisia,PotCust,Flight Watch Company,Africa,Africa Northern,Tunisia - TN - Africa,,  ,0%,  ,0%,  ,0%,0.00,0.00,0.00,0.00,0.00,,,FSP,0.00,0.00,0.00,0.00,0.00,0.00,1752,0,,EUR
COM13854,Flight Watch Company - Tunisia,PotCust,Flight Watch Company,Africa,Africa Northern,Tunisia - TN - Africa,,  ,0%,  ,0%,  ,0%,0.00,0.00,0.00,0.00,0.00,,,FSP,0.00,0.00,0.00,0.00,0.00,0.00,1753,0,,EUR
COM11482,HELITRANS AS - Norway,PotCust,HELITRANS AS,Europe,Europe Northern,Norway - NO - Europe,,  ,0%,  ,0%,  ,0%,0.00,0.00,0.00,0.00,0.00,,,,0.00,0.00,0.00,0.00,0.00,0.00,1754,0,,EUR
COM13855,KAP.KG Aircompany - Kyrgyzstan,PotCust,KAP.KG Aircompany,Asia,Middle East,Kyrgyzstan - KG - Asia,,  ,0%,  ,0%,  ,0%,0.00,0.00,0.00,0.00,0.00,,,AIRL,0.00,0.00,0.00,0.00,0.00,0.00,1755,0,2021-11-01,EUR
COM13855,KAP.KG Aircompany - Kyrgyzstan,PotCust,KAP.KG Aircompany,Asia,Middle East,Kyrgyzstan - KG - Asia,,  ,0%,  ,0%,  ,0%,0.00,0.00,0.00,0.00,0.00,,,AIRL,0.00,0.00,0.00,0.00,0.00,0.00,1756,0,2021-11-01,EUR
COM13856,ASAP - United States of America,NonCust,ASAP,Americas,"America, Northern",United States of America - US - Americas,,  ,0%,  ,0%,  ,0%,0.00,0.00,0.00,0.00,0.00,,,,0.00,0.00,0.00,0.00,0.00,0.00,1757,0,,USD
COM13856,ASAP - United States of America,NonCust,ASAP,Americas,"America, Northern",United States of America - US - Americas,,  ,0%,  ,0%,  ,0%,0.00,0.00,0.00,0.00,0.00,,,,0.00,0.00,0.00,0.00,0.00,0.00,1758,0,,USD
COM13857,PLATOON AVIATION - Germany,Customer,PLATOON AVIATION,Europe,Europe Western,Germany - DE - Europe,, 65 806,48%, 97 699,34%, 131 130,40%,"183,414.00","133,150.00","215,136.00","101,429.00","183,414.00",Standard,EUR4,GA-BA,0.00,0.00,0.00,0.00,0.00,0.00,1759,10,2021-04-01,EUR
COM13858,Air Alderney - United Kingdom of Great Britain and Northern Ireland,PotCust,Air Alderney,Europe,Europe Northern,United Kingdom of Great Britain and Northern Ireland - GB - Europe,,  ,0%,  ,0%,  ,0%,0.00,0.00,0.00,0.00,0.00,,,AIRL,0.00,0.00,0.00,0.00,0.00,0.00,1761,0,,EUR
COM13859,RARE AIR LIMITED - United Kingdom of Great Britain and Northern Ireland,PotCust,RARE AIR LIMITED,Europe,Europe Northern,United Kingdom of Great Britain and Northern Ireland - GB - Europe,,  ,0%,  ,0%,  ,0%,0.00,0.00,0.00,0.00,0.00,Standard,,GA-BA,0.00,0.00,0.00,0.00,0.00,0.00,1762,0,,EUR
COM13860,Continuum Aviation Pvt Ltd - India,PotCust,Continuum Aviation Pvt Ltd,Asia,Asia Southern,India - IN - Asia,,  ,0%,  ,0%,  ,0%,0.00,0.00,0.00,0.00,0.00,,,FSP,0.00,0.00,0.00,0.00,0.00,0.00,1763,0,,EUR
COM13861,Blue One - Aircraft & Crew Management - Belgium,NonCust,Blue One - Aircraft & Crew Management,Europe,Europe Western,Belgium - BE - Europe,,  ,0%,  ,0%,  ,0%,0.00,0.00,0.00,0.00,0.00,,,,0.00,0.00,0.00,0.00,0.00,0.00,1764,0,,EUR
COM13862,ToMontenegro - Montenegro,Customer,ToMontenegro,Europe,Europe Southern,Montenegro - ME - Europe,, 109 270,6%, 116 286,8%, 125 645,27%,"158,980.00","133,942.00","207,118.00","85,803.00","158,980.00",Standard,EUR5,AIRL,"-5,199.00",0.00,"-2,599.00","-2,599.00",0.00,0.00,1765,3,2021-03-30,EUR
COM13863,Zeefass Aviation Services Limited - Nigeria,PotCust,Zeefass Aviation Services Limited,Africa,Africa Sub-Saharan,Nigeria - NG - Africa,,  ,0%,  ,0%,  ,0%,0.00,0.00,0.00,0.00,0.00,New FSP,AFR5,FSP,0.00,0.00,0.00,0.00,0.00,0.00,1766,1,,USD
COM13864,IPC International Parts Company - Egypt,PotCust,IPC International Parts Company,Africa,Africa Northern,Egypt - EG - Africa,,  ,0%,  ,0%,  ,0%,0.00,0.00,0.00,0.00,0.00,,,GA-BA,0.00,0.00,0.00,0.00,0.00,0.00,1767,0,,EUR
COM13865,My Jet SRL (former Conarg Motion) - Romania,Customer,My Jet SRL (former Conarg Motion),Europe,Europe Eastern,Romania - RO - Europe,, 29 163,24%, 36 270,139%, 86 578,6%,"91,439.00","62,088.00","99,274.00","54,253.00","91,439.00",Standard,EUR5,GA-BA,0.00,0.00,0.00,0.00,0.00,0.00,1768,5,2021-03-31,EUR
COM13866,CAVOK5 - United Kingdom of Great Britain and Northern Ireland,PotCust,CAVOK5,Europe,Europe Northern,United Kingdom of Great Britain and Northern Ireland - GB - Europe,,  ,0%,  ,0%,  ,0%,0.00,0.00,0.00,0.00,0.00,,,FSP,0.00,0.00,0.00,0.00,0.00,0.00,1769,0,,EUR
COM13867,Qatar Amiri Flight - Qatar,PotCust,Qatar Amiri Flight,Asia,Middle East,Qatar - QA - Asia,,  ,0%,  ,0%,  ,0%,0.00,0.00,0.00,0.00,0.00,,,AIRL,0.00,0.00,0.00,0.00,0.00,0.00,1770,13,,EUR
COM13868,EATIS Business Aviation - France,PotCust,EATIS Business Aviation,Europe,Europe Western,France - FR - Europe,, 34 057,-100%,  ,0%,  ,0%,0.00,0.00,0.00,0.00,0.00,Standard,,GA-BA,0.00,0.00,0.00,0.00,0.00,0.00,1771,0,2022-02-01,EUR
COM13870,CORENDON AIRLINES - Turkey,PotCust,CORENDON AIRLINES,Asia,Middle East,Turkey - TR - Asia,, 477 460,13%, 540 299,-23%, 416 856,-100%,0.00,0.00,0.00,0.00,0.00,Standard,APAC3,AIRL,0.00,0.00,0.00,0.00,0.00,0.00,1772,,2021-05-27,EUR
COM13871,G-OPS - France,PotCust,G-OPS,Europe,Europe Western,France - FR - Europe,, 59 437,27%, 75 333,-74%, 19 593,-100%,0.00,0.00,0.00,0.00,0.00,New FSP,EUR5,FSP,0.00,0.00,0.00,0.00,0.00,0.00,1773,0,2021-05-04,EUR
COM13872,CARIBLIFT - Barbados,PotCust,CARIBLIFT,Americas,"America, Latin and the Caribbean",Barbados - BB - Americas,,  ,0%,  ,0%,  ,0%,0.00,0.00,0.00,0.00,0.00,,,AIRL,0.00,0.00,0.00,0.00,0.00,0.00,1774,0,,USD
COM13873,MIXJET - United Arab Emirates,Customer,MIXJET,Asia,Middle East,United Arab Emirates - AE - Asia,,  ,0%,  ,0%, 7 340,529%,"46,169.00","24,951.00","44,198.00","26,923.00","46,169.00",New FSP,APAC5,FSP,0.00,0.00,0.00,0.00,0.00,0.00,1775,0,2024-10-03,EUR
COM13874,FlightDispatch PRG - Czechia,PotCust,FlightDispatch PRG,Europe,Europe Eastern,Czechia - CZ - Europe,,  ,0%,  ,0%,  ,0%,0.00,0.00,0.00,0.00,0.00,,,AIRL,0.00,0.00,0.00,0.00,0.00,0.00,1776,0,,EUR
COM13875,Bosphorus Aviation - Turkey,PotCust,Bosphorus Aviation,Asia,Middle East,Turkey - TR - Asia,,  ,0%,  ,0%,  ,0%,0.00,0.00,0.00,0.00,0.00,,,GA-BA,0.00,0.00,0.00,0.00,0.00,0.00,1777,0,,EUR
COM13876,Government of Montenegro - Montenegro,Customer,Government of Montenegro,Europe,Europe Southern,Montenegro - ME - Europe,, 22 140,6%, 23 449,8%, 25 337,7%,"27,119.00","17,105.00","28,410.00","15,814.00","27,119.00",Standard,EUR5,GA-BA,"2,444.00",0.00,"2,444.00",0.00,0.00,0.00,1778,1,2021-05-06,EUR
COM13877,GK AirNav Support - Russian Federation,Quarantine,GK AirNav Support,Europe,Europe Eastern,Russian Federation - RU - Europe,,  ,0%,  ,0%,  ,0%,0.00,0.00,0.00,0.00,0.00,Standard,,FSP,0.00,0.00,0.00,0.00,0.00,0.00,1779,0,2021-05-26,EUR
COM13878,"AIR MOLDOVA - Moldova, Republic of",PotCust,AIR MOLDOVA,Europe,Europe Eastern,"Moldova, Republic of - MD - Europe",, 203 855,-65%, 70 859,-100%,  ,0%,0.00,0.00,0.00,0.00,0.00,Standard,,AIRL,0.00,0.00,0.00,0.00,0.00,0.00,1780,0,2021-05-05,EUR
COM13879,JetSMART SpA - Chile,PotCust,JetSMART SpA,Americas,"America, Latin and the Caribbean",Chile - CL - Americas,,  ,0%,  ,0%,  ,0%,0.00,0.00,0.00,0.00,0.00,,,AIRL,0.00,0.00,0.00,0.00,0.00,0.00,1781,0,,USD
COM13880,MOKA AIRWAYS - Yemen,PotCust,MOKA AIRWAYS,Asia,Middle East,Yemen - YE - Asia,,  ,0%,  ,0%,  ,0%,0.00,0.00,0.00,0.00,0.00,,,AIRL,0.00,0.00,0.00,0.00,0.00,0.00,1782,0,,EUR
COM13881,Flight Axis - Philippines,Customer,Flight Axis,Asia,Asia South-eastern,Philippines - PH - Asia,,  ,0%,  ,0%, 26 279,101%,"52,907.00","32,254.00","53,623.00","31,539.00","52,907.00",New FSP,APAC5,FSP,0.00,0.00,0.00,0.00,0.00,0.00,1783,0,2024-05-30,USD
COM13882,Cognitive Technologies and Services Srl - Italy,PotCust,Cognitive Technologies and Services Srl,Europe,Europe Southern,Italy - IT - Europe,,  ,0%,  ,0%,  ,0%,0.00,0.00,0.00,0.00,0.00,Standard,,GA-BA,0.00,0.00,0.00,0.00,0.00,0.00,1784,0,2021-05-28,EUR
COM13883,Buraq Aviation  (Plexus Aviation) - Saudi Arabia,Customer,Buraq Aviation  (Plexus Aviation),Asia,Middle East,Saudi Arabia - SA - Asia,, 55 386,49%, 82 776,14%, 94 548,-5%,"90,180.00","69,407.00","107,001.00","52,587.00","90,180.00",Standard,APAC5,GA-BA,"7,377.00",0.00,"7,377.00",0.00,0.00,0.00,1785,3,2021-07-01,EUR
COM13884,Cargo Union - Poland,PotCust,Cargo Union,Europe,Europe Eastern,Poland - PL - Europe,,  ,0%,  ,0%,  ,0%,0.00,0.00,0.00,0.00,0.00,,,AIRL,0.00,0.00,0.00,0.00,0.00,0.00,1786,0,,EUR
COM11201,VLM AIRLINES (TEST KONTO),NonCust,VLM AIRLINES (TEST KONTO),,,,,  ,0%,  ,0%,  ,0%,0.00,0.00,0.00,0.00,0.00,Old,,,0.00,0.00,0.00,0.00,0.00,0.00,1787,0,,USD
COM13885,ZFG Air Limited - United Kingdom of Great Britain and Northern Ireland,PotCust,ZFG Air Limited,Europe,Europe Northern,United Kingdom of Great Britain and Northern Ireland - GB - Europe,,  ,0%,  ,0%,  ,0%,0.00,0.00,0.00,0.00,0.00,,,AIRL,0.00,0.00,0.00,0.00,0.00,0.00,1790,0,,EUR
COM13886,FlyAfrica Zimbabwe - Zimbabwe,PotCust,FlyAfrica Zimbabwe,Africa,Africa Sub-Saharan,Zimbabwe - ZW - Africa,,  ,0%,  ,0%,  ,0%,0.00,0.00,0.00,0.00,0.00,,,AIRL,0.00,0.00,0.00,0.00,0.00,0.00,1791,0,,EUR
,Fly Air41 Airways (ASISTIM) - Croatia,Customer via,Fly Air41 Airways (ASISTIM),Europe,Europe Southern,Croatia - HR - Europe,,  ,0%,  ,0%,  ,0%,0.00,0.00,0.00,0.00,0.00,,,AIRL,0.00,0.00,0.00,0.00,0.00,0.00,1792,0,2021-05-27,EUR
COM13888,1st Aero - Spain,PotCust,1st Aero,Europe,Europe Southern,Spain - ES - Europe,,  ,0%,  ,0%,  ,0%,0.00,0.00,0.00,0.00,0.00,,,GA-BA,0.00,0.00,0.00,0.00,0.00,0.00,1793,0,,EUR
COM13889,Comair Ltd - South Africa,PotCust,Comair Ltd,Africa,Africa Sub-Saharan,South Africa - ZA - Africa,,  ,0%,  ,0%,  ,0%,0.00,0.00,0.00,0.00,0.00,,,AIRL,0.00,0.00,0.00,0.00,0.00,0.00,1794,0,2022-04-04,EUR
COM13890,Superior Air - Greece,PotCust,Superior Air,Europe,Europe Southern,Greece - GR - Europe,,  ,0%,  ,0%,  ,0%,0.00,0.00,0.00,0.00,0.00,,,GA-BA,0.00,0.00,0.00,0.00,0.00,0.00,1795,0,,EUR
COM13891,ALS LIMITED - Kenya,Customer,ALS LIMITED,Africa,Africa Sub-Saharan,Kenya - KE - Africa,, 218 922,31%, 286 696,73%, 495 682,-36%,"319,340.00","213,149.00","353,251.00","179,238.00","319,340.00",Standard,AFR4,AIRL,"62,736.00",0.00,"31,368.00","31,368.00",0.00,0.00,1796,15,2021-12-01,EUR
COM13892,ASL Airlines Australia - Australia,PotCust,ASL Airlines Australia,Oceania,Australia and New Zealand,Australia - AU - Oceania,,  ,0%,  ,0%,  ,0%,0.00,0.00,0.00,0.00,0.00,,,AIRL,0.00,0.00,0.00,0.00,0.00,0.00,1797,0,,USD
COM13893,CPS AVIATION - France,PotCust,CPS AVIATION,Europe,Europe Western,France - FR - Europe,, 22 202,154%, 56 412,-31%, 39 040,-100%,0.00,0.00,0.00,0.00,0.00,Standard,EUR5,AIRL,0.00,0.00,0.00,0.00,0.00,0.00,1798,1,2022-05-10,EUR
COM13894,Aramco Associated Company - United States of America,PotCust,Aramco Associated Company,Americas,"America, Northern",United States of America - US - Americas,,  ,0%,  ,0%,  ,0%,0.00,0.00,0.00,0.00,0.00,,,,0.00,0.00,0.00,0.00,0.00,0.00,1799,0,,EUR
COM13895,Projets Aviation - Malta,PotCust,Projets Aviation,Europe,Europe Southern,Malta - MT - Europe,,  ,0%,  ,0%,  ,0%,0.00,0.00,0.00,0.00,0.00,,,GA-BA,0.00,0.00,0.00,0.00,0.00,0.00,1800,0,,EUR
COM13896,ULS Airlines Cargo - Turkey,PotCust,ULS Airlines Cargo,Asia,Middle East,Turkey - TR - Asia,,  ,0%,  ,0%,  ,0%,0.00,0.00,0.00,0.00,0.00,,,AIRL,0.00,0.00,0.00,0.00,0.00,0.00,1801,0,,EUR
COM13897,K2 Airways (PVT) Ltd. - Pakistan,PotCust,K2 Airways (PVT) Ltd.,Asia,Asia Southern,Pakistan - PK - Asia,,  ,0%,  ,0%,  ,0%,0.00,0.00,0.00,0.00,0.00,,,AIRL,0.00,0.00,0.00,0.00,0.00,0.00,1802,1,,EUR
COM13898,Air Ocean Airlines - Ukraine,Customer,Air Ocean Airlines,Europe,Europe Eastern,Ukraine - UA - Europe,,  ,-100%,  ,0%,  ,0%,0.00,0.00,0.00,0.00,0.00,Standard,EUR5,AIRL,0.00,0.00,0.00,0.00,0.00,0.00,1803,2,2021-07-08,EUR
COM13899,Bjarnes test company - Denmark,NonCust,Bjarnes test company,Europe,Europe Northern,Denmark - DK - Europe,,  ,0%,  ,0%,  ,0%,0.00,0.00,0.00,0.00,0.00,,,,0.00,0.00,0.00,0.00,0.00,0.00,1804,0,,EUR
,Aviation-Horizons - Saudi Arabia,NonCust,Aviation-Horizons,Asia,Middle East,Saudi Arabia - SA - Asia,,  ,0%,  ,0%,  ,0%,0.00,0.00,0.00,0.00,0.00,,,GA-BA,0.00,0.00,0.00,0.00,0.00,0.00,1805,0,,EUR
COM13901,Jet One X - United States of America,PotCust,Jet One X,Americas,"America, Northern",United States of America - US - Americas,,  ,0%,  ,0%,  ,0%,0.00,0.00,0.00,0.00,0.00,,,AIRL,0.00,0.00,0.00,0.00,0.00,0.00,1806,0,,USD
COM13902,India Jet Services - India,PotCust,India Jet Services,Asia,Asia Southern,India - IN - Asia,,  ,0%,  ,0%,  ,0%,0.00,0.00,0.00,0.00,0.00,,,GA-BA,0.00,0.00,0.00,0.00,0.00,0.00,1807,0,,EUR
COM13903,Bjarne Test Company 2 - Denmark,NonCust,Bjarne Test Company 2,Europe,Europe Northern,Denmark - DK - Europe,,  ,0%,  ,0%,  ,0%,0.00,0.00,0.00,0.00,0.00,,,,0.00,0.00,0.00,0.00,0.00,0.00,1808,0,,EUR
COM13904,Bjarne Test 3 - Denmark,NonCust,Bjarne Test 3,Europe,Europe Northern,Denmark - DK - Europe,,  ,0%,  ,0%,  ,0%,0.00,0.00,0.00,0.00,0.00,,,,0.00,0.00,0.00,0.00,0.00,0.00,1809,0,2024-03-14,EUR
COM13905,Bjarne Test Company 4 - Denmark,NonCust,Bjarne Test Company 4,Europe,Europe Northern,Denmark - DK - Europe,,  ,0%,  ,0%,  ,0%,0.00,0.00,0.00,0.00,0.00,,,,0.00,0.00,0.00,0.00,0.00,0.00,1810,0,,EUR
COM13906,Bjarne test 210707 - Denmark,NonCust,Bjarne test 210707,Europe,Europe Northern,Denmark - DK - Europe,,  ,0%,  ,0%,  ,0%,0.00,0.00,0.00,0.00,0.00,,,,0.00,0.00,0.00,0.00,0.00,0.00,1811,0,,EUR
COM13907,Bjarne test 210707-2 - Denmark,NonCust,Bjarne test 210707-2,Europe,Europe Northern,Denmark - DK - Europe,,  ,0%,  ,0%,  ,0%,0.00,0.00,0.00,0.00,0.00,,,,0.00,0.00,0.00,0.00,0.00,0.00,1812,0,,EUR
COM12736,Location Flight Support (LFS) - United Arab Emirates,Customer,Location Flight Support (LFS),Asia,Middle East,United Arab Emirates - AE - Asia,, 80 793,-34%, 53 587,7%, 57 111,3%,"58,785.00","35,658.00","59,268.00","35,175.00","58,785.00",New FSP,APAC5,FSP,"5,175.00",0.00,"5,175.00",0.00,0.00,0.00,1813,0,2014-09-01,USD
COM13908,Federal Airlines - South Africa,PotCust,Federal Airlines,Africa,Africa Sub-Saharan,South Africa - ZA - Africa,2025-06-30, 38 237,361%, 176 366,-5%, 168 192,-64%,"60,798.00",0.00,0.00,"60,798.00","60,798.00",Standard,AFR4,GA-BA,0.00,0.00,0.00,0.00,0.00,0.00,1814,9,2022-10-01,EUR
COM13909,General Inspectorate of Aviation - Romania,PotCust,General Inspectorate of Aviation,Europe,Europe Eastern,Romania - RO - Europe,,  ,0%,  ,0%,  ,0%,0.00,0.00,0.00,0.00,0.00,,,GA-BA,0.00,0.00,0.00,0.00,0.00,0.00,1815,0,,EUR
COM13910,Exupair,NonCust,Exupair,,,,,  ,0%,  ,0%,  ,0%,0.00,0.00,0.00,0.00,0.00,,,,0.00,0.00,0.00,0.00,0.00,0.00,1816,1,,EUR
COM13911,Air Falcon Pvt Ltd - Pakistan,PotCust,Air Falcon Pvt Ltd,Asia,Asia Southern,Pakistan - PK - Asia,,  ,0%,  ,0%,  ,0%,0.00,0.00,0.00,0.00,0.00,,,AIRL,0.00,0.00,0.00,0.00,0.00,0.00,1817,0,2021-10-29,USD
COM13912,MASER Aviation Services Limited - Ireland,Customer,MASER Aviation Services Limited,Europe,Europe Northern,Ireland - IE - Europe,, 21 426,6%, 22 689,8%, 24 515,7%,"26,242.00","16,552.00","27,491.00","15,302.00","26,242.00",Standard,EUR5,GA-BA,0.00,0.00,0.00,0.00,0.00,0.00,1818,1,2021-08-01,EUR
COM13914,MYAIROPS - United Kingdom of Great Britain and Northern Ireland,Customer via,MYAIROPS,Europe,Europe Northern,United Kingdom of Great Britain and Northern Ireland - GB - Europe,,  ,0%,  ,0%,  ,0%,0.00,0.00,0.00,0.00,0.00,,,FSP,0.00,0.00,0.00,0.00,0.00,0.00,1819,0,2024-04-09,EUR
COM13915,Luxaviation San Marino SRL (Part of Luxaviation Group) - San Marino,PotCust,Luxaviation San Marino SRL (Part of Luxaviation Group),Europe,Europe Southern,San Marino - SM - Europe,, 48 268,-76%, 11 424,-100%,  ,0%,0.00,0.00,0.00,0.00,0.00,Standard,,GA-BA,0.00,0.00,0.00,0.00,0.00,0.00,1820,0,,EUR
COM13916,HELI AIR SERVICES - Bulgaria,Customer,HELI AIR SERVICES,Europe,Europe Eastern,Bulgaria - BG - Europe,, 15 846,34%, 21 306,40%, 29 866,7%,"31,929.00","20,139.00","33,449.00","18,619.00","31,929.00",Standard,EUR5,GA-BA,0.00,0.00,0.00,0.00,0.00,0.00,1821,2,2021-08-16,EUR
COM13917,Dragon Aviation - Kenya,PotCust,Dragon Aviation,Africa,Africa Sub-Saharan,Kenya - KE - Africa,,  ,0%,  ,0%,  ,0%,0.00,0.00,0.00,0.00,0.00,,,AIRL,0.00,0.00,0.00,0.00,0.00,0.00,1822,0,,EUR
COM13918,Prime Trip Support - United Arab Emirates,Customer,Prime Trip Support,Asia,Middle East,United Arab Emirates - AE - Asia,, 123 814,7%, 132 174,-1%, 130 260,1%,"131,693.00","82,199.00","135,387.00","78,505.00","131,693.00",New FSP,APAC5,FSP,0.00,0.00,0.00,0.00,0.00,0.00,1823,0,2021-10-01,USD
COM13920,One Air Aviation - United Kingdom of Great Britain and Northern Ireland,Customer,One Air Aviation,Europe,Europe Northern,United Kingdom of Great Britain and Northern Ireland - GB - Europe,, 64 415,62%, 104 173,91%, 198 890,66%,"329,481.00","204,855.00","333,684.00","200,652.00","329,481.00",Standard,EUR5,AIRL,0.00,0.00,0.00,0.00,0.00,0.00,1824,5,2022-01-05,USD
COM13921,Sun Air Aviation - Sudan,PotCust,Sun Air Aviation,Africa,Africa Northern,Sudan - SD - Africa,,  ,0%,  ,0%,  ,0%,0.00,0.00,0.00,0.00,0.00,,,AIRL,0.00,0.00,0.00,0.00,0.00,0.00,1825,0,,EUR
COM13922,Mesa Airlines - United States of America,PotCust,Mesa Airlines,Americas,"America, Northern",United States of America - US - Americas,,  ,0%,  ,0%,  ,0%,0.00,0.00,0.00,0.00,0.00,,,AIRL,0.00,0.00,0.00,0.00,0.00,0.00,1826,0,,USD
COM13923,Luxaviation Germany (Part of Luxaviation Group) - Germany,PotCust,Luxaviation Germany (Part of Luxaviation Group),Europe,Europe Western,Germany - DE - Europe,, 82 465,-62%, 31 466,-100%,  ,0%,0.00,0.00,0.00,0.00,0.00,Standard,,GA-BA,0.00,0.00,0.00,0.00,0.00,0.00,1827,0,2018-10-01,EUR
COM13924,VIP Airline Company - France,PotCust,VIP Airline Company,Europe,Europe Western,France - FR - Europe,,  ,0%,  ,0%,  ,0%,0.00,0.00,0.00,0.00,0.00,,,AIRL,0.00,0.00,0.00,0.00,0.00,0.00,1828,0,,EUR
COM13925,Sling Pilot Academy - United States of America,PotCust,Sling Pilot Academy,Americas,"America, Northern",United States of America - US - Americas,,  ,0%,  ,0%,  ,0%,0.00,0.00,0.00,0.00,0.00,,,,0.00,0.00,0.00,0.00,0.00,0.00,1829,0,,USD
COM13926,BU SHAMES FZE - United Arab Emirates,Quarantine,BU SHAMES FZE,Asia,Middle East,United Arab Emirates - AE - Asia,, 132 838,4%, 137 692,-20%, 110 274,39%,"153,318.00","79,638.00","151,598.00","81,359.00","153,318.00",Standard,APAC5,AIRL,0.00,0.00,0.00,0.00,0.00,0.00,1830,4,2020-02-01,EUR
COM13927,CSDPS Centre de Formation en Transport de Charlesbourg - Canada,Customer,CSDPS Centre de Formation en Transport de Charlesbourg,Americas,"America, Northern",Canada - CA - Americas,,  ,0%,  ,0%,  ,0%,0.00,0.00,0.00,0.00,0.00,Standard,AME5,GA-BA,0.00,0.00,0.00,0.00,0.00,0.00,1831,1,2021-11-04,USD
COM13928,Norse Atlantic Airways - Norway,Pending Closure,Norse Atlantic Airways,Europe,Europe Northern,Norway - NO - Europe,, 336 447,101%, 676 278,-1%, 666 768,-20%,"530,280.00","324,320.00","538,670.00","315,930.00","530,280.00",Standard,EUR4,AIRL,"1,409,339.00",0.00,"46,346.00","46,346.00","46,346.00","1,270,302.00",1832,11,2022-06-01,EUR
COM13929,CUBANA - Cuba,Customer via,CUBANA,Americas,"America, Latin and the Caribbean",Cuba - CU - Americas,,  ,0%,  ,0%,  ,0%,0.00,0.00,0.00,0.00,0.00,,,AIRL,0.00,0.00,0.00,0.00,0.00,0.00,1833,0,2022-03-15,USD
COM13931,FLYTAG FLIGHT SUPPORT - Pakistan,Customer,FLYTAG FLIGHT SUPPORT,Asia,Asia Southern,Pakistan - PK - Asia,, 24 551,5%, 25 859,58%, 40 914,33%,"54,595.00","33,465.00","55,514.00","32,545.00","54,595.00",New FSP,APAC5,FSP,"4,857.00",0.00,"4,857.00",0.00,0.00,0.00,1834,0,2021-09-21,USD
COM13932,MC Havacilik A.S. - Turkey,PotCust,MC Havacilik A.S.,Asia,Middle East,Turkey - TR - Asia,,  ,0%,  ,0%,  ,0%,0.00,0.00,0.00,0.00,0.00,,,GA-BA,0.00,0.00,0.00,0.00,0.00,0.00,1835,0,,EUR
COM13933,Mixjet Ukraine LLC - Ukraine,PotCust,Mixjet Ukraine LLC,Europe,Europe Eastern,Ukraine - UA - Europe,,  ,0%,  ,0%,  ,0%,0.00,0.00,0.00,0.00,0.00,,,AIRL,0.00,0.00,0.00,0.00,0.00,0.00,1836,0,,EUR
COM12254,Biltema Nordic - Sweden,PotCust,Biltema Nordic,Europe,Europe Northern,Sweden - SE - Europe,,  ,0%,  ,0%,  ,0%,0.00,0.00,0.00,0.00,0.00,Standard,,GA-BA,0.00,0.00,0.00,0.00,0.00,0.00,1837,0,,EUR
COM13934,"GAZPROMAVIA Aviation Co., Ltd. - Russian Federation",Quarantine,"GAZPROMAVIA Aviation Co., Ltd.",Europe,Europe Eastern,Russian Federation - RU - Europe,,  ,0%,  ,0%,  ,0%,0.00,0.00,0.00,0.00,0.00,,,GA-BA,0.00,0.00,0.00,0.00,0.00,0.00,1838,0,,EUR
COM13935,RED SEA AIRLINES - Egypt,Quarantine,RED SEA AIRLINES,Africa,Africa Northern,Egypt - EG - Africa,, 19 986,320%, 84 026,33%, 111 575,-56%,"48,737.00",0.00,0.00,"48,737.00","48,737.00",Standard,AFR5,AIRL,0.00,0.00,0.00,0.00,0.00,0.00,1839,2,2022-01-01,EUR
COM13936,SkyJet Air Cargo - United States of America,PotCust,SkyJet Air Cargo,Americas,"America, Northern",United States of America - US - Americas,,  ,0%,  ,0%,  ,0%,0.00,0.00,0.00,0.00,0.00,,,AIRL,0.00,0.00,0.00,0.00,0.00,0.00,1840,0,,USD
COM13937,Move Aircraft Flight Solutions - Malta,PotCust,Move Aircraft Flight Solutions,Europe,Europe Southern,Malta - MT - Europe,,  ,0%,  ,0%,  ,0%,0.00,0.00,0.00,0.00,0.00,,,FSP,0.00,0.00,0.00,0.00,0.00,0.00,1841,0,,EUR
COM13938,JB Airlines Ltd - Bangladesh,PotCust,JB Airlines Ltd,Asia,Asia Southern,Bangladesh - BD - Asia,,  ,0%,  ,0%,  ,0%,0.00,0.00,0.00,0.00,0.00,,,AIRL,0.00,0.00,0.00,0.00,0.00,0.00,1842,0,,USD
COM13939,EAST WEST EXPRESS - Ukraine,PotCust,EAST WEST EXPRESS,Europe,Europe Eastern,Ukraine - UA - Europe,,  ,0%,  ,0%,  ,0%,0.00,0.00,0.00,0.00,0.00,,,AIRL,0.00,0.00,0.00,0.00,0.00,0.00,1843,0,,EUR
COM13940,HAYWAYS - Armenia,Customer,HAYWAYS,Asia,Middle East,Armenia - AM - Asia,,  ,0%, 5 590,998%, 61 380,28%,"78,439.00","74,330.00","107,028.00","45,740.00","78,439.00",Standard,APAC5,AIRL,"10,644.00",0.00,"10,644.00",0.00,0.00,0.00,1844,1,2023-11-02,EUR
COM11070,Copenhagen AirTaxi - Denmark,PotCust,Copenhagen AirTaxi,Europe,Europe Northern,Denmark - DK - Europe,,  ,0%,  ,0%,  ,0%,0.00,0.00,0.00,0.00,0.00,Old,,GA-BA,0.00,0.00,0.00,0.00,0.00,0.00,1845,0,2024-06-13,EUR
COM13941,MNG AIRLINES - Turkey,PotCust,MNG AIRLINES,Asia,Middle East,Turkey - TR - Asia,,  ,0%,  ,0%,  ,0%,0.00,0.00,0.00,0.00,0.00,,,AIRL,0.00,0.00,0.00,0.00,0.00,0.00,1846,8,,EUR
COM13942,Bjarne TEST 05-10-21 - Denmark,NonCust,Bjarne TEST 05-10-21,Europe,Europe Northern,Denmark - DK - Europe,,  ,0%,  ,0%,  ,0%,0.00,0.00,0.00,0.00,0.00,,,,0.00,0.00,0.00,0.00,0.00,0.00,1847,0,,EUR
COM13943,JETTIME - Denmark,Customer,JETTIME,Europe,Europe Northern,Denmark - DK - Europe,,  ,0%, 353 173,79%, 632 058,29%,"816,394.00","517,122.00","876,414.00","457,102.00","816,394.00",Standard,EUR4,AIRL,0.00,0.00,0.00,0.00,0.00,0.00,1848,14,2023-01-20,EUR
COM13944,GELIX AERO - Russian Federation,Quarantine,GELIX AERO,Europe,Europe Eastern,Russian Federation - RU - Europe,,  ,0%,  ,0%,  ,0%,0.00,0.00,0.00,0.00,0.00,,,AIRL,0.00,0.00,0.00,0.00,0.00,0.00,1849,0,,EUR
COM13945,AIR GEORGIA - Georgia,PotCust,AIR GEORGIA,Asia,Middle East,Georgia - GE - Asia,, 36 155,-100%,  ,0%,  ,0%,0.00,0.00,0.00,0.00,0.00,Standard,,AIRL,0.00,0.00,0.00,0.00,0.00,0.00,1850,0,2022-01-21,EUR
COM13946,MIRACLE FLIGHT SUPPORT (FZE) - United Arab Emirates,PotCust,MIRACLE FLIGHT SUPPORT (FZE),Asia,Middle East,United Arab Emirates - AE - Asia,, 32 208,-100%,  ,0%,  ,0%,0.00,0.00,0.00,0.00,0.00,New FSP,,FSP,0.00,0.00,0.00,0.00,0.00,0.00,1851,0,2021-12-01,EUR
COM13947,Pharma Nord - Denmark,PotCust,Pharma Nord,Europe,Europe Northern,Denmark - DK - Europe,,  ,0%,  ,0%,  ,0%,0.00,0.00,0.00,0.00,0.00,,,GA-BA,0.00,0.00,0.00,0.00,0.00,0.00,1852,0,,EUR
COM13948,TRADEMID - Turkey,NonCust,TRADEMID,Asia,Middle East,Turkey - TR - Asia,, 180 837,-100%,  ,0%,  ,0%,0.00,0.00,0.00,0.00,0.00,New FSP,,FSP,0.00,0.00,0.00,0.00,0.00,0.00,1853,0,2022-01-07,EUR
COM13949,JAMBOJET - Kenya,PotCust,JAMBOJET,Africa,Africa Sub-Saharan,Kenya - KE - Africa,,  ,0%,  ,0%,  ,0%,0.00,0.00,0.00,0.00,0.00,,,AIRL,0.00,0.00,0.00,0.00,0.00,0.00,1854,8,,USD
COM13950,FSP IRM INDIA - India,Customer,FSP IRM INDIA,Asia,Asia Southern,India - IN - Asia,,  ,0%, 20 886,26%, 26 373,7%,"28,294.00","30,582.00","42,380.00","16,496.00","28,294.00",Old,APAC5,FSP,0.00,0.00,0.00,0.00,0.00,0.00,1855,1,2023-03-28,EUR
COM13951,SkyAlps - Italy,Customer,SkyAlps,Europe,Europe Southern,Italy - IT - Europe,, 23 611,429%, 124 808,87%, 232 975,73%,"402,429.00","273,209.00","452,785.00","222,853.00","402,429.00",Standard,EUR4,AIRL,"39,335.00",0.00,"39,335.00",0.00,0.00,0.00,1856,10,2022-01-12,EUR
,,,,,,,,  ,0%,  ,0%,  ,0%,0.00,0.00,0.00,0.00,0.00,,,,0.00,0.00,0.00,0.00,0.00,0.00,1857,,,
COM13953,"AeroSolutionKorea - Korea, Republic of",PotCust,AeroSolutionKorea,Asia,Asia Eastern,"Korea, Republic of - KR - Asia",,  ,0%,  ,0%,  ,0%,0.00,0.00,0.00,0.00,0.00,,,GA-BA,0.00,0.00,0.00,0.00,0.00,0.00,1858,0,,EUR
COM13954,AIR CARGO GLOBAL - Slovakia,NonCust,AIR CARGO GLOBAL,Europe,Europe Eastern,Slovakia - SK - Europe,,  ,0%,  ,0%,  ,0%,0.00,0.00,0.00,0.00,0.00,,,AIRL,0.00,0.00,0.00,0.00,0.00,0.00,1859,0,,EUR
COM13955,MAE Aircraft Management (MENA CARGO) - Bahrain,Quarantine,MAE Aircraft Management (MENA CARGO),Asia,Middle East,Bahrain - BH - Asia,, 29 591,-57%, 12 602,370%, 59 258,-100%,0.00,0.00,0.00,0.00,0.00,Standard,APAC5,AIRL,0.00,0.00,0.00,0.00,0.00,0.00,1860,1,2021-11-01,EUR
COM13956,Nomadic Aviation Group - United States of America,Customer,Nomadic Aviation Group,Americas,"America, Northern",United States of America - US - Americas,,  ,0%,  ,0%,  ,0%,0.00,0.00,0.00,0.00,0.00,Standard,,FSP,"5,625.00","5,625.00",0.00,0.00,0.00,0.00,1861,0,2026-07-06,USD
COM13957,MANASIK AVIATION - Saudi Arabia,PotCust,MANASIK AVIATION,Asia,Middle East,Saudi Arabia - SA - Asia,, 25 626,28%, 32 735,2%, 33 419,87%,"62,550.00","16,279.00","41,542.00","37,287.00","62,550.00",Standard,APAC5,GA-BA,0.00,0.00,0.00,0.00,0.00,0.00,1862,2,2022-02-25,USD
COM13958,"AA Corporation - Korea, Republic of",PotCust,AA Corporation,Asia,Asia Eastern,"Korea, Republic of - KR - Asia",,  ,0%,  ,0%,  ,0%,0.00,0.00,0.00,0.00,0.00,,,FSP,0.00,0.00,0.00,0.00,0.00,0.00,1863,0,,USD
COM13959,Compass Airways Belgium - Belgium,NonCust,Compass Airways Belgium,Europe,Europe Western,Belgium - BE - Europe,,  ,0%,  ,0%,  ,0%,0.00,0.00,0.00,0.00,0.00,,,AIRL,0.00,0.00,0.00,0.00,0.00,0.00,1864,0,,EUR
COM13960,NEXUS INDIA - India,Customer,NEXUS INDIA,Asia,Asia Southern,India - IN - Asia,, 117 329,9%, 127 796,73%, 220 679,-6%,"207,863.00","119,327.00","206,849.00","120,342.00","207,863.00",New FSP,APAC5,FSP,"24,055.00",0.00,"16,241.00","7,814.00",0.00,0.00,1865,0,2022-01-05,USD
COM13961,MET EXPRESS AIR - Philippines,PotCust,MET EXPRESS AIR,Asia,Asia South-eastern,Philippines - PH - Asia,,  ,0%,  ,0%,  ,0%,0.00,0.00,0.00,0.00,0.00,Standard,,AIRL,0.00,0.00,0.00,0.00,0.00,0.00,1866,,2023-01-12,USD
COM13962,247 Aviation - United Kingdom of Great Britain and Northern Ireland,PotCust,247 Aviation,Europe,Europe Northern,United Kingdom of Great Britain and Northern Ireland - GB - Europe,,  ,0%,  ,0%,  ,0%,0.00,0.00,0.00,0.00,0.00,,,GA-BA,0.00,0.00,0.00,0.00,0.00,0.00,1867,0,,EUR
COM13963,SPARFELL Airways SA - Switzerland,PotCust,SPARFELL Airways SA,Europe,Europe Western,Switzerland - CH - Europe,, 65 802,-3%, 63 869,-27%, 46 480,-100%,0.00,0.00,0.00,0.00,0.00,Standard,EUR5,GA-BA,0.00,0.00,0.00,0.00,0.00,0.00,1868,1,2021-12-01,EUR
COM13964,Premier International - Australia,PotCust,Premier International,Oceania,Australia and New Zealand,Australia - AU - Oceania,,  ,0%,  ,0%,  ,0%,0.00,0.00,0.00,0.00,0.00,,,,0.00,0.00,0.00,0.00,0.00,0.00,1869,0,,EUR
COM13965,Poonawalla Aviation - India,Customer via,Poonawalla Aviation,Asia,Asia Southern,India - IN - Asia,,  ,0%,  ,0%,  ,0%,0.00,0.00,0.00,0.00,0.00,,,GA-BA,0.00,0.00,0.00,0.00,0.00,0.00,1870,0,2024-04-29,EUR
COM13966,Saudi MedEvac - Saudi Arabia,PotCust,Saudi MedEvac,Asia,Middle East,Saudi Arabia - SA - Asia,,  ,0%,  ,0%,  ,0%,0.00,0.00,0.00,0.00,0.00,,,GA-BA,0.00,0.00,0.00,0.00,0.00,0.00,1871,0,,EUR
COM13967,Avidus Jet Management - United Kingdom of Great Britain and Northern Ireland,PotCust,Avidus Jet Management,Europe,Europe Northern,United Kingdom of Great Britain and Northern Ireland - GB - Europe,,  ,0%,  ,0%,  ,0%,0.00,0.00,0.00,0.00,0.00,,,GA-BA,0.00,0.00,0.00,0.00,0.00,0.00,1872,0,,EUR
COM13968,Natireva (Air Moana) - French Polynesia,Customer,Natireva (Air Moana),Oceania,Polynesia,French Polynesia - PF - Oceania,, 71 519,77%, 126 300,7%, 135 444,15%,"156,165.00","119,842.00","194,179.00","81,828.00","156,165.00",Standard,APAC5,AIRL,"-11,790.00",0.00,0.00,"-11,790.00",0.00,0.00,1873,3,2022-02-20,EUR
COM13969,PELICAN AIR SERVICES Ltd - Nigeria,PotCust,PELICAN AIR SERVICES Ltd,Africa,Africa Sub-Saharan,Nigeria - NG - Africa,,  ,0%,  ,0%,  ,0%,0.00,0.00,0.00,0.00,0.00,,,GA-BA,0.00,0.00,0.00,0.00,0.00,0.00,1874,0,2022-01-07,USD
COM13970,Air Mauritius - Mauritius,PotCust,Air Mauritius,Africa,Africa Sub-Saharan,Mauritius - MU - Africa,,  ,0%,  ,0%,  ,0%,0.00,0.00,0.00,0.00,0.00,,,AIRL,0.00,0.00,0.00,0.00,0.00,0.00,1875,0,,EUR
COM13971,Kunooz Airlines (Egypt) - Egypt,PotCust,Kunooz Airlines (Egypt),Africa,Africa Northern,Egypt - EG - Africa,,  ,0%,  ,0%,  ,0%,0.00,0.00,0.00,0.00,0.00,,,AIRL,0.00,0.00,0.00,0.00,0.00,0.00,1876,0,,EUR
COM13972,Fly LeOne - Italy,PotCust,Fly LeOne,Europe,Europe Southern,Italy - IT - Europe,,  ,0%, 6 503,-73%, 1 754,-100%,0.00,0.00,0.00,0.00,0.00,Standard,EUR5,GA-BA,0.00,0.00,0.00,0.00,0.00,0.00,1877,1,2023-04-04,EUR
COM13973,KNMI – EMADDC - Netherlands,NonCust,KNMI – EMADDC,Europe,Europe Western,Netherlands - NL - Europe,,  ,0%,  ,0%,  ,0%,0.00,0.00,0.00,0.00,0.00,Standard,,,0.00,0.00,0.00,0.00,0.00,0.00,1878,0,2021-12-12,EUR
COM13974,AIR EXPLORE - Slovakia,Customer,AIR EXPLORE,Europe,Europe Eastern,Slovakia - SK - Europe,, 80 488,-9%, 72 877,19%, 86 379,5%,"91,044.00","68,868.00","102,905.00","57,007.00","91,044.00",Standard,EUR4,AIRL,"6,789.00",0.00,"6,789.00",0.00,0.00,0.00,1879,17,2022-02-01,EUR
COM13975,AEROCONTROL - United Arab Emirates,Customer,AEROCONTROL,Asia,Middle East,United Arab Emirates - AE - Asia,, 31 773,13%, 35 928,38%, 49 467,-53%,"23,166.00","16,804.00","29,239.00","10,731.00","23,166.00",Old FSP,APAC5,FSP,0.00,0.00,0.00,0.00,0.00,0.00,1880,0,2022-01-01,EUR
COM13977,RwandAir - Rwanda,PotCust,RwandAir,Africa,Africa Sub-Saharan,Rwanda - RW - Africa,,  ,0%,  ,0%,  ,0%,0.00,0.00,0.00,0.00,0.00,,,AIRL,0.00,0.00,0.00,0.00,0.00,0.00,1881,15,,EUR
COM13978,AMS Aero (billing company for HCAA) - Greece,Customer,AMS Aero (billing company for HCAA),Europe,Europe Southern,Greece - GR - Europe,, 31 441,0%, 31 511,8%, 34 041,8%,"36,807.00",0.00,"36,807.00",0.00,"36,807.00",Old,EUR5,GA-BA,0.00,0.00,0.00,0.00,0.00,0.00,1882,1,2021-12-22,EUR
COM13979,Green Airlines - Germany,PotCust,Green Airlines,Europe,Europe Western,Germany - DE - Europe,,  ,0%,  ,0%,  ,0%,0.00,0.00,0.00,0.00,0.00,,,AIRL,0.00,0.00,0.00,0.00,0.00,0.00,1883,0,,EUR
,,,,,,,,  ,0%,  ,0%,  ,0%,0.00,0.00,0.00,0.00,0.00,,,,0.00,0.00,0.00,0.00,0.00,0.00,1884,,,
COM13981,Celeste Air - France,Customer via,Celeste Air,Europe,Europe Western,France - FR - Europe,,  ,0%,  ,0%,  ,0%,0.00,0.00,0.00,0.00,0.00,,,AIRL,0.00,0.00,0.00,0.00,0.00,0.00,1885,0,2025-12-07,EUR
COM13982,Flairway Aviation - Rwanda,PotCust,Flairway Aviation,Africa,Africa Sub-Saharan,Rwanda - RW - Africa,,  ,0%,  ,0%,  ,0%,0.00,0.00,0.00,0.00,0.00,,,FSP,0.00,0.00,0.00,0.00,0.00,0.00,1886,0,,EUR
COM13983,AeroItalia - Italy,Customer,AeroItalia,Europe,Europe Southern,Italy - IT - Europe,,  ,0%,  ,0%,  ,0%,0.00,"344,405.00","344,405.00",0.00,0.00,Standard,EUR4,AIRL,"344,474.00",0.00,"57,412.00","57,412.00","57,412.00","172,237.00",1887,14,2025-10-09,EUR
COM13984,Air Independence GmbH - Germany,PotCust,Air Independence GmbH,Europe,Europe Western,Germany - DE - Europe,,  ,0%,  ,0%,  ,0%,0.00,0.00,0.00,0.00,0.00,,,GA-BA,0.00,0.00,0.00,0.00,0.00,0.00,1888,0,,EUR
COM13985,Airstream - Czechia,PotCust,Airstream,Europe,Europe Eastern,Czechia - CZ - Europe,, 45 764,82%, 83 069,-92%, 6 904,-100%,0.00,0.00,0.00,0.00,0.00,Standard,EUR4,GA-BA,0.00,0.00,0.00,0.00,0.00,0.00,1889,6,2018-01-03,EUR
COM13986,ASIAN AEROSPACE - Philippines,PotCust,ASIAN AEROSPACE,Asia,Asia South-eastern,Philippines - PH - Asia,, 12 169,-100%,  ,0%,  ,0%,0.00,0.00,0.00,0.00,0.00,Standard,,GA-BA,0.00,0.00,0.00,0.00,0.00,0.00,1890,0,2022-01-06,EUR
COM13987,Aviation Horizons - Saudi Arabia,Pending Closure,Aviation Horizons,Asia,Middle East,Saudi Arabia - SA - Asia,, 131 200,-6%, 122 728,-32%, 83 010,-36%,"53,242.00","33,584.00","55,780.00","31,046.00","53,242.00",Standard,APAC5,GA-BA,"3,761.00",0.00,"3,761.00",0.00,0.00,0.00,1891,4,2022-01-12,EUR
COM13990,Mountain Air Cargo - United States of America,Customer,Mountain Air Cargo,Americas,"America, Northern",United States of America - US - Americas,, 319 312,42%, 454 437,19%, 538 832,-5%,"512,572.00","289,377.00","497,003.00","304,946.00","512,572.00",Standard,AME4,AIRL,"39,709.00",0.00,"39,709.00",0.00,0.00,0.00,1892,23,2016-04-01,USD
COM13991,Citijet Air Charter - South Africa,PotCust,Citijet Air Charter,Africa,Africa Sub-Saharan,South Africa - ZA - Africa,,  ,0%,  ,0%,  ,0%,0.00,0.00,0.00,0.00,0.00,,,FSP,0.00,0.00,0.00,0.00,0.00,0.00,1893,0,,EUR
COM13992,Flight Pit Stop - United Arab Emirates,Customer,Flight Pit Stop,Asia,Middle East,United Arab Emirates - AE - Asia,, 38 061,32%, 50 188,-11%, 44 842,10%,"49,295.00","32,149.00","51,863.00","29,582.00","49,295.00",New FSP,APAC5,FSP,"9,648.00",0.00,"4,261.00","5,387.00",0.00,0.00,1894,0,2022-01-13,EUR
COM13994,Jet Aviation - Switzerland,PotCust,Jet Aviation,Europe,Europe Western,Switzerland - CH - Europe,, 99 478,-38%, 62 169,-100%,  ,0%,0.00,0.00,0.00,0.00,0.00,Standard,,GA-BA,0.00,0.00,0.00,0.00,0.00,0.00,1895,4,2021-06-02,EUR
COM13995,Fly Fast Airlines - Russian Federation,Quarantine,Fly Fast Airlines,Europe,Europe Eastern,Russian Federation - RU - Europe,,  ,0%,  ,0%,  ,0%,0.00,0.00,0.00,0.00,0.00,,,GA-BA,0.00,0.00,0.00,0.00,0.00,0.00,1896,0,,EUR
COM13996,QA Aviation (Former: Queen Air s.r.o) - Czechia,Customer,QA Aviation (Former: Queen Air s.r.o),Europe,Europe Eastern,Czechia - CZ - Europe,, 43 521,1%, 44 052,-12%, 38 743,7%,"41,557.00","17,851.00","35,175.00","24,233.00","41,557.00",Standard,EUR5,GA-BA,0.00,0.00,0.00,0.00,0.00,0.00,1897,3,2022-02-01,EUR
COM13997,FORTIS - United States of America,PotCust,FORTIS,Americas,"America, Northern",United States of America - US - Americas,,  ,0%,  ,0%,  ,0%,0.00,0.00,0.00,0.00,0.00,,,GA-BA,0.00,0.00,0.00,0.00,0.00,0.00,1898,0,,USD
COM13998,Aviacon Zitotrans JSC - Russian Federation,Quarantine,Aviacon Zitotrans JSC,Europe,Europe Eastern,Russian Federation - RU - Europe,,  ,0%,  ,0%,  ,0%,0.00,0.00,0.00,0.00,0.00,,,AIRL,0.00,0.00,0.00,0.00,0.00,0.00,1899,0,,EUR
COM13999,Sriwijaya Air - Indonesia,Customer via,Sriwijaya Air,Asia,Asia South-eastern,Indonesia - ID - Asia,,  ,0%,  ,0%,  ,0%,0.00,0.00,0.00,0.00,0.00,,,AIRL,0.00,0.00,0.00,0.00,0.00,0.00,1900,13,2024-04-29,USD
COM14001,Holiday Europe - Bulgaria,NonCust,Holiday Europe,Europe,Europe Eastern,Bulgaria - BG - Europe,, 78 676,-121%,- 16 625,-100%,  ,0%,0.00,0.00,0.00,0.00,0.00,Standard,,AIRL,0.00,0.00,0.00,0.00,0.00,0.00,1901,1,2022-02-04,EUR
COM14002,FVL AVIATION LTD - United Kingdom of Great Britain and Northern Ireland,PotCust,FVL AVIATION LTD,Europe,Europe Northern,United Kingdom of Great Britain and Northern Ireland - GB - Europe,,  ,0%,  ,0%,  ,0%,0.00,0.00,0.00,0.00,0.00,,,GA-BA,0.00,0.00,0.00,0.00,0.00,0.00,1902,0,,EUR
COM14003,QATAR AIRWAYS - Qatar,PotCust,QATAR AIRWAYS,Asia,Middle East,Qatar - QA - Asia,,  ,0%,  ,0%,  ,0%,0.00,0.00,0.00,0.00,0.00,,,AIRL,0.00,0.00,0.00,0.00,0.00,0.00,1903,0,,EUR
COM14004,IFLY AIR - Kenya,PotCust,IFLY AIR,Africa,Africa Sub-Saharan,Kenya - KE - Africa,,  ,0%,  ,0%,  ,0%,0.00,0.00,0.00,0.00,0.00,,,AIRL,0.00,0.00,0.00,0.00,0.00,0.00,1904,0,2023-02-01,EUR
COM14005,YEMENIA - Yemen,"Customer, on hold",YEMENIA,Asia,Middle East,Yemen - YE - Asia,,  ,0%, 352 643,25%, 440 503,-47%,"233,932.00",0.00,"17,867.00","216,065.00","233,932.00",Standard,APAC4,AIRL,0.00,0.00,0.00,0.00,0.00,0.00,1905,5,2023-01-01,USD
COM14006,Motu Link - French Polynesia,PotCust,Motu Link,Oceania,Polynesia,French Polynesia - PF - Oceania,,  ,0%,  ,0%,  ,0%,0.00,0.00,0.00,0.00,0.00,,,AIRL,0.00,0.00,0.00,0.00,0.00,0.00,1906,0,,EUR
COM14007,Manx Jet Management Ltd. - Isle of Man,PotCust,Manx Jet Management Ltd.,Europe,Europe Northern,Isle of Man - IM - Europe,,  ,0%,  ,0%,  ,0%,0.00,0.00,0.00,0.00,0.00,,,GA-BA,0.00,0.00,0.00,0.00,0.00,0.00,1907,0,,EUR
COM14008,Falcon Wings Aviation Academy - Saudi Arabia,Customer,Falcon Wings Aviation Academy,Asia,Middle East,Saudi Arabia - SA - Asia,,  ,0%,  ,0%,  ,0%,0.00,0.00,0.00,0.00,0.00,Standard,APAC5,GA-BA,0.00,0.00,0.00,0.00,0.00,0.00,1908,0,2026-01-02,USD
COM14009,FSP MAYFAIR - United Arab Emirates,Customer,FSP MAYFAIR,Asia,Middle East,United Arab Emirates - AE - Asia,, 31 401,41%, 44 172,8%, 47 635,7%,"51,088.00","32,591.00","53,891.00","29,788.00","51,088.00",New FSP,APAC5,FSP,0.00,0.00,0.00,0.00,0.00,0.00,1909,0,2022-02-14,EUR
COM14010,EACS - Libya,PotCust,EACS,Africa,Africa Northern,Libya - LY - Africa,,  ,0%,  ,0%,  ,0%,0.00,0.00,0.00,0.00,0.00,,,AIRL,0.00,0.00,0.00,0.00,0.00,0.00,1910,0,,EUR
COM14011,XEJET Airlines - Nigeria,Customer,XEJET Airlines,Africa,Africa Sub-Saharan,Nigeria - NG - Africa,,  ,0%, 76 309,96%, 149 298,78%,"265,217.00","161,208.00","283,399.00","143,026.00","265,217.00",Standard,AFR5,AIRL,0.00,0.00,0.00,0.00,0.00,0.00,1911,10,2023-01-05,USD
,Myanmar National Airlines (MNA) - Myanmar,PotCust,Myanmar National Airlines (MNA),Asia,Asia South-eastern,Myanmar - MM - Asia,,  ,0%,  ,0%,  ,0%,0.00,0.00,0.00,0.00,0.00,,,AIRL,0.00,0.00,0.00,0.00,0.00,0.00,1912,0,,EUR
COM14013,GIG AVIATION - Nigeria,PotCust,GIG AVIATION,Africa,Africa Sub-Saharan,Nigeria - NG - Africa,,  ,0%,  ,0%,  ,0%,0.00,0.00,0.00,0.00,0.00,,,AIRL,0.00,0.00,0.00,0.00,0.00,0.00,1913,0,,USD
COM14014,VistaJet (Malta) - Malta,Customer,VistaJet (Malta),Europe,Europe Southern,Malta - MT - Europe,, 162 324,97%, 319 405,13%, 360 752,0%,"361,026.00","227,712.00","378,213.00","210,525.00","361,026.00",Standard,EUR4,GA-BA,"32,540.00",0.00,"32,540.00",0.00,0.00,0.00,1914,20,2022-09-13,EUR
COM14015,MTR EXPRESS - Malaysia,PotCust,MTR EXPRESS,Asia,Asia South-eastern,Malaysia - MY - Asia,,  ,0%,  ,0%,  ,0%,0.00,0.00,0.00,0.00,0.00,,,AIRL,0.00,0.00,0.00,0.00,0.00,0.00,1915,0,,USD
COM14016,AIR CONNECT - Romania,Customer via,AIR CONNECT,Europe,Europe Eastern,Romania - RO - Europe,,  ,0%,  ,0%,  ,0%,0.00,0.00,0.00,0.00,0.00,,,AIRL,0.00,0.00,0.00,0.00,0.00,0.00,1916,0,2024-04-09,EUR
COM14017,IFUEL - Saudi Arabia,Quarantine,IFUEL,Asia,Middle East,Saudi Arabia - SA - Asia,, 5 347,"1,168%", 67 800,9%, 73 942,11%,"81,960.00","44,304.00","78,474.00","47,790.00","81,960.00",New FSP,APAC5,FSP,"29,547.00",0.00,0.00,"7,387.00","7,387.00","14,773.00",1917,0,2022-10-01,EUR
COM14018,ExecuJet Europe A/S - Denmark,PotCust,ExecuJet Europe A/S,Europe,Europe Northern,Denmark - DK - Europe,, 121 869,-70%, 36 922,-100%,  ,0%,0.00,0.00,0.00,0.00,0.00,Standard,,GA-BA,0.00,0.00,0.00,0.00,0.00,0.00,1918,0,2020-06-01,EUR
COM14019,Shannon Air Ground Handling - Ireland,PotCust,Shannon Air Ground Handling,Europe,Europe Northern,Ireland - IE - Europe,,  ,0%,  ,0%,  ,0%,0.00,0.00,0.00,0.00,0.00,,,FSP,0.00,0.00,0.00,0.00,0.00,0.00,1919,0,,EUR
COM14020,Wiseway Cargo Airlines - Australia,Quarantine,Wiseway Cargo Airlines,Oceania,Australia and New Zealand,Australia - AU - Oceania,, 39 219,-100%,  ,0%,  ,0%,0.00,0.00,0.00,0.00,0.00,Standard,,AIRL,0.00,0.00,0.00,0.00,0.00,0.00,1920,0,2022-10-01,EUR
COM14021,AirSWIFT - Philippines,PotCust,AirSWIFT,Asia,Asia South-eastern,Philippines - PH - Asia,,  ,0%,  ,0%,  ,0%,0.00,0.00,0.00,0.00,0.00,,,AIRL,0.00,0.00,0.00,0.00,0.00,0.00,1921,0,,USD
COM14022,SMJet - San Marino,Customer,SMJet,Europe,Europe Southern,San Marino - SM - Europe,, 38 898,81%, 70 572,8%, 76 035,7%,"81,027.00","51,107.00","84,885.00","47,249.00","81,027.00",Standard,EUR5,GA-BA,0.00,0.00,0.00,0.00,0.00,0.00,1922,2,2022-03-04,EUR
COM14023,Myanmar Airways International (MAI) - Myanmar,Customer,Myanmar Airways International (MAI),Asia,Asia South-eastern,Myanmar - MM - Asia,,  ,0%, 449 751,3%, 462 701,9%,"504,392.00","321,159.00","541,490.00","284,061.00","504,392.00",Standard,APAC4,AIRL,"57,684.00",0.00,"57,684.00",0.00,0.00,0.00,1923,11,2022-08-01,EUR
COM14024,SATA INTERNATIONAL - Portugal,Pending Closure,SATA INTERNATIONAL,Europe,Europe Southern,Portugal - PT - Europe,,  ,0%, 164 847,248%, 573 040,-100%,-163.00,"186,002.00","-162,599.00","348,437.00",-163.00,Standard,EUR4,AIRL,"186,060.00",0.00,"26,580.00","26,580.00","26,580.00","106,320.00",1924,9,2023-01-02,EUR
COM14025,Sorens Aero - Malta,Customer,Sorens Aero,Europe,Europe Southern,Malta - MT - Europe,, 65 718,-17%, 54 403,-77%, 12 270,7%,"13,166.00","8,304.00","13,792.00","7,677.00","13,166.00",Standard,EUR5,GA-BA,"1,187.00",0.00,"1,187.00",0.00,0.00,0.00,1925,0,2022-05-01,EUR
COM14026,MAKSIM SYRYTSA - Poland,PotCust,MAKSIM SYRYTSA,Europe,Europe Eastern,Poland - PL - Europe,, 31 897,-100%,  ,0%,  ,0%,0.00,0.00,0.00,0.00,0.00,New FSP,,FSP,0.00,0.00,0.00,0.00,0.00,0.00,1926,1,2022-03-16,USD
COM14027,Air Seychelles - Seychelles,Customer,Air Seychelles,Africa,Africa Sub-Saharan,Seychelles - SC - Africa,,  ,0%, 255 148,13%, 287 493,2%,"294,237.00","180,431.00","303,089.00","171,579.00","294,237.00",Standard,AFR4,AIRL,"25,784.00",0.00,"25,784.00",0.00,0.00,0.00,1927,7,2023-01-01,EUR
COM14028,ALAR AVIATION d.o.o.(Tinadar) - Slovenia,NonCust,ALAR AVIATION d.o.o.(Tinadar),Europe,Europe Southern,Slovenia - SI - Europe,,  ,0%, 20 903,82%, 37 985,-72%,"10,721.00",0.00,0.00,"10,721.00","10,721.00",Standard,EUR5,GA-BA,0.00,0.00,0.00,0.00,0.00,0.00,1928,2,2022-03-18,EUR
COM14029,InterCaribbean Airways - Turks and Caicos Islands,Customer,InterCaribbean Airways,Americas,"America, Latin and the Caribbean",Turks and Caicos Islands - TC - Americas,,  ,0%, 110 016,318%, 460 316,-5%,"438,637.00","351,165.00","530,934.00","258,868.00","438,637.00",Standard,AME4,AIRL,"62,609.00",0.00,"55,665.00","6,944.00",0.00,0.00,1929,11,2023-03-21,USD
,SKY VISION AIRLINES A Operation - Egypt,Customer via,SKY VISION AIRLINES A Operation,Africa,Africa Northern,Egypt - EG - Africa,,  ,0%,  ,0%,  ,0%,0.00,0.00,0.00,0.00,0.00,,AFR5,AIRL,0.00,0.00,0.00,0.00,0.00,0.00,1930,6,2022-08-10,EUR
COM14031,Sahel Aviation Service - Mali,PotCust,Sahel Aviation Service,Africa,Africa Sub-Saharan,Mali - ML - Africa,,  ,0%,  ,0%,  ,0%,0.00,0.00,0.00,0.00,0.00,,,GA-BA,0.00,0.00,0.00,0.00,0.00,0.00,1931,0,,EUR
COM14032,AMAZAIR - Cayman Islands,PotCust,AMAZAIR,Americas,"America, Latin and the Caribbean",Cayman Islands - KY - Americas,,  ,0%,  ,0%,  ,0%,0.00,0.00,0.00,0.00,0.00,,,AIRL,0.00,0.00,0.00,0.00,0.00,0.00,1932,0,,USD
COM14033,MASARAT AVIATION - Saudi Arabia,PotCust,MASARAT AVIATION,Asia,Middle East,Saudi Arabia - SA - Asia,,  ,0%,  ,0%,  ,0%,0.00,0.00,0.00,0.00,0.00,,,FSP,0.00,0.00,0.00,0.00,0.00,0.00,1933,0,,USD
COM14034,RAS JET SERVICES - United Kingdom of Great Britain and Northern Ireland,PotCust,RAS JET SERVICES,Europe,Europe Northern,United Kingdom of Great Britain and Northern Ireland - GB - Europe,,  ,0%,  ,0%,  ,0%,0.00,0.00,0.00,0.00,0.00,,,GA-BA,0.00,0.00,0.00,0.00,0.00,0.00,1934,0,,EUR
COM14035,KM Malta Airlines (ex Air Malta) - Malta,PotCust,KM Malta Airlines (ex Air Malta),Europe,Europe Southern,Malta - MT - Europe,,  ,0%,  ,0%,  ,0%,0.00,0.00,0.00,0.00,0.00,,,AIRL,0.00,0.00,0.00,0.00,0.00,0.00,1935,8,,EUR
COM14036,Eznis Airways LLC - Mongolia,Quarantine,Eznis Airways LLC,Asia,Asia Eastern,Mongolia - MN - Asia,, 63 534,220%, 203 121,-4%, 194 979,-83%,"32,992.00",0.00,0.00,"32,992.00","32,992.00",Standard,APAC5,AIRL,0.00,0.00,0.00,0.00,0.00,0.00,1936,1,2022-05-26,EUR
COM14037,NASJET - Saudi Arabia,PotCust,NASJET,Asia,Middle East,Saudi Arabia - SA - Asia,,  ,0%,  ,0%,  ,0%,0.00,0.00,0.00,0.00,0.00,,,GA-BA,0.00,0.00,0.00,0.00,0.00,0.00,1937,0,,USD
COM14038,Alpha Star Aviation Services/ Infinity Aviation Academy - Saudi Arabia,Customer,Alpha Star Aviation Services/ Infinity Aviation Academy,Asia,Middle East,Saudi Arabia - SA - Asia,, 42 055,3%, 43 282,10%, 47 490,-2%,"46,664.00","54,583.00","54,583.00","46,664.00","46,664.00",Old,APAC5,GA-BA,"54,328.00",0.00,0.00,"54,328.00",0.00,0.00,1938,12,2022-06-21,USD
COM14039,Freedom Airline Express - Kenya,PotCust,Freedom Airline Express,Africa,Africa Sub-Saharan,Kenya - KE - Africa,,  ,0%,  ,0%,  ,0%,0.00,0.00,0.00,0.00,0.00,,,AIRL,0.00,0.00,0.00,0.00,0.00,0.00,1939,0,,EUR
COM14040,Super Air Jet - Indonesia,PotCust,Super Air Jet,Asia,Asia South-eastern,Indonesia - ID - Asia,,  ,0%,  ,0%,  ,0%,0.00,0.00,0.00,0.00,0.00,,,AIRL,0.00,0.00,0.00,0.00,0.00,0.00,1940,0,,USD
,,,,,,,,  ,0%,  ,0%,  ,0%,0.00,0.00,0.00,0.00,0.00,,,,0.00,0.00,0.00,0.00,0.00,0.00,1941,,,
COM14042,AFJETS - Malaysia,PotCust,AFJETS,Asia,Asia South-eastern,Malaysia - MY - Asia,,  ,0%,  ,0%,  ,0%,0.00,0.00,0.00,0.00,0.00,Standard,,GA-BA,0.00,0.00,0.00,0.00,0.00,0.00,1942,0,2022-05-10,USD
COM14043,FTC CONSULTING - Switzerland,NonCust,FTC CONSULTING,Europe,Europe Western,Switzerland - CH - Europe,, 31 608,82%, 57 534,-46%, 30 972,-100%,0.00,0.00,0.00,0.00,0.00,Standard,EUR5,GA-BA,0.00,0.00,0.00,0.00,0.00,0.00,1943,1,2022-04-19,EUR
COM14044,BESTFLY TICV - Cabo Verde,PotCust,BESTFLY TICV,Africa,Africa Sub-Saharan,Cabo Verde - CV - Africa,,  ,0%,  ,0%,  ,0%,0.00,0.00,0.00,0.00,0.00,,,AIRL,0.00,0.00,0.00,0.00,0.00,0.00,1944,0,,EUR
COM14045,MAVI GOK AVIATION (MGA Airlines) - Turkey,Customer,MAVI GOK AVIATION (MGA Airlines),Asia,Middle East,Turkey - TR - Asia,, 127 128,169%, 341 863,96%, 668 816,3%,"691,709.00","381,868.00","647,231.00","426,346.00","691,709.00",Standard,APAC4,AIRL,0.00,0.00,0.00,0.00,0.00,0.00,1945,6,2022-05-11,EUR
COM14046,Adriyatik Aviation - Turkey,Customer,Adriyatik Aviation,Asia,Middle East,Turkey - TR - Asia,, 16 140,153%, 40 863,8%, 44 078,7%,"47,281.00","29,818.00","49,531.00","27,568.00","47,281.00",New FSP,APAC5,FSP,0.00,0.00,0.00,0.00,0.00,0.00,1946,0,2022-08-01,EUR
COM14047,BLACK EAGLE - Turkey,PotCust,BLACK EAGLE,Asia,Middle East,Turkey - TR - Asia,,  ,0%,  ,0%,  ,0%,0.00,0.00,0.00,0.00,0.00,,,GA-BA,0.00,0.00,0.00,0.00,0.00,0.00,1947,0,,EUR
COM14048,Armenia Airways CJSC - Armenia,Customer,Armenia Airways CJSC,Asia,Middle East,Armenia - AM - Asia,, 36 040,114%, 77 105,6%, 81 468,17%,"95,199.00","64,980.00","105,519.00","54,660.00","95,199.00",Standard,APAC5,AIRL,"8,881.00",0.00,"8,765.00",0.00,116.00,0.00,1948,2,2022-05-01,EUR
COM14049,CROATIA AIRLINES - Croatia,PotCust,CROATIA AIRLINES,Europe,Europe Southern,Croatia - HR - Europe,,  ,0%,  ,0%,  ,0%,0.00,0.00,0.00,0.00,0.00,,,AIRL,0.00,0.00,0.00,0.00,0.00,0.00,1949,20,,EUR
COM14050,South African Airways - South Africa,PotCust,South African Airways,Africa,Africa Sub-Saharan,South Africa - ZA - Africa,,  ,0%,  ,0%,  ,0%,0.00,0.00,0.00,0.00,0.00,,,AIRL,0.00,0.00,0.00,0.00,0.00,0.00,1950,0,,EUR
COM14051,AVIOR - Kazakhstan,NonCust,AVIOR,Asia,Middle East,Kazakhstan - KZ - Asia,, 12 916,111%, 27 251,62%, 44 078,-37%,"27,568.00",0.00,0.00,"27,568.00","27,568.00",New FSP,APAC5,FSP,0.00,0.00,0.00,0.00,0.00,0.00,1951,0,2022-05-18,EUR
COM14052,Lion Air Group - Indonesia,PotCust,Lion Air Group,Asia,Asia South-eastern,Indonesia - ID - Asia,,  ,0%,  ,0%,  ,0%,0.00,0.00,0.00,0.00,0.00,,,AIRL,0.00,0.00,0.00,0.00,0.00,0.00,1952,0,,USD
COM14053,NOMAD AVIATION - Switzerland,PotCust,NOMAD AVIATION,Europe,Europe Western,Switzerland - CH - Europe,,  ,0%,  ,0%,  ,0%,0.00,0.00,0.00,0.00,0.00,,,GA-BA,0.00,0.00,0.00,0.00,0.00,0.00,1953,0,,EUR
COM14054,25ONLY AVIATION - Germany,NonCust,25ONLY AVIATION,Europe,Europe Western,Germany - DE - Europe,,  ,0%,  ,0%,  ,0%,0.00,0.00,0.00,0.00,0.00,,,GA-BA,0.00,0.00,0.00,0.00,0.00,0.00,1954,0,,EUR
COM14055,"Eastar Jet - Korea, Republic of",PotCust,Eastar Jet,Asia,Asia Eastern,"Korea, Republic of - KR - Asia",,  ,0%,  ,0%,  ,0%,0.00,0.00,0.00,0.00,0.00,,,AIRL,0.00,0.00,0.00,0.00,0.00,0.00,1955,20,,USD
COM14056,SKYWINGS - United Arab Emirates,Customer,SKYWINGS,Asia,Middle East,United Arab Emirates - AE - Asia,, 16 140,132%, 37 457,18%, 44 078,7%,"47,281.00","29,818.00","49,531.00","27,568.00","47,281.00",New FSP,APAC5,FSP,"17,044.00",0.00,"4,261.00","4,261.00","4,261.00","4,261.00",1956,0,2022-06-17,EUR
COM14057,SPEEDCAT EXPRESS - San Marino,PotCust,SPEEDCAT EXPRESS,Europe,Europe Southern,San Marino - SM - Europe,,  ,0%,  ,0%,  ,0%,0.00,0.00,0.00,0.00,0.00,,,AIRL,0.00,0.00,0.00,0.00,0.00,0.00,1957,0,,EUR
COM12938,AlbaStar - Spain,PotCust,AlbaStar,Europe,Europe Southern,Spain - ES - Europe,2025-09-30, 11 077,168%, 29 649,199%, 88 753,-25%,"66,987.00",0.00,"14,891.00","52,096.00","66,987.00",Standard,EUR4,AIRL,0.00,0.00,0.00,0.00,0.00,0.00,1958,5,2022-09-01,EUR
COM14058,SOMERS CARGO AIRLINE - China,PotCust,SOMERS CARGO AIRLINE,Asia,Asia Eastern,China - CN - Asia,,  ,0%,  ,0%,  ,0%,0.00,0.00,0.00,0.00,0.00,,,AIRL,0.00,0.00,0.00,0.00,0.00,0.00,1959,0,,USD
COM14059,Primajet Airways - Malaysia,PotCust,Primajet Airways,Asia,Asia South-eastern,Malaysia - MY - Asia,,  ,0%,  ,0%,  ,0%,0.00,0.00,0.00,0.00,0.00,,,AIRL,0.00,0.00,0.00,0.00,0.00,0.00,1960,0,,EUR
COM14060,Southwind Airlines (cortex) - Turkey,Customer,Southwind Airlines (cortex),Asia,Middle East,Turkey - TR - Asia,, 112 029,491%, 662 215,45%, 960 169,16%,"1,112,278.00","701,727.00","1,189,227.00","624,779.00","1,112,278.00",Standard,APAC4,AIRL,"94,883.00",0.00,"94,883.00",0.00,0.00,0.00,1961,12,2022-06-17,EUR
COM14061,NOVAIR ARMENIA - Armenia,Customer,NOVAIR ARMENIA,Asia,Middle East,Armenia - AM - Asia,, 3 586,401%, 17 950,17%, 20 922,-8%,"19,343.00","10,680.00","16,773.00","13,250.00","19,343.00",Standard,APAC5,GA-BA,"2,048.00",0.00,"2,048.00",0.00,0.00,0.00,1962,1,2022-10-01,EUR
COM14062,Flex Flight International - United Arab Emirates,PotCust,Flex Flight International,Asia,Middle East,United Arab Emirates - AE - Asia,,  ,0%,  ,0%,  ,0%,0.00,0.00,0.00,0.00,0.00,,,GA-BA,0.00,0.00,0.00,0.00,0.00,0.00,1963,0,,EUR
COM14063,EXCLUSAIR - Israel,PotCust,EXCLUSAIR,Asia,Middle East,Israel - IL - Asia,,  ,0%,  ,0%,  ,0%,0.00,0.00,0.00,0.00,0.00,,,GA-BA,0.00,0.00,0.00,0.00,0.00,0.00,1964,0,,EUR
COM14064,Pakistan Aviators and Aviation - Pakistan,PotCust,Pakistan Aviators and Aviation,Asia,Asia Southern,Pakistan - PK - Asia,, 37 352,15%, 43 057,-100%,  ,0%,0.00,0.00,0.00,0.00,0.00,Old,APAC5,GA-BA,0.00,0.00,0.00,0.00,0.00,0.00,1965,0,2022-10-01,EUR
COM14065,Auxilia AeroMedical - Netherlands,PotCust,Auxilia AeroMedical,Europe,Europe Western,Netherlands - NL - Europe,,  ,0%,  ,0%,  ,0%,0.00,0.00,0.00,0.00,0.00,,,GA-BA,0.00,0.00,0.00,0.00,0.00,0.00,1966,0,,EUR
COM13426,Great Dane Airlines A/S - Denmark,NonCust,Great Dane Airlines A/S,Europe,Europe Northern,Denmark - DK - Europe,,  ,0%,  ,0%,  ,0%,0.00,0.00,0.00,0.00,0.00,Standard,,AIRL,0.00,0.00,0.00,0.00,0.00,0.00,1967,0,2019-02-01,
COM14066,Air Blue - Philippines,PotCust,Air Blue,Asia,Asia South-eastern,Philippines - PH - Asia,,  ,0%,  ,0%,  ,0%,0.00,0.00,0.00,0.00,0.00,,,AIRL,0.00,0.00,0.00,0.00,0.00,0.00,1968,0,,EUR
COM14067,JetMate Aviation - United Arab Emirates,Customer,JetMate Aviation,Asia,Middle East,United Arab Emirates - AE - Asia,,  ,0%,  ,0%,  ,100%,"30,784.00","29,111.00","48,358.00","11,538.00","30,784.00",New FSP,APAC5,FSP,"4,160.00",0.00,"4,160.00",0.00,0.00,0.00,1969,0,2025-03-18,EUR
COM13248,"PRECISION AIR SERVICES - Tanzania, United Republic of",Customer,PRECISION AIR SERVICES,Africa,Africa Sub-Saharan,"Tanzania, United Republic of - TZ - Africa",, 101 000,88%, 189 599,7%, 202 388,10%,"223,356.00","160,304.00","249,731.00","133,929.00","223,356.00",Standard,AFR4,AIRL,"57,720.00",0.00,"27,228.00",0.00,"27,228.00","3,265.00",1970,5,2022-07-01,USD
COM14068,SOLENTA AVIATION - South Africa,PotCust,SOLENTA AVIATION,Africa,Africa Sub-Saharan,South Africa - ZA - Africa,,  ,0%,  ,0%,  ,0%,0.00,0.00,0.00,0.00,0.00,,,AIRL,0.00,0.00,0.00,0.00,0.00,0.00,1971,0,,EUR
COM14069,TAP Air Portugal - Portugal,PotCust,TAP Air Portugal,Europe,Europe Southern,Portugal - PT - Europe,,  ,0%,  ,0%,  ,0%,0.00,0.00,0.00,0.00,0.00,,,AIRL,0.00,0.00,0.00,0.00,0.00,0.00,1972,19,,EUR
COM14070,Zafer Air - Turkey,Customer,Zafer Air,Asia,Middle East,Turkey - TR - Asia,,  ,0%, 67 904,102%, 137 496,83%,"251,302.00","156,510.00","265,364.00","142,448.00","251,302.00",Standard,APAC5,GA-BA,0.00,0.00,0.00,0.00,0.00,0.00,1973,12,2023-02-01,EUR
COM14071,My Way Airlines Co. Ltd - Georgia,PotCust,My Way Airlines Co. Ltd,Asia,Middle East,Georgia - GE - Asia,,  ,0%,  ,0%,  ,0%,0.00,0.00,0.00,0.00,0.00,,,AIRL,0.00,0.00,0.00,0.00,0.00,0.00,1974,0,,EUR
COM14072,Professional Flight Solutions - United Kingdom of Great Britain and Northern Ireland,PotCust,Professional Flight Solutions,Europe,Europe Northern,United Kingdom of Great Britain and Northern Ireland - GB - Europe,,  ,0%,  ,0%,  ,0%,0.00,0.00,0.00,0.00,0.00,,,FSP,0.00,0.00,0.00,0.00,0.00,0.00,1975,0,,EUR
,BBN Airlines - Turkey,PotCust,BBN Airlines,Asia,Middle East,Turkey - TR - Asia,,  ,0%,  ,0%,  ,0%,0.00,0.00,0.00,0.00,0.00,,,AIRL,0.00,0.00,0.00,0.00,0.00,0.00,1976,0,,EUR
COM14074,Jet Aviation Saudi Arabia - Saudi Arabia,PotCust,Jet Aviation Saudi Arabia,Asia,Middle East,Saudi Arabia - SA - Asia,,  ,0%,  ,0%,  ,0%,0.00,0.00,0.00,0.00,0.00,,,GA-BA,0.00,0.00,0.00,0.00,0.00,0.00,1977,0,,USD
COM14075,DB Aviation - Portugal,PotCust,DB Aviation,Europe,Europe Southern,Portugal - PT - Europe,,  ,0%,  ,0%,  ,0%,0.00,0.00,0.00,0.00,0.00,Standard,EUR5,GA-BA,0.00,0.00,0.00,0.00,0.00,0.00,1978,2,,EUR
COM14076,MINGALAR (AIR KBZ) - Myanmar,Customer,MINGALAR (AIR KBZ),Asia,Asia South-eastern,Myanmar - MM - Asia,,  ,0%, 98 463,1%, 99 445,6%,"105,044.00","63,349.00","103,847.00","64,547.00","105,044.00",Standard,APAC5,AIRL,"16,902.00",0.00,"8,451.00","8,451.00",0.00,0.00,1979,3,2022-08-03,EUR
COM14077,Air charter services Pvt.ltd - India,NonCust,Air charter services Pvt.ltd,Asia,Asia Southern,India - IN - Asia,2025-01-31, 18 767,301%, 75 237,7%, 80 431,-100%,-6.00,0.00,0.00,-6.00,-6.00,Standard,APAC4,GA-BA,0.00,0.00,0.00,0.00,0.00,0.00,1980,8,2022-08-01,EUR
COM14078,PRO AV Consulting - United States of America,PotCust,PRO AV Consulting,Americas,"America, Northern",United States of America - US - Americas,,  ,0%,  ,0%,  ,0%,0.00,0.00,0.00,0.00,0.00,,,FSP,0.00,0.00,0.00,0.00,0.00,0.00,1981,0,,USD
COM14079,Dux Express - Brazil,PotCust,Dux Express,Americas,"America, Latin and the Caribbean",Brazil - BR - Americas,,  ,0%,  ,0%,  ,0%,0.00,0.00,0.00,0.00,0.00,,,GA-BA,0.00,0.00,0.00,0.00,0.00,0.00,1982,5,,USD
COM14080,ASTRA AIRWAYS - Bangladesh,Customer,ASTRA AIRWAYS,Asia,Asia Southern,Bangladesh - BD - Asia,, 5 778,"1,121%", 70 545,14%, 80 722,15%,"92,861.00","70,849.00","107,320.00","56,391.00","92,861.00",Standard,APAC5,AIRL,0.00,0.00,0.00,0.00,0.00,0.00,1983,4,2022-09-29,EUR
COM14081,Air Antilles - France,PotCust,Air Antilles,Europe,Europe Western,France - FR - Europe,,  ,0%,  ,0%,  ,0%,0.00,0.00,0.00,0.00,0.00,,,AIRL,0.00,0.00,0.00,0.00,0.00,0.00,1984,0,,EUR
COM14082,Propair - Canada,PotCust,Propair,Americas,"America, Northern",Canada - CA - Americas,,  ,0%,  ,0%,  ,0%,0.00,0.00,0.00,0.00,0.00,,,AIRL,0.00,0.00,0.00,0.00,0.00,0.00,1985,0,,EUR
COM14083,FLYYO - Romania,PotCust,FLYYO,Europe,Europe Eastern,Romania - RO - Europe,,  ,0%,  ,0%,  ,0%,0.00,0.00,0.00,0.00,0.00,Standard,EUR5,AIRL,0.00,0.00,0.00,0.00,0.00,0.00,1986,3,,EUR
COM14084,ROM Cargo - Romania,Customer via,ROM Cargo,Europe,Europe Eastern,Romania - RO - Europe,,  ,0%,  ,0%,  ,0%,0.00,0.00,0.00,0.00,0.00,,,AIRL,0.00,0.00,0.00,0.00,0.00,0.00,1987,0,2025-04-23,EUR
COM14085,Flexair - Angola,PotCust,Flexair,Africa,Africa Sub-Saharan,Angola - AO - Africa,,  ,0%,  ,0%,  ,0%,0.00,0.00,0.00,0.00,0.00,,,AIRL,0.00,0.00,0.00,0.00,0.00,0.00,1988,0,,EUR
COM14086,Sky Vision Airlines B Finance - Switzerland,Customer,Sky Vision Airlines B Finance,Europe,Europe Western,Switzerland - CH - Europe,, 11 046,545%, 71 295,95%, 138 744,71%,"236,865.00","166,996.00","268,362.00","135,499.00","236,865.00",Standard,AFR4,AIRL,"25,324.00",0.00,"25,324.00",0.00,0.00,0.00,1989,6,2022-10-01,EUR
COM14087,Fly Jordan Airlines - Jordan,PotCust,Fly Jordan Airlines,Asia,Middle East,Jordan - JO - Asia,,  ,0%,  ,0%,  ,0%,0.00,0.00,0.00,0.00,0.00,,,AIRL,0.00,0.00,0.00,0.00,0.00,0.00,1990,1,,EUR
COM14088,AirAsia India - India,PotCust,AirAsia India,Asia,Asia Southern,India - IN - Asia,,  ,0%,  ,0%,  ,0%,0.00,0.00,0.00,0.00,0.00,,,AIRL,0.00,0.00,0.00,0.00,0.00,0.00,1991,0,,USD
COM14089,Greater Bay Airlines - Hong Kong,Pending Delivery,Greater Bay Airlines,Asia,Asia Eastern,Hong Kong - HK - Asia,,  ,0%,  ,0%,  ,0%,0.00,0.00,0.00,0.00,0.00,Standard,APAC4,AIRL,0.00,0.00,0.00,0.00,0.00,0.00,1992,8,2024-09-02,USD
COM14090,Legend Airlines SRL - Romania,Quarantine,Legend Airlines SRL,Europe,Europe Eastern,Romania - RO - Europe,, 11 374,"1,660%", 200 173,-2%, 196 025,-2%,"191,541.00",0.00,"54,515.00","137,027.00","191,541.00",Standard,EUR5,AIRL,0.00,0.00,0.00,0.00,0.00,0.00,1993,2,2022-11-01,EUR
COM14091,Ideal Aviation Support - Nigeria,PotCust,Ideal Aviation Support,Africa,Africa Sub-Saharan,Nigeria - NG - Africa,,  ,0%,  ,0%,  ,0%,0.00,0.00,0.00,0.00,0.00,,,FSP,0.00,0.00,0.00,0.00,0.00,0.00,1994,0,,USD
COM14092,AFRICA AIRLINES - Congo,PotCust,AFRICA AIRLINES,Africa,Africa Sub-Saharan,Congo - CG - Africa,,  ,0%,  ,0%,  ,0%,0.00,0.00,0.00,0.00,0.00,,,AIRL,0.00,0.00,0.00,0.00,0.00,0.00,1995,0,,USD
COM14093,Bass Aero - Singapore,Customer,Bass Aero,Asia,Asia South-eastern,Singapore - SG - Asia,, 3 835,"1,156%", 48 166,8%, 52 150,2%,"53,406.00","32,736.00","54,306.00","31,837.00","53,406.00",New FSP,APAC5,FSP,0.00,0.00,0.00,0.00,0.00,0.00,1996,0,2022-10-28,USD
COM14094,Aerus - Mexico,Customer,Aerus,Americas,"America, Latin and the Caribbean",Mexico - MX - Americas,,  ,0%, 46 094,131%, 106 613,24%,"131,878.00","78,540.00","134,315.00","76,103.00","131,878.00",Standard,AME4,AIRL,"11,906.00",0.00,"11,906.00",0.00,0.00,0.00,1997,7,2022-11-24,USD
COM14095,Electra Airways - Bulgaria,PotCust,Electra Airways,Europe,Europe Eastern,Bulgaria - BG - Europe,,  ,0%, 292 261,38%, 402 610,-27%,"293,553.00","18,750.00","108,889.00","203,414.00","293,553.00",Standard,EUR4,AIRL,0.00,0.00,0.00,0.00,0.00,0.00,1998,2,2022-10-25,EUR
COM14096,AirAsia Group Berhad - Malaysia,PotCust,AirAsia Group Berhad,Asia,Asia South-eastern,Malaysia - MY - Asia,,  ,0%,  ,0%,  ,0%,0.00,0.00,0.00,0.00,0.00,,,AIRL,0.00,0.00,0.00,0.00,0.00,0.00,1999,0,,USD
COM14097,Kyrgyz Airways - Kyrgyzstan,PotCust,Kyrgyz Airways,Asia,Middle East,Kyrgyzstan - KG - Asia,,  ,0%,  ,0%,  ,0%,0.00,0.00,0.00,0.00,0.00,,,AIRL,0.00,0.00,0.00,0.00,0.00,0.00,2000,0,,USD
COM14098,Flight Ops International - United States of America,Customer,Flight Ops International,Americas,"America, Northern",United States of America - US - Americas,, 9 762,648%, 73 005,-18%, 60 206,16%,"69,600.00","49,298.00","82,435.00","36,463.00","69,600.00",New FSP,AME5,FSP,"5,994.00",0.00,"5,994.00",0.00,0.00,0.00,2001,0,2022-12-01,USD
COM14100,K5 Aviation GmbH - Germany,Customer,K5 Aviation GmbH,Europe,Europe Western,Germany - DE - Europe,, 5 592,"1,115%", 67 956,9%, 74 395,16%,"86,363.00","70,968.00","109,701.00","47,631.00","86,363.00",Standard,EUR5,GA-BA,0.00,0.00,0.00,0.00,0.00,0.00,2002,5,2022-11-29,EUR
COM14102,VEGA JET - Kazakhstan,PotCust,VEGA JET,Asia,Middle East,Kazakhstan - KZ - Asia,,  ,0%, 34 659,18%, 40 847,-11%,"36,403.00",0.00,"10,926.00","25,477.00","36,403.00",Standard,APAC5,GA-BA,0.00,0.00,0.00,0.00,0.00,0.00,2003,1,2022-09-26,EUR
COM14103,Transafrican Air - Kenya,PotCust,Transafrican Air,Africa,Africa Sub-Saharan,Kenya - KE - Africa,,  ,0%,  ,0%,  ,0%,0.00,0.00,0.00,0.00,0.00,,,AIRL,0.00,0.00,0.00,0.00,0.00,0.00,2004,0,,EUR
COM14105,Woezon Aviation - Togo,PotCust,Woezon Aviation,Africa,Africa Sub-Saharan,Togo - TG - Africa,,  ,0%,  ,0%,  ,0%,0.00,0.00,0.00,0.00,0.00,,,FSP,0.00,0.00,0.00,0.00,0.00,0.00,2005,0,,EUR
COM14106,SMART JET AVIATION - Virgin Islands (British),PotCust,SMART JET AVIATION,Americas,"America, Latin and the Caribbean",Virgin Islands (British) - VG - Americas,,  ,0%,  ,0%,  ,0%,0.00,0.00,0.00,0.00,0.00,,,GA-BA,0.00,0.00,0.00,0.00,0.00,0.00,2006,0,,EUR
COM14107,Wise Trip Management - United States of America,Customer,Wise Trip Management,Americas,"America, Northern",United States of America - US - Americas,,  ,0%, 42 993,30%, 55 920,5%,"58,608.00","34,929.00","58,059.00","35,478.00","58,608.00",New FSP,AME5,FSP,"5,070.00",0.00,"5,070.00",0.00,0.00,0.00,2007,0,2022-10-26,USD
COM14108,BLUE SKY AVIATION CV (ASL nv) - Belgium,Customer,BLUE SKY AVIATION CV (ASL nv),Europe,Europe Western,Belgium - BE - Europe,, 2 770,"1,167%", 35 096,8%, 37 909,7%,"40,751.00","13,951.00","30,938.00","23,763.00","40,751.00",Standard,EUR4,GA-BA,0.00,0.00,0.00,0.00,0.00,0.00,2008,5,2022-12-01,EUR
COM14109,ASL BV (ASL nv) - Netherlands,Customer,ASL BV (ASL nv),Europe,Europe Western,Netherlands - NL - Europe,, 3 454,"1,172%", 43 939,8%, 47 476,37%,"64,889.00","42,707.00","70,933.00","36,663.00","64,889.00",Standard,EUR5,GA-BA,"6,103.00",0.00,"6,103.00",0.00,0.00,0.00,2009,30,2022-12-31,EUR
COM14110,Himalaya Airlines - Nepal,Customer,Himalaya Airlines,Asia,Asia Southern,Nepal - NP - Asia,,  ,0%,  ,0%,  ,100%,"34,557.00","62,324.00","96,769.00",112.00,"34,557.00",Standard,APAC5,AIRL,"9,045.00",0.00,"9,045.00",0.00,0.00,0.00,2010,4,2025-04-21,USD
COM14111,Bluebird Airways - Greece,Customer,Bluebird Airways,Europe,Europe Southern,Greece - GR - Europe,,  ,0%,  ,0%,  ,100%,"227,151.00","185,280.00","298,901.00","113,531.00","227,151.00",Standard,EUR4,AIRL,0.00,0.00,0.00,0.00,0.00,0.00,2011,4,2024-06-04,EUR
COM14112,Ivory Jet Services - Djibouti,PotCust,Ivory Jet Services,Africa,Africa Sub-Saharan,Djibouti - DJ - Africa,,  ,0%,  ,0%,  ,0%,0.00,0.00,0.00,0.00,0.00,,,GA-BA,0.00,0.00,0.00,0.00,0.00,0.00,2012,0,2023-03-07,EUR
COM14114,Express Air Cargo - Tunisia,PotCust,Express Air Cargo,Africa,Africa Northern,Tunisia - TN - Africa,,  ,0%,  ,0%,  ,0%,0.00,0.00,0.00,0.00,0.00,Standard,AFR5,AIRL,0.00,0.00,0.00,0.00,0.00,0.00,2013,2,,EUR
COM14115,ARMENIAN AIRLINES - Armenia,Quarantine,ARMENIAN AIRLINES,Asia,Middle East,Armenia - AM - Asia,,  ,0%, 63 138,31%, 82 903,-60%,"32,963.00",0.00,"1,366.00","31,597.00","32,963.00",Standard,APAC5,AIRL,0.00,0.00,0.00,0.00,0.00,0.00,2014,2,2022-11-08,EUR
COM14116,Gallop APAC Pte Ltd - Brunei Darussalam,PotCust,Gallop APAC Pte Ltd,Asia,Asia South-eastern,Brunei Darussalam - BN - Asia,,  ,0%,  ,0%,  ,0%,0.00,0.00,0.00,0.00,0.00,,,AIRL,0.00,0.00,0.00,0.00,0.00,0.00,2015,0,,USD
COM14117,Kartika Airlines - Indonesia,PotCust,Kartika Airlines,Asia,Asia South-eastern,Indonesia - ID - Asia,,  ,0%,  ,0%,  ,0%,0.00,0.00,0.00,0.00,0.00,,,AIRL,0.00,0.00,0.00,0.00,0.00,0.00,2016,0,,USD
COM14118,Aero Mongolia - Mongolia,PotCust,Aero Mongolia,Asia,Asia Eastern,Mongolia - MN - Asia,,  ,0%,  ,0%,  ,0%,0.00,0.00,0.00,0.00,0.00,,,AIRL,0.00,0.00,0.00,0.00,0.00,0.00,2017,0,,USD
COM14119,Sentra Airways - United Kingdom of Great Britain and Northern Ireland,PotCust,Sentra Airways,Europe,Europe Northern,United Kingdom of Great Britain and Northern Ireland - GB - Europe,,  ,0%,  ,0%,  ,0%,0.00,0.00,0.00,0.00,0.00,Standard,EUR5,AIRL,0.00,0.00,0.00,0.00,0.00,0.00,2018,1,2023-01-01,EUR
COM14120,Berniq Airways - Libya,Testing,Berniq Airways,Africa,Africa Northern,Libya - LY - Africa,,  ,0%,  ,0%,  ,0%,0.00,0.00,0.00,0.00,0.00,,,AIRL,0.00,0.00,0.00,0.00,0.00,0.00,2019,4,,USD
COM14122,SpiceJet Ltd. - India,PotCust,SpiceJet Ltd.,Asia,Asia Southern,India - IN - Asia,,  ,0%,  ,0%,  ,0%,0.00,0.00,0.00,0.00,0.00,,,AIRL,0.00,0.00,0.00,0.00,0.00,0.00,2020,0,,USD
COM14123,RAINDO United Services - Indonesia,Quarantine,RAINDO United Services,Asia,Asia South-eastern,Indonesia - ID - Asia,,  ,0%,  ,0%,  ,0%,0.00,0.00,0.00,0.00,0.00,,,AIRL,0.00,0.00,0.00,0.00,0.00,0.00,2021,0,,USD
COM14124,Ineos Aviation Limited - United Kingdom of Great Britain and Northern Ireland,PotCust,Ineos Aviation Limited,Europe,Europe Northern,United Kingdom of Great Britain and Northern Ireland - GB - Europe,,  ,0%,  ,0%,  ,0%,0.00,0.00,0.00,0.00,0.00,,,GA-BA,0.00,0.00,0.00,0.00,0.00,0.00,2022,0,,EUR
COM14125,New Pacific Airlines (ex Northern Pacific Airways) - United States of America,PotCust,New Pacific Airlines (ex Northern Pacific Airways),Americas,"America, Northern",United States of America - US - Americas,,  ,0%,  ,0%,  ,0%,0.00,0.00,0.00,0.00,0.00,,,AIRL,0.00,0.00,0.00,0.00,0.00,0.00,2023,0,,USD
COM14126,VOLOCOPTER - Germany,PotCust,VOLOCOPTER,Europe,Europe Western,Germany - DE - Europe,,  ,0%, 3 533,222%, 11 393,-100%,0.00,0.00,0.00,0.00,0.00,Standard,EUR5,GA-BA,0.00,0.00,0.00,0.00,0.00,0.00,2024,1,2023-11-01,EUR
COM14127,Astog Aviation - United Arab Emirates,PotCust,Astog Aviation,Asia,Middle East,United Arab Emirates - AE - Asia,,  ,0%,  ,0%,  ,0%,0.00,0.00,0.00,0.00,0.00,,,FSP,0.00,0.00,0.00,0.00,0.00,0.00,2025,0,,EUR
COM14128,Mongolian Airways Cargo - Mongolia,Customer,Mongolian Airways Cargo,Asia,Asia Eastern,Mongolia - MN - Asia,,  ,0%, 194 315,10%, 214 487,-16%,"180,228.00","98,556.00","163,840.00","114,944.00","180,228.00",Standard,APAC5,AIRL,"28,168.00",0.00,"14,084.00","14,084.00",0.00,0.00,2026,1,2022-11-23,EUR
COM14129,TURACO AVIATION - Angola,PotCust,TURACO AVIATION,Africa,Africa Sub-Saharan,Angola - AO - Africa,,  ,0%,  ,0%,  ,0%,0.00,0.00,0.00,0.00,0.00,,,GA-BA,0.00,0.00,0.00,0.00,0.00,0.00,2027,0,,USD
COM14130,P80 Air Limited - Thailand,PotCust,P80 Air Limited,Asia,Asia South-eastern,Thailand - TH - Asia,,  ,0%,  ,0%,  ,0%,0.00,0.00,0.00,0.00,0.00,,,AIRL,0.00,0.00,0.00,0.00,0.00,0.00,2028,0,,USD
COM14131,Hadykazem Alhossami (Work Title) - Egypt,PotCust,Hadykazem Alhossami (Work Title),Africa,Africa Northern,Egypt - EG - Africa,,  ,0%,  ,0%,  ,0%,0.00,0.00,0.00,0.00,0.00,,,AIRL,0.00,0.00,0.00,0.00,0.00,0.00,2029,0,,EUR
COM14132,Sabena Technics BGC - France,PotCust,Sabena Technics BGC,Europe,Europe Western,France - FR - Europe,,  ,0%, 11 054,367%, 51 603,-1%,"51,088.00","18,620.00","39,920.00","29,788.00","51,088.00",New FSP,EUR5,FSP,0.00,0.00,0.00,0.00,0.00,0.00,2030,1,2023-04-19,EUR
COM14133,JETKONTOR - Germany,NonCust,JETKONTOR,Europe,Europe Western,Germany - DE - Europe,,  ,0%, 55 067,-74%, 14 096,-100%,0.00,0.00,0.00,0.00,0.00,Standard,EUR4,GA-BA,0.00,0.00,0.00,0.00,0.00,0.00,2031,5,2022-11-10,EUR
COM14134,Afrijet Business Service - Gabon,PotCust,Afrijet Business Service,Africa,Africa Sub-Saharan,Gabon - GA - Africa,,  ,0%,  ,0%,  ,0%,0.00,0.00,0.00,0.00,0.00,,,AIRL,0.00,0.00,0.00,0.00,0.00,0.00,2032,0,,EUR
COM14135,Qanot Sharq LLC - Uzbekistan,PotCust,Qanot Sharq LLC,Asia,Middle East,Uzbekistan - UZ - Asia,,  ,0%,  ,0%,  ,0%,0.00,0.00,0.00,0.00,0.00,,APAC4,AIRL,0.00,0.00,0.00,0.00,0.00,0.00,2033,0,,USD
COM14136,South African Skylink - South Africa,PotCust,South African Skylink,Africa,Africa Sub-Saharan,South Africa - ZA - Africa,,  ,0%,  ,0%,  ,0%,0.00,0.00,0.00,0.00,0.00,,,AIRL,0.00,0.00,0.00,0.00,0.00,0.00,2034,0,,EUR
COM14137,Executive Aircraft Services - Lebanon,NonCust,Executive Aircraft Services,Asia,Middle East,Lebanon - LB - Asia,,  ,0%, 11 211,34%, 15 063,-100%,0.00,0.00,0.00,0.00,0.00,Standard,APAC5,GA-BA,0.00,0.00,0.00,0.00,0.00,0.00,2035,0,2023-01-02,EUR
COM14138,MIAT - Mongolian Airlines - Mongolia,Customer,MIAT - Mongolian Airlines,Asia,Asia Eastern,Mongolia - MN - Asia,,  ,0%, 453 250,30%, 590 736,8%,"639,516.00","386,010.00","660,200.00","365,326.00","639,516.00",Standard,APAC4,AIRL,0.00,0.00,0.00,0.00,0.00,0.00,2036,10,2022-11-15,USD
COM14139,FREEBIRD AIRLINES - Turkey,PotCust,FREEBIRD AIRLINES,Asia,Middle East,Turkey - TR - Asia,,  ,0%,  ,0%,  ,0%,0.00,0.00,0.00,0.00,0.00,Standard,EUR4,AIRL,0.00,0.00,0.00,0.00,0.00,0.00,2037,10,,EUR
COM14140,AIR-TEC - South Africa,PotCust,AIR-TEC,Africa,Africa Sub-Saharan,South Africa - ZA - Africa,,  ,0%,  ,0%,  ,0%,0.00,0.00,0.00,0.00,0.00,,,AIRL,0.00,0.00,0.00,0.00,0.00,0.00,2038,0,,EUR
COM14141,TAIR AIRWAYS INC - Philippines,PotCust,TAIR AIRWAYS INC,Asia,Asia South-eastern,Philippines - PH - Asia,,  ,0%,  ,0%,  ,0%,0.00,0.00,0.00,0.00,0.00,,,AIRL,0.00,0.00,0.00,0.00,0.00,0.00,2039,0,,USD
COM14142,Ariana Afghan Airlines - Afghanistan,PotCust,Ariana Afghan Airlines,Asia,Middle East,Afghanistan - AF - Asia,,  ,0%,  ,0%,  ,0%,0.00,0.00,0.00,0.00,0.00,,,AIRL,0.00,0.00,0.00,0.00,0.00,0.00,2040,0,,USD
COM14143,Kam Air - Afghanistan,PotCust,Kam Air,Asia,Middle East,Afghanistan - AF - Asia,,  ,0%,  ,0%,  ,0%,0.00,0.00,0.00,0.00,0.00,,,AIRL,0.00,0.00,0.00,0.00,0.00,0.00,2041,0,,USD
COM14144,(Duplicate) Atlantis European Airways - Armenia,NonCust,(Duplicate) Atlantis European Airways,Asia,Middle East,Armenia - AM - Asia,,  ,0%,  ,0%,  ,0%,0.00,0.00,0.00,0.00,0.00,,,AIRL,0.00,0.00,0.00,0.00,0.00,0.00,2042,0,,USD
COM14145,SILK WAY WEST AIRLINES - Azerbaijan,PotCust,SILK WAY WEST AIRLINES,Asia,Middle East,Azerbaijan - AZ - Asia,,  ,0%,  ,0%,  ,0%,0.00,0.00,0.00,0.00,0.00,,,AIRL,0.00,0.00,0.00,0.00,0.00,0.00,2043,14,,USD
COM14146,AZAL Azerbaijan Airlines - Azerbaijan,PotCust,AZAL Azerbaijan Airlines,Asia,Middle East,Azerbaijan - AZ - Asia,,  ,0%,  ,0%,  ,0%,0.00,0.00,0.00,0.00,0.00,,,AIRL,0.00,0.00,0.00,0.00,0.00,0.00,2044,30,,USD
COM14147,SILK WAY AIRLINES (IL76) - Azerbaijan,PotCust,SILK WAY AIRLINES (IL76),Asia,Middle East,Azerbaijan - AZ - Asia,,  ,0%,  ,0%,  ,0%,0.00,0.00,0.00,0.00,0.00,,APAC3,AIRL,0.00,0.00,0.00,0.00,0.00,0.00,2045,,,USD
COM14148,ASG Business Aviation - Azerbaijan,PotCust,ASG Business Aviation,Asia,Middle East,Azerbaijan - AZ - Asia,,  ,0%,  ,0%,  ,0%,0.00,0.00,0.00,0.00,0.00,,,GA-BA,0.00,0.00,0.00,0.00,0.00,0.00,2046,0,,USD
COM14149,Fly Dhaka Airlines Ltd - Bangladesh,PotCust,Fly Dhaka Airlines Ltd,Asia,Asia Southern,Bangladesh - BD - Asia,,  ,0%,  ,0%,  ,0%,0.00,0.00,0.00,0.00,0.00,,,AIRL,0.00,0.00,0.00,0.00,0.00,0.00,2047,0,,USD
COM14150,Regent Airways - Bangladesh,PotCust,Regent Airways,Asia,Asia Southern,Bangladesh - BD - Asia,,  ,0%,  ,0%,  ,0%,0.00,0.00,0.00,0.00,0.00,,,AIRL,0.00,0.00,0.00,0.00,0.00,0.00,2048,0,,USD
COM14151,NovoAir Ltd. - Bangladesh,PotCust,NovoAir Ltd.,Asia,Asia Southern,Bangladesh - BD - Asia,,  ,0%,  ,0%,  ,0%,0.00,0.00,0.00,0.00,0.00,,,AIRL,0.00,0.00,0.00,0.00,0.00,0.00,2049,0,,USD
COM14152,BCL Aviation - Bangladesh,PotCust,BCL Aviation,Asia,Asia Southern,Bangladesh - BD - Asia,,  ,0%,  ,0%,  ,0%,0.00,0.00,0.00,0.00,0.00,,,GA-BA,0.00,0.00,0.00,0.00,0.00,0.00,2050,0,,USD
COM14153,Bhutan Airlines - Bhutan,PotCust,Bhutan Airlines,Asia,Asia Southern,Bhutan - BT - Asia,,  ,0%,  ,0%,  ,0%,0.00,0.00,0.00,0.00,0.00,Standard,APAC5,AIRL,0.00,0.00,0.00,0.00,0.00,0.00,2051,2,2023-11-24,USD
COM14154,"DRUKAIR, ROYAL BHUTAN AIRLINES - Bhutan",PotCust,"DRUKAIR, ROYAL BHUTAN AIRLINES",Asia,Asia Southern,Bhutan - BT - Asia,,  ,0%,  ,0%,  ,0%,0.00,0.00,0.00,0.00,0.00,,,AIRL,0.00,0.00,0.00,0.00,0.00,0.00,2052,6,,USD
COM14155,Glamco Aviation - Brunei Darussalam,PotCust,Glamco Aviation,Asia,Asia South-eastern,Brunei Darussalam - BN - Asia,,  ,0%,  ,0%,  ,0%,0.00,0.00,0.00,0.00,0.00,,,FSP,0.00,0.00,0.00,0.00,0.00,0.00,2053,0,,USD
COM14156,Clear Wisdom SDN BHD - Malaysia,NonCust,Clear Wisdom SDN BHD,Asia,Asia South-eastern,Malaysia - MY - Asia,,  ,0%,  ,0%,  ,0%,0.00,0.00,0.00,0.00,0.00,,,GA-BA,0.00,0.00,0.00,0.00,0.00,0.00,2054,0,2022-11-28,USD
COM14157,SKS Airways Sd. Bhd. - Malaysia,PotCust,SKS Airways Sd. Bhd.,Asia,Asia South-eastern,Malaysia - MY - Asia,,  ,0%,  ,0%,  ,0%,0.00,0.00,0.00,0.00,0.00,Standard,APAC5,AIRL,0.00,0.00,0.00,0.00,0.00,0.00,2055,0,,USD
COM14158,Kazbegi Helicopters - Georgia,PotCust,Kazbegi Helicopters,Asia,Middle East,Georgia - GE - Asia,,  ,0%,  ,0%,  ,0%,0.00,0.00,0.00,0.00,0.00,,,,0.00,0.00,0.00,0.00,0.00,0.00,2056,0,,USD
COM14159,Blue Dart Aviation - India,PotCust,Blue Dart Aviation,Asia,Asia Southern,India - IN - Asia,,  ,0%,  ,0%,  ,0%,0.00,0.00,0.00,0.00,0.00,,,AIRL,0.00,0.00,0.00,0.00,0.00,0.00,2057,8,,USD
COM14160,K-Air Charters - India,PotCust,K-Air Charters,Asia,Asia Southern,India - IN - Asia,,  ,0%,  ,0%,  ,0%,0.00,0.00,0.00,0.00,0.00,,,GA-BA,0.00,0.00,0.00,0.00,0.00,0.00,2058,0,,USD
COM14161,Simm Samm Airways Pvt Ltd - India,PotCust,Simm Samm Airways Pvt Ltd,Asia,Asia Southern,India - IN - Asia,,  ,0%,  ,0%,  ,0%,0.00,0.00,0.00,0.00,0.00,,,GA-BA,0.00,0.00,0.00,0.00,0.00,0.00,2059,0,,USD
COM14162,Jet Club Malta - Malta,PotCust,Jet Club Malta,Europe,Europe Southern,Malta - MT - Europe,,  ,0%, 2 922,-100%,  ,0%,0.00,0.00,0.00,0.00,0.00,Standard,,GA-BA,0.00,0.00,0.00,0.00,0.00,0.00,2060,1,2023-03-15,EUR
COM14163,Aurea Aviation Pvt Ltd - India,PotCust,Aurea Aviation Pvt Ltd,Asia,Asia Southern,India - IN - Asia,,  ,0%,  ,0%,  ,0%,0.00,0.00,0.00,0.00,0.00,,,FSP,0.00,0.00,0.00,0.00,0.00,0.00,2061,0,,USD
COM14164,AJM Jet Management Pvt Ltd - India,PotCust,AJM Jet Management Pvt Ltd,Asia,Asia Southern,India - IN - Asia,,  ,0%,  ,0%,  ,0%,0.00,0.00,0.00,0.00,0.00,,,FSP,0.00,0.00,0.00,0.00,0.00,0.00,2062,0,,USD
COM14165,Avia Maldives Pvt Ltd - Maldives,PotCust,Avia Maldives Pvt Ltd,Asia,Asia Southern,Maldives - MV - Asia,,  ,0%,  ,0%,  ,0%,0.00,0.00,0.00,0.00,0.00,,,FSP,0.00,0.00,0.00,0.00,0.00,0.00,2063,0,,USD
COM14166,QUEENS AIR - Jordan,NonCust,QUEENS AIR,Asia,Middle East,Jordan - JO - Asia,,  ,0%, 334 320,25%, 417 614,-30%,"294,253.00","53,524.00","208,014.00","139,763.00","294,253.00",New FSP,APAC5,FSP,0.00,0.00,0.00,0.00,0.00,0.00,2064,0,2023-01-01,EUR
COM14167,"AIR INTER TRANSPORT CO.,LTD. - Thailand",PotCust,"AIR INTER TRANSPORT CO.,LTD.",Asia,Asia South-eastern,Thailand - TH - Asia,,  ,0%, 29 899,107%, 61 893,-100%,0.00,0.00,0.00,0.00,0.00,Standard,APAC5,AIRL,0.00,0.00,0.00,0.00,0.00,0.00,2065,0,2023-02-17,USD
COM14168,ITA AIRWAYS - Italy,PotCust,ITA AIRWAYS,Europe,Europe Southern,Italy - IT - Europe,,  ,0%,  ,0%,  ,0%,0.00,0.00,0.00,0.00,0.00,,,AIRL,0.00,0.00,0.00,0.00,0.00,0.00,2066,0,,EUR
COM14169,Zil Air - Seychelles,PotCust,Zil Air,Africa,Africa Sub-Saharan,Seychelles - SC - Africa,,  ,0%,  ,0%,  ,0%,0.00,0.00,0.00,0.00,0.00,,,GA-BA,0.00,0.00,0.00,0.00,0.00,0.00,2067,0,,USD
COM14170,Maldivian - Maldives,PotCust,Maldivian,Asia,Asia Southern,Maldives - MV - Asia,,  ,0%,  ,0%,  ,0%,0.00,0.00,0.00,0.00,0.00,,,AIRL,0.00,0.00,0.00,0.00,0.00,0.00,2068,23,,USD
COM14171,Turkmenistan Airlines - Turkmenistan,PotCust,Turkmenistan Airlines,Asia,Middle East,Turkmenistan - TM - Asia,,  ,0%,  ,0%,  ,0%,0.00,0.00,0.00,0.00,0.00,,,AIRL,0.00,0.00,0.00,0.00,0.00,0.00,2069,0,,USD
COM14172,"SUMAIR - Korea, Republic of",PotCust,SUMAIR,Asia,Asia Eastern,"Korea, Republic of - KR - Asia",,  ,0%,  ,0%,  ,0%,0.00,0.00,0.00,0.00,0.00,,,AIRL,0.00,0.00,0.00,0.00,0.00,0.00,2070,0,,USD
COM14173,Cyprus Airways - Cyprus,PotCust,Cyprus Airways,Europe,Europe Southern,Cyprus - CY - Europe,,  ,0%,  ,0%,  ,0%,0.00,0.00,0.00,0.00,0.00,,,AIRL,0.00,0.00,0.00,0.00,0.00,0.00,2071,6,,EUR
COM14174,ETAM AVITAT SERVICES - Nigeria,PotCust,ETAM AVITAT SERVICES,Africa,Africa Sub-Saharan,Nigeria - NG - Africa,,  ,0%,  ,0%,  ,0%,0.00,0.00,0.00,0.00,0.00,,,FSP,0.00,0.00,0.00,0.00,0.00,0.00,2072,0,,EUR
COM14175,Digajet Aviation - Germany,Customer,Digajet Aviation,Europe,Europe Western,Germany - DE - Europe,, 2 469,"1,355%", 35 917,54%, 55 285,15%,"63,468.00","29,832.00","60,482.00","32,818.00","63,468.00",Standard,EUR5,GA-BA,0.00,0.00,0.00,0.00,0.00,0.00,2073,5,2022-12-01,EUR
COM14176,Hello Jets - Romania,Customer,Hello Jets,Europe,Europe Eastern,Romania - RO - Europe,,  ,0%, 105 437,28%, 135 181,111%,"285,905.00","382,857.00","546,230.00","122,533.00","285,905.00",Standard,EUR5,AIRL,"55,934.00",0.00,"55,934.00",0.00,0.00,0.00,2074,7,2023-01-02,EUR
COM14177,HI FLY - Portugal,PotCust,HI FLY,Europe,Europe Southern,Portugal - PT - Europe,,  ,0%,  ,0%,  ,0%,0.00,0.00,0.00,0.00,0.00,,,AIRL,0.00,0.00,0.00,0.00,0.00,0.00,2075,1,,EUR
COM14178,APOLAX - Georgia,PotCust,APOLAX,Asia,Middle East,Georgia - GE - Asia,,  ,0%,  ,0%,  ,0%,0.00,0.00,0.00,0.00,0.00,,,AIRL,0.00,0.00,0.00,0.00,0.00,0.00,2076,0,,EUR
COM14179,SAUDI GEOLOGICAL SURVEY (SGS) - Saudi Arabia,PotCust,SAUDI GEOLOGICAL SURVEY (SGS),Asia,Middle East,Saudi Arabia - SA - Asia,,  ,0%,  ,0%,  ,0%,0.00,0.00,0.00,0.00,0.00,,,GA-BA,0.00,0.00,0.00,0.00,0.00,0.00,2077,0,,USD
COM14181,Watcharee TEST - Denmark,PotCust,Watcharee TEST,Europe,Europe Northern,Denmark - DK - Europe,,  ,0%,  ,0%,  ,0%,0.00,0.00,0.00,0.00,0.00,,,,0.00,0.00,0.00,0.00,0.00,0.00,2078,0,,EUR
COM14182,Al-Murjan aviation Co.Ltd - Saudi Arabia,Customer,Al-Murjan aviation Co.Ltd,Asia,Middle East,Saudi Arabia - SA - Asia,,  ,0%, 83 870,-44%, 46 712,9%,"50,688.00",0.00,"50,688.00",0.00,"50,688.00",Old,APAC5,GA-BA,"1,128.00",0.00,0.00,0.00,0.00,"1,128.00",2079,1,2023-01-17,EUR
COM14183,PIA - Pakistan International Airlines - Pakistan,PotCust,PIA - Pakistan International Airlines,Asia,Asia Southern,Pakistan - PK - Asia,,  ,0%,1 135 182,-100%,  ,0%,0.00,0.00,0.00,0.00,0.00,Standard,,AIRL,0.00,0.00,0.00,0.00,0.00,0.00,2080,0,2022-12-15,USD
COM14184,NYX AIR - Estonia,Customer,NYX AIR,Europe,Europe Northern,Estonia - EE - Europe,,  ,0%, 245 516,-17%, 204 051,20%,"245,103.00","232,453.00","344,756.00","132,800.00","245,103.00",Standard,EUR4,AIRL,"34,188.00",0.00,"34,188.00",0.00,0.00,0.00,2081,10,2023-01-01,EUR
COM14185,Global Aviation LTD - Iraq,Customer,Global Aviation LTD,Asia,Middle East,Iraq - IQ - Asia,,  ,0%,  ,0%, 86 494,81%,"156,143.00","98,485.00","163,576.00","91,052.00","156,143.00",Standard,APAC5,AIRL,0.00,0.00,0.00,0.00,0.00,0.00,2082,2,2023-02-07,EUR
COM14186,BBN Airlines Indonesia - Indonesia,Customer,BBN Airlines Indonesia,Asia,Asia South-eastern,Indonesia - ID - Asia,,  ,0%, 48 030,485%, 280 780,34%,"375,288.00","142,987.00","276,206.00","242,069.00","375,288.00",Standard,APAC5,AIRL,"53,668.00",0.00,"13,352.00","21,827.00","18,489.00",0.00,2083,5,2023-04-26,USD
COM14187,BRAATHENS INTERNATIONAL AIRWAYS - Sweden,NonCust,BRAATHENS INTERNATIONAL AIRWAYS,Europe,Europe Northern,Sweden - SE - Europe,,  ,0%,  ,0%,  ,0%,0.00,0.00,0.00,0.00,0.00,Standard,,AIRL,0.00,0.00,0.00,0.00,0.00,0.00,2084,0,2023-01-13,EUR
COM14188,Leading Edge Aviation - Nigeria,PotCust,Leading Edge Aviation,Africa,Africa Sub-Saharan,Nigeria - NG - Africa,,  ,0%,  ,0%,  ,0%,0.00,0.00,0.00,0.00,0.00,New FSP,AFR5,FSP,0.00,0.00,0.00,0.00,0.00,0.00,2085,1,,EUR
COM14189,TADEJ OSPRESNIK - Slovenia,PotCust,TADEJ OSPRESNIK,Europe,Europe Southern,Slovenia - SI - Europe,,  ,0%,  ,0%,  ,0%,0.00,0.00,0.00,0.00,0.00,,,FSP,0.00,0.00,0.00,0.00,0.00,0.00,2086,0,,EUR
COM14190,Fly Beond - United Arab Emirates,Customer,Fly Beond,Asia,Middle East,United Arab Emirates - AE - Asia,,  ,0%,  ,0%, 41 423,270%,"153,468.00","71,341.00","127,600.00","97,209.00","153,468.00",Standard,APAC5,AIRL,"20,390.00",0.00,"10,195.00","10,195.00",0.00,0.00,2087,2,2024-08-09,EUR
COM14191,Focus.Aero - Denmark,Customer,Focus.Aero,Europe,Europe Northern,Denmark - DK - Europe,,  ,0%, 27 251,63%, 44 356,22%,"53,927.00","31,104.00","56,716.00","28,314.00","53,927.00",New FSP,EUR5,FSP,0.00,0.00,0.00,0.00,0.00,0.00,2088,0,2023-03-14,EUR
COM14192,Air Dolomiti - Italy,PotCust,Air Dolomiti,Europe,Europe Southern,Italy - IT - Europe,,  ,0%,  ,0%,  ,0%,0.00,0.00,0.00,0.00,0.00,,,AIRL,0.00,0.00,0.00,0.00,0.00,0.00,2089,0,,EUR
COM14193,Privilege Style - Spain,PotCust,Privilege Style,Europe,Europe Southern,Spain - ES - Europe,,  ,0%,  ,0%,  ,0%,0.00,0.00,0.00,0.00,0.00,,,AIRL,0.00,0.00,0.00,0.00,0.00,0.00,2090,4,,EUR
COM14194,Emirates - United Arab Emirates,PotCust,Emirates,Asia,Middle East,United Arab Emirates - AE - Asia,,  ,0%,  ,0%,  ,0%,0.00,0.00,0.00,0.00,0.00,,,AIRL,0.00,0.00,0.00,0.00,0.00,0.00,2091,0,,EUR
COM14196,HISKY EUROPE - Romania,Customer,HISKY EUROPE,Europe,Europe Eastern,Romania - RO - Europe,,  ,0%, 212 195,67%, 354 220,8%,"381,786.00","240,807.00","399,962.00","222,631.00","381,786.00",Standard,EUR4,AIRL,"68,823.00",0.00,"34,412.00","34,412.00",0.00,0.00,2092,8,2023-01-06,EUR
COM14197,Safe Air - Kenya,PotCust,Safe Air,Africa,Africa Sub-Saharan,Kenya - KE - Africa,,  ,0%,  ,0%,  ,0%,0.00,0.00,0.00,0.00,0.00,Standard,AFR5,AIRL,0.00,0.00,0.00,0.00,0.00,0.00,2093,3,,EUR
COM14198,Da Vinci - Italy,PotCust,Da Vinci,Europe,Europe Southern,Italy - IT - Europe,,  ,0%,  ,0%,  ,0%,0.00,0.00,0.00,0.00,0.00,,,FSP,0.00,0.00,0.00,0.00,0.00,0.00,2094,0,,EUR
COM14199,Sapura Aero Sdn Bhd - Malaysia,PotCust,Sapura Aero Sdn Bhd,Asia,Asia South-eastern,Malaysia - MY - Asia,,  ,0%,  ,0%,  ,0%,0.00,0.00,0.00,0.00,0.00,,,FSP,0.00,0.00,0.00,0.00,0.00,0.00,2095,0,,USD
COM14200,STAR PERU - Peru,PotCust,STAR PERU,Americas,"America, Latin and the Caribbean",Peru - PE - Americas,,  ,0%,  ,0%,  ,0%,0.00,0.00,0.00,0.00,0.00,,,AIRL,0.00,0.00,0.00,0.00,0.00,0.00,2096,0,,USD
COM14201,Solomons - Solomon Airlines - Solomon Islands,PotCust,Solomons - Solomon Airlines,Oceania,Melanesia,Solomon Islands - SB - Oceania,,  ,0%,  ,0%,  ,0%,0.00,0.00,0.00,0.00,0.00,,,AIRL,0.00,0.00,0.00,0.00,0.00,0.00,2097,0,,USD
COM14202,JET PARTNER - Turkey,PotCust,JET PARTNER,Asia,Middle East,Turkey - TR - Asia,,  ,0%,  ,0%,  ,0%,0.00,0.00,0.00,0.00,0.00,,,FSP,0.00,0.00,0.00,0.00,0.00,0.00,2098,0,,EUR
COM14203,GLOBAL JET AIRWAYS GJA - Morocco,PotCust,GLOBAL JET AIRWAYS GJA,Africa,Africa Northern,Morocco - MA - Africa,,  ,0%,  ,0%,  ,0%,0.00,0.00,0.00,0.00,0.00,Standard,AFR5,GA-BA,0.00,0.00,0.00,0.00,0.00,0.00,2099,0,,EUR
COM14204,Nauru Airlines - Australia,Customer,Nauru Airlines,Oceania,Australia and New Zealand,Australia - AU - Oceania,,  ,0%, 113 822,77%, 201 318,-6%,"189,000.00","97,149.00","172,572.00","113,577.00","189,000.00",Standard,APAC4,AIRL,0.00,0.00,0.00,0.00,0.00,0.00,2100,10,2023-02-26,USD
COM14205,JUST AVIATION - United Arab Emirates,PotCust,JUST AVIATION,Asia,Middle East,United Arab Emirates - AE - Asia,,  ,0%,  ,0%,  ,0%,0.00,0.00,0.00,0.00,0.00,,,FSP,0.00,0.00,0.00,0.00,0.00,0.00,2101,0,,EUR
COM14206,Your Flight Support (YFS) - Estonia,Customer,Your Flight Support (YFS),Europe,Europe Northern,Estonia - EE - Europe,,  ,0%, 35 625,22%, 43 404,41%,"61,314.00","42,149.00","67,253.00","36,211.00","61,314.00",New FSP,EUR5,FSP,"6,023.00",0.00,"6,023.00",0.00,0.00,0.00,2102,0,2023-02-16,EUR
COM14207,"Go2Sky, spol. s r. o. - Slovakia",Customer,"Go2Sky, spol. s r. o.",Europe,Europe Eastern,Slovakia - SK - Europe,,  ,0%,  ,0%, 13 047,6%,"13,837.00","8,728.00","14,496.00","8,069.00","13,837.00",Standard,EUR5,AIRL,0.00,0.00,0.00,0.00,0.00,0.00,2103,3,2024-02-01,EUR
COM14208,FLYYO AIRWAYS - Ukraine,PotCust,FLYYO AIRWAYS,Europe,Europe Eastern,Ukraine - UA - Europe,,  ,0%,  ,0%,  ,0%,0.00,0.00,0.00,0.00,0.00,,,AIRL,0.00,0.00,0.00,0.00,0.00,0.00,2104,0,,EUR
COM14209,SMART AIRLINES - Armenia,PotCust,SMART AIRLINES,Asia,Middle East,Armenia - AM - Asia,,  ,0%,  ,0%,  ,0%,0.00,0.00,0.00,0.00,0.00,,,AIRL,0.00,0.00,0.00,0.00,0.00,0.00,2105,0,,EUR
COM14210,BUILDARCH AVIATION - United Arab Emirates,PotCust,BUILDARCH AVIATION,Asia,Middle East,United Arab Emirates - AE - Asia,,  ,0%,  ,0%,  ,0%,0.00,0.00,0.00,0.00,0.00,New FSP,,,0.00,0.00,0.00,0.00,0.00,0.00,2106,0,,EUR
COM14212,Premiair (Indonesia) - Indonesia,PotCust,Premiair (Indonesia),Asia,Asia South-eastern,Indonesia - ID - Asia,,  ,0%,  ,0%,  ,0%,0.00,0.00,0.00,0.00,0.00,,,GA-BA,0.00,0.00,0.00,0.00,0.00,0.00,2107,0,,USD
COM14214,STARJET AVIATION - Switzerland,PotCust,STARJET AVIATION,Europe,Europe Western,Switzerland - CH - Europe,,  ,0%,  ,0%,  ,0%,0.00,0.00,0.00,0.00,0.00,Standard,EUR4,GA-BA,0.00,0.00,0.00,0.00,0.00,0.00,2108,10,,EUR
COM14215,SkyUp Malta - Malta,PotCust,SkyUp Malta,Europe,Europe Southern,Malta - MT - Europe,,  ,0%,  ,0%,  ,0%,0.00,0.00,0.00,0.00,0.00,,,AIRL,0.00,0.00,0.00,0.00,0.00,0.00,2109,0,,EUR
COM13029,Buildarch (do not use),NonCust,Buildarch (do not use),,,,,  ,0%,  ,0%,  ,0%,0.00,0.00,0.00,0.00,0.00,New FSP,,,0.00,0.00,0.00,0.00,0.00,0.00,2110,0,,EUR
COM13608,Service (do not use) - Canada,NonCust,Service (do not use),Americas,"America, Northern",Canada - CA - Americas,,  ,0%,  ,0%,  ,0%,0.00,0.00,0.00,0.00,0.00,,,,0.00,0.00,0.00,0.00,0.00,0.00,2111,0,,EUR
COM14216,POLISH MEDICAL AIR RESCUE - Poland,PotCust,POLISH MEDICAL AIR RESCUE,Europe,Europe Eastern,Poland - PL - Europe,,  ,0%,  ,0%,  ,0%,0.00,0.00,0.00,0.00,0.00,Standard,EUR4,GA-BA,0.00,0.00,0.00,0.00,0.00,0.00,2112,34,,EUR
COM14180,APOALX L.L.C. - Georgia,PotCust,APOALX L.L.C.,Asia,Middle East,Georgia - GE - Asia,,  ,0%,  ,0%,  ,0%,0.00,0.00,0.00,0.00,0.00,,,,0.00,0.00,0.00,0.00,0.00,0.00,2113,0,,EUR
COM14217,Skyfive Airlines - Cyprus,PotCust,Skyfive Airlines,Asia,Middle East,Cyprus - C1 - Asia,,  ,0%,  ,0%,  ,0%,0.00,0.00,0.00,0.00,0.00,,,AIRL,0.00,0.00,0.00,0.00,0.00,0.00,2114,0,,EUR
COM14218,Vistara - India,PotCust,Vistara,Asia,Asia Southern,India - IN - Asia,,  ,0%,  ,0%,  ,0%,0.00,0.00,0.00,0.00,0.00,,,AIRL,0.00,0.00,0.00,0.00,0.00,0.00,2115,0,,USD
COM14219,Berjaya Air Sdn. Bhd. - Malaysia,PotCust,Berjaya Air Sdn. Bhd.,Asia,Asia South-eastern,Malaysia - MY - Asia,,  ,0%,  ,0%,  ,0%,0.00,0.00,0.00,0.00,0.00,,,AIRL,0.00,0.00,0.00,0.00,0.00,0.00,2116,0,,USD
COM14220,PT Diamini Aviasi Utama - Indonesia,PotCust,PT Diamini Aviasi Utama,Asia,Asia South-eastern,Indonesia - ID - Asia,,  ,0%,  ,0%,  ,0%,0.00,0.00,0.00,0.00,0.00,,,FSP,0.00,0.00,0.00,0.00,0.00,0.00,2117,0,,USD
COM14221,SKYSIDE - Austria,Customer,SKYSIDE,Europe,Europe Western,Austria - AT - Europe,,  ,0%, 64 111,135%, 150 876,99%,"300,699.00","269,912.00","410,297.00","160,313.00","300,699.00",Standard,EUR5,GA-BA,"39,870.00",0.00,"39,870.00",0.00,0.00,0.00,2118,9,2023-02-13,EUR
COM14222,My Jet Xpress Airlines Sdn. Bhd. - Malaysia,PotCust,My Jet Xpress Airlines Sdn. Bhd.,Asia,Asia South-eastern,Malaysia - MY - Asia,,  ,0%,  ,0%,  ,0%,0.00,0.00,0.00,0.00,0.00,,,AIRL,0.00,0.00,0.00,0.00,0.00,0.00,2119,0,,USD
COM14223,Aasiana Aerotech Private Limited - India,Customer via,Aasiana Aerotech Private Limited,Asia,Asia Southern,India - IN - Asia,,  ,0%,  ,0%,  ,0%,0.00,0.00,0.00,0.00,0.00,,,FSP,0.00,0.00,0.00,0.00,0.00,0.00,2120,0,2025-07-03,USD
COM14225,Atlantic Jet Fly - Morocco,PotCust,Atlantic Jet Fly,Africa,Africa Northern,Morocco - MA - Africa,,  ,0%,  ,0%,  ,0%,0.00,0.00,0.00,0.00,0.00,,,GA-BA,0.00,0.00,0.00,0.00,0.00,0.00,2121,0,,EUR
COM14226,World Cargo Airlines - Malaysia,PotCust,World Cargo Airlines,Asia,Asia South-eastern,Malaysia - MY - Asia,,  ,0%,  ,0%,  ,0%,0.00,0.00,0.00,0.00,0.00,,,AIRL,0.00,0.00,0.00,0.00,0.00,0.00,2122,2,,USD
COM13993,Global Load Control (GLC) - South Africa,PotCust,Global Load Control (GLC),Africa,Africa Sub-Saharan,South Africa - ZA - Africa,,  ,0%,  ,0%,  ,0%,0.00,0.00,0.00,0.00,0.00,,,FSP,0.00,0.00,0.00,0.00,0.00,0.00,2123,0,,EUR
COM14101,Syphax Airlines - Tunisia,PotCust,Syphax Airlines,Africa,Africa Northern,Tunisia - TN - Africa,,  ,0%,  ,0%,  ,0%,0.00,0.00,0.00,0.00,0.00,,,AIRL,0.00,0.00,0.00,0.00,0.00,0.00,2124,0,,EUR
COM14121,STORADIO - Sweden,PotCust,STORADIO,Europe,Europe Northern,Sweden - SE - Europe,,  ,0%,  ,0%,  ,0%,0.00,0.00,0.00,0.00,0.00,,,FSP,0.00,0.00,0.00,0.00,0.00,0.00,2125,0,,EUR
COM14227,BermudAir Limited - Bermuda,PotCust,BermudAir Limited,Americas,"America, Northern",Bermuda - BM - Americas,,  ,0%,  ,0%,  ,0%,0.00,0.00,0.00,0.00,0.00,,,AIRL,0.00,0.00,0.00,0.00,0.00,0.00,2126,0,,USD
COM14228,Bjarne TEST 2023-02-28 - Denmark,PotCust,Bjarne TEST 2023-02-28,Europe,Europe Northern,Denmark - DK - Europe,,  ,0%,  ,0%,  ,0%,0.00,0.00,0.00,0.00,0.00,,,,0.00,0.00,0.00,0.00,0.00,0.00,2127,0,,EUR
COM14229,Nova Aviation Services - United Arab Emirates,Customer,Nova Aviation Services,Asia,Middle East,United Arab Emirates - AE - Asia,,  ,0%, 30 915,43%, 44 078,9%,"48,102.00","29,818.00","49,531.00","28,389.00","48,102.00",New FSP,APAC5,FSP,"-4,261.00",0.00,0.00,"-4,261.00",0.00,0.00,2128,0,2023-03-13,EUR
COM14230,Presidencia de la Nación Argentina - Argentina,PotCust,Presidencia de la Nación Argentina,Americas,"America, Latin and the Caribbean",Argentina - AR - Americas,,  ,0%,  ,0%,  ,0%,0.00,0.00,0.00,0.00,0.00,,,AIRL,0.00,0.00,0.00,0.00,0.00,0.00,2129,2,,USD
COM14231,FLYZAR - Argentina,PotCust,FLYZAR,Americas,"America, Latin and the Caribbean",Argentina - AR - Americas,,  ,0%,  ,0%,  ,0%,0.00,0.00,0.00,0.00,0.00,,,GA-BA,0.00,0.00,0.00,0.00,0.00,0.00,2130,0,,USD
COM14232,"AERO STATES SERVICES - Congo, Democratic Republic of the",NonCust,AERO STATES SERVICES,Africa,Africa Sub-Saharan,"Congo, Democratic Republic of the - CD - Africa",,  ,0%,  ,0%,  ,0%,0.00,0.00,0.00,0.00,0.00,New FSP,AFR5,FSP,0.00,0.00,0.00,0.00,0.00,0.00,2131,1,2026-05-05,EUR
COM14233,FSP KLEOS AERO - Ireland,Customer,FSP KLEOS AERO,Europe,Europe Northern,Ireland - IE - Europe,,  ,0%, 27 958,77%, 49 425,7%,"52,914.00","35,018.00","57,366.00","30,566.00","52,914.00",New FSP,EUR5,FSP,0.00,0.00,0.00,0.00,0.00,0.00,2132,0,2023-03-22,EUR
COM14234,Essar Group - India,PotCust,Essar Group,Asia,Asia Southern,India - IN - Asia,,  ,0%,  ,0%,  ,0%,0.00,0.00,0.00,0.00,0.00,,,GA-BA,0.00,0.00,0.00,0.00,0.00,0.00,2133,0,,EUR
COM14235,MS SUPERSOFT AVION LLP - India,Customer,MS SUPERSOFT AVION LLP,Asia,Asia Southern,India - IN - Asia,,  ,0%, 30 658,251%, 107 715,-23%,"83,352.00","68,572.00","116,440.00","35,484.00","83,352.00",New FSP,APAC5,FSP,"10,615.00",0.00,"10,615.00",0.00,0.00,0.00,2134,1,2023-03-06,EUR
COM14236,Airnorth (Australia) - Australia,PotCust,Airnorth (Australia),Oceania,Australia and New Zealand,Australia - AU - Oceania,,  ,0%,  ,0%,  ,0%,0.00,0.00,0.00,0.00,0.00,,,AIRL,0.00,0.00,0.00,0.00,0.00,0.00,2135,0,,USD
COM14237,SB MAN & Co - Ghana,PotCust,SB MAN & Co,Africa,Africa Sub-Saharan,Ghana - GH - Africa,,  ,0%,  ,0%,  ,0%,0.00,0.00,0.00,0.00,0.00,New FSP,AFR5,FSP,0.00,0.00,0.00,0.00,0.00,0.00,2136,1,,EUR
COM14239,FSP JETPLUS AVIATION SERVICE - United Arab Emirates,Customer,FSP JETPLUS AVIATION SERVICE,Asia,Middle East,United Arab Emirates - AE - Asia,,  ,0%, 24 555,80%, 44 078,7%,"47,281.00","29,818.00","49,531.00","27,568.00","47,281.00",New FSP,APAC5,FSP,"4,261.00",0.00,"4,261.00",0.00,0.00,0.00,2137,3,2023-03-24,EUR
COM14240,European Air Charter - Bulgaria,Customer,European Air Charter,Europe,Europe Eastern,Bulgaria - BG - Europe,,  ,0%, 12 796,23%, 15 732,32%,"20,792.00","13,923.00","21,615.00","13,101.00","20,792.00",Standard,EUR5,GA-BA,0.00,0.00,0.00,0.00,0.00,0.00,2138,10,2023-04-28,EUR
COM14241,Paramount Global Ferry Services - United States of America,Customer,Paramount Global Ferry Services,Americas,"America, Northern",United States of America - US - Americas,,  ,0%, 16 116,224%, 52 150,2%,"53,406.00","32,736.00","54,306.00","31,837.00","53,406.00",New FSP,AME5,FSP,0.00,0.00,0.00,0.00,0.00,0.00,2139,0,2023-07-31,USD
COM14243,RICOH (Thailand) Limited - Thailand,PotCust,RICOH (Thailand) Limited,Asia,Asia South-eastern,Thailand - TH - Asia,,  ,0%,  ,0%,  ,0%,0.00,0.00,0.00,0.00,0.00,,,GA-BA,0.00,0.00,0.00,0.00,0.00,0.00,2140,0,,USD
COM14244,Bishwo Airways - Nepal,PotCust,Bishwo Airways,Asia,Asia Southern,Nepal - NP - Asia,,  ,0%,  ,0%,  ,0%,0.00,0.00,0.00,0.00,0.00,,,AIRL,0.00,0.00,0.00,0.00,0.00,0.00,2141,0,,EUR
COM14245,AVIATION EXPERTS - United Arab Emirates,Quarantine,AVIATION EXPERTS,Asia,Middle East,United Arab Emirates - AE - Asia,,  ,0%, 23 852,-6%, 22 499,-100%,0.00,0.00,0.00,0.00,0.00,New FSP,APAC5,FSP,0.00,0.00,0.00,0.00,0.00,0.00,2142,1,2023-03-24,EUR
COM14246,UMZA Air services Ltd - Nigeria,Customer,UMZA Air services Ltd,Africa,Africa Sub-Saharan,Nigeria - NG - Africa,,  ,0%,  ,0%, 54 627,-14%,"47,083.00","35,560.00","66,291.00","16,353.00","47,083.00",Old,AME5,AIRL,0.00,0.00,0.00,0.00,0.00,0.00,2143,3,2024-02-06,USD
COM14247,Sunlight Express Airways - Philippines,Customer,Sunlight Express Airways,Asia,Asia South-eastern,Philippines - PH - Asia,,  ,0%,  ,0%, 54 086,116%,"117,090.00","44,724.00","98,378.00","63,436.00","117,090.00",Old,APAC5,AIRL,"22,360.00",0.00,0.00,"22,360.00",0.00,0.00,2144,2,2023-12-07,USD
COM14248,Global Aviation DMCC - Mauritania,Customer,Global Aviation DMCC,Africa,Africa Sub-Saharan,Mauritania - MR - Africa,,  ,0%, 149 939,4%, 156 553,13%,"177,385.00","79,802.00","162,264.00","94,923.00","177,385.00",Old,AFR4,GA-BA,"40,427.00",0.00,0.00,"40,427.00",0.00,0.00,2145,8,2023-03-23,EUR
COM14249,GSR Aviation - United Kingdom of Great Britain and Northern Ireland,PotCust,GSR Aviation,Europe,Europe Northern,United Kingdom of Great Britain and Northern Ireland - GB - Europe,,  ,0%,  ,0%,  ,0%,0.00,0.00,0.00,0.00,0.00,,,GA-BA,0.00,0.00,0.00,0.00,0.00,0.00,2146,0,,EUR
COM14250,JetMagic - Malta,PotCust,JetMagic,Europe,Europe Southern,Malta - MT - Europe,,  ,0%,  ,0%,  ,0%,0.00,0.00,0.00,0.00,0.00,,,GA-BA,0.00,0.00,0.00,0.00,0.00,0.00,2147,0,,EUR
COM14251,WALYA AIRWAYS - Ethiopia,PotCust,WALYA AIRWAYS,Africa,Africa Sub-Saharan,Ethiopia - ET - Africa,,  ,0%,  ,0%,  ,0%,0.00,0.00,0.00,0.00,0.00,,,AIRL,0.00,0.00,0.00,0.00,0.00,0.00,2148,0,,USD
COM14252,HESTIA AVIATION - France,PotCust,HESTIA AVIATION,Europe,Europe Western,France - FR - Europe,,  ,0%,  ,0%,  ,0%,0.00,0.00,0.00,0.00,0.00,,,GA-BA,0.00,0.00,0.00,0.00,0.00,0.00,2149,0,,EUR
COM14253,Andes Líneas Aéreas - Argentina,PotCust,Andes Líneas Aéreas,Americas,"America, Latin and the Caribbean",Argentina - AR - Americas,,  ,0%,  ,0%,  ,0%,0.00,0.00,0.00,0.00,0.00,,,AIRL,0.00,0.00,0.00,0.00,0.00,0.00,2150,0,,USD
COM14254,BAIRES FLY - Argentina,PotCust,BAIRES FLY,Americas,"America, Latin and the Caribbean",Argentina - AR - Americas,,  ,0%,  ,0%,  ,0%,0.00,0.00,0.00,0.00,0.00,,,GA-BA,0.00,0.00,0.00,0.00,0.00,0.00,2151,7,,USD
COM14255,Alpha Sky LLP - Kazakhstan,Customer via,Alpha Sky LLP,Asia,Middle East,Kazakhstan - KZ - Asia,,  ,0%,  ,0%,  ,0%,0.00,0.00,0.00,0.00,0.00,,,AIRL,0.00,0.00,0.00,0.00,0.00,0.00,2152,4,2026-06-25,EUR
COM14256,Skytours - Maldives,PotCust,Skytours,Asia,Asia Southern,Maldives - MV - Asia,,  ,0%,  ,0%,  ,0%,0.00,0.00,0.00,0.00,0.00,,,FSP,0.00,0.00,0.00,0.00,0.00,0.00,2153,0,,USD
COM14257,Flight Support Maldives - Maldives,PotCust,Flight Support Maldives,Asia,Asia Southern,Maldives - MV - Asia,,  ,0%,  ,0%,  ,0%,0.00,0.00,0.00,0.00,0.00,,,FSP,0.00,0.00,0.00,0.00,0.00,0.00,2154,0,,USD
COM14258,Fits Air - Sri Lanka,Customer,Fits Air,Asia,Asia Southern,Sri Lanka - LK - Asia,,  ,0%,  ,0%, 197 554,7%,"210,638.00","114,467.00","199,941.00","125,163.00","210,638.00",New FSP,APAC5,FSP,"28,793.00",0.00,"14,231.00","14,563.00",0.00,0.00,2155,3,2023-12-30,USD
COM14259,Regional Airports Company Ltd - Maldives,NonCust,Regional Airports Company Ltd,Asia,Asia Southern,Maldives - MV - Asia,,  ,0%,  ,0%,  ,0%,0.00,0.00,0.00,0.00,0.00,,,GA-BA,0.00,0.00,0.00,0.00,0.00,0.00,2156,0,,USD
COM14260,FLY CIFAC - Tunisia,PotCust,FLY CIFAC,Africa,Africa Northern,Tunisia - TN - Africa,,  ,0%,  ,0%,  ,0%,0.00,0.00,0.00,0.00,0.00,,,FSP,0.00,0.00,0.00,0.00,0.00,0.00,2157,0,,EUR
COM14261,ONE AIRWAYS - Spain,PotCust,ONE AIRWAYS,Europe,Europe Southern,Spain - ES - Europe,,  ,0%,  ,0%,  ,0%,0.00,0.00,0.00,0.00,0.00,Standard,EUR5,GA-BA,0.00,0.00,0.00,0.00,0.00,0.00,2158,2,,EUR
COM14262,Test intern cm - Denmark,NonCust,Test intern cm,Europe,Europe Northern,Denmark - DK - Europe,,  ,0%,  ,0%,  ,0%,0.00,0.00,0.00,0.00,0.00,,,,0.00,0.00,0.00,0.00,0.00,0.00,2159,0,,EUR
COM14263,Esso Australia - Australia,PotCust,Esso Australia,Oceania,Australia and New Zealand,Australia - AU - Oceania,,  ,0%,  ,0%,  ,0%,0.00,0.00,0.00,0.00,0.00,,,GA-BA,0.00,0.00,0.00,0.00,0.00,0.00,2160,0,,USD
COM14264,NATIONALE RÉGIONALE DE TRANSPORT - Gabon,PotCust,NATIONALE RÉGIONALE DE TRANSPORT,Africa,Africa Sub-Saharan,Gabon - GA - Africa,,  ,0%,  ,0%,  ,0%,0.00,0.00,0.00,0.00,0.00,Standard,AFR5,AIRL,0.00,0.00,0.00,0.00,0.00,0.00,2161,2,,EUR
COM14265,Swedish Airforce Historic Flight - Sweden,PotCust,Swedish Airforce Historic Flight,Europe,Europe Northern,Sweden - SE - Europe,,  ,0%,  ,0%,  ,0%,0.00,0.00,0.00,0.00,0.00,Standard,EUR5,GA-BA,0.00,0.00,0.00,0.00,0.00,0.00,2162,2,,EUR
COM14266,TASSILI TRAVAIL AERIEN - Algeria,PotCust,TASSILI TRAVAIL AERIEN,Africa,Africa Northern,Algeria - DZ - Africa,,  ,0%,  ,0%,  ,0%,0.00,0.00,0.00,0.00,0.00,Standard,AFR4,AIRL,0.00,0.00,0.00,0.00,0.00,0.00,2163,14,,EUR
COM14267,"The Sky - Korea, Republic of",PotCust,The Sky,Asia,Asia Eastern,"Korea, Republic of - KR - Asia",,  ,0%,  ,0%,  ,0%,0.00,0.00,0.00,0.00,0.00,,,GA-BA,0.00,0.00,0.00,0.00,0.00,0.00,2164,0,,USD
COM14268,Bravo Aviation Limited - China,PotCust,Bravo Aviation Limited,Asia,Asia Eastern,China - CN - Asia,,  ,0%,  ,0%,  ,0%,0.00,0.00,0.00,0.00,0.00,,,FSP,0.00,0.00,0.00,0.00,0.00,0.00,2165,0,,USD
COM14269,SG Aviation Services - Ireland,NonCust,SG Aviation Services,Europe,Europe Northern,Ireland - IE - Europe,,  ,0%,  ,0%,  ,100%,"45,100.00",0.00,"6,445.00","38,654.00","45,100.00",New FSP,EUR5,FSP,0.00,0.00,0.00,0.00,0.00,0.00,2166,1,2024-11-14,EUR
COM14270,Skyjet Aviation - Canada,PotCust,Skyjet Aviation,Americas,"America, Northern",Canada - CA - Americas,,  ,0%,  ,0%,  ,0%,0.00,0.00,0.00,0.00,0.00,,,AIRL,0.00,0.00,0.00,0.00,0.00,0.00,2167,0,,USD
COM14271,Chair Airlines AG - Switzerland,Customer,Chair Airlines AG,Europe,Europe Western,Switzerland - CH - Europe,,  ,0%,  ,0%, 9 220,67%,"15,375.00","12,468.00","20,160.00","7,684.00","15,375.00",Standard,EUR5,AIRL,"2,079.00",0.00,"2,079.00",0.00,0.00,0.00,2168,4,2024-05-02,EUR
COM14272,Cambodia Airways Co. Ltd. - Cambodia,PotCust,Cambodia Airways Co. Ltd.,Asia,Asia South-eastern,Cambodia - KH - Asia,,  ,0%, 1 929,"1,544%", 31 708,-100%,0.00,0.00,0.00,0.00,0.00,Standard,APAC5,AIRL,0.00,0.00,0.00,0.00,0.00,0.00,2169,4,2023-11-02,USD
COM14273,ST BARTH EXECUTIVE - Saint Barthélemy,PotCust,ST BARTH EXECUTIVE,Americas,"America, Latin and the Caribbean",Saint Barthélemy - BL - Americas,,  ,0%,  ,0%,  ,0%,0.00,0.00,0.00,0.00,0.00,,,GA-BA,0.00,0.00,0.00,0.00,0.00,0.00,2170,0,,USD
COM14274,LIAT (2020) Ltd - Antigua and Barbuda,PotCust,LIAT (2020) Ltd,Americas,"America, Latin and the Caribbean",Antigua and Barbuda - AG - Americas,,  ,0%,  ,0%,  ,0%,0.00,0.00,0.00,0.00,0.00,,,AIRL,0.00,0.00,0.00,0.00,0.00,0.00,2171,6,,USD
COM14275,SI OPS - Slovenia,Customer,SI OPS,Europe,Europe Southern,Slovenia - SI - Europe,,  ,0%, 54 936,71%, 94 203,2%,"96,365.00","55,413.00","95,585.00","56,193.00","96,365.00",New FSP,EUR4,FSP,0.00,0.00,0.00,0.00,0.00,0.00,2172,6,2023-05-01,EUR
COM14276,Aerobleu Airways - Philippines,PotCust,Aerobleu Airways,Asia,Asia South-eastern,Philippines - PH - Asia,,  ,0%,  ,0%,  ,0%,0.00,0.00,0.00,0.00,0.00,New FSP,APAC5,FSP,0.00,0.00,0.00,0.00,0.00,0.00,2173,0,,EUR
COM14277,Bellagio Airlines - Nigeria,PotCust,Bellagio Airlines,Africa,Africa Sub-Saharan,Nigeria - NG - Africa,,  ,0%,  ,0%,  ,0%,0.00,0.00,0.00,0.00,0.00,,,GA-BA,0.00,0.00,0.00,0.00,0.00,0.00,2174,0,,USD
COM14278,AVCON GmbH - Germany,Customer,AVCON GmbH,Europe,Europe Western,Germany - DE - Europe,,  ,0%, 14 763,116%, 31 883,7%,"34,123.00","21,523.00","35,748.00","19,898.00","34,123.00",Standard,EUR5,GA-BA,0.00,0.00,0.00,0.00,0.00,0.00,2175,4,2023-06-30,EUR
COM14279,Jester Flight Dispatch School - Italy,PotCust,Jester Flight Dispatch School,Europe,Europe Southern,Italy - IT - Europe,,  ,0%,  ,0%,  ,0%,0.00,0.00,0.00,0.00,0.00,,,FSP,0.00,0.00,0.00,0.00,0.00,0.00,2176,0,,EUR
COM14280,SalamAir - Oman,PotCust,SalamAir,Asia,Middle East,Oman - OM - Asia,,  ,0%,  ,0%,  ,0%,0.00,0.00,0.00,0.00,0.00,,,AIRL,0.00,0.00,0.00,0.00,0.00,0.00,2177,0,,USD
COM14281,Style Jets & Services - United States of America,PotCust,Style Jets & Services,Americas,"America, Northern",United States of America - US - Americas,,  ,0%,  ,0%,  ,0%,0.00,0.00,0.00,0.00,0.00,,,FSP,0.00,0.00,0.00,0.00,0.00,0.00,2178,0,,USD
COM14282,Comair Flight Services - South Africa,PotCust,Comair Flight Services,Africa,Africa Sub-Saharan,South Africa - ZA - Africa,,  ,0%,  ,0%,  ,0%,0.00,0.00,0.00,0.00,0.00,,,GA-BA,0.00,0.00,0.00,0.00,0.00,0.00,2179,0,,EUR
COM14283,Fly Express - Egypt,PotCust,Fly Express,Africa,Africa Northern,Egypt - EG - Africa,,  ,0%,  ,0%,  ,0%,0.00,0.00,0.00,0.00,0.00,Standard,AFR5,AIRL,0.00,0.00,0.00,0.00,0.00,0.00,2180,1,,EUR
COM14284,McDan Aviation - San Marino,PotCust,McDan Aviation,Europe,Europe Southern,San Marino - SM - Europe,,  ,0%,  ,0%,  ,0%,0.00,0.00,0.00,0.00,0.00,,,GA-BA,0.00,0.00,0.00,0.00,0.00,0.00,2181,0,,USD
COM14285,Air Master - Egypt,Customer,Air Master,Africa,Africa Northern,Egypt - EG - Africa,,  ,0%, 4 969,"1,417%", 75 391,55%,"116,664.00","73,584.00","122,218.00","68,030.00","116,664.00",Standard,AFR5,AIRL,"21,031.00",0.00,"10,515.00","10,515.00",0.00,0.00,2182,2,2023-11-01,EUR
COM14286,FLY-COOP AVIATION SERVICES LTD. - Hungary,PotCust,FLY-COOP AVIATION SERVICES LTD.,Europe,Europe Eastern,Hungary - HU - Europe,,  ,0%,  ,0%,  ,0%,0.00,0.00,0.00,0.00,0.00,Standard,EUR4,GA-BA,0.00,0.00,0.00,0.00,0.00,0.00,2183,10,,EUR
COM14287,Echo3 ( JAWI) - United Kingdom of Great Britain and Northern Ireland,Customer,Echo3 ( JAWI),Europe,Europe Northern,United Kingdom of Great Britain and Northern Ireland - GB - Europe,,  ,0%, 11 632,605%, 82 025,117%,"177,715.00","93,488.00","167,766.00","103,436.00","177,715.00",New FSP,EUR4,FSP,0.00,0.00,0.00,0.00,0.00,0.00,2184,1,2023-07-01,EUR
COM14288,AEROWISE - Argentina,PotCust,AEROWISE,Americas,"America, Latin and the Caribbean",Argentina - AR - Americas,,  ,0%,  ,0%,  ,0%,0.00,0.00,0.00,0.00,0.00,New FSP,AME5,FSP,0.00,0.00,0.00,0.00,0.00,0.00,2185,1,,USD
COM14289,DC Aviation Gmbh - Germany,NonCust,DC Aviation Gmbh,Europe,Europe Western,Germany - DE - Europe,,  ,0%,  ,0%,  ,0%,0.00,0.00,0.00,0.00,0.00,,,GA-BA,0.00,0.00,0.00,0.00,0.00,0.00,2186,0,,EUR
COM14290,Uzbekistan Airways - Uzbekistan,PotCust,Uzbekistan Airways,Asia,Middle East,Uzbekistan - UZ - Asia,,  ,0%,  ,0%,  ,0%,0.00,0.00,0.00,0.00,0.00,,,AIRL,0.00,0.00,0.00,0.00,0.00,0.00,2187,0,,USD
COM14291,JOINJET - Denmark,PotCust,JOINJET,Europe,Europe Northern,Denmark - DK - Europe,,  ,0%,  ,0%,  ,0%,0.00,0.00,0.00,0.00,0.00,,,GA-BA,0.00,0.00,0.00,0.00,0.00,0.00,2188,0,,EUR
COM14292,ADTI Oman - Oman,PotCust,ADTI Oman,Asia,Middle East,Oman - OM - Asia,,  ,0%,  ,0%,  ,0%,0.00,0.00,0.00,0.00,0.00,,,FSP,0.00,0.00,0.00,0.00,0.00,0.00,2189,0,,USD
COM14293,Berkut Air - Kazakhstan,PotCust,Berkut Air,Asia,Middle East,Kazakhstan - KZ - Asia,,  ,0%,  ,0%,  ,0%,0.00,0.00,0.00,0.00,0.00,,,AIRL,0.00,0.00,0.00,0.00,0.00,0.00,2190,8,,USD
COM14294,Camair - Cameroon,PotCust,Camair,Africa,Africa Sub-Saharan,Cameroon - CM - Africa,,  ,0%,  ,0%,  ,0%,0.00,0.00,0.00,0.00,0.00,,,AIRL,0.00,0.00,0.00,0.00,0.00,0.00,2191,0,,EUR
COM14295,INDIGO - India,PotCust,INDIGO,Asia,Asia Southern,India - IN - Asia,,  ,0%,  ,0%,  ,0%,0.00,0.00,0.00,0.00,0.00,,,AIRL,0.00,0.00,0.00,0.00,0.00,0.00,2192,0,,USD
COM14297,MSPL Limited - India,PotCust,MSPL Limited,Asia,Asia Southern,India - IN - Asia,,  ,0%,  ,0%,  ,0%,0.00,0.00,0.00,0.00,0.00,,,GA-BA,0.00,0.00,0.00,0.00,0.00,0.00,2193,0,,USD
COM14298,Penjet - Australia,PotCust,Penjet,Oceania,Australia and New Zealand,Australia - AU - Oceania,,  ,0%,  ,0%,  ,0%,0.00,0.00,0.00,0.00,0.00,,,GA-BA,0.00,0.00,0.00,0.00,0.00,0.00,2194,0,,USD
COM14299,TREBET AVIATION - Nigeria,PotCust,TREBET AVIATION,Africa,Africa Sub-Saharan,Nigeria - NG - Africa,,  ,0%,  ,0%,  ,0%,0.00,0.00,0.00,0.00,0.00,,,GA-BA,0.00,0.00,0.00,0.00,0.00,0.00,2195,0,,USD
COM14300,Air Cambodia - Cambodia,PotCust,Air Cambodia,Asia,Asia South-eastern,Cambodia - KH - Asia,,  ,0%,  ,0%,  ,0%,0.00,0.00,0.00,0.00,0.00,,,AIRL,0.00,0.00,0.00,0.00,0.00,0.00,2196,0,,USD
COM14301,Ibrahim Fibres Limited - Pakistan,PotCust,Ibrahim Fibres Limited,Asia,Asia Southern,Pakistan - PK - Asia,,  ,0%,  ,0%,  ,0%,0.00,0.00,0.00,0.00,0.00,,,GA-BA,0.00,0.00,0.00,0.00,0.00,0.00,2197,0,,EUR
COM14302,Bismillah Airlines - Bangladesh,PotCust,Bismillah Airlines,Asia,Asia Southern,Bangladesh - BD - Asia,,  ,0%,  ,0%,  ,0%,0.00,0.00,0.00,0.00,0.00,,,AIRL,0.00,0.00,0.00,0.00,0.00,0.00,2198,0,,USD
COM14303,Firefly - Malaysia,PotCust,Firefly,Asia,Asia South-eastern,Malaysia - MY - Asia,,  ,0%,  ,0%,  ,0%,0.00,0.00,0.00,0.00,0.00,,,AIRL,0.00,0.00,0.00,0.00,0.00,0.00,2199,0,,USD
COM14304,AZURE AVIATION - Malta,PotCust,AZURE AVIATION,Europe,Europe Southern,Malta - MT - Europe,,  ,0%,  ,0%,  ,0%,0.00,0.00,0.00,0.00,0.00,,,GA-BA,0.00,0.00,0.00,0.00,0.00,0.00,2200,2,,EUR
COM14305,Plexus Academy - Saudi Arabia,PotCust,Plexus Academy,Asia,Middle East,Saudi Arabia - SA - Asia,,  ,0%,  ,0%,  ,0%,0.00,0.00,0.00,0.00,0.00,,,GA-BA,0.00,0.00,0.00,0.00,0.00,0.00,2201,0,,EUR
COM14306,Finistair - France,PotCust,Finistair,Europe,Europe Western,France - FR - Europe,,  ,0%,  ,0%,  ,0%,0.00,0.00,0.00,0.00,0.00,Standard,EUR5,AIRL,0.00,0.00,0.00,0.00,0.00,0.00,2202,1,,EUR
COM14307,Air Niugini Ltd - Papua New Guinea,PotCust,Air Niugini Ltd,Oceania,Melanesia,Papua New Guinea - PG - Oceania,,  ,0%,  ,0%,  ,0%,0.00,0.00,0.00,0.00,0.00,,,AIRL,0.00,0.00,0.00,0.00,0.00,0.00,2203,21,,USD
COM14308,Ibis Air - South Africa,PotCust,Ibis Air,Africa,Africa Sub-Saharan,South Africa - ZA - Africa,,  ,0%, 3 935,114%, 8 411,-100%,0.00,0.00,0.00,0.00,0.00,Standard,AFR5,GA-BA,0.00,0.00,0.00,0.00,0.00,0.00,2204,1,2023-12-01,EUR
,MAF International - United Kingdom of Great Britain and Northern Ireland,PotCust,MAF International,Europe,Europe Northern,United Kingdom of Great Britain and Northern Ireland - GB - Europe,,  ,0%,  ,0%,  ,0%,0.00,0.00,0.00,0.00,0.00,,,,0.00,0.00,0.00,0.00,0.00,0.00,2205,0,,EUR
COM14310,Delta World Charter - United Arab Emirates,NonCust,Delta World Charter,Asia,Middle East,United Arab Emirates - AE - Asia,,  ,0%,  ,0%,  ,0%,0.00,0.00,0.00,0.00,0.00,Standard,APAC5,GA-BA,0.00,0.00,0.00,0.00,0.00,0.00,2206,1,,USD
COM14311,K-Mile Air - Thailand,PotCust,K-Mile Air,Asia,Asia South-eastern,Thailand - TH - Asia,,  ,0%,  ,0%,  ,0%,0.00,0.00,0.00,0.00,0.00,,,AIRL,0.00,0.00,0.00,0.00,0.00,0.00,2207,0,,USD
COM14312,Prime Avia - Kyrgyzstan,PotCust,Prime Avia,Asia,Middle East,Kyrgyzstan - KG - Asia,,  ,0%,  ,0%,  ,0%,0.00,0.00,0.00,0.00,0.00,,,FSP,0.00,0.00,0.00,0.00,0.00,0.00,2208,0,,USD
COM14313,"FlyCAA - Congo, Democratic Republic of the",PotCust,FlyCAA,Africa,Africa Sub-Saharan,"Congo, Democratic Republic of the - CD - Africa",,  ,0%,  ,0%,  ,0%,0.00,0.00,0.00,0.00,0.00,,,AIRL,0.00,0.00,0.00,0.00,0.00,0.00,2209,0,,EUR
COM14314,GEWAN Aviation L.L.C. - United Arab Emirates,Customer,GEWAN Aviation L.L.C.,Asia,Middle East,United Arab Emirates - AE - Asia,,  ,0%,  ,0%, 73 664,-7%,"68,472.00","101,960.00","126,129.00","44,303.00","68,472.00",Standard,APAC5,AIRL,0.00,0.00,0.00,0.00,0.00,0.00,2210,1,2023-11-20,USD
COM14315,Royal Airways - Chad,PotCust,Royal Airways,Africa,Africa Sub-Saharan,Chad - TD - Africa,,  ,0%,  ,0%,  ,0%,0.00,0.00,0.00,0.00,0.00,,,AIRL,0.00,0.00,0.00,0.00,0.00,0.00,2211,0,,EUR
COM14316,Bridges Air Cargo - Malta,Customer,Bridges Air Cargo,Europe,Europe Southern,Malta - MT - Europe,,  ,0%,  ,0%, 34 385,62%,"55,763.00","49,246.00","78,006.00","27,003.00","55,763.00",Standard,EUR5,AIRL,0.00,0.00,0.00,0.00,0.00,0.00,2212,1,2024-01-18,EUR
COM14317,Canada Jetlines - Canada,PotCust,Canada Jetlines,Americas,"America, Northern",Canada - CA - Americas,,  ,0%,  ,0%,  ,0%,0.00,0.00,0.00,0.00,0.00,,,AIRL,0.00,0.00,0.00,0.00,0.00,0.00,2213,0,,USD
COM14318,Rimbun Air - Indonesia,PotCust,Rimbun Air,Asia,Asia South-eastern,Indonesia - ID - Asia,,  ,0%,  ,0%,  ,0%,0.00,0.00,0.00,0.00,0.00,,,AIRL,0.00,0.00,0.00,0.00,0.00,0.00,2214,0,,USD
COM14319,SQI - Belgium,PotCust,SQI,Europe,Europe Western,Belgium - BE - Europe,,  ,0%,  ,0%,  ,0%,0.00,0.00,0.00,0.00,0.00,,,GA-BA,0.00,0.00,0.00,0.00,0.00,0.00,2215,0,,EUR
COM13475,"WSI: Empire, Elite - United States of America",PotCust,"WSI: Empire, Elite",Americas,"America, Northern",United States of America - US - Americas,, 342 180,-100%,  ,0%,  ,0%,0.00,0.00,0.00,0.00,0.00,,,AIRL,0.00,0.00,0.00,0.00,0.00,0.00,2216,0,2016-08-01,USD
COM14320,G.A.A. AVIATION Pvt Ltd - Pakistan,PotCust,G.A.A. AVIATION Pvt Ltd,Asia,Asia Southern,Pakistan - PK - Asia,,  ,0%,  ,0%,  ,0%,0.00,0.00,0.00,0.00,0.00,,,GA-BA,0.00,0.00,0.00,0.00,0.00,0.00,2217,0,,USD
COM14321,TAILWIND AIRLINES - Turkey,PotCust,TAILWIND AIRLINES,Asia,Middle East,Turkey - TR - Asia,,  ,0%,  ,0%,  ,0%,0.00,0.00,0.00,0.00,0.00,,,AIRL,0.00,0.00,0.00,0.00,0.00,0.00,2218,4,,EUR
COM14322,FLY ONE ARMENIA - Armenia,Customer,FLY ONE ARMENIA,Asia,Middle East,Armenia - AM - Asia,,  ,0%, 9 173,626%, 66 579,100%,"133,336.00","159,194.00","221,238.00","71,291.00","133,336.00",Standard,APAC5,AIRL,0.00,0.00,0.00,0.00,0.00,0.00,2219,3,2023-10-02,EUR
COM14323,Tennor International Services - Germany,PotCust,Tennor International Services,Europe,Europe Western,Germany - DE - Europe,,  ,0%,  ,0%,  ,0%,0.00,0.00,0.00,0.00,0.00,,,GA-BA,0.00,0.00,0.00,0.00,0.00,0.00,2220,,,EUR
COM14324,SUPERNOVA AIRLINES - Ukraine,Customer,SUPERNOVA AIRLINES,Europe,Europe Eastern,Ukraine - UA - Europe,,  ,0%,  ,0%, 43 213,132%,"100,242.00","77,899.00","127,158.00","50,983.00","100,242.00",Standard,EUR5,AIRL,"11,132.00",0.00,"11,132.00",0.00,0.00,0.00,2221,1,2023-12-19,EUR
COM14325,TUM AeroCarga - Mexico,PotCust,TUM AeroCarga,Americas,"America, Latin and the Caribbean",Mexico - MX - Americas,,  ,0%,  ,0%,  ,0%,0.00,0.00,0.00,0.00,0.00,Standard,AME4,AIRL,0.00,0.00,0.00,0.00,0.00,0.00,2222,10,,USD
COM14326,RELIANCE AIR CHARTER - Kenya,PotCust,RELIANCE AIR CHARTER,Africa,Africa Sub-Saharan,Kenya - KE - Africa,,  ,0%,  ,0%,  ,0%,0.00,0.00,0.00,0.00,0.00,,,GA-BA,0.00,0.00,0.00,0.00,0.00,0.00,2223,0,,USD
COM14327,Air Tahiti S.A. - French Polynesia,Customer,Air Tahiti S.A.,Oceania,Polynesia,French Polynesia - PF - Oceania,,  ,0%,  ,0%,  ,0%,0.00,"32,888.00","32,888.00",0.00,0.00,Standard,AME3,AIRL,0.00,0.00,0.00,0.00,0.00,0.00,2224,0,2026-02-18,EUR
COM14328,Nepal Airlines - Nepal,PotCust,Nepal Airlines,Asia,Asia Southern,Nepal - NP - Asia,,  ,0%,  ,0%,  ,0%,0.00,0.00,0.00,0.00,0.00,,,AIRL,0.00,0.00,0.00,0.00,0.00,0.00,2225,0,,USD
COM14329,Lynx Air (BANKRUPT) - Canada,PotCust,Lynx Air (BANKRUPT),Americas,"America, Northern",Canada - CA - Americas,,  ,0%,  ,0%,  ,0%,0.00,0.00,0.00,0.00,0.00,,,AIRL,0.00,0.00,0.00,0.00,0.00,0.00,2226,0,,USD
COM14331,Fly Oya - Libya,PotCust,Fly Oya,Africa,Africa Northern,Libya - LY - Africa,,  ,0%,  ,0%,  ,0%,0.00,0.00,0.00,0.00,0.00,Standard,AFR5,AIRL,0.00,0.00,0.00,0.00,0.00,0.00,2227,3,,EUR
COM14332,AFCOM - India,Customer,AFCOM,Asia,Asia Southern,India - IN - Asia,,  ,0%,  ,0%, 91 074,26%,"114,620.00","112,868.00","160,982.00","66,506.00","114,620.00",Standard,APAC5,AIRL,0.00,0.00,0.00,0.00,0.00,0.00,2228,2,2023-11-14,USD
COM14333,Dala Air - Kazakhstan,PotCust,Dala Air,Asia,Middle East,Kazakhstan - KZ - Asia,,  ,0%,  ,0%,  ,0%,0.00,0.00,0.00,0.00,0.00,,,GA-BA,0.00,0.00,0.00,0.00,0.00,0.00,2229,,,EUR
COM14334,Pacific Island Air - Fiji,PotCust,Pacific Island Air,Oceania,Melanesia,Fiji - FJ - Oceania,,  ,0%,  ,0%, 12 516,-100%,0.00,0.00,0.00,0.00,0.00,Standard,APAC5,GA-BA,0.00,0.00,0.00,0.00,0.00,0.00,2230,3,2023-11-21,USD
COM14335,Boskovic Air Charters - Kenya,PotCust,Boskovic Air Charters,Africa,Africa Sub-Saharan,Kenya - KE - Africa,,  ,0%,  ,0%,  ,0%,0.00,0.00,0.00,0.00,0.00,,,GA-BA,0.00,0.00,0.00,0.00,0.00,0.00,2231,0,,EUR
COM14336,ZondaJet - Poland,PotCust,ZondaJet,Europe,Europe Eastern,Poland - PL - Europe,,  ,0%,  ,0%,  ,0%,0.00,0.00,0.00,0.00,0.00,,,GA-BA,0.00,0.00,0.00,0.00,0.00,0.00,2232,,,EUR
COM14337,FLY ARIELLA - Burkina Faso,PotCust,FLY ARIELLA,Africa,Africa Sub-Saharan,Burkina Faso - BF - Africa,,  ,0%,  ,0%,  ,0%,0.00,0.00,0.00,0.00,0.00,,,AIRL,0.00,0.00,0.00,0.00,0.00,0.00,2233,2,,EUR
COM14338,SKY HIGH Dominican - Dominican Republic,PotCust,SKY HIGH Dominican,Americas,"America, Latin and the Caribbean",Dominican Republic - DO - Americas,,  ,0%,  ,0%,  ,0%,0.00,0.00,0.00,0.00,0.00,,,AIRL,0.00,0.00,0.00,0.00,0.00,0.00,2234,8,,USD
COM14339,Jetset - Indonesia,PotCust,Jetset,Asia,Asia South-eastern,Indonesia - ID - Asia,,  ,0%,  ,0%,  ,0%,0.00,0.00,0.00,0.00,0.00,,,GA-BA,0.00,0.00,0.00,0.00,0.00,0.00,2235,0,,USD
COM14340,ROYAL CLASS - Argentina,PotCust,ROYAL CLASS,Americas,"America, Latin and the Caribbean",Argentina - AR - Americas,,  ,0%,  ,0%,  ,0%,0.00,0.00,0.00,0.00,0.00,,,GA-BA,0.00,0.00,0.00,0.00,0.00,0.00,2236,1,,USD
COM14341,LEASCOR - Philippines,PotCust,LEASCOR,Asia,Asia South-eastern,Philippines - PH - Asia,,  ,0%,  ,0%,  ,0%,0.00,0.00,0.00,0.00,0.00,,,AIRL,0.00,0.00,0.00,0.00,0.00,0.00,2237,0,,USD
COM14342,Hinterland Aviation - Australia,PotCust,Hinterland Aviation,Oceania,Australia and New Zealand,Australia - AU - Oceania,,  ,0%,  ,0%,  ,0%,0.00,0.00,0.00,0.00,0.00,,,AIRL,0.00,0.00,0.00,0.00,0.00,0.00,2238,,,USD
COM14343,Air Sprint - Canada,PotCust,Air Sprint,Americas,"America, Northern",Canada - CA - Americas,,  ,0%,  ,0%,  ,0%,0.00,0.00,0.00,0.00,0.00,,,GA-BA,0.00,0.00,0.00,0.00,0.00,0.00,2239,43,,USD
COM14344,ASCEND AIRWAYS - United Kingdom of Great Britain and Northern Ireland,NonCust,ASCEND AIRWAYS,Europe,Europe Northern,United Kingdom of Great Britain and Northern Ireland - GB - Europe,,  ,0%,  ,0%, 91 949,151%,"230,491.00","110,439.00","239,026.00","101,903.00","230,491.00",Standard,EUR5,AIRL,0.00,0.00,0.00,0.00,0.00,0.00,2240,7,2024-01-26,EUR
COM14345,"SK Telecom - Korea, Republic of",PotCust,SK Telecom,Asia,Asia Eastern,"Korea, Republic of - KR - Asia",,  ,0%,  ,0%,  ,0%,0.00,0.00,0.00,0.00,0.00,Standard,APAC5,GA-BA,0.00,0.00,0.00,0.00,0.00,0.00,2241,0,2024-01-25,USD
COM14346,Aero Hi-Learn - France,PotCust,Aero Hi-Learn,Europe,Europe Western,France - FR - Europe,,  ,0%,  ,0%,  ,0%,0.00,0.00,0.00,0.00,0.00,,,FSP,0.00,0.00,0.00,0.00,0.00,0.00,2242,,,EUR
COM14347,Bamboo Airways - Viet Nam,Customer,Bamboo Airways,Asia,Asia South-eastern,Viet Nam - VN - Asia,,  ,0%,  ,0%, 13 341,"1,011%","148,217.00","80,814.00","140,470.00","88,561.00","148,217.00",Standard,APAC4,AIRL,"8,707.00",0.00,"8,707.00",0.00,0.00,0.00,2243,5,2024-09-02,USD
COM14348,Titan Airways LTD - United Kingdom of Great Britain and Northern Ireland,Customer,Titan Airways LTD,Europe,Europe Northern,United Kingdom of Great Britain and Northern Ireland - GB - Europe,,  ,0%,  ,0%, 100 532,553%,"656,799.00","415,624.00","693,884.00","378,539.00","656,799.00",Standard,EUR4,AIRL,"60,604.00",0.00,"60,604.00",0.00,0.00,0.00,2244,12,2017-08-01,EUR
COM14349,FlySBS Aviation - India,Customer via,FlySBS Aviation,Asia,Asia Southern,India - IN - Asia,,  ,0%,  ,0%,  ,0%,0.00,0.00,0.00,0.00,0.00,,,GA-BA,0.00,0.00,0.00,0.00,0.00,0.00,2245,,2024-04-29,USD
COM14350,Atlantic Air Solutions - Spain,Customer,Atlantic Air Solutions,Europe,Europe Southern,Spain - ES - Europe,,  ,0%,  ,0%,  ,100%,"29,179.00","28,440.00","40,774.00","16,845.00","29,179.00",Standard,EUR5,GA-BA,0.00,0.00,0.00,0.00,0.00,0.00,2246,1,2024-04-09,EUR
COM14351,ECCO AIR SP.ZO.O - Poland,PotCust,ECCO AIR SP.ZO.O,Europe,Europe Eastern,Poland - PL - Europe,,  ,0%,  ,0%,  ,0%,0.00,0.00,0.00,0.00,0.00,Standard,EUR5,AIRL,0.00,0.00,0.00,0.00,0.00,0.00,2247,1,2023-12-15,EUR
COM14352,DAT LT (former Danish Air Transport) - Lithuania,Customer,DAT LT (former Danish Air Transport),Europe,Europe Northern,Lithuania - LT - Europe,,  ,0%, 447 566,5%, 468 691,3%,"482,773.00",0.00,"482,773.00",0.00,"482,773.00",Old,EUR4,AIRL,0.00,0.00,0.00,0.00,0.00,0.00,2248,24,1991-12-01,EUR
COM14353,Albatros Airlines - Venezuela (Bolivarian Republic of),PotCust,Albatros Airlines,Americas,"America, Latin and the Caribbean",Venezuela (Bolivarian Republic of) - VE - Americas,,  ,0%,  ,0%,  ,0%,0.00,0.00,0.00,0.00,0.00,,,AIRL,0.00,0.00,0.00,0.00,0.00,0.00,2249,3,,USD
COM14354,FLYAIR41 - Croatia,PotCust,FLYAIR41,Europe,Europe Southern,Croatia - HR - Europe,,  ,0%,  ,0%,  ,0%,0.00,0.00,0.00,0.00,0.00,,,AIRL,0.00,0.00,0.00,0.00,0.00,0.00,2250,6,,EUR
COM14355,VALO Management WLL - Bahrain,Customer,VALO Management WLL,Asia,Middle East,Bahrain - BH - Asia,,  ,0%,  ,0%, 109 710,25%,"137,129.00","102,075.00","162,283.00","76,920.00","137,129.00",Standard,APAC5,GA-BA,0.00,0.00,0.00,0.00,0.00,0.00,2251,5,2024-03-11,EUR
COM14357,FLYBENGAL - Bangladesh,PotCust,FLYBENGAL,Asia,Asia Southern,Bangladesh - BD - Asia,,  ,0%,  ,0%,  ,0%,0.00,0.00,0.00,0.00,0.00,,,AIRL,0.00,0.00,0.00,0.00,0.00,0.00,2252,,,USD
COM14358,Sonic Jet FZC - United Arab Emirates,PotCust,Sonic Jet FZC,Asia,Middle East,United Arab Emirates - AE - Asia,,  ,0%,  ,0%,  ,0%,0.00,0.00,0.00,0.00,0.00,,,FSP,0.00,0.00,0.00,0.00,0.00,0.00,2253,,,USD
COM14359,Sonic Jet Atlantic Inc - Canada,PotCust,Sonic Jet Atlantic Inc,Americas,"America, Northern",Canada - CA - Americas,,  ,0%,  ,0%,  ,0%,0.00,0.00,0.00,0.00,0.00,,,FSP,0.00,0.00,0.00,0.00,0.00,0.00,2254,,,USD
COM14360,JETSKY AIRWAYS - Bulgaria,Quarantine,JETSKY AIRWAYS,Europe,Europe Eastern,Bulgaria - BG - Europe,2025-02-28,  ,0%, 8 308,"1,068%", 97 002,-82%,"17,645.00",0.00,0.00,"17,645.00","17,645.00",Standard,EUR5,AIRL,0.00,0.00,0.00,0.00,0.00,0.00,2255,1,2023-12-13,EUR
COM14361,MSC AIR S.p.a. - Italy,PotCust,MSC AIR S.p.a.,Europe,Europe Southern,Italy - IT - Europe,,  ,0%,  ,0%,  ,100%,"37,587.00","52,758.00","33,693.00","56,652.00","37,587.00",Standard,EUR5,AIRL,0.00,0.00,0.00,0.00,0.00,0.00,2256,0,2024-11-28,EUR
COM14362,Peak Aero Solutions - Switzerland,Customer,Peak Aero Solutions,Europe,Europe Western,Switzerland - CH - Europe,,  ,0%,  ,0%, 251 144,-23%,"192,170.00","121,181.00","191,640.00","121,711.00","192,170.00",New FSP,EUR4,FSP,"13,652.00",0.00,"13,652.00",0.00,0.00,0.00,2257,6,2023-12-15,EUR
COM14363,Aerocom Aviation Oy - Finland,Customer,Aerocom Aviation Oy,Europe,Europe Northern,Finland - FI - Europe,,  ,0%,  ,0%, 16 040,100%,"32,110.00","24,234.00","40,251.00","16,093.00","32,110.00",Standard,EUR5,GA-BA,0.00,0.00,0.00,0.00,0.00,0.00,2258,1,2024-01-04,EUR
COM14364,Al Haya Aviation - Iraq,NonCust,Al Haya Aviation,Asia,Middle East,Iraq - IQ - Asia,,  ,0%,  ,0%,  ,0%,0.00,0.00,0.00,0.00,0.00,,APAC5,AIRL,0.00,0.00,0.00,0.00,0.00,0.00,2259,,2024-08-05,EUR
COM14367,Link Asia - Indonesia,PotCust,Link Asia,Asia,Asia South-eastern,Indonesia - ID - Asia,,  ,0%,  ,0%,  ,0%,0.00,0.00,0.00,0.00,0.00,,,AIRL,0.00,0.00,0.00,0.00,0.00,0.00,2260,0,,EUR
COM14368,1FLT - United Arab Emirates,Customer,1FLT,Asia,Middle East,United Arab Emirates - AE - Asia,,  ,0%,  ,0%, 35 697,40%,"49,976.00","34,538.00","55,372.00","29,142.00","49,976.00",New FSP,APAC5,FSP,"9,113.00",0.00,"4,556.00","4,556.00",0.00,0.00,2261,0,2024-03-28,EUR
COM14365,(Duplicate) Aerolínea del Estado Mexicano - Mexico,NonCust,(Duplicate) Aerolínea del Estado Mexicano,Americas,"America, Latin and the Caribbean",Mexico - MX - Americas,,  ,0%,  ,0%,  ,0%,0.00,0.00,0.00,0.00,0.00,,,AIRL,0.00,0.00,0.00,0.00,0.00,0.00,2265,,,USD
COM14369,Fly Mara Airlines - Kenya,Customer,Fly Mara Airlines,Africa,Africa Sub-Saharan,Kenya - KE - Africa,,  ,0%,  ,0%,  ,100%,"10,434.00",0.00,"4,188.00","6,245.00","10,434.00",Standard,AFR5,GA-BA,0.00,0.00,0.00,0.00,0.00,0.00,2266,1,2024-12-06,EUR
COM14370,Bjarne test 2024-01-16 - Denmark,PotCust,Bjarne test 2024-01-16,Europe,Europe Northern,Denmark - DK - Europe,,  ,0%,  ,0%,  ,0%,0.00,0.00,0.00,0.00,0.00,,,,0.00,0.00,0.00,0.00,0.00,0.00,2267,,,EUR
COM14371,Fly7 Executive Aviation SA - Switzerland,Customer,Fly7 Executive Aviation SA,Europe,Europe Western,Switzerland - CH - Europe,,  ,0%,  ,0%, 404 500,0%,"404,028.00","271,722.00","441,365.00","234,385.00","404,028.00",Standard,EUR3,GA-BA,"42,862.00",0.00,"42,862.00",0.00,0.00,0.00,2268,24,2024-01-01,EUR
COM14372,Air Haifa - Israel,PotCust,Air Haifa,Asia,Middle East,Israel - IL - Asia,,  ,0%,  ,0%,  ,0%,0.00,0.00,0.00,0.00,0.00,,,AIRL,0.00,0.00,0.00,0.00,0.00,0.00,2269,,,USD
COM14373,EL AL Israel Airlines - Israel,PotCust,EL AL Israel Airlines,Asia,Middle East,Israel - IL - Asia,,  ,0%,  ,0%,  ,0%,0.00,0.00,0.00,0.00,0.00,,,AIRL,0.00,0.00,0.00,0.00,0.00,0.00,2270,0,,EUR
COM14374,EGYPT VALLEY AVIATION SERVICES - Egypt,PotCust,EGYPT VALLEY AVIATION SERVICES,Africa,Africa Northern,Egypt - EG - Africa,,  ,0%,  ,0%,  ,0%,0.00,0.00,0.00,0.00,0.00,,,FSP,0.00,0.00,0.00,0.00,0.00,0.00,2271,,,EUR
COM14375,Fox Aviation - Slovenia,Pending Closure,Fox Aviation,Europe,Europe Southern,Slovenia - SI - Europe,,  ,0%,  ,0%, 30 894,93%,"59,471.00","32,847.00","59,393.00","32,926.00","59,471.00",Standard,EUR5,GA-BA,0.00,0.00,0.00,0.00,0.00,0.00,2272,4,2024-03-01,EUR
COM14376,SMALL FLY - Malta,Customer,SMALL FLY,Europe,Europe Southern,Malta - MT - Europe,,  ,0%,  ,0%,  ,100%,"59,846.00","73,314.00","106,892.00","26,268.00","59,846.00",Standard,EUR5,GA-BA,"-21,034.00",0.00,"-21,034.00",0.00,0.00,0.00,2273,3,2025-01-31,EUR
COM14377,Fly Aeolus - Belgium,PotCust,Fly Aeolus,Europe,Europe Western,Belgium - BE - Europe,,  ,0%,  ,0%,  ,0%,0.00,0.00,0.00,0.00,0.00,,,GA-BA,0.00,0.00,0.00,0.00,0.00,0.00,2274,,,EUR
COM14378,Skywards Aviation - India,PotCust,Skywards Aviation,Asia,Asia Southern,India - IN - Asia,,  ,0%,  ,0%,  ,0%,0.00,0.00,0.00,0.00,0.00,,,FSP,0.00,0.00,0.00,0.00,0.00,0.00,2275,,,USD
COM14379,SKYWAY AIRLINES - Philippines,Customer,SKYWAY AIRLINES,Asia,Asia South-eastern,Philippines - PH - Asia,,  ,0%,  ,0%, 31 393,140%,"75,252.00","70,987.00","103,199.00","43,041.00","75,252.00",Standard,APAC5,AIRL,-326.00,0.00,0.00,0.00,-326.00,0.00,2276,1,2024-02-16,USD
COM14380,Transavia Airlines (Netherlands) - Netherlands,PotCust,Transavia Airlines (Netherlands),Europe,Europe Western,Netherlands - NL - Europe,,  ,0%,  ,0%,  ,0%,0.00,0.00,0.00,0.00,0.00,,,AIRL,0.00,0.00,0.00,0.00,0.00,0.00,2277,53,,EUR
COM11120,INTERJET Hellenic Aviation - Greece,PotCust,INTERJET Hellenic Aviation,Europe,Europe Southern,Greece - GR - Europe,,  ,0%,  ,0%,  ,0%,0.00,0.00,0.00,0.00,0.00,,,,0.00,0.00,0.00,0.00,0.00,0.00,2278,,,EUR
COM14381,Enter Air Sp. z o.o. - Poland,PotCust,Enter Air Sp. z o.o.,Europe,Europe Eastern,Poland - PL - Europe,,  ,0%,  ,0%,  ,0%,0.00,0.00,0.00,0.00,0.00,,,AIRL,0.00,0.00,0.00,0.00,0.00,0.00,2279,0,,EUR
COM14382,ElioJet - Czechia,Customer,ElioJet,Europe,Europe Eastern,Czechia - CZ - Europe,,  ,0%,  ,0%, 18 648,76%,"32,790.00","39,265.00","55,178.00","16,877.00","32,790.00",Standard,EUR5,GA-BA,"3,834.00","3,834.00",0.00,0.00,0.00,0.00,2280,2,2024-05-08,EUR
COM14383,Hawaiian Airlines - United States of America,PotCust,Hawaiian Airlines,Americas,"America, Northern",United States of America - US - Americas,,  ,0%,  ,0%,  ,0%,0.00,0.00,0.00,0.00,0.00,,,AIRL,0.00,0.00,0.00,0.00,0.00,0.00,2281,0,,USD
COM14384,Strike Wing Aviation Training Center - Philippines,PotCust,Strike Wing Aviation Training Center,Asia,Asia South-eastern,Philippines - PH - Asia,,  ,0%,  ,0%,  ,0%,0.00,0.00,0.00,0.00,0.00,,,GA-BA,0.00,0.00,0.00,0.00,0.00,0.00,2282,,,USD
COM14385,UTC Flight Support - United Arab Emirates,Customer,UTC Flight Support,Asia,Middle East,United Arab Emirates - AE - Asia,,  ,0%,  ,0%, 36 698,26%,"46,166.00","37,430.00","56,674.00","26,923.00","46,166.00",Old FSP,APAC5,FSP,0.00,0.00,0.00,0.00,0.00,0.00,2283,0,2024-02-14,EUR
COM14386,BMW Flugdienst - Germany,PotCust,BMW Flugdienst,Europe,Europe Western,Germany - DE - Europe,,  ,0%,  ,0%,  ,0%,0.00,0.00,0.00,0.00,0.00,,,GA-BA,0.00,0.00,0.00,0.00,0.00,0.00,2284,,,EUR
COM14387,Mali Air - Austria,PotCust,Mali Air,Europe,Europe Western,Austria - AT - Europe,,  ,0%,  ,0%,  ,0%,0.00,0.00,0.00,0.00,0.00,Standard,EUR5,GA-BA,0.00,0.00,0.00,0.00,0.00,0.00,2285,5,,EUR
COM14388,FIRST COMMODITIES DMCC - United Arab Emirates,PotCust,FIRST COMMODITIES DMCC,Asia,Middle East,United Arab Emirates - AE - Asia,,  ,0%,  ,0%,  ,0%,0.00,0.00,0.00,0.00,0.00,,,FSP,0.00,0.00,0.00,0.00,0.00,0.00,2286,,2024-02-20,EUR
COM14389,AIR PARTNER - United Kingdom of Great Britain and Northern Ireland,PotCust,AIR PARTNER,Europe,Europe Northern,United Kingdom of Great Britain and Northern Ireland - GB - Europe,,  ,0%,  ,0%,  ,0%,0.00,0.00,0.00,0.00,0.00,,EUR5,FSP,0.00,0.00,0.00,0.00,0.00,0.00,2287,,,EUR
COM14391,TAESPEJO - Portugal,PotCust,TAESPEJO,Europe,Europe Southern,Portugal - PT - Europe,,  ,0%,  ,0%,  ,0%,0.00,0.00,0.00,0.00,0.00,Standard,EUR5,GA-BA,0.00,0.00,0.00,0.00,0.00,0.00,2288,,,EUR
COM14392,Nurol Air - Turkey,Customer via,Nurol Air,Asia,Middle East,Turkey - TR - Asia,,  ,0%,  ,0%,  ,0%,0.00,0.00,0.00,0.00,0.00,,APAC5,GA-BA,0.00,0.00,0.00,0.00,0.00,0.00,2289,,2026-08-25,EUR
COM14393,Global Airlines LTD - United Kingdom of Great Britain and Northern Ireland,PotCust,Global Airlines LTD,Europe,Europe Northern,United Kingdom of Great Britain and Northern Ireland - GB - Europe,,  ,0%,  ,0%,  ,0%,0.00,0.00,0.00,0.00,0.00,,EUR5,AIRL,0.00,0.00,0.00,0.00,0.00,0.00,2290,,,EUR
COM14394,B2C Airways - Spain,"Customer, on hold",B2C Airways,Europe,Europe Southern,Spain - ES - Europe,,  ,0%,  ,0%, 37 955,154%,"96,512.00",0.00,"28,967.00","67,545.00","96,512.00",Standard,EUR5,AIRL,0.00,0.00,0.00,0.00,0.00,0.00,2291,1,2024-03-28,EUR
COM14395,AVIAARC Trip Support - India,Customer,AVIAARC Trip Support,Asia,Asia Southern,India - IN - Asia,,  ,0%,  ,0%,  ,100%,"149,438.00","78,496.00","143,684.00","84,249.00","149,438.00",Standard,APAC4,GA-BA,"9,638.00",0.00,"9,638.00",0.00,0.00,0.00,2292,10,2025-01-17,EUR
COM14396,Asman Airlines - Kyrgyzstan,Customer,Asman Airlines,Asia,Middle East,Kyrgyzstan - KG - Asia,,  ,0%,  ,0%, 21 884,259%,"78,551.00","56,096.00","91,502.00","43,145.00","78,551.00",Standard,APAC5,AIRL,"8,142.00",0.00,"8,142.00",0.00,0.00,0.00,2293,3,2024-08-01,USD
COM14397,Paranair - Paraguay,PotCust,Paranair,Americas,"America, Latin and the Caribbean",Paraguay - PY - Americas,,  ,0%,  ,0%,  ,0%,0.00,0.00,0.00,0.00,0.00,Standard,AME5,AIRL,0.00,0.00,0.00,0.00,0.00,0.00,2294,3,,USD
COM14398,ACASS Canada Ltd. - Canada,PotCust,ACASS Canada Ltd.,Americas,"America, Northern",Canada - CA - Americas,,  ,0%,  ,0%,  ,0%,0.00,0.00,0.00,0.00,0.00,,,GA-BA,0.00,0.00,0.00,0.00,0.00,0.00,2295,0,,USD
COM14399,ALPHA AVIATION - Czechia,Customer,ALPHA AVIATION,Europe,Europe Eastern,Czechia - CZ - Europe,,  ,0%,  ,0%,  ,100%,"54,965.00","44,472.00","68,507.00","30,930.00","54,965.00",Standard,EUR4,GA-BA,"8,315.00",0.00,"8,315.00",0.00,0.00,0.00,2296,25,2025-01-24,EUR
COM14400,Luminair - Germany,Customer,Luminair,Europe,Europe Western,Germany - DE - Europe,,  ,0%,  ,0%, 11 784,944%,"122,998.00","208,067.00","274,438.00","56,626.00","122,998.00",Standard,EUR5,GA-BA,0.00,0.00,0.00,0.00,0.00,0.00,2297,3,2024-06-17,EUR
COM14401,Aircompany Air KG - Kyrgyzstan,PotCust,Aircompany Air KG,Asia,Middle East,Kyrgyzstan - KG - Asia,,  ,0%,  ,0%,  ,0%,0.00,0.00,0.00,0.00,0.00,,,AIRL,0.00,0.00,0.00,0.00,0.00,0.00,2298,,,EUR
COM14402,Aviation Chemistry Canada - Canada,PotCust,Aviation Chemistry Canada,Americas,"America, Northern",Canada - CA - Americas,,  ,0%,  ,0%, 59 585,-100%,0.00,0.00,0.00,0.00,0.00,New FSP,AME5,FSP,0.00,0.00,0.00,0.00,0.00,0.00,2299,0,2024-04-12,USD
,,,,,,,,  ,0%,  ,0%,  ,0%,0.00,0.00,0.00,0.00,0.00,,,,0.00,0.00,0.00,0.00,0.00,0.00,2300,,,
COM14404,Jetlink Flight Support - Ghana,PotCust,Jetlink Flight Support,Africa,Africa Sub-Saharan,Ghana - GH - Africa,,  ,0%,  ,0%,  ,0%,0.00,0.00,0.00,0.00,0.00,,,FSP,0.00,0.00,0.00,0.00,0.00,0.00,2301,,,EUR
,,,,,,,,  ,0%,  ,0%,  ,0%,0.00,0.00,0.00,0.00,0.00,,,,0.00,0.00,0.00,0.00,0.00,0.00,2302,,,
COM14406,easyJet Europe - Austria,PotCust,easyJet Europe,Europe,Europe Western,Austria - AT - Europe,,  ,0%,  ,0%,  ,0%,0.00,0.00,0.00,0.00,0.00,,,,0.00,0.00,0.00,0.00,0.00,0.00,2303,,,EUR
COM14407,ASL Aviation Holdings - Ireland,PotCust,ASL Aviation Holdings,Europe,Europe Northern,Ireland - IE - Europe,,  ,0%,  ,0%,  ,0%,0.00,0.00,0.00,0.00,0.00,,,,0.00,0.00,0.00,0.00,0.00,0.00,2304,,,EUR
COM14408,AJet - Turkey,PotCust,AJet,Asia,Middle East,Turkey - TR - Asia,,  ,0%,  ,0%,  ,0%,0.00,0.00,0.00,0.00,0.00,,,AIRL,0.00,0.00,0.00,0.00,0.00,0.00,2305,,,EUR
COM14409,Air Samarkand - Uzbekistan,PotCust,Air Samarkand,Asia,Middle East,Uzbekistan - UZ - Asia,,  ,0%,  ,0%,  ,0%,0.00,0.00,0.00,0.00,0.00,,APAC5,AIRL,0.00,0.00,0.00,0.00,0.00,0.00,2306,0,,USD
COM14410,Dynasty Jet W.L.L - Qatar,NonCust,Dynasty Jet W.L.L,Asia,Middle East,Qatar - QA - Asia,,  ,0%,  ,0%, 26 211,37%,"35,814.00",0.00,"4,275.00","31,539.00","35,814.00",New FSP,APAC5,FSP,0.00,0.00,0.00,0.00,0.00,0.00,2307,0,2024-06-03,USD
COM14411,International Flight Planning Solutions IFPLS LLC FZ - United Arab Emirates,PotCust,International Flight Planning Solutions IFPLS LLC FZ,Asia,Middle East,United Arab Emirates - AE - Asia,,  ,0%,  ,0%,  ,0%,0.00,0.00,0.00,0.00,0.00,,,FSP,0.00,0.00,0.00,0.00,0.00,0.00,2308,,,EUR
COM14412,Executive Aviation Taiwan - Taiwan,PotCust,Executive Aviation Taiwan,Asia,Asia Eastern,Taiwan - TW - Asia,,  ,0%,  ,0%,  ,0%,0.00,0.00,0.00,0.00,0.00,,,GA-BA,0.00,0.00,0.00,0.00,0.00,0.00,2309,0,,USD
COM14413,Euroavia Airlines - Cyprus,Quarantine,Euroavia Airlines,Europe,Europe Southern,Cyprus - CY - Europe,,  ,0%,  ,0%, 41 988,100%,"84,081.00","37,876.00","72,927.00","49,030.00","84,081.00",Standard,EUR5,AIRL,"29,753.00",0.00,0.00,0.00,"7,579.00","22,174.00",2310,1,2024-05-08,EUR
COM14414,Freedom Air Services Pvt. Ltd. - India,Customer via,Freedom Air Services Pvt. Ltd.,Asia,Asia Southern,India - IN - Asia,,  ,0%,  ,0%,  ,0%,0.00,0.00,0.00,0.00,0.00,,APAC5,FSP,0.00,0.00,0.00,0.00,0.00,0.00,2311,,2024-04-29,USD
COM14415,Munjoy Air - United States of America,PotCust,Munjoy Air,Americas,"America, Northern",United States of America - US - Americas,,  ,0%,  ,0%,  ,0%,0.00,0.00,0.00,0.00,0.00,,AME4,AIRL,0.00,0.00,0.00,0.00,0.00,0.00,2312,,,USD
COM14416,Prime Aviation Ltd. - Kenya,PotCust,Prime Aviation Ltd.,Africa,Africa Sub-Saharan,Kenya - KE - Africa,,  ,0%,  ,0%,  ,0%,0.00,0.00,0.00,0.00,0.00,,,AIRL,0.00,0.00,0.00,0.00,0.00,0.00,2313,,,EUR
COM14417,G.A.D FLIGHTS LTD. - Israel,PotCust,G.A.D FLIGHTS LTD.,Asia,Middle East,Israel - IL - Asia,,  ,0%,  ,0%,  ,0%,0.00,0.00,0.00,0.00,0.00,Standard,APAC5,GA-BA,0.00,0.00,0.00,0.00,0.00,0.00,2314,,,EUR
COM14418,CAICOS Express AIRWAYS - Turks and Caicos Islands,Customer,CAICOS Express AIRWAYS,Americas,"America, Latin and the Caribbean",Turks and Caicos Islands - TC - Americas,,  ,0%,  ,0%, 23 395,185%,"66,718.00","49,861.00","76,808.00","39,772.00","66,718.00",Standard,AME4,AIRL,"15,034.00",0.00,"7,517.00","7,517.00",0.00,0.00,2315,3,2024-06-25,USD
COM14419,Tinadar Aviation d.o.o. (ALAR) - Serbia,PotCust,Tinadar Aviation d.o.o. (ALAR),Europe,Europe Southern,Serbia - RS - Europe,,  ,0%,  ,0%,  ,0%,0.00,0.00,0.00,0.00,0.00,Standard,EUR5,GA-BA,0.00,0.00,0.00,0.00,0.00,0.00,2316,5,2022-03-18,EUR
COM14420,Havacilik Planlama servisleri A.S - Turkey,Quarantine,Havacilik Planlama servisleri A.S,Asia,Middle East,Turkey - TR - Asia,,  ,0%,  ,0%, 14 679,-100%,0.00,0.00,0.00,0.00,0.00,New FSP,APAC5,FSP,0.00,0.00,0.00,0.00,0.00,0.00,2317,0,2024-05-16,EUR
COM14422,Challenge Airlines BE - Belgium,PotCust,Challenge Airlines BE,Europe,Europe Western,Belgium - BE - Europe,,  ,0%,  ,0%,  ,0%,0.00,0.00,0.00,0.00,0.00,,,AIRL,0.00,0.00,0.00,0.00,0.00,0.00,2318,0,,EUR
COM14423,WIZZ AIR - Hungary,PotCust,WIZZ AIR,Europe,Europe Eastern,Hungary - HU - Europe,,  ,0%,  ,0%,  ,0%,0.00,0.00,0.00,0.00,0.00,,,AIRL,0.00,0.00,0.00,0.00,0.00,0.00,2319,0,,EUR
COM14424,AIR 65 - France,Quarantine,AIR 65,Europe,Europe Western,France - FR - Europe,,  ,0%,  ,0%, 29 931,-109%,"-2,718.00",0.00,0.00,"-2,718.00","-2,718.00",Standard,EUR5,AIRL,0.00,0.00,0.00,0.00,0.00,0.00,2320,1,2024-08-06,EUR
COM14425,"Asia Atlantic Airlines Co., Ltd (Fly Air Thailand) - Thailand",PotCust,"Asia Atlantic Airlines Co., Ltd (Fly Air Thailand)",Asia,Asia South-eastern,Thailand - TH - Asia,,  ,0%,  ,0%,  ,0%,0.00,0.00,0.00,0.00,0.00,,,AIRL,0.00,0.00,0.00,0.00,0.00,0.00,2321,,,USD
COM14426,CRAL - Costa Rican Airlines - Costa Rica,PotCust,CRAL - Costa Rican Airlines,Americas,"America, Latin and the Caribbean",Costa Rica - CR - Americas,,  ,0%,  ,0%,  ,0%,0.00,0.00,0.00,0.00,0.00,,,AIRL,0.00,0.00,0.00,0.00,0.00,0.00,2322,,,USD
COM14296,ADSB Support - Denmark,NonCust,ADSB Support,Europe,Europe Northern,Denmark - DK - Europe,,  ,0%,  ,0%, 11 188,-100%,0.00,0.00,0.00,0.00,0.00,Standard,EUR5,AIRL,0.00,0.00,0.00,0.00,0.00,0.00,2323,0,2023-07-01,
COM14427,Revolution Air - France,PotCust,Revolution Air,Europe,Europe Western,France - FR - Europe,,  ,0%,  ,0%,  ,0%,0.00,0.00,0.00,0.00,0.00,Standard,EUR5,GA-BA,0.00,0.00,0.00,0.00,0.00,0.00,2324,3,,EUR
COM14428,SKYTREK - Turkey,PotCust,SKYTREK,Asia,Middle East,Turkey - TR - Asia,,  ,0%,  ,0%,  ,0%,0.00,0.00,0.00,0.00,0.00,,APAC5,FSP,0.00,0.00,0.00,0.00,0.00,0.00,2325,,,EUR
COM14429,Bjarne Test 20240515 - Denmark,PotCust,Bjarne Test 20240515,Europe,Europe Northern,Denmark - DK - Europe,,  ,0%,  ,0%,  ,0%,0.00,0.00,0.00,0.00,0.00,Standard,EUR5,,0.00,0.00,0.00,0.00,0.00,0.00,2326,,,EUR
COM14430,Bjarne Test 20240515 til - Denmark,PotCust,Bjarne Test 20240515 til,Europe,Europe Northern,Denmark - DK - Europe,,  ,0%,  ,0%,  ,0%,0.00,0.00,0.00,0.00,0.00,Old FSP,EUR3,AIRL,0.00,0.00,0.00,0.00,0.00,0.00,2327,,,EUR
COM14432,ArrowAvia - United Arab Emirates,PotCust,ArrowAvia,Asia,Middle East,United Arab Emirates - AE - Asia,,  ,0%,  ,0%,  ,0%,0.00,0.00,0.00,0.00,0.00,,,FSP,0.00,0.00,0.00,0.00,0.00,0.00,2328,,,EUR
COM14433,Alhind Air - India,Quarantine,Alhind Air,Asia,Asia Southern,India - IN - Asia,,  ,0%,  ,0%,  ,100%,"3,669.00",0.00,"3,669.00",0.00,"3,669.00",Standard,APAC5,AIRL,"20,044.00",0.00,0.00,0.00,0.00,"20,044.00",2329,1,2024-12-16,USD
COM14434,7 Air LLC (former 7Air Cargo) - United States of America,Customer,7 Air LLC (former 7Air Cargo),Americas,"America, Northern",United States of America - US - Americas,,  ,0%,  ,0%,  ,0%,0.00,"9,270.00","9,270.00",0.00,0.00,Standard,AME5,AIRL,"4,689.00",0.00,"1,563.00","1,563.00","1,563.00",0.00,2330,2,2025-12-09,USD
COM14435,FarCargo - Faroe Islands,PotCust,FarCargo,Europe,Europe Northern,Faroe Islands - FO - Europe,,  ,0%,  ,0%,  ,0%,0.00,0.00,0.00,0.00,0.00,,,AIRL,0.00,0.00,0.00,0.00,0.00,0.00,2331,0,,EUR
COM14436,"Technical Aviation Services, Inc (TAS) - United States of America",Customer,"Technical Aviation Services, Inc (TAS)",Americas,"America, Northern",United States of America - US - Americas,,  ,0%,  ,0%,  ,0%,0.00,0.00,0.00,0.00,0.00,Standard,AME5,GA-BA,0.00,0.00,0.00,0.00,0.00,0.00,2332,,2024-06-04,USD
COM14437,Cronos Airlines Benin - Benin,NonCust,Cronos Airlines Benin,Africa,Africa Sub-Saharan,Benin - BJ - Africa,,  ,0%,  ,0%,  ,100%,"14,170.00",0.00,"8,599.00","5,571.00","14,170.00",Standard,AFR5,AIRL,0.00,0.00,0.00,0.00,0.00,0.00,2333,1,2025-08-13,EUR
COM14438,Kangala Air Express - Burkina Faso,PotCust,Kangala Air Express,Africa,Africa Sub-Saharan,Burkina Faso - BF - Africa,,  ,0%,  ,0%,  ,0%,0.00,0.00,0.00,0.00,0.00,Standard,AFR5,AIRL,0.00,0.00,0.00,0.00,0.00,0.00,2334,,,EUR
COM14439,Uganda Airlines - Uganda,PotCust,Uganda Airlines,Africa,Africa Sub-Saharan,Uganda - UG - Africa,,  ,0%,  ,0%,  ,0%,0.00,0.00,0.00,0.00,0.00,,,AIRL,0.00,0.00,0.00,0.00,0.00,0.00,2335,7,,EUR
COM14440,Saarthi Airways - India,PotCust,Saarthi Airways,Asia,Asia Southern,India - IN - Asia,,  ,0%,  ,0%,  ,0%,0.00,0.00,0.00,0.00,0.00,,APAC5,AIRL,0.00,0.00,0.00,0.00,0.00,0.00,2336,0,,USD
COM14441,Executive Lifestyle - Bahrain,PotCust,Executive Lifestyle,Asia,Middle East,Bahrain - BH - Asia,,  ,0%,  ,0%,  ,0%,0.00,0.00,0.00,0.00,0.00,,APAC5,GA-BA,0.00,0.00,0.00,0.00,0.00,0.00,2337,,,USD
COM14442,Jet Pulse Planning - Pakistan,PotCust,Jet Pulse Planning,Asia,Asia Southern,Pakistan - PK - Asia,,  ,0%,  ,0%,  ,0%,0.00,0.00,0.00,0.00,0.00,,APAC5,FSP,0.00,0.00,0.00,0.00,0.00,0.00,2338,,2024-06-28,USD
COM14443,"Professional Flight Management, Inc. (PFM) - United States of America",PotCust,"Professional Flight Management, Inc. (PFM)",Americas,"America, Northern",United States of America - US - Americas,,  ,0%,  ,0%,  ,0%,0.00,0.00,0.00,0.00,0.00,,,,0.00,0.00,0.00,0.00,0.00,0.00,2339,,,EUR
COM14444,Mytri Aviation - India,PotCust,Mytri Aviation,Asia,Asia Southern,India - IN - Asia,,  ,0%,  ,0%,  ,0%,0.00,0.00,0.00,0.00,0.00,,,GA-BA,0.00,0.00,0.00,0.00,0.00,0.00,2340,0,,USD
COM14445,SOFT WHITE - Serbia,PotCust,SOFT WHITE,Europe,Europe Southern,Serbia - RS - Europe,,  ,0%,  ,0%,  ,0%,0.00,0.00,0.00,0.00,0.00,Standard,EUR5,GA-BA,0.00,0.00,0.00,0.00,0.00,0.00,2341,1,,EUR
COM14446,Hungary Airlines - Hungary,Customer,Hungary Airlines,Europe,Europe Eastern,Hungary - HU - Europe,,  ,0%,  ,0%,  ,100%,"151,579.00","142,076.00","205,159.00","88,496.00","151,579.00",Standard,EUR5,AIRL,"28,553.00","5,232.00","23,321.00",0.00,0.00,0.00,2342,1,2024-11-04,EUR
COM14447,ALAXAIR - Switzerland,PotCust,ALAXAIR,Europe,Europe Western,Switzerland - CH - Europe,,  ,0%,  ,0%,  ,0%,0.00,0.00,0.00,0.00,0.00,Standard,EUR5,GA-BA,0.00,0.00,0.00,0.00,0.00,0.00,2343,1,,EUR
COM14448,BBN Airlines Thailand (Thai Smartlynx) - Thailand,Customer,BBN Airlines Thailand (Thai Smartlynx),Asia,Asia South-eastern,Thailand - TH - Asia,,  ,0%,  ,0%,  ,100%,"47,401.00","59,385.00","97,127.00","9,659.00","47,401.00",Standard,APAC5,AIRL,"8,699.00",0.00,"8,699.00",0.00,0.00,0.00,2344,1,2024-11-20,USD
COM14449,PLAY - Iceland,NonCust,PLAY,Europe,Europe Northern,Iceland - IS - Europe,,  ,0%,  ,0%,  ,0%,0.00,0.00,0.00,0.00,0.00,,EUR4,AIRL,0.00,0.00,0.00,0.00,0.00,0.00,2345,0,,EUR
COM14450,ISRAIR - Israel,PotCust,ISRAIR,Asia,Middle East,Israel - IL - Asia,,  ,0%,  ,0%,  ,0%,0.00,0.00,0.00,0.00,0.00,,,AIRL,0.00,0.00,0.00,0.00,0.00,0.00,2346,0,,EUR
COM14451,DC Aviation (MALTA) - Malta,Customer,DC Aviation (MALTA),Europe,Europe Southern,Malta - MT - Europe,,  ,0%,  ,0%, 11 637,167%,"31,053.00","24,925.00","42,399.00","13,579.00","31,053.00",Standard,EUR5,GA-BA,0.00,0.00,0.00,0.00,0.00,0.00,2347,2,2024-06-25,EUR
COM14452,Fly Vaayu - United Arab Emirates,Testing,Fly Vaayu,Asia,Middle East,United Arab Emirates - AE - Asia,,  ,0%,  ,0%,  ,0%,0.00,0.00,0.00,0.00,0.00,,APAC5,AIRL,0.00,0.00,0.00,0.00,0.00,0.00,2348,2,,USD
COM14453,DC AVIATION (NICE) - France,PotCust,DC AVIATION (NICE),Europe,Europe Western,France - FR - Europe,,  ,0%,  ,0%,  ,0%,0.00,0.00,0.00,0.00,0.00,Standard,EUR5,,0.00,0.00,0.00,0.00,0.00,0.00,2349,,,EUR
COM14454,DC AVIATION (DUBAI) - United Arab Emirates,PotCust,DC AVIATION (DUBAI),Asia,Middle East,United Arab Emirates - AE - Asia,,  ,0%,  ,0%,  ,0%,0.00,0.00,0.00,0.00,0.00,Standard,EUR5,,0.00,0.00,0.00,0.00,0.00,0.00,2350,,,EUR
COM14455,Plexus Aviation India - India,PotCust,Plexus Aviation India,Asia,Asia Southern,India - IN - Asia,,  ,0%,  ,0%,  ,0%,0.00,0.00,0.00,0.00,0.00,,APAC5,FSP,0.00,0.00,0.00,0.00,0.00,0.00,2351,,,USD
COM14456,PHS Aviation - Portugal,PotCust,PHS Aviation,Europe,Europe Southern,Portugal - PT - Europe,,  ,0%,  ,0%,  ,0%,0.00,0.00,0.00,0.00,0.00,,,FSP,0.00,0.00,0.00,0.00,0.00,0.00,2352,,,EUR
COM14457,Arik Air - Nigeria,PotCust,Arik Air,Africa,Africa Sub-Saharan,Nigeria - NG - Africa,,  ,0%,  ,0%,  ,0%,0.00,0.00,0.00,0.00,0.00,,,AIRL,0.00,0.00,0.00,0.00,0.00,0.00,2353,20,,EUR
COM14458,Turpial Airlines - United States of America,Customer,Turpial Airlines,Americas,"America, Northern",United States of America - US - Americas,,  ,0%,  ,0%,  ,0%,0.00,"35,511.00","35,511.00",0.00,0.00,Standard,AME5,AIRL,"14,247.00",0.00,"14,247.00",0.00,0.00,0.00,2354,3,2025-09-25,USD
COM14462,Encomm Aviation - Kenya,PotCust,Encomm Aviation,Africa,Africa Sub-Saharan,Kenya - KE - Africa,,  ,0%,  ,0%,  ,0%,0.00,0.00,0.00,0.00,0.00,,,AIRL,0.00,0.00,0.00,0.00,0.00,0.00,2355,,,EUR
COM14464,Compass Cargo Airlines (via ACT Airlines) - Bulgaria,PotCust,Compass Cargo Airlines (via ACT Airlines),Europe,Europe Eastern,Bulgaria - BG - Europe,,  ,0%,  ,0%,  ,0%,0.00,0.00,0.00,0.00,0.00,Standard,EUR5,AIRL,0.00,0.00,0.00,0.00,0.00,0.00,2356,5,,EUR
COM14465,Axturis Flight Service GmbH - Austria,Customer,Axturis Flight Service GmbH,Europe,Europe Western,Austria - AT - Europe,,  ,0%,  ,0%, 79 161,209%,"244,728.00","121,172.00","220,031.00","145,868.00","244,728.00",New FSP,EUR5,FSP,0.00,0.00,0.00,0.00,0.00,0.00,2357,1,2024-09-13,EUR
COM14459,Flaps Aviation Pvt Ltd - India,PotCust,Flaps Aviation Pvt Ltd,Asia,Asia Southern,India - IN - Asia,,  ,0%,  ,0%,  ,0%,0.00,0.00,0.00,0.00,0.00,,APAC5,GA-BA,0.00,0.00,0.00,0.00,0.00,0.00,2358,,,USD
COM14460,ACMI Solution DWC-LLC - United Arab Emirates,Customer,ACMI Solution DWC-LLC,Asia,Middle East,United Arab Emirates - AE - Asia,,  ,0%,  ,0%, 32 511,116%,"70,320.00","41,850.00","69,590.00","42,579.00","70,320.00",New FSP,EUR5,FSP,"5,980.00",0.00,"5,980.00",0.00,0.00,0.00,2359,0,2022-04-19,EUR
COM14461,AFM Aviasi - Indonesia,PotCust,AFM Aviasi,Asia,Asia South-eastern,Indonesia - ID - Asia,2025-07-31,  ,0%,  ,0%, 23 625,17%,"27,684.00",0.00,"-7,854.00","35,539.00","27,684.00",New FSP,APAC5,FSP,0.00,0.00,0.00,0.00,0.00,0.00,2360,,2024-07-22,USD
COM14463,OneUp Aviation - United Arab Emirates,PotCust,OneUp Aviation,Asia,Middle East,United Arab Emirates - AE - Asia,,  ,0%,  ,0%,  ,0%,0.00,0.00,0.00,0.00,0.00,,,FSP,0.00,0.00,0.00,0.00,0.00,0.00,2361,,,USD
COM14366,Aerolínea del Estado Mexicano - Mexico,PotCust,Aerolínea del Estado Mexicano,Americas,"America, Latin and the Caribbean",Mexico - MX - Americas,,  ,0%,  ,0%,  ,0%,0.00,0.00,0.00,0.00,0.00,,,AIRL,0.00,0.00,0.00,0.00,0.00,0.00,2362,0,,USD
COM14466,Department of National Defence (DND) - Canada,PotCust,Department of National Defence (DND),Americas,"America, Northern",Canada - CA - Americas,,  ,0%,  ,0%,  ,0%,0.00,0.00,0.00,0.00,0.00,,AME1,MIL,0.00,0.00,0.00,0.00,0.00,0.00,2363,181,,USD
COM14467,Bjarne Test 2024-08-23 - Denmark,PotCust,Bjarne Test 2024-08-23,Europe,Europe Northern,Denmark - DK - Europe,,  ,0%,  ,0%,  ,0%,0.00,0.00,0.00,0.00,0.00,New FSP,EUR1,FSP,0.00,0.00,0.00,0.00,0.00,0.00,2364,10,,EUR
COM14468,Pelican Wings Trip Support - Serbia,PotCust,Pelican Wings Trip Support,Europe,Europe Southern,Serbia - RS - Europe,,  ,0%,  ,0%,  ,0%,0.00,0.00,0.00,0.00,0.00,,,FSP,0.00,0.00,0.00,0.00,0.00,0.00,2365,,,EUR
COM14469,Bjarne Test 2024-08-28 - Denmark,PotCust,Bjarne Test 2024-08-28,Europe,Europe Northern,Denmark - DK - Europe,,  ,0%,  ,0%,  ,0%,0.00,0.00,0.00,0.00,0.00,Standard,EUR3,MIL,0.00,0.00,0.00,0.00,0.00,0.00,2366,25,,EUR
COM14470,Airest - Estonia,PotCust,Airest,Europe,Europe Northern,Estonia - EE - Europe,,  ,0%,  ,0%,  ,0%,0.00,0.00,0.00,0.00,0.00,Standard,EUR4,AIRL,0.00,0.00,0.00,0.00,0.00,0.00,2367,8,,EUR
COM14471,Bjarne Test 2024-08-29 - Denmark,PotCust,Bjarne Test 2024-08-29,Europe,Europe Northern,Denmark - DK - Europe,,  ,0%,  ,0%,  ,0%,0.00,0.00,0.00,0.00,0.00,Old FSP,AFR1,GA-BA,0.00,0.00,0.00,0.00,0.00,0.00,2368,1,,EUR
COM14472,L.H Customs - South Africa,PotCust,L.H Customs,Africa,Africa Sub-Saharan,South Africa - ZA - Africa,,  ,0%,  ,0%,  ,0%,0.00,0.00,0.00,0.00,0.00,New FSP,AFR5,FSP,0.00,0.00,0.00,0.00,0.00,0.00,2369,1,,EUR
COM14473,Solanus - Slovakia,PotCust,Solanus,Europe,Europe Eastern,Slovakia - SK - Europe,,  ,0%,  ,0%,  ,0%,0.00,0.00,0.00,0.00,0.00,Standard,EUR4,GA-BA,0.00,0.00,0.00,0.00,0.00,0.00,2370,1,,EUR
COM14474,Bjarne Test 2024-09-02 - Denmark,PotCust,Bjarne Test 2024-09-02,Europe,Europe Northern,Denmark - DK - Europe,,  ,0%,  ,0%,  ,0%,0.00,0.00,0.00,0.00,0.00,Old,EUR1,AIRL,0.00,0.00,0.00,0.00,0.00,0.00,2371,25,,EUR
COM14475,SolitAir - United Arab Emirates,Customer,SolitAir,Asia,Middle East,United Arab Emirates - AE - Asia,,  ,0%,  ,0%,  ,100%,"230,700.00","248,127.00","385,849.00","92,978.00","230,700.00",Standard,APAC5,AIRL,"33,785.00",0.00,"33,785.00",0.00,0.00,0.00,2372,3,2025-01-27,USD
COM14476,White Arrow Aviation Services - United Arab Emirates,PotCust,White Arrow Aviation Services,Asia,Middle East,United Arab Emirates - AE - Asia,,  ,0%,  ,0%,  ,0%,0.00,0.00,0.00,0.00,0.00,,APAC5,GA-BA,0.00,0.00,0.00,0.00,0.00,0.00,2373,,,EUR
COM14477,Aerologistica - Costa Rica,PotCust,Aerologistica,Americas,"America, Latin and the Caribbean",Costa Rica - CR - Americas,,  ,0%,  ,0%,  ,0%,0.00,0.00,0.00,0.00,0.00,,AME5,FSP,0.00,0.00,0.00,0.00,0.00,0.00,2374,,,USD
COM14478,JET STREAM FLIGHT SUPPORT - Serbia,PotCust,JET STREAM FLIGHT SUPPORT,Europe,Europe Southern,Serbia - RS - Europe,,  ,0%,  ,0%,  ,0%,0.00,0.00,0.00,0.00,0.00,,EUR5,FSP,0.00,0.00,0.00,0.00,0.00,0.00,2375,,,EUR
COM14479,IFOS Aviation Group - India,PotCust,IFOS Aviation Group,Asia,Asia Southern,India - IN - Asia,,  ,0%,  ,0%,  ,0%,0.00,0.00,0.00,0.00,0.00,,APAC5,FSP,0.00,0.00,0.00,0.00,0.00,0.00,2376,,,USD
COM14480,EAC Group - Sweden,Quarantine,EAC Group,Europe,Europe Northern,Sweden - SE - Europe,,  ,0%,  ,0%, 3 670,"1,053%","42,319.00",0.00,"15,396.00","26,923.00","42,319.00",New FSP,EUR5,FSP,0.00,0.00,0.00,0.00,0.00,0.00,2377,1,2024-10-21,EUR
COM14481,FLY LILI - Romania,Customer,FLY LILI,Europe,Europe Eastern,Romania - RO - Europe,,  ,0%,  ,0%,  ,100%,"124,563.00","105,004.00","174,717.00","54,849.00","124,563.00",Standard,EUR5,AIRL,"29,671.00",0.00,"14,836.00","14,836.00",0.00,0.00,2378,3,2025-03-24,EUR
COM13176,Fliteline BV - Netherlands,Customer,Fliteline BV,Europe,Europe Western,Netherlands - NL - Europe,,  ,0%,  ,0%, 4 102,"1,789%","77,471.00","51,370.00","83,666.00","45,176.00","77,471.00",New FSP,EUR5,FSP,0.00,0.00,0.00,0.00,0.00,0.00,2379,0,2024-09-24,EUR
COM14482,Air Panama - Panama,Customer,Air Panama,Americas,"America, Latin and the Caribbean",Panama - PA - Americas,,  ,0%,  ,0%,  ,100%,"51,478.00","47,149.00","79,008.00","19,619.00","51,478.00",Standard,AME5,AIRL,"5,123.00","5,123.00",0.00,0.00,0.00,0.00,2380,2,2025-01-02,USD
COM14483,Marabu Airlines - Estonia,Customer via,Marabu Airlines,Europe,Europe Northern,Estonia - EE - Europe,,  ,0%,  ,0%,  ,100%,"24,917.00",0.00,"24,917.00",0.00,"24,917.00",Standard,EUR5,AIRL,0.00,0.00,0.00,0.00,0.00,0.00,2381,7,2024-05-02,EUR
COM14484,Airlec - France,PotCust,Airlec,Europe,Europe Western,France - FR - Europe,,  ,0%,  ,0%,  ,0%,0.00,0.00,0.00,0.00,0.00,Standard,EUR4,GA-BA,0.00,0.00,0.00,0.00,0.00,0.00,2382,6,,EUR
COM14485,Global Aero Tech (FZE) - United Arab Emirates,Pending Closure,Global Aero Tech (FZE),Asia,Middle East,United Arab Emirates - AE - Asia,,  ,0%,  ,0%, 9 346,569%,"62,541.00","48,375.00","73,411.00","37,506.00","62,541.00",New FSP,APAC5,FSP,"-31,006.00",0.00,0.00,0.00,0.00,"-31,006.00",2383,,2024-10-02,USD
COM14486,Jet Stream International - India,PotCust,Jet Stream International,Asia,Asia Southern,India - IN - Asia,,  ,0%,  ,0%,  ,0%,0.00,0.00,0.00,0.00,0.00,,,FSP,0.00,0.00,0.00,0.00,0.00,0.00,2384,,,USD
COM14487,Q Air - Nigeria,PotCust,Q Air,Africa,Africa Sub-Saharan,Nigeria - NG - Africa,,  ,0%,  ,0%,  ,0%,0.00,0.00,0.00,0.00,0.00,Standard,AFR5,AIRL,0.00,0.00,0.00,0.00,0.00,0.00,2385,4,,EUR
COM14488,Azur Aviation - France,PotCust,Azur Aviation,Europe,Europe Western,France - FR - Europe,,  ,0%,  ,0%,  ,0%,0.00,0.00,0.00,0.00,0.00,New FSP,EUR5,FSP,0.00,0.00,0.00,0.00,0.00,0.00,2386,1,,EUR
,,,,,,,,  ,0%,  ,0%,  ,0%,0.00,0.00,0.00,0.00,0.00,,,,0.00,0.00,0.00,0.00,0.00,0.00,2387,,,
COM14490,LEON Software - Poland,NonCust,LEON Software,Europe,Europe Eastern,Poland - PL - Europe,,  ,0%,  ,0%,  ,0%,0.00,0.00,0.00,0.00,0.00,,,,0.00,0.00,0.00,0.00,0.00,0.00,2388,0,,EUR
COM14491,FTL AIRLINES - France,Customer via,FTL AIRLINES,Europe,Europe Western,France - FR - Europe,,  ,0%,  ,0%,  ,0%,0.00,0.00,0.00,0.00,0.00,Standard,EUR5,AIRL,0.00,0.00,0.00,0.00,0.00,0.00,2389,1,2025-02-17,EUR
,,,,,,,,  ,0%,  ,0%,  ,0%,0.00,0.00,0.00,0.00,0.00,,,,0.00,0.00,0.00,0.00,0.00,0.00,2390,,,
COM14493,Jetvue Aviation - India,Customer,Jetvue Aviation,Asia,Asia Southern,India - IN - Asia,,  ,0%,  ,0%,  ,0%,0.00,"14,875.00","14,875.00",0.00,0.00,New FSP,APAC5,FSP,"5,448.00",0.00,"5,448.00",0.00,0.00,0.00,2391,0,2026-04-10,USD
COM14494,Stars Airlines Services - Tunisia,PotCust,Stars Airlines Services,Africa,Africa Northern,Tunisia - TN - Africa,,  ,0%,  ,0%,  ,0%,0.00,0.00,0.00,0.00,0.00,New FSP,AFR5,FSP,0.00,0.00,0.00,0.00,0.00,0.00,2392,1,,EUR
COM14495,STELLAER 212 - Ireland,Customer,STELLAER 212,Europe,Europe Northern,Ireland - IE - Europe,,  ,0%,  ,0%, 1 516,"1,895%","30,250.00","30,082.00","44,550.00","15,783.00","30,250.00",Standard,EUR5,GA-BA,"5,365.00",0.00,"5,365.00",0.00,0.00,0.00,2393,2,2024-12-06,EUR
COM14496,Methven Consulting - Sweden,PotCust,Methven Consulting,Europe,Europe Northern,Sweden - SE - Europe,,  ,0%,  ,0%,  ,0%,0.00,0.00,0.00,0.00,0.00,,EUR5,FSP,0.00,0.00,0.00,0.00,0.00,0.00,2394,,,EUR
COM14497,Standard Sales Orders (SBO) - Denmark,NonCust,Standard Sales Orders (SBO),Europe,Europe Northern,Denmark - DK - Europe,,  ,0%,  ,0%,  ,0%,0.00,0.00,0.00,0.00,0.00,,,,0.00,0.00,0.00,0.00,0.00,0.00,2395,,,EUR
COM14498,Flying Airline FZCO - United Arab Emirates,PotCust,Flying Airline FZCO,Asia,Middle East,United Arab Emirates - AE - Asia,,  ,0%,  ,0%,  ,0%,0.00,0.00,0.00,0.00,0.00,Standard,APAC5,GA-BA,0.00,0.00,0.00,0.00,0.00,0.00,2396,,2024-12-06,USD
COM14499,UCIG Energy - United Arab Emirates,PotCust,UCIG Energy,Asia,Middle East,United Arab Emirates - AE - Asia,,  ,0%,  ,0%,  ,0%,0.00,0.00,0.00,0.00,0.00,,APAC5,FSP,0.00,0.00,0.00,0.00,0.00,0.00,2397,,,EUR
COM14500,Malaik Air - Nigeria,PotCust,Malaik Air,Africa,Africa Sub-Saharan,Nigeria - NG - Africa,,  ,0%,  ,0%,  ,0%,0.00,0.00,0.00,0.00,0.00,,,AIRL,0.00,0.00,0.00,0.00,0.00,0.00,2398,,,EUR
COM14501,Johann Iconomidis - Austria,Customer,Johann Iconomidis,Europe,Europe Western,Austria - AT - Europe,,  ,0%,  ,0%, 52 432,323%,"221,855.00","143,289.00","239,625.00","125,519.00","221,855.00",New FSP,EUR5,FSP,0.00,0.00,0.00,0.00,0.00,0.00,2399,0,2024-11-04,EUR
COM14502,AIR CEILAO - Sri Lanka,PotCust,AIR CEILAO,Asia,Asia Southern,Sri Lanka - LK - Asia,,  ,0%,  ,0%,  ,0%,0.00,0.00,0.00,0.00,0.00,Standard,APAC5,AIRL,0.00,0.00,0.00,0.00,0.00,0.00,2400,1,,USD
COM11182,Sundt Air AS - Norway,PotCust,Sundt Air AS,Europe,Europe Northern,Norway - NO - Europe,,  ,0%,  ,0%,  ,0%,0.00,0.00,0.00,0.00,0.00,Old,,GA-BA,0.00,0.00,0.00,0.00,0.00,0.00,2401,0,1999-06-01,EUR
COM14503,Falcon Flight Support - United Arab Emirates,PotCust,Falcon Flight Support,Asia,Middle East,United Arab Emirates - AE - Asia,,  ,0%,  ,0%,  ,0%,0.00,0.00,0.00,0.00,0.00,,,FSP,0.00,0.00,0.00,0.00,0.00,0.00,2402,,,USD
COM14504,Ascend Airways Malaysia - Malaysia,Customer,Ascend Airways Malaysia,Asia,Asia South-eastern,Malaysia - MY - Asia,,  ,0%,  ,0%,  ,100%,"9,070.00","70,996.00","80,066.00",0.00,"9,070.00",Standard,APAC5,AIRL,"20,304.00",0.00,"10,337.00","9,967.00",0.00,0.00,2403,1,2025-07-07,USD
COM14507,Centrum Air (via My Freighter) - Uzbekistan,PotCust,Centrum Air (via My Freighter),Asia,Middle East,Uzbekistan - UZ - Asia,,  ,0%,  ,0%,  ,0%,0.00,0.00,0.00,0.00,0.00,,,AIRL,0.00,0.00,0.00,0.00,0.00,0.00,2404,0,,USD
COM14508,Porsche Air Service - Austria,Customer,Porsche Air Service,Europe,Europe Western,Austria - AT - Europe,,  ,0%,  ,0%,  ,100%,"32,198.00","22,969.00","38,150.00","17,017.00","32,198.00",Standard,EUR5,GA-BA,0.00,0.00,0.00,0.00,0.00,0.00,2405,2,2024-11-15,EUR
COM14509,AnimaWings - Romania,Customer,AnimaWings,Europe,Europe Eastern,Romania - RO - Europe,,  ,0%,  ,0%,  ,100%,"213,972.00","198,978.00","306,666.00","106,283.00","213,972.00",Standard,EUR5,AIRL,"70,415.00",0.00,"70,415.00",0.00,0.00,0.00,2406,5,2024-12-05,EUR
COM14489,Arjavam Aerospace - India,Customer,Arjavam Aerospace,Asia,Asia Southern,India - IN - Asia,,  ,0%,  ,0%, 5 528,913%,"55,994.00","43,115.00","67,481.00","31,628.00","55,994.00",New FSP,APAC5,FSP,0.00,0.00,0.00,0.00,0.00,0.00,2407,1,2024-10-11,USD
COM14510,Shalwin Aviation Services - United Arab Emirates,PotCust,Shalwin Aviation Services,Asia,Middle East,United Arab Emirates - AE - Asia,,  ,0%,  ,0%,  ,0%,0.00,0.00,0.00,0.00,0.00,,APAC5,FSP,0.00,0.00,0.00,0.00,0.00,0.00,2408,0,,USD
COM14512,Club One Air - India,PotCust,Club One Air,Asia,Asia Southern,India - IN - Asia,,  ,0%,  ,0%,  ,0%,0.00,0.00,0.00,0.00,0.00,,APAC4,GA-BA,0.00,0.00,0.00,0.00,0.00,0.00,2409,,,USD
COM14513,Mauritania Airlines - Mauritania,PotCust,Mauritania Airlines,Africa,Africa Sub-Saharan,Mauritania - MR - Africa,,  ,0%,  ,0%,  ,0%,0.00,0.00,0.00,0.00,0.00,,,AIRL,0.00,0.00,0.00,0.00,0.00,0.00,2410,6,,EUR
COM14514,Pradhaan Air Express - India,PotCust,Pradhaan Air Express,Asia,Asia Southern,India - IN - Asia,,  ,0%,  ,0%,  ,0%,0.00,0.00,0.00,0.00,0.00,,APAC5,AIRL,0.00,0.00,0.00,0.00,0.00,0.00,2411,0,,USD
COM14515,KSW CARGO - Bulgaria,PotCust,KSW CARGO,Europe,Europe Eastern,Bulgaria - BG - Europe,,  ,0%,  ,0%,  ,0%,0.00,0.00,0.00,0.00,0.00,,,,0.00,0.00,0.00,0.00,0.00,0.00,2412,,,EUR
COM14516,UpperDeck - Nigeria,PotCust,UpperDeck,Africa,Africa Sub-Saharan,Nigeria - NG - Africa,,  ,0%,  ,0%,  ,0%,0.00,0.00,0.00,0.00,0.00,New FSP,AFR5,FSP,0.00,0.00,0.00,0.00,0.00,0.00,2413,1,,EUR
COM14517,Thai Airways International - Thailand,PotCust,Thai Airways International,Asia,Asia South-eastern,Thailand - TH - Asia,,  ,0%,  ,0%,  ,0%,0.00,0.00,0.00,0.00,0.00,,,AIRL,0.00,0.00,0.00,0.00,0.00,0.00,2414,0,,USD
COM14518,Sierra Private Jets - Turkey,PotCust,Sierra Private Jets,Asia,Middle East,Turkey - TR - Asia,,  ,0%,  ,0%,  ,0%,0.00,0.00,0.00,0.00,0.00,,APAC5,GA-BA,"2,130.00",0.00,0.00,0.00,0.00,"2,130.00",2415,,,EUR
COM14519,LIBYAN AIRLINES - Libya,Customer,LIBYAN AIRLINES,Africa,Africa Northern,Libya - LY - Africa,,  ,0%,  ,0%,  ,100%,"64,579.00","97,728.00","136,492.00","25,816.00","64,579.00",Standard,AFR5,AIRL,"27,931.00",0.00,"13,966.00","13,966.00",0.00,0.00,2416,2,2025-03-17,EUR
COM14520,RANO AIR - Nigeria,Customer,RANO AIR,Africa,Africa Sub-Saharan,Nigeria - NG - Africa,,  ,0%,  ,0%,  ,100%,"178,709.00","182,934.00","182,934.00","178,709.00","178,709.00",Old,AME5,AIRL,"1,562.00",0.00,"1,562.00",0.00,0.00,0.00,2417,4,2025-01-31,USD
COM14522,Fanjet Express - Kenya,PotCust,Fanjet Express,Africa,Africa Sub-Saharan,Kenya - KE - Africa,,  ,0%,  ,0%,  ,0%,0.00,0.00,0.00,0.00,0.00,,,AIRL,0.00,0.00,0.00,0.00,0.00,0.00,2418,0,,EUR
COM14523,Mammoth Freighters LLC - United States of America,PotCust,Mammoth Freighters LLC,Americas,"America, Northern",United States of America - US - Americas,,  ,0%,  ,0%,  ,0%,0.00,0.00,0.00,0.00,0.00,Standard,AME5,FSP,0.00,0.00,0.00,0.00,0.00,0.00,2419,,,USD
COM14524,SEAir International - Philippines,PotCust,SEAir International,Asia,Asia South-eastern,Philippines - PH - Asia,,  ,0%,  ,0%,  ,0%,0.00,0.00,0.00,0.00,0.00,Standard,APAC5,AIRL,0.00,0.00,0.00,0.00,0.00,0.00,2420,0,,USD
COM14525,Initium Aviation - Spain,PotCust,Initium Aviation,Europe,Europe Southern,Spain - ES - Europe,,  ,0%,  ,0%,  ,0%,0.00,0.00,0.00,0.00,0.00,Standard,EUR5,GA-BA,0.00,0.00,0.00,0.00,0.00,0.00,2421,4,,EUR
COM14526,MEKNAN AVIATION ACADEMY - Saudi Arabia,PotCust,MEKNAN AVIATION ACADEMY,Asia,Middle East,Saudi Arabia - SA - Asia,,  ,0%,  ,0%,  ,0%,0.00,0.00,0.00,0.00,0.00,,,,0.00,0.00,0.00,0.00,0.00,0.00,2422,,,USD
COM14527,Air Algerie - Algeria,Testing,Air Algerie,Africa,Africa Northern,Algeria - DZ - Africa,,  ,0%,  ,0%,  ,0%,0.00,0.00,0.00,0.00,0.00,,,AIRL,0.00,0.00,0.00,0.00,0.00,0.00,2423,56,,EUR
COM14528,"Lynden Air Cargo, LLC - United States of America",Pending Delivery,"Lynden Air Cargo, LLC",Americas,"America, Northern",United States of America - US - Americas,,  ,0%,  ,0%,  ,0%,0.00,0.00,0.00,0.00,0.00,Standard,AME5,AIRL,0.00,0.00,0.00,0.00,0.00,0.00,2424,0,2026-03-31,USD
COM14529,TOPWING AVIATION - Saudi Arabia,PotCust,TOPWING AVIATION,Asia,Middle East,Saudi Arabia - SA - Asia,,  ,0%,  ,0%,  ,0%,0.00,0.00,0.00,0.00,0.00,,,AIRL,0.00,0.00,0.00,0.00,0.00,0.00,2425,,,EUR
COM14530,FLYDUBAI - United Arab Emirates,PotCust,FLYDUBAI,Asia,Middle East,United Arab Emirates - AE - Asia,,  ,0%,  ,0%,  ,0%,0.00,0.00,0.00,0.00,0.00,,APAC2,AIRL,0.00,0.00,0.00,0.00,0.00,0.00,2426,0,,EUR
COM14531,FSH AVIATION - Germany,PotCust,FSH AVIATION,Europe,Europe Western,Germany - DE - Europe,,  ,0%,  ,0%,  ,0%,0.00,0.00,0.00,0.00,0.00,Standard,EUR5,GA-BA,0.00,0.00,0.00,0.00,0.00,0.00,2427,4,,EUR
COM14532,USC - Germany,Customer,USC,Europe,Europe Western,Germany - DE - Europe,,  ,0%,  ,0%,  ,100%,"144,996.00","180,922.00","264,899.00","61,020.00","144,996.00",Standard,EUR5,AIRL,0.00,0.00,0.00,0.00,0.00,0.00,2428,4,2025-03-04,EUR
COM14533,Kapajet - Greece,Customer,Kapajet,Europe,Europe Southern,Greece - GR - Europe,,  ,0%,  ,0%,  ,100%,"8,481.00",-6.00,-11.00,"8,486.00","8,481.00",Standard,EUR5,AIRL,0.00,0.00,0.00,0.00,0.00,0.00,2429,1,2025-02-27,EUR
COM14534,Mukhtara Air - Indonesia,Quarantine,Mukhtara Air,Asia,Asia South-eastern,Indonesia - ID - Asia,,  ,0%,  ,0%,  ,100%,"18,414.00","83,117.00","101,531.00",0.00,"18,414.00",Standard,APAC5,AIRL,"74,349.00",0.00,"12,924.00","12,924.00","12,924.00","35,576.00",2430,1,2025-03-27,USD
COM14535,FlyJaya - Indonesia,Customer,FlyJaya,Asia,Asia South-eastern,Indonesia - ID - Asia,,  ,0%,  ,0%,  ,100%,"11,698.00","50,613.00","62,312.00",0.00,"11,698.00",Standard,APAC5,AIRL,0.00,0.00,0.00,0.00,0.00,0.00,2431,1,2025-07-26,USD
COM14536,FastJet (Zimbabwe) - Zimbabwe,Customer,FastJet (Zimbabwe),Africa,Africa Sub-Saharan,Zimbabwe - ZW - Africa,,  ,0%,  ,0%,  ,100%,"89,630.00","91,369.00","154,645.00","26,354.00","89,630.00",Standard,AFR5,AIRL,"13,096.00",0.00,"13,096.00",0.00,0.00,0.00,2432,,2025-06-02,EUR
COM14537,Syrianair - Syrian Arab Republic,PotCust,Syrianair,Asia,Middle East,Syrian Arab Republic - SY - Asia,,  ,0%,  ,0%,  ,0%,0.00,0.00,0.00,0.00,0.00,,APAC4,AIRL,0.00,0.00,0.00,0.00,0.00,0.00,2433,0,,EUR
COM14538,Stratos Flight Services - United States of America,PotCust,Stratos Flight Services,Americas,"America, Northern",United States of America - US - Americas,,  ,0%,  ,0%,  ,0%,0.00,0.00,0.00,0.00,0.00,,AME1,FSP,0.00,0.00,0.00,0.00,0.00,0.00,2434,,,USD
COM14539,Gryphon Air Cargo - Georgia,PotCust,Gryphon Air Cargo,Asia,Middle East,Georgia - GE - Asia,,  ,0%,  ,0%,  ,0%,0.00,0.00,0.00,0.00,0.00,,,AIRL,0.00,0.00,0.00,0.00,0.00,0.00,2435,0,,EUR
COM14540,Threshold Edge Concept - Nigeria,PotCust,Threshold Edge Concept,Africa,Africa Sub-Saharan,Nigeria - NG - Africa,,  ,0%,  ,0%,  ,0%,0.00,0.00,0.00,0.00,0.00,,,FSP,0.00,0.00,0.00,0.00,0.00,0.00,2436,,,EUR
COM14541,Ralex Aviation - United Arab Emirates,Customer,Ralex Aviation,Asia,Middle East,United Arab Emirates - AE - Asia,,  ,0%,  ,0%,  ,0%,0.00,0.00,0.00,0.00,0.00,New FSP,APAC5,FSP,0.00,0.00,0.00,0.00,0.00,0.00,2437,,2026-08-04,EUR
COM14542,Karnavati Aviation - India,PotCust,Karnavati Aviation,Asia,Asia Southern,India - IN - Asia,,  ,0%,  ,0%,  ,0%,0.00,0.00,0.00,0.00,0.00,,,GA-BA,0.00,0.00,0.00,0.00,0.00,0.00,2438,0,,USD
COM14543,Jetstar Airways - Australia,PotCust,Jetstar Airways,Oceania,Australia and New Zealand,Australia - AU - Oceania,,  ,0%,  ,0%,  ,0%,0.00,0.00,0.00,0.00,0.00,,,AIRL,0.00,0.00,0.00,0.00,0.00,0.00,2439,0,,USD
COM14544,ARDEVY UNIVERSAL - Kenya,PotCust,ARDEVY UNIVERSAL,Africa,Africa Sub-Saharan,Kenya - KE - Africa,,  ,0%,  ,0%,  ,0%,0.00,0.00,0.00,0.00,0.00,New FSP,AFR5,FSP,0.00,0.00,0.00,0.00,0.00,0.00,2440,1,,USD
COM14545,SmartLynx Australia - Australia,PotCust,SmartLynx Australia,Oceania,Australia and New Zealand,Australia - AU - Oceania,,  ,0%,  ,0%,  ,0%,0.00,0.00,0.00,0.00,0.00,,APAC5,AIRL,0.00,0.00,0.00,0.00,0.00,0.00,2441,2,,USD
COM14546,Simpfly - Estonia,NonCust,Simpfly,Europe,Europe Northern,Estonia - EE - Europe,,  ,0%,  ,0%,  ,0%,0.00,0.00,0.00,0.00,0.00,Standard,EUR5,AIRL,0.00,0.00,0.00,0.00,0.00,0.00,2442,1,,EUR
COM14547,Five Airways - Slovakia,PotCust,Five Airways,Europe,Europe Eastern,Slovakia - SK - Europe,,  ,0%,  ,0%,  ,0%,0.00,0.00,0.00,0.00,0.00,,EUR4,GA-BA,0.00,0.00,0.00,0.00,0.00,0.00,2443,,,EUR
COM14549,Gridiron Air - United States of America,PotCust,Gridiron Air,Americas,"America, Northern",United States of America - US - Americas,,  ,0%,  ,0%,  ,0%,0.00,0.00,0.00,0.00,0.00,,,AIRL,0.00,0.00,0.00,0.00,0.00,0.00,2444,,,USD
COM14550,Aruba Airlines - Aruba,Customer,Aruba Airlines,Americas,"America, Latin and the Caribbean",Aruba - AW - Americas,,  ,0%,  ,0%,  ,100%,"27,098.00","41,140.00","68,238.00",0.00,"27,098.00",Standard,AME5,AIRL,"17,267.00","17,267.00",0.00,0.00,0.00,0.00,2445,0,2025-09-12,USD
COM14552,Air Sierra Leone - Sierra Leone,Customer,Air Sierra Leone,Africa,Africa Sub-Saharan,Sierra Leone - SL - Africa,,  ,0%,  ,0%,  ,0%,0.00,"12,455.00","12,455.00",0.00,0.00,Standard,AFR5,AIRL,"13,981.00",0.00,"6,228.00","6,228.00",0.00,"1,526.00",2446,,2025-06-03,EUR
COM14553,Warsaw Cargo - Poland,Customer,Warsaw Cargo,Europe,Europe Eastern,Poland - PL - Europe,,  ,0%,  ,0%,  ,100%,"60,019.00","62,344.00","105,224.00","17,139.00","60,019.00",Standard,EUR5,AIRL,"8,004.00",0.00,"8,004.00",0.00,0.00,0.00,2447,1,2025-04-23,EUR
COM14554,DextraData (Logipad Aero)(Modern Work) - Germany,NonCust,DextraData (Logipad Aero)(Modern Work),Europe,Europe Western,Germany - DE - Europe,,  ,0%,  ,0%,  ,0%,0.00,0.00,0.00,0.00,0.00,,,,0.00,0.00,0.00,0.00,0.00,0.00,2448,0,,EUR
COM14555,Flight Deck Support - Luxembourg,PotCust,Flight Deck Support,Europe,Europe Western,Luxembourg - LU - Europe,,  ,0%,  ,0%,  ,0%,0.00,0.00,0.00,0.00,0.00,Standard,EUR5,FSP,0.00,0.00,0.00,0.00,0.00,0.00,2449,1,,EUR
COM14556,LACV Linhas Aéreas de Cabo Verde - Cabo Verde,Customer,LACV Linhas Aéreas de Cabo Verde,Africa,Africa Sub-Saharan,Cabo Verde - CV - Africa,,  ,0%,  ,0%,  ,0%,0.00,"71,535.00","71,535.00",0.00,0.00,Standard,AFR5,AIRL,"11,925.00",0.00,"11,925.00",0.00,0.00,0.00,2450,,2025-09-11,EUR
COM14557,Prado Solutions - Brazil,PotCust,Prado Solutions,Americas,"America, Latin and the Caribbean",Brazil - BR - Americas,,  ,0%,  ,0%,  ,0%,0.00,0.00,0.00,0.00,0.00,,AME5,AIRL,0.00,0.00,0.00,0.00,0.00,0.00,2451,,,USD
COM14558,Rick Aviation - Venezuela (Bolivarian Republic of),PotCust,Rick Aviation,Americas,"America, Latin and the Caribbean",Venezuela (Bolivarian Republic of) - VE - Americas,,  ,0%,  ,0%,  ,0%,0.00,0.00,0.00,0.00,0.00,,,GA-BA,0.00,0.00,0.00,0.00,0.00,0.00,2452,,,USD
COM14559,Victor Flight Services - Kenya,PotCust,Victor Flight Services,Africa,Africa Sub-Saharan,Kenya - KE - Africa,,  ,0%,  ,0%,  ,0%,0.00,0.00,0.00,0.00,0.00,New FSP,AFR5,FSP,0.00,0.00,0.00,0.00,0.00,0.00,2453,1,,EUR
COM14560,HAUTE AVIATION - Switzerland,PotCust,HAUTE AVIATION,Europe,Europe Western,Switzerland - CH - Europe,,  ,0%,  ,0%,  ,0%,0.00,0.00,0.00,0.00,0.00,Standard,EUR5,GA-BA,0.00,0.00,0.00,0.00,0.00,0.00,2454,4,,EUR
COM14561,Signum Aviation - United Kingdom of Great Britain and Northern Ireland,Customer via,Signum Aviation,Europe,Europe Northern,United Kingdom of Great Britain and Northern Ireland - GB - Europe,,  ,0%,  ,0%,  ,100%,"72,646.00","56,544.00","101,963.00","27,227.00","72,646.00",Standard,EUR1,GA-BA,0.00,0.00,0.00,0.00,0.00,0.00,2455,5,2025-05-05,EUR
COM14562,KLYOVA AVIATION SERVICES - United Arab Emirates,Customer,KLYOVA AVIATION SERVICES,Asia,Middle East,United Arab Emirates - AE - Asia,,  ,0%,  ,0%,  ,100%,"49,060.00","103,960.00","139,011.00","14,009.00","49,060.00",Standard,APAC5,FSP,"28,347.00",0.00,"28,347.00",0.00,0.00,0.00,2456,1,2025-05-24,EUR
COM14563,Basra Airline - Iraq,PotCust,Basra Airline,Asia,Middle East,Iraq - IQ - Asia,,  ,0%,  ,0%,  ,0%,0.00,0.00,0.00,0.00,0.00,,APAC5,AIRL,0.00,0.00,0.00,0.00,0.00,0.00,2457,,,EUR
COM14564,West Atlantic Sweden - Sweden,Customer via,West Atlantic Sweden,Europe,Europe Northern,Sweden - SE - Europe,,  ,0%,  ,0%,  ,0%,0.00,0.00,0.00,0.00,0.00,,,AIRL,0.00,0.00,0.00,0.00,0.00,0.00,2458,0,2024-08-26,EUR
COM14565,FlyJet LLP - Kazakhstan,PotCust,FlyJet LLP,Asia,Middle East,Kazakhstan - KZ - Asia,,  ,0%,  ,0%,  ,0%,0.00,0.00,0.00,0.00,0.00,,APAC5,GA-BA,0.00,0.00,0.00,0.00,0.00,0.00,2459,,,EUR
COM14566,Galistair (Malta) - Malta,PotCust,Galistair (Malta),Europe,Europe Southern,Malta - MT - Europe,,  ,0%,  ,0%,  ,0%,0.00,0.00,0.00,0.00,0.00,Standard,EUR5,AIRL,0.00,0.00,0.00,0.00,0.00,0.00,2460,3,,EUR
COM14567,San Marino Executive Aviation - San Marino,PotCust,San Marino Executive Aviation,Europe,Europe Southern,San Marino - SM - Europe,,  ,0%,  ,0%,  ,0%,0.00,0.00,0.00,0.00,0.00,,,AIRL,0.00,0.00,0.00,0.00,0.00,0.00,2461,,,EUR
COM14568,Aero Dili - Timor-Leste,Customer,Aero Dili,Asia,Asia South-eastern,Timor-Leste - TL - Asia,,  ,0%,  ,0%,  ,100%,"13,092.00","19,875.00","32,967.00",0.00,"13,092.00",Standard,APAC5,AIRL,0.00,0.00,0.00,0.00,0.00,0.00,2462,2,2025-07-10,USD
COM14569,This Way Aviation - Spain,PotCust,This Way Aviation,Europe,Europe Southern,Spain - ES - Europe,,  ,0%,  ,0%,  ,0%,0.00,0.00,0.00,0.00,0.00,New FSP,EUR5,FSP,0.00,0.00,0.00,0.00,0.00,0.00,2463,5,,EUR
,,,,,,,,  ,0%,  ,0%,  ,0%,0.00,0.00,0.00,0.00,0.00,,,,0.00,0.00,0.00,0.00,0.00,0.00,2464,,,
COM14571,Fly Europe - Bulgaria,Pending Delivery,Fly Europe,Europe,Europe Eastern,Bulgaria - BG - Europe,,  ,0%,  ,0%,  ,0%,0.00,0.00,0.00,0.00,0.00,,,AIRL,0.00,0.00,0.00,0.00,0.00,0.00,2465,,2026-08-19,EUR
COM14572,EWA AIR - Mayotte,PotCust,EWA AIR,Africa,Africa Sub-Saharan,Mayotte - YT - Africa,,  ,0%,  ,0%,  ,0%,0.00,0.00,0.00,0.00,0.00,,,AIRL,0.00,0.00,0.00,0.00,0.00,0.00,2466,,,EUR
COM14573,Afrijet Sahara - Morocco,PotCust,Afrijet Sahara,Africa,Africa Northern,Morocco - MA - Africa,,  ,0%,  ,0%,  ,0%,0.00,0.00,0.00,0.00,0.00,Standard,AFR5,AIRL,0.00,0.00,0.00,0.00,0.00,0.00,2467,1,,EUR
COM14574,Asia Union Airlines - Uzbekistan,PotCust,Asia Union Airlines,Asia,Middle East,Uzbekistan - UZ - Asia,,  ,0%,  ,0%,  ,0%,0.00,0.00,0.00,0.00,0.00,,APAC5,AIRL,0.00,0.00,0.00,0.00,0.00,0.00,2468,,,EUR
COM14575,Skyservice Business Aviation - Canada,PotCust,Skyservice Business Aviation,Americas,"America, Northern",Canada - CA - Americas,,  ,0%,  ,0%,  ,0%,0.00,0.00,0.00,0.00,0.00,Standard,AME3,GA-BA,0.00,0.00,0.00,0.00,0.00,0.00,2469,2,,USD
COM14576,SJT Aviation Solutions - United Kingdom of Great Britain and Northern Ireland,PotCust,SJT Aviation Solutions,Europe,Europe Northern,United Kingdom of Great Britain and Northern Ireland - GB - Europe,,  ,0%,  ,0%,  ,0%,0.00,0.00,0.00,0.00,0.00,,EUR5,FSP,0.00,0.00,0.00,0.00,0.00,0.00,2470,,,EUR
,FINNHEMS OY - Finland,PotCust,FINNHEMS OY,Europe,Europe Northern,Finland - FI - Europe,,  ,0%,  ,0%,  ,0%,0.00,0.00,0.00,0.00,0.00,,,,0.00,0.00,0.00,0.00,0.00,0.00,2471,,,EUR
COM14578,Lin Aviation Services - Mexico,PotCust,Lin Aviation Services,Americas,"America, Latin and the Caribbean",Mexico - MX - Americas,,  ,0%,  ,0%,  ,0%,0.00,0.00,0.00,0.00,0.00,,AME4,,0.00,0.00,0.00,0.00,0.00,0.00,2472,,,USD
COM14580,Sky7 Aviation FZE - United Arab Emirates,Customer,Sky7 Aviation FZE,Asia,Middle East,United Arab Emirates - AE - Asia,,  ,0%,  ,0%,  ,100%,"15,846.00","30,064.00","45,910.00",0.00,"15,846.00",New FSP,APAC5,FSP,"4,363.00",0.00,"4,363.00",0.00,0.00,0.00,2473,,2025-08-22,USD
COM14581,Pyramids Airlines - Egypt,Customer,Pyramids Airlines,Africa,Africa Northern,Egypt - EG - Africa,,  ,0%,  ,0%,  ,0%,0.00,"49,442.00","49,442.00",0.00,0.00,Standard,AFR5,AIRL,"9,985.00",0.00,"9,985.00",0.00,0.00,0.00,2474,1,2026-02-20,EUR
COM14582,Ibex Air Charter - Lebanon,PotCust,Ibex Air Charter,Asia,Middle East,Lebanon - LB - Asia,,  ,0%,  ,0%,  ,0%,0.00,0.00,0.00,0.00,0.00,Standard,APAC5,GA-BA,0.00,0.00,0.00,0.00,0.00,0.00,2475,1,,EUR
COM14583,"Auric Air - Tanzania, United Republic of",PotCust,Auric Air,Africa,Africa Sub-Saharan,"Tanzania, United Republic of - TZ - Africa",,  ,0%,  ,0%,  ,0%,0.00,0.00,0.00,0.00,0.00,Standard,AFR4,AIRL,0.00,0.00,0.00,0.00,0.00,0.00,2476,20,,EUR
COM14584,LD Aviation Services - United States of America,PotCust,LD Aviation Services,Americas,"America, Northern",United States of America - US - Americas,,  ,0%,  ,0%,  ,0%,0.00,"37,820.00","37,820.00",0.00,0.00,New FSP,AME5,FSP,0.00,0.00,0.00,0.00,0.00,0.00,2477,,2025-08-11,USD
COM14585,ZAV Aviation - Australia,PotCust,ZAV Aviation,Oceania,Australia and New Zealand,Australia - AU - Oceania,,  ,0%,  ,0%,  ,0%,0.00,0.00,0.00,0.00,0.00,,,FSP,0.00,0.00,0.00,0.00,0.00,0.00,2478,,,USD
COM14586,Atlanta Aviation - Uganda,PotCust,Atlanta Aviation,Africa,Africa Sub-Saharan,Uganda - UG - Africa,,  ,0%,  ,0%,  ,0%,0.00,0.00,0.00,0.00,0.00,,,FSP,0.00,0.00,0.00,0.00,0.00,0.00,2479,,,EUR
COM14587,JETBASE - Saudi Arabia,PotCust,JETBASE,Asia,Middle East,Saudi Arabia - SA - Asia,,  ,0%,  ,0%,  ,0%,0.00,0.00,0.00,0.00,0.00,,APAC5,,0.00,0.00,0.00,0.00,0.00,0.00,2480,,,USD
COM14588,Apogee - United Arab Emirates,Customer,Apogee,Asia,Middle East,United Arab Emirates - AE - Asia,,  ,0%,  ,0%,  ,0%,0.00,"18,763.00","18,763.00",0.00,0.00,New FSP,APAC5,FSP,0.00,0.00,0.00,0.00,0.00,0.00,2481,0,2026-03-30,EUR
COM14589,OpsPoint Aviation - Germany,PotCust,OpsPoint Aviation,Europe,Europe Western,Germany - DE - Europe,,  ,0%,  ,0%,  ,0%,0.00,0.00,0.00,0.00,0.00,New FSP,EUR5,FSP,0.00,0.00,0.00,0.00,0.00,0.00,2482,1,,EUR
COM14590,EGYPT AIR TAXI - Egypt,PotCust,EGYPT AIR TAXI,Africa,Africa Northern,Egypt - EG - Africa,,  ,0%,  ,0%,  ,0%,0.00,0.00,0.00,0.00,0.00,,,GA-BA,0.00,0.00,0.00,0.00,0.00,0.00,2483,2,,USD
,(Duplicate) KLM Cityhopper - Netherlands,NonCust,(Duplicate) KLM Cityhopper,Europe,Europe Western,Netherlands - NL - Europe,,  ,0%,  ,0%,  ,0%,0.00,0.00,0.00,0.00,0.00,,,,0.00,0.00,0.00,0.00,0.00,0.00,2484,,,EUR
COM14592,Sin-Kung Airways Sdn. Bhd. (formerly known as Prima Air Sdn. Bhd.) - Malaysia,Customer,Sin-Kung Airways Sdn. Bhd. (formerly known as Prima Air Sdn. Bhd.),Asia,Asia South-eastern,Malaysia - MY - Asia,,  ,0%,  ,0%,  ,100%,"3,012.00","35,066.00","38,078.00",0.00,"3,012.00",Standard,APAC5,AIRL,"17,685.00",0.00,"8,843.00","8,843.00",0.00,0.00,2485,2,2025-09-21,USD
COM14593,CKD Aviation - Turkey,PotCust,CKD Aviation,Asia,Middle East,Turkey - TR - Asia,,  ,0%,  ,0%,  ,0%,0.00,0.00,0.00,0.00,0.00,,APAC5,,0.00,0.00,0.00,0.00,0.00,0.00,2486,,,EUR
COM14594,Chingis Airlines Unity - Mongolia,Customer,Chingis Airlines Unity,Asia,Asia Eastern,Mongolia - MN - Asia,,  ,0%,  ,0%,  ,0%,0.00,"34,265.00","34,265.00",0.00,0.00,Standard,APAC1,AIRL,"11,423.00",0.00,"11,423.00",0.00,0.00,0.00,2487,1,2026-01-05,EUR
COM14595,TUCANO AVIATION - United Arab Emirates,PotCust,TUCANO AVIATION,Asia,Middle East,United Arab Emirates - AE - Asia,,  ,0%,  ,0%,  ,0%,0.00,0.00,0.00,0.00,0.00,,APAC5,,0.00,0.00,0.00,0.00,0.00,0.00,2488,,,EUR
COM14596,Jet Care - Switzerland,PotCust,Jet Care,Europe,Europe Western,Switzerland - CH - Europe,,  ,0%,  ,0%,  ,0%,0.00,0.00,0.00,0.00,0.00,New FSP,EUR5,FSP,0.00,0.00,0.00,0.00,0.00,0.00,2489,1,,EUR
COM14597,Aviation & Marine Alliance - Latvia,PotCust,Aviation & Marine Alliance,Europe,Europe Northern,Latvia - LV - Europe,,  ,0%,  ,0%,  ,0%,0.00,0.00,0.00,0.00,0.00,,,GA-BA,0.00,0.00,0.00,0.00,0.00,0.00,2490,,,EUR
COM14598,Eclipse Air - United States of America,PotCust,Eclipse Air,Americas,"America, Northern",United States of America - US - Americas,,  ,0%,  ,0%,  ,0%,0.00,0.00,0.00,0.00,0.00,,AME5,GA-BA,0.00,0.00,0.00,0.00,0.00,0.00,2491,,,USD
COM14599,Sky Alps Europe - Slovakia,Pending Delivery,Sky Alps Europe,Europe,Europe Eastern,Slovakia - SK - Europe,,  ,0%,  ,0%,  ,0%,0.00,"49,835.00","49,835.00",0.00,0.00,Standard,EUR5,AIRL,"12,464.00",0.00,0.00,0.00,0.00,"12,464.00",2492,2,2026-01-29,EUR
COM14600,GP Aviation - Bulgaria,Customer via,GP Aviation,Europe,Europe Eastern,Bulgaria - BG - Europe,,  ,0%,  ,0%,  ,100%,"8,250.00","8,728.00","9,882.00",0.00,"1,154.00",Standard,EUR5,AIRL,"1,247.00",0.00,"1,247.00",0.00,0.00,0.00,2493,,2025-05-16,EUR
COM14601,AIR WISCONSIN AIRLINES - United States of America,PotCust,AIR WISCONSIN AIRLINES,Americas,"America, Northern",United States of America - US - Americas,,  ,0%,  ,0%,  ,0%,0.00,0.00,0.00,0.00,0.00,,,AIRL,0.00,0.00,0.00,0.00,0.00,0.00,2494,0,,USD
COM14602,Skyline Flight Academy - Italy,Customer,Skyline Flight Academy,Europe,Europe Southern,Italy - IT - Europe,,  ,0%,  ,0%,  ,0%,0.00,"6,465.00","6,465.00",0.00,0.00,Old FSP,EUR5,FSP,0.00,0.00,0.00,0.00,0.00,0.00,2495,1,2026-01-13,EUR
COM14603,FLY4 AIRLINES - Ireland,Customer,FLY4 AIRLINES,Europe,Europe Northern,Ireland - IE - Europe,,  ,0%,  ,0%,  ,100%,"21,287.00","53,666.00","74,953.00",0.00,"21,287.00",Standard,EUR5,AIRL,0.00,0.00,0.00,0.00,0.00,0.00,2496,4,2025-10-03,EUR
COM14604,Skyplus Aviation Services - Uganda,PotCust,Skyplus Aviation Services,Africa,Africa Sub-Saharan,Uganda - UG - Africa,,  ,0%,  ,0%,  ,0%,0.00,0.00,0.00,0.00,0.00,,,FSP,0.00,0.00,0.00,0.00,0.00,0.00,2497,,,EUR
COM14605,SG Ferry Services Ltd. - Ireland,Pending Closure,SG Ferry Services Ltd.,Europe,Europe Northern,Ireland - IE - Europe,,  ,0%,  ,0%,  ,100%,"30,447.00","54,485.00","84,932.00",0.00,"30,447.00",New FSP,EUR5,FSP,"47,732.00",0.00,"6,902.00","6,902.00","6,902.00","27,027.00",2498,1,2024-11-13,EUR
COM14606,Tunisair Express - Tunisia,Pending Delivery,Tunisair Express,Africa,Africa Northern,Tunisia - TN - Africa,,  ,0%,  ,0%,  ,0%,0.00,"29,810.00","29,810.00",0.00,0.00,Standard,AFR5,AIRL,"20,821.00",0.00,"10,411.00","10,411.00",0.00,0.00,2499,2,2026-01-30,EUR
COM14607,Samana Special Mission - Saudi Arabia,PotCust,Samana Special Mission,Asia,Middle East,Saudi Arabia - SA - Asia,,  ,0%,  ,0%,  ,0%,0.00,0.00,0.00,0.00,0.00,,APAC5,GA-BA,0.00,0.00,0.00,0.00,0.00,0.00,2500,,,EUR
COM14608,CNA Aviation - United Kingdom of Great Britain and Northern Ireland,PotCust,CNA Aviation,Europe,Europe Northern,United Kingdom of Great Britain and Northern Ireland - GB - Europe,,  ,0%,  ,0%,  ,0%,0.00,0.00,0.00,0.00,0.00,Standard,EUR5,AIRL,0.00,0.00,0.00,0.00,0.00,0.00,2501,,,EUR
COM14609,North American Flight Control (NAFC) - United States of America,Customer,North American Flight Control (NAFC),Americas,"America, Northern",United States of America - US - Americas,,  ,0%,  ,0%,  ,0%,0.00,0.00,0.00,0.00,0.00,Standard,AME5,GA-BA,0.00,0.00,0.00,0.00,0.00,0.00,2502,,2025-12-19,USD
COM14610,SmartLynx Airlines Malta - Malta,PotCust,SmartLynx Airlines Malta,Europe,Europe Southern,Malta - MT - Europe,,  ,0%,  ,0%,  ,0%,0.00,0.00,0.00,0.00,0.00,,,AIRL,0.00,0.00,0.00,0.00,0.00,0.00,2503,,,EUR
COM14611,AeroElite Aviation - India,Customer,AeroElite Aviation,Asia,Asia Southern,India - IN - Asia,,  ,0%,  ,0%,  ,0%,0.00,"38,163.00","38,163.00",0.00,0.00,New FSP,APAC5,FSP,"11,547.00",0.00,"6,341.00","5,206.00",0.00,0.00,2504,0,2025-11-02,USD
COM14613,PAL Airlines - Canada,PotCust,PAL Airlines,Americas,"America, Northern",Canada - CA - Americas,,  ,0%,  ,0%,  ,0%,0.00,0.00,0.00,0.00,0.00,,AME4,AIRL,0.00,0.00,0.00,0.00,0.00,0.00,2505,0,,USD
COM14614,Twin Jet - France,PotCust,Twin Jet,Europe,Europe Western,France - FR - Europe,,  ,0%,  ,0%,  ,0%,0.00,0.00,0.00,0.00,0.00,,,AIRL,0.00,0.00,0.00,0.00,0.00,0.00,2506,13,,EUR
COM14615,The Network Plan - United Arab Emirates,Pending Delivery,The Network Plan,Asia,Middle East,United Arab Emirates - AE - Asia,,  ,0%,  ,0%,  ,0%,0.00,"6,755.00","6,755.00",0.00,0.00,New FSP,APAC5,FSP,0.00,0.00,0.00,0.00,0.00,0.00,2507,0,2026-04-30,USD
COM14616,NG Eagle Limited - Nigeria,Customer,NG Eagle Limited,Africa,Africa Sub-Saharan,Nigeria - NG - Africa,,  ,0%,  ,0%,  ,0%,0.00,"59,751.00","59,751.00",0.00,0.00,Standard,APAC5,AIRL,0.00,0.00,0.00,0.00,0.00,0.00,2508,2,2026-01-06,USD
COM14617,GLOBAL JET CONCEPT SA - Switzerland,PotCust,GLOBAL JET CONCEPT SA,Europe,Europe Western,Switzerland - CH - Europe,,  ,0%,  ,0%,  ,0%,0.00,0.00,0.00,0.00,0.00,Standard,EUR4,GA-BA,0.00,0.00,0.00,0.00,0.00,0.00,2509,13,,EUR
COM14618,Isles of Scilly Skybus - United Kingdom of Great Britain and Northern Ireland,PotCust,Isles of Scilly Skybus,Europe,Europe Northern,United Kingdom of Great Britain and Northern Ireland - GB - Europe,,  ,0%,  ,0%,  ,0%,0.00,0.00,0.00,0.00,0.00,Standard,EUR4,AIRL,0.00,0.00,0.00,0.00,0.00,0.00,2510,6,,EUR
COM14619,AMAZONE AIRLINES - Benin,Customer,AMAZONE AIRLINES,Africa,Africa Sub-Saharan,Benin - BJ - Africa,,  ,0%,  ,0%,  ,100%,"14,184.00","47,028.00","61,212.00",0.00,"14,184.00",Standard,AFR5,AIRL,"6,720.00",0.00,"6,720.00",0.00,0.00,0.00,2511,2,2025-08-13,EUR
COM14620,IATA - Canada,PotCust,IATA,Americas,"America, Northern",Canada - CA - Americas,,  ,0%,  ,0%,  ,0%,0.00,0.00,0.00,0.00,0.00,,,GA-BA,0.00,0.00,0.00,0.00,0.00,0.00,2512,,,USD
COM14621,Jazeera Airways K.S.C. - Kuwait,PotCust,Jazeera Airways K.S.C.,Asia,Middle East,Kuwait - KW - Asia,,  ,0%,  ,0%,  ,0%,0.00,0.00,0.00,0.00,0.00,,,AIRL,0.00,0.00,0.00,0.00,0.00,0.00,2513,23,,EUR
COM14622,NAV CANADA - Canada,PotCust,NAV CANADA,Americas,"America, Northern",Canada - CA - Americas,,  ,0%,  ,0%,  ,0%,0.00,0.00,0.00,0.00,0.00,,AME4,GA-BA,0.00,0.00,0.00,0.00,0.00,0.00,2514,2,,USD
COM14623,AERCOMMERCE - Poland,PotCust,AERCOMMERCE,Europe,Europe Eastern,Poland - PL - Europe,,  ,0%,  ,0%,  ,0%,0.00,0.00,0.00,0.00,0.00,Standard,EUR5,AIRL,0.00,0.00,0.00,0.00,0.00,0.00,2515,1,,EUR
COM14624,PARAGON AVIATION SERVICES FZE - United Arab Emirates,Quarantine,PARAGON AVIATION SERVICES FZE,Asia,Middle East,United Arab Emirates - AE - Asia,,  ,0%,  ,0%,  ,0%,0.00,"48,577.00","48,577.00",0.00,0.00,Standard,APAC5,AIRL,"-17,752.00",0.00,0.00,"-17,752.00",0.00,0.00,2516,2,2025-12-23,EUR
COM14625,FLY CHAM - Syrian Arab Republic,Customer,FLY CHAM,Asia,Middle East,Syrian Arab Republic - SY - Asia,,  ,0%,  ,0%,  ,0%,0.00,"95,421.00","95,421.00",0.00,0.00,Standard,APAC5,AIRL,0.00,0.00,0.00,0.00,0.00,0.00,2517,5,2026-01-02,USD
COM14626,Pelicano Aviation Corporation - Philippines,PotCust,Pelicano Aviation Corporation,Asia,Asia South-eastern,Philippines - PH - Asia,,  ,0%,  ,0%,  ,0%,0.00,0.00,0.00,0.00,0.00,,,GA-BA,0.00,0.00,0.00,0.00,0.00,0.00,2518,,,USD
COM14627,BWO Systems AG (Swiss AF) - Switzerland,Customer,BWO Systems AG (Swiss AF),Europe,Europe Western,Switzerland - CH - Europe,,  ,0%,  ,0%,  ,0%,0.00,"1,131,661.00","1,131,661.00",0.00,0.00,Standard,,MIL,0.00,0.00,0.00,0.00,0.00,0.00,2519,37,2026-06-09,EUR
COM14628,AeroVista Aviation Services - India,Customer,AeroVista Aviation Services,Asia,Asia Southern,India - IN - Asia,,  ,0%,  ,0%,  ,0%,0.00,"25,883.00","25,883.00",0.00,0.00,New FSP,APAC5,FSP,"8,719.00",0.00,"4,360.00","4,360.00",0.00,0.00,2520,0,2026-01-15,USD
COM14629,Aerospace Jet Group - Saudi Arabia,PotCust,Aerospace Jet Group,Asia,Middle East,Saudi Arabia - SA - Asia,,  ,0%,  ,0%,  ,0%,0.00,0.00,0.00,0.00,0.00,,,FSP,0.00,0.00,0.00,0.00,0.00,0.00,2521,0,,USD
COM14630,VICTOR SKY - Turkey,PotCust,VICTOR SKY,Asia,Middle East,Turkey - TR - Asia,,  ,0%,  ,0%,  ,0%,0.00,0.00,0.00,0.00,0.00,,APAC5,FSP,0.00,0.00,0.00,0.00,0.00,0.00,2522,,,EUR
COM14631,Aerogate - France,PotCust,Aerogate,Europe,Europe Western,France - FR - Europe,,  ,0%,  ,0%,  ,0%,0.00,0.00,0.00,0.00,0.00,,,FSP,0.00,0.00,0.00,0.00,0.00,0.00,2523,,,EUR
COM14632,Libyan United Airlines - Libya,PotCust,Libyan United Airlines,Africa,Africa Northern,Libya - LY - Africa,,  ,0%,  ,0%,  ,0%,0.00,0.00,0.00,0.00,0.00,,,AIRL,0.00,0.00,0.00,0.00,0.00,0.00,2524,0,,EUR
COM14633,BE AERO - Turkey,PotCust,BE AERO,Asia,Middle East,Turkey - TR - Asia,,  ,0%,  ,0%,  ,0%,0.00,0.00,0.00,0.00,0.00,Standard,APAC5,FSP,0.00,0.00,0.00,0.00,0.00,0.00,2525,10,,EUR
COM14634,FlyX Aero - Turkey,PotCust,FlyX Aero,Asia,Middle East,Turkey - TR - Asia,,  ,0%,  ,0%,  ,0%,0.00,0.00,0.00,0.00,0.00,,APAC5,,0.00,0.00,0.00,0.00,0.00,0.00,2526,2,,EUR
COM14635,Aeroglobe Aviation Services - Turkey,Customer,Aeroglobe Aviation Services,Asia,Middle East,Turkey - TR - Asia,,  ,0%,  ,0%,  ,0%,0.00,"23,082.00","23,082.00",0.00,0.00,New FSP,APAC5,FSP,0.00,0.00,0.00,0.00,0.00,0.00,2527,0,2026-03-31,EUR
COM14636,AriyaX LLC FZ - United Arab Emirates,PotCust,AriyaX LLC FZ,Asia,Middle East,United Arab Emirates - AE - Asia,,  ,0%,  ,0%,  ,0%,0.00,0.00,0.00,0.00,0.00,,,FSP,0.00,0.00,0.00,0.00,0.00,0.00,2528,,,EUR
COM14637,Archer Aviation - United States of America,PotCust,Archer Aviation,Americas,"America, Northern",United States of America - US - Americas,,  ,0%,  ,0%,  ,0%,0.00,0.00,0.00,0.00,0.00,,,GA-BA,0.00,0.00,0.00,0.00,0.00,0.00,2529,,,USD
COM14638,"Tanzania Government Flight Agency (TGFA) - Tanzania, United Republic of",Testing,Tanzania Government Flight Agency (TGFA),Africa,Africa Sub-Saharan,"Tanzania, United Republic of - TZ - Africa",,  ,0%,  ,0%,  ,0%,0.00,0.00,0.00,0.00,0.00,,,GA-BA,0.00,0.00,0.00,0.00,0.00,0.00,2530,4,,EUR
COM14639,Air Atlanta Icelandic - Iceland,PotCust,Air Atlanta Icelandic,Europe,Europe Northern,Iceland - IS - Europe,,  ,0%,  ,0%,  ,0%,0.00,0.00,0.00,0.00,0.00,,,AIRL,0.00,0.00,0.00,0.00,0.00,0.00,2531,0,,EUR
COM14640,AERO STATES SERVICES - Belgium,Customer,AERO STATES SERVICES,Europe,Europe Western,Belgium - BE - Europe,,  ,0%,  ,0%,  ,0%,0.00,"16,004.00","16,004.00",0.00,0.00,New FSP,EUR5,FSP,"23,479.00",0.00,"5,335.00","5,335.00","5,335.00","7,475.00",2532,1,2026-04-15,EUR
COM14641,Daallo Airlines - Djibouti,Testing,Daallo Airlines,Africa,Africa Sub-Saharan,Djibouti - DJ - Africa,,  ,0%,  ,0%,  ,0%,0.00,0.00,0.00,0.00,0.00,,,AIRL,0.00,0.00,0.00,0.00,0.00,0.00,2533,4,,EUR
COM14642,iNsudan Africa - Sudan,PotCust,iNsudan Africa,Africa,Africa Northern,Sudan - SD - Africa,,  ,0%,  ,0%,  ,0%,0.00,0.00,0.00,0.00,0.00,New FSP,AFR5,FSP,0.00,0.00,0.00,0.00,0.00,0.00,2534,1,,EUR
COM14643,Enugu Air - Nigeria,Customer,Enugu Air,Africa,Africa Sub-Saharan,Nigeria - NG - Africa,,  ,0%,  ,0%,  ,0%,0.00,"76,959.00","76,959.00",0.00,0.00,Old,AFR5,AIRL,"13,972.00","13,972.00",0.00,0.00,0.00,0.00,2535,,2026-03-23,USD
COM14644,Flybondi - Argentina,PotCust,Flybondi,Americas,"America, Latin and the Caribbean",Argentina - AR - Americas,,  ,0%,  ,0%,  ,0%,0.00,0.00,0.00,0.00,0.00,Standard,AME4,AIRL,0.00,0.00,0.00,0.00,0.00,0.00,2536,14,,USD
COM14645,AVIOVISION N.V. (AVIOBOOK) - Belgium,NonCust,AVIOVISION N.V. (AVIOBOOK),Europe,Europe Western,Belgium - BE - Europe,,  ,0%,  ,0%,  ,0%,0.00,0.00,0.00,0.00,0.00,,,,0.00,0.00,0.00,0.00,0.00,0.00,2537,0,,EUR
COM14646,AVTECH Sweden AB - Sweden,NonCust,AVTECH Sweden AB,Europe,Europe Northern,Sweden - SE - Europe,,  ,0%,  ,0%,  ,0%,0.00,0.00,0.00,0.00,0.00,,,,0.00,0.00,0.00,0.00,0.00,0.00,2538,0,,EUR
COM14647,BLUECHAP GROUP (TAILLOG EFB) - Denmark,NonCust,BLUECHAP GROUP (TAILLOG EFB),Europe,Europe Northern,Denmark - DK - Europe,,  ,0%,  ,0%,  ,0%,0.00,0.00,0.00,0.00,0.00,,,,0.00,0.00,0.00,0.00,0.00,0.00,2539,0,,EUR
COM14648,Bytron Aviation Systems - United Kingdom of Great Britain and Northern Ireland,NonCust,Bytron Aviation Systems,Europe,Europe Northern,United Kingdom of Great Britain and Northern Ireland - GB - Europe,,  ,0%,  ,0%,  ,0%,0.00,0.00,0.00,0.00,0.00,,,,0.00,0.00,0.00,0.00,0.00,0.00,2540,0,,EUR
COM14649,FL3XX - Austria,NonCust,FL3XX,Europe,Europe Western,Austria - AT - Europe,,  ,0%,  ,0%,  ,0%,0.00,0.00,0.00,0.00,0.00,,,,0.00,0.00,0.00,0.00,0.00,0.00,2541,0,,EUR
COM14650,FLYGPRESTANDA AB - Sweden,NonCust,FLYGPRESTANDA AB,Europe,Europe Northern,Sweden - SE - Europe,,  ,0%,  ,0%,  ,0%,0.00,0.00,0.00,0.00,0.00,,,,0.00,0.00,0.00,0.00,0.00,0.00,2542,0,,EUR
COM14651,Global Aviation Data A/S (Globalog) - Denmark,NonCust,Global Aviation Data A/S (Globalog),Europe,Europe Northern,Denmark - DK - Europe,,  ,0%,  ,0%,  ,0%,0.00,0.00,0.00,0.00,0.00,,,,0.00,0.00,0.00,0.00,0.00,0.00,2543,,,DKK
COM14652,IBS Software Europe Limited - United Kingdom of Great Britain and Northern Ireland,NonCust,IBS Software Europe Limited,Europe,Europe Northern,United Kingdom of Great Britain and Northern Ireland - GB - Europe,,  ,0%,  ,0%,  ,0%,0.00,0.00,0.00,0.00,0.00,,,,0.00,0.00,0.00,0.00,0.00,0.00,2544,,,EUR
COM14653,IFS International Flight Support - Denmark,NonCust,IFS International Flight Support,Europe,Europe Northern,Denmark - DK - Europe,,  ,0%,  ,0%,  ,0%,0.00,0.00,0.00,0.00,0.00,,,,0.00,0.00,0.00,0.00,0.00,0.00,2545,0,,EUR
COM14654,Lido Flight Planning Solutions (Lufthansa Systems) - Switzerland,NonCust,Lido Flight Planning Solutions (Lufthansa Systems),Europe,Europe Western,Switzerland - CH - Europe,,  ,0%,  ,0%,  ,0%,0.00,0.00,0.00,0.00,0.00,,,,0.00,0.00,0.00,0.00,0.00,0.00,2546,0,,EUR
COM14655,Skylegs CVBA - Belgium,NonCust,Skylegs CVBA,Europe,Europe Western,Belgium - BE - Europe,,  ,0%,  ,0%,  ,0%,0.00,0.00,0.00,0.00,0.00,,,,0.00,0.00,0.00,0.00,0.00,0.00,2547,0,,EUR
COM14656,Caliphate Air - Nigeria,PotCust,Caliphate Air,Africa,Africa Sub-Saharan,Nigeria - NG - Africa,,  ,0%,  ,0%,  ,0%,0.00,0.00,0.00,0.00,0.00,,,AIRL,0.00,0.00,0.00,0.00,0.00,0.00,2548,,,EUR
COM13510,WAYPOINT AVIATION - Brazil,PotCust,WAYPOINT AVIATION,Americas,"America, Latin and the Caribbean",Brazil - BR - Americas,,  ,0%,  ,0%,  ,0%,0.00,0.00,0.00,0.00,0.00,,,FSP,0.00,0.00,0.00,0.00,0.00,0.00,2549,1,2019-06-15,EUR
COM14657,Benbojet - United Kingdom of Great Britain and Northern Ireland,PotCust,Benbojet,Europe,Europe Northern,United Kingdom of Great Britain and Northern Ireland - GB - Europe,,  ,0%,  ,0%,  ,0%,0.00,0.00,0.00,0.00,0.00,New FSP,EUR5,FSP,0.00,0.00,0.00,0.00,0.00,0.00,2550,1,,EUR
COM14658,TIRRENAIR - France,Customer,TIRRENAIR,Europe,Europe Western,France - FR - Europe,,  ,0%,  ,0%,  ,0%,0.00,"-8,258.00","-8,258.00",0.00,0.00,Standard,EUR5,AIRL,"-8,258.00",0.00,"-8,258.00",0.00,0.00,0.00,2551,1,2026-04-30,EUR
COM14659,NIMBUSJET - United Arab Emirates,Customer,NIMBUSJET,Asia,Middle East,United Arab Emirates - AE - Asia,,  ,0%,  ,0%,  ,0%,0.00,"5,351.00","5,351.00",0.00,0.00,Standard,APAC5,GA-BA,"1,338.00",0.00,"1,338.00",0.00,0.00,0.00,2552,1,2026-04-09,EUR
COM14660,Alfa Jet Aviation - Turkey,Customer via,Alfa Jet Aviation,Asia,Middle East,Turkey - TR - Asia,,  ,0%,  ,0%,  ,0%,0.00,0.00,0.00,0.00,0.00,,APAC5,GA-BA,0.00,0.00,0.00,0.00,0.00,0.00,2553,1,2026-08-25,EUR
COM14661,SPEC Energy - United Arab Emirates,PotCust,SPEC Energy,Asia,Middle East,United Arab Emirates - AE - Asia,,  ,0%,  ,0%,  ,0%,0.00,0.00,0.00,0.00,0.00,,,GA-BA,0.00,0.00,0.00,0.00,0.00,0.00,2554,0,2016-07-01,EUR
COM14662,THAI CARGO AIRLINES - Thailand,PotCust,THAI CARGO AIRLINES,Asia,Asia South-eastern,Thailand - TH - Asia,,  ,0%,  ,0%,  ,0%,0.00,0.00,0.00,0.00,0.00,,APAC5,AIRL,0.00,0.00,0.00,0.00,0.00,0.00,2555,,,USD
COM14663,Airvan - Kenya,PotCust,Airvan,Africa,Africa Sub-Saharan,Kenya - KE - Africa,,  ,0%,  ,0%,  ,0%,0.00,0.00,0.00,0.00,0.00,,,AIRL,"26,161.00",0.00,0.00,0.00,0.00,"26,161.00",2556,,2026-04-27,EUR
COM14664,Aerojet Aviations - Kenya,PotCust,Aerojet Aviations,Africa,Africa Sub-Saharan,Kenya - KE - Africa,,  ,0%,  ,0%,  ,0%,0.00,0.00,0.00,0.00,0.00,,,AIRL,0.00,0.00,0.00,0.00,0.00,0.00,2557,2,,EUR
COM14665,Jayam Aviation - India,PotCust,Jayam Aviation,Asia,Asia Southern,India - IN - Asia,,  ,0%,  ,0%,  ,0%,0.00,0.00,0.00,0.00,0.00,,APAC5,FSP,0.00,0.00,0.00,0.00,0.00,0.00,2558,,,USD
COM14666,ArrowAvia - United Arab Emirates,PotCust,ArrowAvia,Asia,Middle East,United Arab Emirates - AE - Asia,,  ,0%,  ,0%,  ,0%,0.00,0.00,0.00,0.00,0.00,,APAC5,FSP,0.00,0.00,0.00,0.00,0.00,0.00,2559,,,EUR
COM14667,L.A Aviation - United Arab Emirates,PotCust,L.A Aviation,Asia,Middle East,United Arab Emirates - AE - Asia,,  ,0%,  ,0%,  ,0%,0.00,0.00,0.00,0.00,0.00,,APAC5,GA-BA,0.00,0.00,0.00,0.00,0.00,0.00,2560,1,,EUR
,Highway Aviation - Egypt,PotCust,Highway Aviation,Africa,Africa Northern,Egypt - EG - Africa,,  ,0%,  ,0%,  ,0%,0.00,0.00,0.00,0.00,0.00,,,GA-BA,0.00,0.00,0.00,0.00,0.00,0.00,2561,,,EUR
COM14669,ACF AeroServices - Brazil,PotCust,ACF AeroServices,Americas,"America, Latin and the Caribbean",Brazil - BR - Americas,,  ,0%,  ,0%,  ,0%,0.00,0.00,0.00,0.00,0.00,,,FSP,0.00,0.00,0.00,0.00,0.00,0.00,2562,,,USD
COM14670,PrivatPort - United Arab Emirates,PotCust,PrivatPort,Asia,Middle East,United Arab Emirates - AE - Asia,,  ,0%,  ,0%,  ,0%,0.00,0.00,0.00,0.00,0.00,New FSP,APAC5,FSP,"9,385.00",0.00,"9,385.00",0.00,0.00,0.00,2563,0,,USD
COM14671,Xen Aviation - Guyana,PotCust,Xen Aviation,Americas,"America, Latin and the Caribbean",Guyana - GY - Americas,,  ,0%,  ,0%,  ,0%,0.00,0.00,0.00,0.00,0.00,,,AIRL,0.00,0.00,0.00,0.00,0.00,0.00,2564,,,USD
COM14673,World Fuel Services - United States of America,Pending Delivery,World Fuel Services,Americas,"America, Northern",United States of America - US - Americas,,  ,0%,  ,0%,  ,0%,0.00,0.00,0.00,0.00,0.00,,AME2,FSP,0.00,0.00,0.00,0.00,0.00,0.00,2565,,2026-06-16,USD
COM14674,ROYAL JORDANIAN - Jordan,PotCust,ROYAL JORDANIAN,Asia,Middle East,Jordan - JO - Asia,,  ,0%,  ,0%,  ,0%,0.00,0.00,0.00,0.00,0.00,,,AIRL,0.00,0.00,0.00,0.00,0.00,0.00,2566,38,,EUR
COM14675,Private Routes Aviation - Lebanon,PotCust,Private Routes Aviation,Asia,Middle East,Lebanon - LB - Asia,,  ,0%,  ,0%,  ,0%,0.00,0.00,0.00,0.00,0.00,,,FSP,0.00,0.00,0.00,0.00,0.00,0.00,2567,0,,EUR
COM14676,A.M.A - Latvia,PotCust,A.M.A,Europe,Europe Northern,Latvia - LV - Europe,,  ,0%,  ,0%,  ,0%,0.00,0.00,0.00,0.00,0.00,Standard,EUR5,GA-BA,0.00,0.00,0.00,0.00,0.00,0.00,2568,1,,EUR
COM14677,JSX - United States of America,PotCust,JSX,Americas,"America, Northern",United States of America - US - Americas,,  ,0%,  ,0%,  ,0%,0.00,0.00,0.00,0.00,0.00,,AME3,AIRL,0.00,0.00,0.00,0.00,0.00,0.00,2569,54,,USD
COM14678,Eurus Aviation - Mexico,PotCust,Eurus Aviation,Americas,"America, Latin and the Caribbean",Mexico - MX - Americas,,  ,0%,  ,0%,  ,0%,0.00,0.00,0.00,0.00,0.00,Standard,AME5,AIRL,0.00,0.00,0.00,0.00,0.00,0.00,2570,3,,USD
COM14679,Northern Air Cargo - United States of America,PotCust,Northern Air Cargo,Americas,"America, Northern",United States of America - US - Americas,,  ,0%,  ,0%,  ,0%,0.00,0.00,0.00,0.00,0.00,,,AIRL,0.00,0.00,0.00,0.00,0.00,0.00,2571,5,,USD
COM14680,Avra Aviation - United Arab Emirates,PotCust,Avra Aviation,Asia,Middle East,United Arab Emirates - AE - Asia,,  ,0%,  ,0%,  ,0%,0.00,0.00,0.00,0.00,0.00,,,GA-BA,"5,164.00","5,164.00",0.00,0.00,0.00,0.00,2572,2,,USD
COM14682,Aloha Air Cargo - United States of America,PotCust,Aloha Air Cargo,Americas,"America, Northern",United States of America - US - Americas,,  ,0%,  ,0%,  ,0%,0.00,0.00,0.00,0.00,0.00,,,AIRL,0.00,0.00,0.00,0.00,0.00,0.00,2573,6,,USD
COM14683,EuropeCair - San Marino,PotCust,EuropeCair,Europe,Europe Southern,San Marino - SM - Europe,,  ,0%,  ,0%,  ,0%,0.00,0.00,0.00,0.00,0.00,Standard,EUR5,GA-BA,0.00,0.00,0.00,0.00,0.00,0.00,2574,2,,EUR
COM14684,Leonardo Aeonautics Division - Italy,PotCust,Leonardo Aeonautics Division,Europe,Europe Southern,Italy - IT - Europe,,  ,0%,  ,0%,  ,0%,0.00,0.00,0.00,0.00,0.00,,,MIL,0.00,0.00,0.00,0.00,0.00,0.00,2575,0,,EUR
COM14685,VivaAerobus (Viva Aerobus) - Mexico,PotCust,VivaAerobus (Viva Aerobus),Americas,"America, Latin and the Caribbean",Mexico - MX - Americas,,  ,0%,  ,0%,  ,0%,0.00,0.00,0.00,0.00,0.00,,,AIRL,0.00,0.00,0.00,0.00,0.00,0.00,2576,110,,USD
COM14686,FlyBeena - Egypt,PotCust,FlyBeena,Africa,Africa Northern,Egypt - EG - Africa,,  ,0%,  ,0%,  ,0%,0.00,0.00,0.00,0.00,0.00,,AFR4,AIRL,0.00,0.00,0.00,0.00,0.00,0.00,2577,1,,EUR
COM14687,CRYSTAL BAY AIRLINES - Viet Nam,PotCust,CRYSTAL BAY AIRLINES,Asia,Asia South-eastern,Viet Nam - VN - Asia,,  ,0%,  ,0%,  ,0%,0.00,0.00,0.00,0.00,0.00,,,AIRL,"82,820.00",0.00,"82,820.00",0.00,0.00,0.00,2578,,,USD
COM14688,Global Flight Control - United States of America,PotCust,Global Flight Control,Americas,"America, Northern",United States of America - US - Americas,,  ,0%,  ,0%,  ,0%,0.00,0.00,0.00,0.00,0.00,,,FSP,0.00,0.00,0.00,0.00,0.00,0.00,2579,,,USD
COM14689,Bluedot Charters and Air Ambulance LLC - United Arab Emirates,PotCust,Bluedot Charters and Air Ambulance LLC,Asia,Middle East,United Arab Emirates - AE - Asia,,  ,0%,  ,0%,  ,0%,0.00,0.00,0.00,0.00,0.00,,,FSP,0.00,0.00,0.00,0.00,0.00,0.00,2580,,,USD
COM14690,Flycheck - France,PotCust,Flycheck,Europe,Europe Western,France - FR - Europe,,  ,0%,  ,0%,  ,0%,0.00,0.00,0.00,0.00,0.00,New FSP,EUR5,FSP,0.00,0.00,0.00,0.00,0.00,0.00,2581,1,,EUR
COM14691,Jubba Airways Limited - Kenya,PotCust,Jubba Airways Limited,Africa,Africa Sub-Saharan,Kenya - KE - Africa,,  ,0%,  ,0%,  ,0%,0.00,0.00,0.00,0.00,0.00,,,AIRL,0.00,0.00,0.00,0.00,0.00,0.00,2582,1,,EUR
COM14692,Pan Europeenne Air Service - France,PotCust,Pan Europeenne Air Service,Europe,Europe Western,France - FR - Europe,,  ,0%,  ,0%,  ,0%,0.00,0.00,0.00,0.00,0.00,,,GA-BA,0.00,0.00,0.00,0.00,0.00,0.00,2583,5,,EUR
COM14693,Fly Diamond - Libya,Pending Delivery,Fly Diamond,Africa,Africa Northern,Libya - LY - Africa,,  ,0%,  ,0%,  ,0%,0.00,0.00,0.00,0.00,0.00,,,AIRL,0.00,0.00,0.00,0.00,0.00,0.00,2584,,2026-08-19,EUR
COM14694,FINAA - Finland,PotCust,FINAA,Europe,Europe Northern,Finland - FI - Europe,,  ,0%,  ,0%,  ,0%,0.00,0.00,0.00,0.00,0.00,New FSP,EUR5,FSP,0.00,0.00,0.00,0.00,0.00,0.00,2585,1,,EUR
COM14695,Tahseen Aviation Services FZO - United Arab Emirates,Customer,Tahseen Aviation Services FZO,Asia,Middle East,United Arab Emirates - AE - Asia,,  ,0%,  ,0%,  ,0%,0.00,0.00,0.00,0.00,0.00,New FSP,APAC5,FSP,0.00,0.00,0.00,0.00,0.00,0.00,2586,,2026-08-24,EUR
COM14696,Allegiant - United States of America,PotCust,Allegiant,Americas,"America, Northern",United States of America - US - Americas,,  ,0%,  ,0%,  ,0%,0.00,0.00,0.00,0.00,0.00,,,AIRL,0.00,0.00,0.00,0.00,0.00,0.00,2587,0,,USD
COM14697,Skyfolk Aviation - Ghana,PotCust,Skyfolk Aviation,Africa,Africa Sub-Saharan,Ghana - GH - Africa,,  ,0%,  ,0%,  ,0%,0.00,0.00,0.00,0.00,0.00,,,,0.00,0.00,0.00,0.00,0.00,0.00,2588,,,EUR
COM14698,Alex Jet - United Arab Emirates,PotCust,Alex Jet,Asia,Middle East,United Arab Emirates - AE - Asia,,  ,0%,  ,0%,  ,0%,0.00,0.00,0.00,0.00,0.00,,,FSP,0.00,0.00,0.00,0.00,0.00,0.00,2589,,,EUR
,,,,,,,,70 619 089,"17,500%",84 675 737,"14,571%",94 087 728,"18,805%","96,287,885.00","61,841,757.00","102,935,865.00","55,186,687.00","96,280,789.00",,,,"8,764,130.00","141,258.00","4,170,058.00","1,735,551.00","719,490.00","1,997,784.00",,"5,305",,
