NavCustomerNo;CompanyName;CustomerStatus;PriorityCustomer;PPS;OcFwTerr;OcFwSat;OcNotam;CustomerSince;PriceEscalation;Terminationdate;ChurnValue;Avoidable;ChurnReason;BlockedDate;BlockedReason
COM11892;2 Excel Aviation Limited;PotCust;0;0;0;0;0;04/01/2011 00:00:00;0.00;;0;Avoidable;Moving to Jeppesen product;04/03/2023 00:00:00;Moved to another supplier
COM13257;3Plex Aero Ltd;PotCust;0;0;0;0;0;;0.00;;0;;;;
COM13554;48th Contracting Squadron;PotCust;0;0;0;0;0;;0.00;;0;;;;
COM11423;ABC Bedarfsflug GmbH;Customer;3;4;4;0;0;08/01/2007 00:00:00;8.00;;0;;;;
COM11003;ABELAG AVIATION S.A. (Part of Luxaviation Group);Customer;3;1;0;0;0;07/01/1997 00:00:00;0.00;;0;;;;
COM13165;Abu Dhabi Aviation;Customer;0;9;2;2;0;03/01/2018 00:00:00;8.00;;0;;;02/06/2024 00:00:00;
COM11005;ACM AIR CHARTER LUFTFAHRT;Customer;2;5;0;0;0;02/01/1998 00:00:00;8.00;;0;;;;
COM11007;AEGEAN AIRLINES S.A.;Customer;1;0;95;0;0;04/26/2023 00:00:00;8.00;;0;;;;
COM12863;Aeolian Services;PotCust;0;0;0;0;0;07/01/2013 00:00:00;8.00;03/11/2025 00:00:00;0;Unavoidable;FPL Binding date 10/31/2025. account closed 3/11/2025 due to no business.;04/04/2025 00:00:00;FPL Binding date 10/31/2025. account closed 3/11/2025 due to no business.
COM11507;AER ARANN Ltd. (STOBART);NonCust;0;0;0;0;0;09/01/2008 00:00:00;0.00;;0;;;09/28/2021 00:00:00;Customer bankrupt, account been active since bankruptcy to assist if need. No com and activities, account now closed
;Aer Lingus;PotCust;0;0;0;0;0;;0.00;;0;;;;
COM13404;AEREO CALAFIA;Quarantine;0;0;0;0;0;03/29/2019 00:00:00;0.00;01/21/2025 00:00:00;0;Unavoidable;NO Comm, No payment;01/21/2025 00:00:00;No payment, no communication
;Aero K Airlines Co. Ltd.;PotCust;0;0;0;0;0;;0.00;;0;;;;
;PPS AeroData test account;NonCust;0;0;0;0;0;;0.00;;0;;;;
COM11008;Aero-Dienst GmbH;PotCust;0;0;0;0;0;06/01/1996 00:00:00;0.00;05/31/2024 00:00:00;0;Avoidable;Lost to FF.;06/03/2024 00:00:00;Lost to FF.
;Aeromar Mexico;PotCust;0;0;0;0;0;;0.00;;0;;;;
COM13295;AERONEXUS CORPORATE;PotCust;0;0;0;0;0;;0.00;;0;;;;
;Air Europa Express;PotCust;0;0;0;0;0;;0.00;;0;;;;
;AEROPS GmbH;PotCust;0;0;0;0;0;;0.00;;0;;;;
COM13590;Aerospace Consortium Ltd.;PotCust;0;0;0;0;0;;0.00;;0;;;11/16/2020 00:00:00;No communication after signing, account now closed on request from RS
COM12343;Aerotaxi Prague (CB WX only);Customer;3;0;0;0;0;03/01/2012 00:00:00;0.00;;0;;;;
COM13075;AeroTEC LLC;PotCust;0;0;0;0;0;;0.00;;0;;;;
COM12486;AEROVIAS DAP;Customer;0;11;0;0;0;05/01/2013 00:00:00;8.00;;0;;;;
COM13251;AeroVis Airlines Ltd;PotCust;0;0;0;0;0;;0.00;;0;;;;
COM11012;AEROWEST GmbH.;Customer;2;13;14;0;0;08/01/1998 00:00:00;8.00;;0;;;;
COM13490;AFRICA WORLD AIRLINES;PotCust;0;0;0;0;0;;0.00;;0;;;;
COM13115;AFRICAN EXPRESS AIRWAYS;PotCust;0;0;0;0;0;11/01/2016 00:00:00;0.00;;0;;;;COVID-19 closure, no activity, no payment
;A-Group;Quarantine;0;0;0;0;0;;0.00;;0;;;;
COM13665;Wael Omar;NonCust;0;0;0;0;0;;0.00;;0;;;;
;AIGLE AZUR;NonCust;0;0;0;0;0;;0.00;;0;;;;
;Air Ailes;PotCust;0;0;0;0;0;;0.00;;0;;;;Account correctly closed
COM12740;Excellent Air GmbH, Air Allgaeu;Customer;2;12;0;0;0;02/01/2015 00:00:00;8.00;;0;;;;
COM11015;AIR ALSIE A/S;Customer;1;20;27;17;0;12/01/1989 00:00:00;8.00;;0;;;;
;AIR ANTWERP BV;NonCust;0;0;0;0;0;;0.00;;0;;;;
COM11254;AIR ARABIA;PotCust;0;0;0;0;0;;0.00;;0;;;;
COM11413;Air Baltic;Customer;2;0;55;5;0;08/23/2023 00:00:00;8.00;;0;;;09/21/2022 00:00:00;
COM14293;Berkut Air;PotCust;0;0;0;0;0;;0.00;;0;;;;
;Air Bishkek;NonCust;0;0;0;0;0;;0.00;;0;;;;
;AIR BOHEMIA a.s;NonCust;0;0;0;0;0;;0.00;;0;;;;
COM13565;Air Botswana;PotCust;2;0;0;0;0;;8.00;;0;;;;
COM13519;AIR BOURGOGNE;NonCust;0;0;0;0;0;;0.00;;0;;;;
COM13759;AIR CAIRO;PotCust;0;0;0;0;0;;0.00;;0;;;;Account closed correctly
COM13441;AIR CALEDONIE;PotCust;0;0;0;0;0;;0.00;;0;;;;
COM13954;AIR CARGO GLOBAL;NonCust;0;0;0;0;0;;0.00;;0;;;;
;FREIGHT RUNNERS EXPRESS, INC. DBA AIR CHARTER EXPRESS;PotCust;0;0;0;0;0;;0.00;;0;;;;
COM11502;Air Charter Scotland Ltd.;Customer;2;9;0;0;0;07/01/2008 00:00:00;8.00;07/31/2026 00:00:00;0;Avoidable;One stop shop.  Cheaper price with FF.   Unchurned 12.08.2026. PSO route with JS31 next 5 years. FF unable to FPL on this type;;
;Siam Land Flying Co., Ltd.;PotCust;0;3;0;0;0;;0.00;;0;;;;
COM12919;Universal Air (AIR CM GLOBAL LTD);Customer;2;4;3;3;0;03/01/2016 00:00:00;8.00;;0;;;02/06/2024 00:00:00;
;AIR CONGO;PotCust;2;0;0;0;0;;0.00;;0;;;;
;ASL Airlines Ireland;PotCust;0;0;0;0;0;;0.00;;0;;;;
COM12920;AIRCORSICA;Customer;1;14;14;0;0;07/01/2016 00:00:00;8.00;;0;;;;
COM13722;Air Cote Divoire;PotCust;1;0;0;0;0;;0.00;;0;;;;
COM13625;AIR DJIBOUTI;Quarantine;2;1;0;0;0;10/01/2021 00:00:00;8.00;10/14/2025 00:00:00;0;Unavoidable;Missing payment has previously been churned, unchurned.;10/14/2025 00:00:00;No payment, no communication
COM14192;Air Dolomiti;PotCust;0;0;0;0;0;;0.00;;0;;;;
COM11910;Air Europa;PotCust;0;0;0;0;0;;0.00;;0;;;;Account closed correctly
COM13974;AIR EXPLORE;Customer;1;0;5;4;0;02/01/2022 00:00:00;8.00;;0;;;;
COM11018;AIR GREENLAND;Customer;1;9;9;1;9;05/01/2001 00:00:00;5.00;;0;;;;
COM11427;VistaJet GmbH (Air Hamburg);Customer;2;34;37;0;0;11/01/2007 00:00:00;8.00;;0;;;;
COM13226;Air Hollandia B.V.;NonCust;0;0;0;0;0;;0.00;;0;;;;
COM13291;AIR HORIZONT;Customer;2;4;0;0;0;06/01/2018 00:00:00;8.00;;0;;;;
COM12568;AIR ICELAND CONNECT;Customer;2;6;6;6;0;12/01/2013 00:00:00;8.00;;0;;;;
COM13984;Air Independence GmbH;PotCust;0;0;0;0;0;;0.00;;0;;;;
COM14076;MINGALAR (AIR KBZ);Customer;0;2;0;0;0;08/03/2022 00:00:00;8.00;;0;;;;
COM13142;Air Libya;Customer;2;5;6;5;0;02/01/2017 00:00:00;8.00;;0;;;;
;Air Macau;PotCust;1;0;0;0;0;;0.00;;0;;;;
COM14035;KM Malta Airlines (ex Air Malta);PotCust;0;0;0;0;0;;0.00;;0;;;03/10/2022 00:00:00;
COM13551;Air Manas;PotCust;0;0;0;0;0;;0.00;;0;;;;
COM13004;Air Mediterranean;Customer;3;1;0;0;0;01/01/2018 00:00:00;8.00;;0;;;;
COM13878;AIR MOLDOVA;PotCust;0;0;0;0;0;05/05/2021 00:00:00;0.00;;0;Unavoidable;Missing payment;05/16/2023 00:00:00;Missing payment and communication
COM13679;Air Mountain SA;PotCust;0;0;0;0;0;09/01/2020 00:00:00;0.00;;0;;;09/04/2023 00:00:00;Contract terminated by customer
;Air Namibia;PotCust;0;0;0;0;0;;0.00;;0;;;;
COM13589;Air North;PotCust;0;0;0;0;0;;0.00;;0;;;;
;AIR NOSTRUM;PotCust;0;0;0;0;0;;0.00;;0;;;;Account closed correctly
COM13525;Air Ocean Maroc;PotCust;0;0;0;0;0;09/17/2020 00:00:00;0.00;;0;Unavoidable;Missing payment;05/16/2023 00:00:00;Missing payment and communication
;Air Peace;Customer via;2;0;0;0;0;07/01/2026 00:00:00;0.00;;0;;;;
COM12598;Air Pink doo ( airpink.rs );NonCust;0;0;0;0;0;01/01/2014 00:00:00;0.00;03/05/2024 00:00:00;0;Unavoidable;Shutting down the company.;04/04/2024 00:00:00;Shutting down the company.
;Air Spray USA;PotCust;0;0;0;0;0;;0.00;;0;;;;
COM13614;AIR SUPPORT A/S;NonCust;0;0;0;0;0;;0.00;;0;;;;
COM14327;Air Tahiti S.A.;Customer;0;0;0;0;0;02/18/2026 00:00:00;0.00;;0;;;;
COM11467;Air Tanzania Company Ltd.;PotCust;0;0;0;0;0;;0.00;;0;;;;
COM12839;Air-Taxi Europe Gmbh;Quarantine;3;4;0;0;0;05/01/2015 00:00:00;8.00;12/18/2025 00:00:00;0;Unavoidable;see history;12/16/2025 00:00:00;No communication, no payment
COM13497;Air Taxi and Charter International;PotCust;0;0;0;0;0;;0.00;;0;;;;
COM12398;AIR TRANSPORT EUROPE, spol. s r.o. (ATE);Customer;3;1;0;0;0;09/01/2012 00:00:00;8.00;;0;;;;
;Air Transport International LLC;PotCust;0;0;0;0;0;;0.00;;0;;;;
COM14029;InterCaribbean Airways;Customer;1;16;17;0;0;03/21/2023 00:00:00;8.00;;0;;;;
;Air VIA;PotCust;0;0;0;0;0;;0.00;;0;;;;
COM12630;AIR VOLTA;PotCust;0;0;0;0;0;02/01/2014 00:00:00;0.00;;0;Avoidable;Going to ForeFlight for webbased solution.;11/07/2023 00:00:00;The customer has terminated the contract
COM14601;AIR WISCONSIN AIRLINES;PotCust;0;0;0;0;0;;0.00;;0;;;;
COM12530;Air X Charter Ltd;Customer;3;0;0;0;0;05/01/2013 00:00:00;8.00;;0;;;02/06/2024 00:00:00;
COM11452;UNICAIR (Air Alliance Express AG & Co. KG);Customer;2;11;0;0;0;12/01/2012 00:00:00;8.00;;0;;;;
COM14096;AirAsia Group Berhad;PotCust;0;0;0;0;0;;0.00;;0;;;;
;AirBlue;PotCust;0;0;0;0;0;;0.00;;0;;;;
COM12413;AIRBUS TRANSPORT INT. (FR89383474814);PotCust;0;0;0;0;0;11/01/2012 00:00:00;0.00;;0;;;11/11/2020 00:00:00;Terminated agreement end 2020.
COM13040;Aircompany Armenia LLC (Air Dilijans LLC);NonCust;0;0;0;0;0;09/01/2016 00:00:00;0.00;09/11/2024 00:00:00;0;Unavoidable;No aircraft left.;10/02/2024 00:00:00;No aircraft left.
COM12929;airCreebec;Customer;2;21;0;0;0;07/01/2016 00:00:00;8.00;;0;;;;
;Airfast Indonesia;PotCust;0;0;0;0;0;;0.00;;0;;;;
COM12690;AIR INUIT;Customer;1;29;0;0;0;05/01/2015 00:00:00;8.00;;0;;;;
COM12379;AIRJETSUL;PotCust;0;0;0;0;0;04/01/2017 00:00:00;0.00;;0;;;08/17/2021 00:00:00;Closed due to missing payment
COM11025;AIRLINK GmbH;Customer;2;5;0;0;0;10/01/1994 00:00:00;8.00;;0;;;;
COM13570;Airspeedcharter (AeroStan);Customer;0;4;2;0;0;11/14/2019 00:00:00;8.00;;0;;;;
COM13985;Airstream;PotCust;0;0;0;0;0;01/03/2018 00:00:00;0.00;01/31/2024 00:00:00;0;Avoidable;Changing to a provider who is a friend of their CEO.;02/20/2024 00:00:00;Churned iflg. HEH mail 20.02.2024
COM13649;Airtask Ltd;PotCust;0;0;0;0;0;;0.00;;0;;;;
COM14140;AIR-TEC;PotCust;0;0;0;0;0;;0.00;;0;;;;
;AIRTRANS Flugzeugvermietungsgesellschaft mbH;PotCust;0;0;0;0;0;;0.00;;0;;;01/03/2022 00:00:00;Test expired, decided to go for FF due to Jeppesen terminal charts and pilot driven FPL
;USAG Airways 693 LLC;PotCust;0;0;0;0;0;;0.00;;0;;;;
COM12034;Air X Charter (Germany) GmbH & Co KG;PotCust;0;0;0;0;0;01/01/2011 00:00:00;0.00;;0;;;02/15/2021 00:00:00;Contract terminated
COM11902;AIS Airlines;Customer;3;1;1;0;0;08/01/2010 00:00:00;8.00;;0;;;;
COM11885;AJ PRODUKTER AB;PotCust;0;0;0;0;0;11/01/2011 00:00:00;0.00;;0;;;09/15/2021 00:00:00;No need for own account, they have aircraft on Hummingbird AOC
;AK-AIR GEORGIA L.T.D.;PotCust;0;0;0;0;0;;0.00;;0;;;;
COM12052;Air Igor (Mng account - Aerotranscargo Moldova);PotCust;0;0;0;0;0;04/01/2012 00:00:00;0.00;;0;Unavoidable;will use SHJ ahead, they have office next door. I guess that is a better finansiel option for them.;01/02/2024 00:00:00;They have ended they contract with us
;Alaska Airlines Inc;PotCust;0;0;0;0;0;;0.00;;0;;;;
;Albawings sh.p.k;PotCust;0;0;0;0;0;;0.00;;0;;;;
COM13332;Alexandria Airlines;Customer via;0;2;2;2;0;;0.00;;0;;;;Covid-19 closure. No activity, no payment
;ALFA AIRLINES SD;PotCust;0;0;0;0;0;;0.00;;0;;;;No sale
COM13572;ALHAYA AVIATION;Customer;0;2;0;0;0;01/01/2020 00:00:00;8.00;;0;;;;
;ALITALIA;PotCust;0;0;0;0;0;;0.00;;0;;;;Account closed correctly
COM11573;ALKAN AIR;Customer;3;1;1;0;0;08/01/2008 00:00:00;8.00;;0;;;;
COM13555;Alliance Air (India);PotCust;0;0;0;0;0;;0.00;;0;;;;
COM13594;ALLIANCE FLIGHT SUPPORT;Customer;3;0;0;0;0;03/01/2020 00:00:00;8.00;;0;;Churned JAN 2026, unchurned MAR 2026;;
COM13436;ALLIED AIR;PotCust;0;0;0;0;0;04/01/2019 00:00:00;0.00;;0;Unavoidable;Missing payment;;renewed interest LN
COM12829;AlMasria Universal Airlines;Customer;2;8;8;0;0;04/01/2016 00:00:00;8.00;;0;;;11/16/2021 00:00:00;
COM12693;Alpha Jet Services PC;NonCust;0;0;0;0;0;07/01/2014 00:00:00;0.00;;0;Unavoidable;No activity for the past 5 months.;12/11/2023 00:00:00;Terminated the contract
COM14038;Alpha Star Aviation Services/ Infinity Aviation Academy;Customer;0;0;0;0;0;06/21/2022 00:00:00;8.00;;0;;;09/27/2023 00:00:00;
COM13432;AFS ALPINE FLIGHTSERVICE GMBH;PotCust;0;0;0;0;0;;0.00;;0;;;;
COM13891;ALS LIMITED;Customer;2;13;0;0;0;12/01/2021 00:00:00;8.00;;0;Unavoidable;reopen after partial payment 16/4, with promise of full payment.;;
COM12607;ALTENRHEIN LUFTFAHRT GmbH;Customer;3;1;0;0;0;12/01/2013 00:00:00;8.00;;0;;;;
;Alto Aerospace Ltd;PotCust;0;0;0;0;0;;0.00;;0;;;;
;Altona;NonCust;0;0;0;0;0;;0.00;;0;;;;
COM12339;AMAC Corporate Jet AG;Customer;3;0;0;0;0;04/01/2012 00:00:00;8.00;;0;;;;
COM11438;AMAPOLA FLYG AB;Customer;2;11;0;0;0;10/01/2007 00:00:00;8.00;;0;;;;
;Línea Aérea Amaszonas S.A.;PotCust;0;0;0;0;0;;0.00;;0;;;;
;AMC Aviation poland;PotCust;0;0;0;0;0;;0.00;;0;;;;
;AMERIDAIR;PotCust;0;0;0;0;0;;0.00;;0;;;;
;Amira Air;PotCust;0;0;0;0;0;;0.00;;0;;;;
COM11859;AMJET EXECUTIVE;Quarantine;0;0;0;0;0;10/01/2012 00:00:00;0.00;08/12/2024 00:00:00;0;Unavoidable;Missing payment  - year after year.;08/12/2024 00:00:00;No payment, no communication.
COM13377;AMREF Flying Doctors;Customer;2;5;5;5;0;12/01/2018 00:00:00;8.00;;0;;;;
COM13460;AOPA DMU;NonCust;0;0;0;0;0;;0.00;;0;;;;
COM12361;THREE GREEN AERO (AOSAC / 3Green);Customer;2;7;7;1;6;02/01/2013 00:00:00;8.00;;0;;;;
COM13587;Aquila Aerospace LLC;NonCust;0;0;0;0;0;;0.00;;0;;;;
COM13631;Aquiline Int'l Corp LTD;PotCust;0;0;0;0;0;;0.00;;0;;;12/01/2020 00:00:00;Have a signed agreement, but never received the impl payment. No comm therefore closing account.
COM11314;Arab Wings;Customer;0;10;0;0;0;05/01/2006 00:00:00;8.00;;0;;;;
COM12529;ARCUS AIR GmbH. & Co KG;Customer via;0;0;0;0;0;01/15/2025 00:00:00;0.00;;0;;;;Another flight planning system chosen
COM12732;Arena Aviation;PotCust;0;0;0;0;0;03/01/2017 00:00:00;0.00;;0;;;05/17/2022 00:00:00;Closed permanently acc to google, therefore blocked
COM12353;ARKIA;PotCust;0;0;0;0;0;05/01/2013 00:00:00;0.00;;0;;;;Closed correctly
;Art Aviation;Quarantine;0;0;0;0;0;;0.00;;0;;;;
COM13363;Asia Jet Sdn Bhd;PotCust;0;0;0;0;0;;0.00;;0;;;;
;Belair Airlines AG;NonCust;0;0;0;0;0;;0.00;;0;;;;
;Ryanair Sun (BUZZ);PotCust;0;0;0;0;0;;0.00;;0;;;;
COM12577;ASISTIM (SITA);Customer;1;40;8;0;0;09/01/2013 00:00:00;0.00;;0;;;;
;PanAfriqiyah Ltd.;PotCust;0;0;0;0;0;;0.00;;0;;;;
;Ryanair;PotCust;0;0;0;0;0;;0.00;;0;;;;
COM11343;ASL nv (Air Service Leige NV) MOTHER COMPANY;Customer;2;28;0;0;0;02/01/2006 00:00:00;8.00;;0;;;;
COM13457;ASTRAL AVIATION;PotCust;0;0;0;0;0;;0.00;;0;;;;
COM13327;ATA CONCEPT GmbH;NonCust;0;0;0;0;0;08/01/2018 00:00:00;0.00;;0;Unavoidable;No Activity;05/10/2023 00:00:00;Operations ceased
COM11653;West Atlantic UK Ltd.;Customer;1;11;11;0;13;01/01/2010 00:00:00;8.00;;0;;;;
COM11034;Atlantic Airways;Customer;2;4;0;0;0;11/01/2002 00:00:00;8.00;;0;;;;
COM13640;ATLANTIS ARMENIAN AIRLINES;PotCust;0;0;0;0;0;;0.00;;0;;;;
COM12984;Atlantis European Airways;PotCust;0;0;0;0;0;12/10/2020 00:00:00;0.00;;0;;;12/09/2020 00:00:00;Want to close account for now
COM11035;ATLAS AIR SERVICE AG;NonCust;0;0;0;0;0;09/01/1994 00:00:00;8.00;06/30/2025 00:00:00;0;Avoidable;New partner with PPS account, cancellation only do to optm. of business. Flightplanning done by sprouts Gmbh, also a PPS customer;07/01/2025 00:00:00;New partner with PPS account, cancellation only do to optm. of business. Flightplanning done by sprouts Gmbh, also a PPS customer
;Atlas Global Airlines;NonCust;0;0;0;0;0;;0.00;;0;;;;
;ATLAS GLOBAL UA;PotCust;0;0;0;0;0;;0.00;;0;;;;
;ATRAN LCC;Quarantine;0;0;0;0;0;;0.00;;0;;;;
COM13669;Aura Airlines;PotCust;0;0;0;0;0;11/18/2020 00:00:00;0.00;;0;Unavoidable;Missing payment;12/20/2022 00:00:00;No payment, no communication
COM11220;Aurigny Air Services Ltd.;Customer;2;11;0;0;0;03/01/2005 00:00:00;8.00;;0;;;;
COM11038;Austrian Air Force;Customer;3;3;0;0;0;12/01/2001 00:00:00;8.00;;0;;;;
COM11039;AVANTI AIR GmbH & Co. KG;Customer;3;2;2;0;0;07/01/1996 00:00:00;8.00;;0;;;;
COM11887;Avcon Jet AG;PotCust;0;0;0;0;0;;0.00;;0;;;05/19/2023 00:00:00;
COM12691;Avedeq Ltd.;PotCust;0;0;0;0;0;06/01/2011 00:00:00;0.00;;0;;;11/03/2022 00:00:00;Out of business
COM13411;AVEM AERO OÜ;Customer;3;0;0;0;0;09/01/2019 00:00:00;8.00;;0;;;;
COM13296;AVIA BUSINESS GROUP;Quarantine;0;0;0;0;0;;0.00;;0;;;11/10/2020 00:00:00;No aircrafts, account closed.
COM12708;AVIASERVIS;Quarantine;0;0;0;0;0;09/01/2014 00:00:00;0.00;;0;;;03/09/2022 00:00:00;Discontinue of service - Russia
COM13692;Aviastar TU;Quarantine;0;0;0;0;0;;0.00;;0;;;;
COM13647;AviaThor;NonCust;0;0;0;0;0;;0.00;;0;;;;
COM11612;Aviation Bridge LTD;PotCust;0;0;0;0;0;;0.00;;0;;;;
;Aviation Pioneers;NonCust;0;0;0;0;0;01/20/2015 00:00:00;0.00;;0;;;;
COM12885;AviaTraining Centre CJSC;NonCust;0;0;0;0;0;08/01/2015 00:00:00;0.00;;0;Unavoidable;Moved to Fly One Armenia (COM14322) instead No need for this any longer;11/28/2023 00:00:00;Moved to Fly One Armenia (COM14322) instead No need for this any longer
COM11288;Avinode AB;NonCust;0;0;0;0;0;;0.00;;0;;;;
COM14645;AVIOVISION N.V. (AVIOBOOK);NonCust;0;0;0;0;0;;0.00;;0;;;;
COM13670;AVION EXPRESS;PotCust;1;0;0;0;0;;0.00;;0;;;;
;AVIONCO;PotCust;0;0;0;0;0;;0.00;;0;;;;
COM13272;AVIOSTART;Customer;3;1;0;0;0;12/16/2020 00:00:00;8.00;;0;;;;
COM13689;Azman Air Services;PotCust;0;0;0;0;0;;0.00;;0;;;;
;Business Aviation Asia Ltd.;PotCust;0;0;0;0;0;;0.00;;0;;;;
COM12952;BAA Training;PotCust;0;0;0;0;0;;0.00;;0;;;;
COM13341;Avincis Aviation Norway (Ex Babcock Norway);PotCust;0;0;0;0;0;01/01/2020 00:00:00;0.00;03/31/2025 00:00:00;0;Avoidable;Management decision - hele avincis gruppen skifter til FF. NO, SE, DK, PO, ES + afrika;;(PJ Reopening) Management decision - hele avincis gruppen skifter til FF. NO, SE, DK, PO, ES + afrika
;Baby Jet Airlines;PotCust;0;0;0;0;0;;0.00;;0;;;;
;BILLUND AIR CENTER;NonCust;0;0;0;0;0;;0.00;;0;;;;
COM11219;BAE Systems Corporate Air Travel Ltd.;PotCust;0;0;0;0;0;02/01/2005 00:00:00;0.00;;0;;;;
COM13292;BAE Systems Marine Ltd.;Customer via;0;0;0;0;0;02/01/2019 00:00:00;0.00;;0;;;12/12/2023 00:00:00;Moved to Signum
;Baltic Jet Aircompany;PotCust;0;0;0;0;0;;0.00;;0;;;;account closed correctly
COM13445;Bartolini Air;PotCust;0;0;0;0;0;;0.00;;0;;;;
COM13418;AlpAvia d.o.o. (previously Batagon);Quarantine;3;0;0;0;0;05/01/2019 00:00:00;8.00;10/01/2025 00:00:00;0;Unavoidable;Out of business, no AC left.;09/05/2025 00:00:00;Out of business, no AC left.
;BEARSKIN AIRLINES;PotCust;0;0;0;0;0;;0.00;;0;;;;
COM11424;Bel Air Aviation A/S;PotCust;0;0;0;0;0;;0.00;;0;;;;
;BELAVIA;PotCust;0;0;0;0;0;;0.00;;0;;;;
COM11044;BenAir A/S;NonCust;0;0;0;0;0;12/01/1991 00:00:00;0.00;;0;Unavoidable;No activity. See customer since - very old customer.;02/06/2023 00:00:00;AOC closed
COM13639;BEST WINGS;NonCust;0;0;0;0;0;;0.00;;0;;;;
COM11941;BESTFLY;PotCust;2;0;0;0;0;;0.00;;0;;;;
COM13488;BKNJET Havacılık AŞ;PotCust;0;0;0;0;0;;0.00;;0;;;;
COM13683;Biman Bangladesh Airlines LTD;PotCust;0;0;0;0;0;;0.00;;0;;;;
COM11668;Bin Air Aero Service GmbH;PotCust;0;0;0;0;0;;0.00;;0;;;;
COM13575;BINTER CANARIAS;Customer;1;47;47;47;47;12/19/2011 00:00:00;8.00;;0;;;;
COM14244;Bishwo Airways;PotCust;0;0;0;0;0;;0.00;;0;;;;
COM13210;Blackbird Air A/S;Customer;2;9;9;0;0;10/31/2017 00:00:00;8.00;;0;;;;
COM11223;BLUE AIR;PotCust;0;0;0;0;0;05/01/2015 00:00:00;0.00;;0;;;;
COM14111;Bluebird Airways;Customer;3;4;4;0;0;06/04/2024 00:00:00;8.00;;0;;;;
COM11297;Blue Islands Ltd.;NonCust;3;5;0;0;0;02/01/2006 00:00:00;8.00;11/24/2025 00:00:00;0;Unavoidable;Bankrypcty;11/24/2025 00:00:00;Bankruptcy
COM13428;Bluebair Jet S.A.;PotCust;0;0;0;0;0;;0.00;;0;;;;
COM12752;BLUEBIRD NORDIC;NonCust;0;0;0;0;0;11/01/2015 00:00:00;0.00;05/01/2024 00:00:00;0;Unavoidable;Shutting down activity. AC transfered to Air Explore.;06/10/2024 00:00:00;Opsagt kontrakten. Konkurs. Ført på tab
COM12186;Jet Story Sp. z o. o., Bluejet;PotCust;0;0;0;0;0;12/01/2018 00:00:00;0.00;;0;Avoidable;Going to jeppesen. Plates related;02/02/2023 00:00:00;Cancellation of services
COM13861;Blue One - Aircraft & Crew Management;NonCust;0;0;0;0;0;;0.00;;0;;;;
COM11236;Bookajet Ltd. Operations Department;PotCust;0;0;0;0;0;09/01/2009 00:00:00;0.00;;0;;;11/01/2022 00:00:00;Customer cancelled subscription
COM11055;BOSCH (SMS invoice);NonCust;0;0;0;0;0;06/01/2012 00:00:00;0.00;;0;;;;
COM13173;SoftwareOne;PotCust;3;1;0;0;0;06/01/2012 00:00:00;8.00;03/31/2026 00:00:00;0;Unavoidable;Aircraft sold - no demand for PPS;04/15/2026 00:00:00;Closed by customer
COM13651;BRAATHENS REGIONAL AIRWAYS;Customer;1;15;15;0;0;02/01/2010 00:00:00;8.00;;0;;;;
COM13369;BRAVO AIR Ltd;PotCust;0;0;0;0;0;;0.00;;0;;;;IMP invoice never settled. PPS never installed.
COM13228;Bravo Airways;PotCust;0;0;0;0;0;;0.00;;0;;;;
COM13511;Brightling Services;PotCust;0;0;0;0;0;;0.00;;0;;;;
;BRIT AIR;NonCust;0;0;0;0;0;;0.00;;0;;;;account closed correctly
;British Airways;PotCust;0;0;0;0;0;;0.00;;0;;;;
COM12405;BASe Airlines Zrt;Customer;3;3;0;0;0;10/01/2012 00:00:00;8.00;;0;;;;
COM12362;BULGARIA AIR;PotCust;2;0;0;0;0;12/11/2017 00:00:00;0.00;;0;;;01/06/2023 00:00:00;Contract terminated
COM12484;BURAQ AIR;Customer;3;5;4;4;0;09/01/2015 00:00:00;8.00;;0;;;;
COM11058;BUSINESSWINGS;Customer;3;3;3;0;0;02/01/1995 00:00:00;8.00;;0;;;;
COM12902;Smart Cargo S.A.;Customer;3;0;0;0;0;09/01/2015 00:00:00;8.00;;0;;;;
COM11665;Call & Fly;NonCust;0;0;0;0;0;;0.00;;0;;;;
;Calm Air International LP;PotCust;0;0;0;0;0;;0.00;;0;;;;
;CANADIAN NORTH;PotCust;0;0;0;0;0;;0.00;;0;;;;
COM11059;Capital Air charter Ltd;NonCust;0;0;0;0;0;;0.00;;0;;;;No more funding, ceased operation end Aug. 20.
;CARGILL;PotCust;0;0;0;0;0;;0.00;;0;;;;
;Cargolux Airlines International S.A;PotCust;0;0;0;0;0;;0.00;;0;;;;
COM12225;CARPATAIR S.A.;Customer;3;3;3;0;0;06/01/2012 00:00:00;0.00;;0;;;;
COM13552;Carthage Sky Service;PotCust;0;0;0;0;0;;0.00;;0;;;;
COM13319;Caspian Airlines;NonCust;0;0;0;0;0;;0.00;;0;;;;
COM13621;CAVOK AIR;PotCust;0;0;0;0;0;;0.00;;0;;;;
;CBAS Pvt Ltd;PotCust;0;0;0;0;0;;0.00;;0;;;;Should have been closed in 2012, access have been open from 2012. now closed correctly 23/10/2020
COM13927;CSDPS Centre de Formation en Transport de Charlesbourg;Customer;3;0;0;0;0;11/04/2021 00:00:00;8.00;;0;;;;
COM13058;Cemair;Customer;1;32;0;0;0;06/01/2018 00:00:00;8.00;;0;;;02/13/2024 00:00:00;
;Center Air Pilot Academy;PotCust;0;0;0;0;0;;0.00;;0;;;;
;Central Mountain Air;PotCust;0;0;0;0;0;;0.00;;0;;;;
COM12247;Centreline AV Ltd.;Customer;2;6;9;3;0;12/01/2011 00:00:00;8.00;;0;;;;
COM13506;CHALAIR AVIATION;Customer;2;7;7;0;0;07/01/2020 00:00:00;8.00;;0;;;;
COM11063;Challenge Aero Ukraine;Customer;0;0;0;0;0;08/01/2004 00:00:00;8.00;;0;;;;
COM13294;CHRONO JET INC.;Customer;2;2;0;0;0;03/01/2020 00:00:00;8.00;;0;;;;
COM13501;CIAF LEASING;PotCust;0;0;0;0;0;08/01/2019 00:00:00;0.00;;0;;;12/14/2021 00:00:00;Due to missing payment and communication
COM11611;Cimber A/S;NonCust;0;0;0;0;0;;0.00;;0;;;;Bankrupt
COM11865;CityJet DAC;Customer;1;22;21;0;0;06/01/2017 00:00:00;4.00;;0;;;;
COM13655;Coastal Aviation;PotCust;0;0;0;0;0;;0.00;;0;;;;
COM12727;FR Aviation Limited trading as (Cobham/DRAKEN EUROPE));Customer;3;10;0;0;0;12/01/2015 00:00:00;8.00;;0;;;;
COM13416;COBRA JET AVIATION;PotCust;0;0;0;0;0;06/24/2021 00:00:00;0.00;;0;;;09/27/2022 00:00:00;Missing payment and communication
COM13889;Comair Ltd;PotCust;0;0;0;0;0;04/04/2022 00:00:00;0.00;;0;;;01/16/2023 00:00:00;Company bankrupt! (never went live)
COM12848;Comfort Jet Services, SA;PotCust;0;0;0;0;0;05/01/2015 00:00:00;0.00;;0;;;11/02/2020 00:00:00;Company shut down on Sept. 25th, 2020.
COM13475;WSI: Empire, Elite;PotCust;0;0;0;0;0;08/01/2016 00:00:00;0.00;;0;;;02/24/2023 00:00:00;Ceased operations
COM13197;Concierge U Ltd, t/a Jet Concierge Club;PotCust;0;0;0;0;0;09/01/2017 00:00:00;0.00;;0;Avoidable;Going to FF, Plates related, dissatisfied with RGEN and hosting performance.;03/01/2023 00:00:00;Contract terminated
;Condor Flugdienst;PotCust;1;0;0;0;0;;0.00;;0;;;;
;CONGO AIRWAYS;PotCust;0;0;0;0;0;;0.00;;0;;;;
COM13538;Constanta Airlines;PotCust;0;0;0;0;0;;0.00;;0;;;10/28/2020 00:00:00;Test period over
;Contour Aviation;PotCust;0;0;0;0;0;;0.00;;0;;;;
COM13870;CORENDON AIRLINES;PotCust;0;0;0;0;0;05/27/2021 00:00:00;0.00;10/31/2024 00:00:00;0;Avoidable;Change of tracking tool. pakage deal from Jeppesen.;11/05/2024 00:00:00;Change of tracking tool
;Corporate Jet Management Ltd.;NonCust;0;0;0;0;0;;0.00;;0;;;;
;CORPORATE JETS XXI;PotCust;0;0;0;0;0;;0.00;;0;;;;
COM14049;CROATIA AIRLINES;PotCust;1;0;0;0;0;;0.00;;0;;;;
COM12441;CRONOS AIRLINES;Customer;3;2;0;0;0;02/01/2013 00:00:00;8.00;;0;;;;
;CSA Czech Airlines;NonCust;0;0;0;0;0;;0.00;;0;;;;
;CSA Air Inc.;PotCust;0;0;0;0;0;;0.00;;0;;;;
;CTC Private Jet;PotCust;0;0;0;0;0;;0.00;;0;;;;
COM12109;CTR Atmospherica Aviation a.s.;Customer;3;9;9;0;0;07/01/2013 00:00:00;8.00;;0;;;;
;CYBER JET;NonCust;0;0;0;0;0;;0.00;;0;;;;
;CYPROAIR;PotCust;0;0;0;0;0;;0.00;;0;;;;
;CYPRUS AIRWAYS PUBLIC LTD;PotCust;0;0;0;0;0;;0.00;;0;;;;
COM13093;DORNIER AVIATION Nigeria AIEP (DANA);Customer;3;4;0;0;0;03/01/2017 00:00:00;8.00;;0;;;;
COM11682;Dana Airlines Limited;PotCust;0;0;0;0;0;06/04/2021 00:00:00;0.00;;0;;;;
COM13706;Dansk Radioteknik;NonCust;0;0;0;0;0;;0.00;;0;;;10/12/2022 00:00:00;Agreed with JM/PJ
;DASSAULT FALCON SERVICE;PotCust;0;0;0;0;0;;0.00;;0;;;;
COM11072;DAT (Danish Air Transport);NonCust;1;0;0;0;0;12/01/1991 00:00:00;0.00;;0;;;01/22/2024 00:00:00;DAT LT
COM14075;DB Aviation;PotCust;0;0;0;0;0;;0.00;;0;;;;
COM13370;AIR DECCAN;PotCust;0;0;0;0;0;;0.00;;0;;;;
COM12784;Deek Aviation FZE;PotCust;0;0;0;0;0;02/01/2015 00:00:00;0.00;;0;;;12/31/2020 00:00:00;Terminated agreement, moved ops to 3rd party provider
;Delic Air d.o.o.;PotCust;0;0;0;0;0;;0.00;;0;;;;
;PT. Dewi Air Mentari;NonCust;0;0;0;0;0;;0.00;;0;;;;
;Dialysis Clinic Inc.;PotCust;0;0;0;0;0;;0.00;;0;;;;
;Do systems;PotCust;0;0;0;0;0;;0.00;;0;;;;
COM12762;DRAGONFLY EXECUTIVE AIRCHARTER;Customer;3;3;0;0;0;12/01/2014 00:00:00;8.00;;0;;;;
COM11077;DRF Stiftung Luftrettung;Customer;3;3;2;2;0;06/01/1998 00:00:00;8.00;;0;;;;
COM14154;DRUKAIR, ROYAL BHUTAN AIRLINES;PotCust;0;0;0;0;0;;0.00;;0;;;;
;DSA Aviation Company;PotCust;0;0;0;0;0;;0.00;;0;;;;
COM11079;Luxembourg Air Services (DUCAIR);Customer;2;2;0;0;0;01/01/2000 00:00:00;8.00;;0;;;;
;DuPage Aerospace;PotCust;0;0;0;0;0;;0.00;;0;;;;
COM12769;EAGLE AIR ICELAND;Quarantine;0;0;0;0;0;11/01/2015 00:00:00;0.00;05/31/2024 00:00:00;0;Avoidable;Lost to FF. Exit postponed several months due to wish from customer. Account closure postponed to 30.11.2024 Rep bankrupt nov 2024;12/12/2024 00:00:00;Bankrupt!
COM12578;Eagle Aviation GmbH;Customer;3;1;0;0;0;10/01/2013 00:00:00;8.00;;0;;;;
COM13672;EAGLE EXPRESS d.o.o.;NonCust;0;0;0;0;0;;0.00;;0;;;;
COM13697;EAN AVIATION;PotCust;0;0;0;0;0;;0.00;;0;;;;
COM11345;EASTERN AIRWAYS (UK) Ltd.;NonCust;2;10;0;0;0;07/01/2013 00:00:00;8.00;10/31/2025 00:00:00;0;Unavoidable;account reopened upon request from customer;;Bankruptcy
COM13624;Easy Charter LLC;PotCust;0;0;0;0;0;;0.00;;0;;;;
;EATC European Air Tactical Command;PotCust;0;0;0;0;0;;0.00;;0;;;;
;EC AIR;PotCust;0;0;0;0;0;;0.00;;0;;;;
COM12465;Eclair s.r.o.;Customer;3;4;4;0;4;04/01/2013 00:00:00;8.00;;0;;;;
COM11083;EISELE Flugdienst GmbH;Customer;3;7;0;0;0;02/01/2000 00:00:00;8.00;;0;;;;
;EFO College;NonCust;0;0;0;0;0;;0.00;;0;;;;
COM13431;EFPL SUPPORT PRIVATE LIMITED;PotCust;0;0;0;0;0;05/01/2019 00:00:00;0.00;;0;;;05/28/2021 00:00:00;Have not lived up to the agreements made about payments etc. his account is now closed until we get a commitment of paying the debt
COM11084;EFS European Flight Service AB;Customer;2;7;0;0;0;11/01/2014 00:00:00;8.00;;0;;;;
COM13398;Emirates Flight Training Academy;Customer;0;32;0;0;0;01/01/2020 00:00:00;8.00;;0;;;;
COM13592;EGO AIRWAYS S.P.A.;NonCust;0;0;0;0;0;09/01/2020 00:00:00;0.00;;0;;;02/01/2022 00:00:00;Missing payment and communication
COM13481;EGT Jet Ltd.;Customer;3;5;0;0;0;06/01/2019 00:00:00;8.00;;0;;;;
COM13218;ELANG LINTAS INDONESIA;NonCust;0;0;0;0;0;03/01/2018 00:00:00;8.00;05/27/2025 00:00:00;0;Unavoidable;Missing payment;05/27/2025 00:00:00;No communication, no payment
COM13512;LLC AVIATION COMPANY ELERON (VVA);PotCust;0;0;0;0;0;;0.00;;0;;;;
COM13394;Eliance Aviation Global Services SLU;Customer;3;3;0;0;0;01/01/2020 00:00:00;8.00;;0;;;;Partly payment received, HEH reopen
COM12181;ELILOMBARDA S. R. L.;Customer;3;1;0;0;0;09/01/2011 00:00:00;8.00;;0;;;;
COM11806;ELITAVIA;Customer;2;14;0;0;0;07/01/2011 00:00:00;8.00;;0;;;;
;Elite Flight Club;PotCust;0;0;0;0;0;;0.00;;0;;;;
COM12779;Elite Jet;Customer;3;5;0;0;0;12/01/2014 00:00:00;8.00;;0;;;;
COM13371;ELLINAIR S.A.;PotCust;0;0;0;0;0;05/01/2019 00:00:00;0.00;;0;;;10/13/2021 00:00:00;Closed due to missing payment and communication
COM13390;Emperor Aviation Ltd;Quarantine;0;0;0;0;0;04/01/2019 00:00:00;0.00;;0;;;11/29/2022 00:00:00;Blocked - Russian customer in disguise
COM11440;EMPIRE AVIATION GROUP;Customer;0;22;0;0;0;11/01/2007 00:00:00;8.00;;0;;;;
COM11843;ENAV S.p.A. Flight Inspection Dept.;PotCust;0;0;0;0;0;04/01/2010 00:00:00;0.00;;0;;;03/31/2023 00:00:00;Contract ended by customer
;Endeavor Air, Inc;PotCust;0;0;0;0;0;;0.00;;0;;;;
COM13343;ENDEAVOUR AVIATION;PotCust;0;0;0;0;0;09/01/2018 00:00:00;0.00;12/12/2024 00:00:00;0;Avoidable;Unknown reason.;12/12/2024 00:00:00;No renewal of subscription
COM14381;Enter Air Sp. z o.o.;PotCust;0;0;0;0;0;;0.00;;0;;;;
COM12364;EPSILON AVIATION;Customer;3;1;1;0;0;06/01/2015 00:00:00;8.00;;0;;;;
;ERNEST;NonCust;0;0;0;0;0;;0.00;;0;;;;
COM13582;Erofey (Lutonair);NonCust;3;1;0;0;0;09/01/2017 00:00:00;0.00;07/31/2026 00:00:00;0;Unavoidable;Closed by AIR SUPPORT initiative. Erofey is a Russian Company, with Russian AOC.  AC formerly VPBMH;07/10/2026 00:00:00;Sanctioned
COM11103;FLYVEVÅBNET ESK 721;Customer;3;4;8;2;0;11/01/1994 00:00:00;8.00;;0;;;;
;Escadron de transport 3/60 Esterel;NonCust;0;0;0;0;0;;0.00;;0;;;;
COM13557;Etihad Aviation Training;PotCust;0;0;0;0;0;;0.00;;0;;;;
;ETT Aviation;NonCust;0;0;0;0;0;;0.00;;0;;;;Closed correctly
;Euroairlines;PotCust;0;0;0;0;0;;0.00;;0;;;;
;(Duplicate) Everts Air Cargo;NonCust;0;0;0;0;0;;0.00;;0;;;;
;Everts Air Cargo;PotCust;0;0;0;0;0;;0.00;;0;;;;
COM12579;Evolem Aviation;NonCust;0;0;0;0;0;01/01/2014 00:00:00;0.00;;0;Unavoidable;Company closed, no activity.;01/02/2023 00:00:00;Company closed
COM13770;Executive Authority For Special Flights EACS;PotCust;0;0;0;0;0;;0.00;;0;;;;
COM13504;EXECUJET AIR CHARTER;PotCust;0;0;0;0;0;;0.00;;0;;;;
;ExecuJet Asia Pte Ltd;PotCust;0;0;0;0;0;;0.00;;0;;;;
;ExecuJet Middle East (LuxAviation);PotCust;0;0;0;0;0;;0.00;;0;;;;
;Execujet UK Ltd.;NonCust;0;0;0;0;0;;0.00;;0;;;;
COM14137;Executive Aircraft Services;NonCust;0;0;0;0;0;01/02/2023 00:00:00;0.00;09/30/2024 00:00:00;0;Unavoidable;Account frozen on request from Customer. Reason is war in the area. RAIM cancelled.;05/08/2025 00:00:00;Account frozen on request from Customer. Reason is war in the area. RAIM cancelled.
COM12535;Executive Jets Asia Sdn Bhd;PotCust;0;0;0;0;0;;0.00;;0;;;04/08/2021 00:00:00;MB: Termination mail received 17-11-2020, no usage and OPS activities. Now on stdby and not terminated until further notice
COM11096;FAI rent-a-jet;PotCust;0;0;0;0;0;11/01/1996 00:00:00;0.00;11/01/2024 00:00:00;0;Avoidable;Going to Unknown competitor;;
COM13686;FAIR AVIATION;PotCust;0;0;0;0;0;;0.00;;0;;;;
COM13671;Falcon Jet Aviation;PotCust;0;0;0;0;0;09/01/2020 00:00:00;0.00;;0;;;04/06/2022 00:00:00;Agreement determintated
;FARS QESHM AIR;NonCust;0;0;0;0;0;;0.00;;0;;;;
COM12515;FALCON AVIATION SERVICES;Customer;0;10;0;0;0;03/01/2017 00:00:00;8.00;;0;;;;
;Fast Air;PotCust;0;0;0;0;0;;0.00;;0;;;;
;FCG WX account;NonCust;0;0;0;0;0;;0.00;;0;;;;
;FDSC;NonCust;0;0;0;0;0;;0.00;;0;;;;
COM13908;Federal Airlines;PotCust;1;0;0;0;0;10/01/2022 00:00:00;8.00;04/30/2025 00:00:00;0;Avoidable;40 of fleet going to fastjet, existing customer, 60 % goes to new vendor - EFB and FPL system intgr.;07/03/2025 00:00:00;HEH - please specify
;(Duplicate) Felix Airways;NonCust;0;0;0;0;0;;0.00;;0;;;;
COM13571;FIFA AIR;PotCust;0;0;0;0;0;;0.00;;0;;;;
;FIGHTER WING KARUP;PotCust;0;0;0;0;0;;0.00;;0;;;10/28/2020 00:00:00;Not used the account since 2016, no active installations. Either Fighter wing SKP and Esk 721 know about this account
COM12572;Fighter Wing SKP;Customer;3;11;0;0;0;02/01/2014 00:00:00;8.00;;0;;;;
;Finam Aero;Quarantine;0;0;0;0;0;;0.00;;0;;;;
;FINNAIR;PotCust;0;0;0;0;0;;0.00;;0;;;;
;Finow Air Service;PotCust;0;0;0;0;0;;0.00;;0;;;;
;Fireblade Aviation;PotCust;0;0;0;0;0;;0.00;;0;;;;
;FIRNAS PRIVATE;NonCust;0;0;0;0;0;;0.00;;0;;;;
COM13616;FIRST AIR (merged w/Canadian North);PotCust;0;0;0;0;0;;0.00;;0;;;;
;FIVE FORTY AVIATION LTD;PotCust;0;0;0;0;0;;0.00;;0;;;;
COM14649;FL3XX;NonCust;2;0;0;0;0;;0.00;;0;;;;
COM13707;FLAIR AIRLINES;PotCust;0;0;0;0;0;;0.00;;0;;;;
COM11655;Flair Aviation GmbH;PotCust;0;0;0;0;0;09/01/2010 00:00:00;0.00;;0;;;12/15/2025 00:00:00;"Old LN ""PPS for Hosting antenna""  agreement void (PG)"
COM11797;Flexjet Operations Ltd;PotCust;0;0;0;0;0;11/01/2009 00:00:00;0.00;;0;;;04/08/2021 00:00:00;Notice of termination was announced in Jan2021, unfortunately it was confirmed 15-02-2021 and will be closed April 1st 2021
;FLEET AIR INTERNATIONAL KFT;PotCust;0;0;0;0;0;;0.00;;0;;;;
COM11368;Flex Flight ApS;Customer;2;2;3;0;0;11/01/2006 00:00:00;8.00;;0;;;;
;Flight Calibration Services GmbH;PotCust;0;0;0;0;0;;0.00;;0;;;;
;FLIGHT OPTIONS;PotCust;0;0;0;0;0;;0.00;;0;;;;
COM13176;Fliteline BV;Customer;3;0;0;0;0;09/24/2024 00:00:00;8.00;;0;;;;
;FLY AO ANGOLA;PotCust;0;0;0;0;0;;0.00;;0;;;;
COM13125;Fly Baghdad;Quarantine;0;1;0;0;0;07/01/2017 00:00:00;8.00;02/23/2024 00:00:00;0;Unavoidable;sanctions removed in 2025, reopened;08/18/2026 00:00:00;Lack of payment
;Fly Blue Crane;NonCust;0;0;0;0;0;;0.00;;0;;;;
;FLY CD;NonCust;0;0;0;0;0;;0.00;;0;;;;
COM12721;Fly Egypt;Quarantine;0;0;0;0;0;12/01/2014 00:00:00;0.00;10/31/2024 00:00:00;0;Unavoidable;See Spec.;11/04/2024 00:00:00;Out of business
;FLY MODERN ARK;NonCust;0;0;0;0;0;;0.00;;0;;;;
COM13099;FLY ONE S.R.L;Customer;2;14;12;0;0;11/01/2016 00:00:00;8.00;;0;;;02/01/2022 00:00:00;
;FLY WALES;NonCust;0;0;0;0;0;;0.00;;0;;;;
COM13154;Fly2Sky OOD;Customer via;0;0;0;0;0;04/01/2017 00:00:00;0.00;;0;;;04/06/2021 00:00:00;Invoiced through AOSAC from April 1st, 2021
COM13157;FLYADEAL;Customer;0;47;0;0;0;08/01/2017 00:00:00;8.00;;0;;;;
COM13060;Airlink;PotCust;0;0;0;0;0;10/01/2018 00:00:00;0.00;;0;Avoidable;Going to Lido;01/04/2024 00:00:00;Going to Lido
COM13696;Fly Armenia Airways LLC (DEAD);PotCust;0;0;0;0;0;05/25/2021 00:00:00;0.00;;0;;;09/22/2021 00:00:00;No payment and no communication
COM13249;FLYBOSNIA d.o.o.;PotCust;0;0;0;0;0;12/01/2018 00:00:00;0.00;;0;;;;
COM12926;COMLUX MALTA;PotCust;0;0;0;0;0;;0.00;;0;;;;
COM13104;Fly Easy;NonCust;0;0;0;0;0;04/12/2018 00:00:00;0.00;03/22/2024 00:00:00;0;Avoidable;Closing the company. All activities transfered to existing PPS customer with a FPL binding date.;04/04/2024 00:00:00;Closing the company
;FLYFOFA;NonCust;0;0;0;0;0;;0.00;;0;;;;
COM14650;FLYGPRESTANDA AB;NonCust;0;0;0;0;0;;0.00;;0;;;;
COM13372;FlyGR8 S.A (AllTime Aviation Ltd);PotCust;0;0;0;0;0;03/04/2021 00:00:00;0.00;;0;;;03/04/2021 00:00:00;
COM11102;Flying Service (Flying Group);Customer;2;30;0;0;0;12/01/1999 00:00:00;8.00;;0;;;;
COM12180;"FlyLease GmbH (SuissePromotion Immobiliare S.A.
 S.A.)";PotCust;0;0;0;0;0;07/01/2011 00:00:00;0.00;;0;;;07/02/2021 00:00:00;Owner past away in 2020 and they have now sold the aircraft, will not need a FPL system anymore as the flt dep is shutdown.
;Villa Air (Flyme);PotCust;0;0;0;0;0;;0.00;;0;;;;
;FLYNAS;PotCust;0;0;0;0;0;;0.00;;0;;;;
;Tradewind Aviation LLC;PotCust;0;0;0;0;0;;0.00;;0;;;;
COM12733;Fort Aero AS;Customer;3;0;0;0;0;09/01/2014 00:00:00;8.00;;0;;;;
COM11002;ABS Jets, a. s.;Customer;2;3;0;0;0;05/01/2004 00:00:00;8.00;;0;;;;
COM14398;ACASS Canada Ltd.;PotCust;0;0;0;0;0;;0.00;;0;;;;
COM11869;ACCESS FLIGHT SUPPORT FZE;PotCust;0;0;0;0;0;06/01/2010 00:00:00;0.00;;0;;;;
;ACM AIR CHARTER MARKET;NonCust;0;0;0;0;0;;0.00;;0;;;;
COM13365;Advanced Air Support International;PotCust;0;0;0;0;0;09/01/2018 00:00:00;0.00;;0;;;12/13/2021 00:00:00;Requested termination Oct 15., account will be closed on Nov 30th, 2021. Ceasing OPS service
;AEGFUELS (AEG FUELS);PotCust;0;0;0;0;0;;0.00;;0;;;;
COM12456;AEROFLIGHT SERVICES;PotCust;0;0;0;0;0;06/01/2018 00:00:00;0.00;;0;;;;
COM12189;AEROGATE S.L.;PotCust;0;0;0;0;0;05/01/2012 00:00:00;0.00;;0;;;11/10/2021 00:00:00;BK/LN:  Unblocked 10/11-21 for new offer        MB: To be closed end of 2020, see history
COM12609;Aerotech FMS Pvt. Ltd;Customer;2;14;0;0;0;12/01/2013 00:00:00;8.00;;0;;;;
COM12746;AF - Aviation ltd;Customer;3;0;0;0;0;11/01/2014 00:00:00;8.00;;0;;;;
COM13650;AFAS International;PotCust;0;0;0;0;0;;0.00;;0;;;;
;Air Agility Aviation;PotCust;0;0;0;0;0;;0.00;;0;;;;
COM13439;Air Aviation Support;Customer;3;1;0;0;0;10/01/2019 00:00:00;8.00;;0;;;;
;WX Air Link International Ltd.;NonCust;0;0;0;0;0;;0.00;;0;;;;
COM11363;Air Link International (CY) Ltd;Customer;0;0;0;0;0;11/01/2006 00:00:00;8.00;;0;;;;
COM11021;AIR OPS International GmbH;Customer;2;0;0;0;0;01/01/2007 00:00:00;8.00;;0;;;;
COM13407;Avimaxx W.L.L. - FSP AIRCRAFT FERRY;Customer;0;0;0;0;0;02/01/2019 00:00:00;8.00;;0;;;;
;EUROPEAN AIRCRAFT SALES;PotCust;0;0;0;0;0;;0.00;;0;;;;
COM11995;AirOp Aviation Management Service;PotCust;0;0;0;0;0;;0.00;;0;;;;No information regarding blocking
COM13841;ALEXA OPS;Customer;0;0;0;0;0;05/10/2021 00:00:00;8.00;;0;;;;
;Alfa-Avia Service LLC;Quarantine;0;0;0;0;0;;0.00;;0;;;;
COM12925;ARABASCO;PotCust;0;0;0;0;0;;0.00;;0;;;;
COM13471;ARGOS VPH;PotCust;0;0;0;0;0;;0.00;;0;;;;Old potcust, access closed
COM11255;Aviation Services Management FZE (ASM);Customer;0;1;0;0;0;11/01/2012 00:00:00;8.00;;0;;;;
COM12897;AEROTRANSCARGO FZE (24 hrs OPS - Aerotranscargo Moldova / Air Igor);Customer;1;3;0;0;3;08/01/2015 00:00:00;0.00;;0;;;;
COM11036;ATSD Air Tasking Service;Customer;2;7;0;0;0;07/01/2003 00:00:00;8.00;;0;;;;
COM12278;AURORA AVIATION SA;Customer;3;0;0;0;0;03/01/2012 00:00:00;100.00;;0;;;;
;Austrian Skyways;NonCust;0;0;0;0;0;;0.00;;0;;;;
COM13438;Aviagreene Solutions Ltd;Customer;3;0;0;0;0;04/30/2024 00:00:00;8.00;;0;;;;
COM13656;Aviary;PotCust;0;0;0;0;0;;0.00;;0;;;;
COM12067;Aviation Dispatch Service;PotCust;0;0;0;0;0;09/01/2011 00:00:00;0.00;;0;;;09/22/2021 00:00:00;No payment and no communication
COM12680;AVIATION ONE PTE LTD;Customer;2;0;0;0;0;08/01/2014 00:00:00;8.00;;0;;;;
COM13641;Aviation Projex;PotCust;0;0;0;0;0;;0.00;;0;;;;
COM11835;S.C. AVIATIQ SUPPORT S.R.L;Customer;2;0;0;0;0;07/01/2010 00:00:00;100.00;;0;;;;
COM12491;Avinor Flysikring AS;PotCust;0;0;0;0;0;09/01/2013 00:00:00;0.00;;0;;;12/31/2020 00:00:00;Termination received: 16-11-2020, no need due to re-organization in Avinor.
COM11556;AVFUEL & AVPLAN - PACIFIC COAST FORECASTING Corporation 2;Customer;3;0;0;0;0;02/13/2009 00:00:00;100.00;;0;;;;
COM12864;BBS FLIGHT SUPPORT;Quarantine;0;0;0;0;0;12/01/2015 00:00:00;0.00;;0;;;;
COM12496;BILEN AIR SERVICES;Customer;0;1;0;0;0;04/01/2013 00:00:00;8.00;;0;;;;
COM13241;Pia Kaltenberger (Bluesky);Customer;3;3;0;0;0;02/01/2018 00:00:00;8.00;;0;;;;
COM13119;ClearWay Handling and Operations;Customer;3;0;0;0;0;12/01/2016 00:00:00;8.00;;0;;;;
COM12907;CLICK AVIATION NETWORK;Customer;0;0;0;0;0;11/01/2015 00:00:00;8.00;;0;;;;
COM11939;Continental Jet Services;Customer;0;0;0;0;0;05/01/2012 00:00:00;8.00;;0;;;;
COM13546;CS & FS Caribbean Support & Flight Services SAS;PotCust;0;0;0;0;0;;0.00;;0;;;;Install settled, but after that no contact.
;Dedalus Administracao e Participacoes Ltda;PotCust;0;0;0;0;0;;0.00;;0;;;;
COM13674;DELTA AIR WING;PotCust;0;0;0;0;0;12/01/2012 00:00:00;0.00;;0;;;;
COM13617;Direct Dispatch Sp. z o.o.;Customer;2;7;0;0;0;03/01/2020 00:00:00;8.00;;0;;;;
;EAST MED AVIATION;PotCust;0;0;0;0;0;;0.00;;0;;;;
COM11637;EastUnion CJSC;Quarantine;0;0;0;0;0;04/01/2009 00:00:00;0.00;;0;;;03/09/2022 00:00:00;Discontinue of service - Russia
;ESMA Aviation Academy;PotCust;0;0;0;0;0;;0.00;;0;;;;
COM11571;EUROJET SERVIS sB.r.o.;Customer;3;0;0;0;0;10/01/2008 00:00:00;8.00;;0;;;;
COM12745;Evo Jet Services Ltd;Customer;3;0;0;0;0;09/01/2014 00:00:00;8.00;;0;;;;
COM12003;FCG OPS (Flight Consulting Group);Customer;2;1;0;0;0;07/01/2010 00:00:00;8.00;;0;;;;
COM13149;Flight Assist LTD;Customer;3;0;0;0;0;06/01/2017 00:00:00;8.00;;0;;;;
;Lowlevel, Lda FLIGHT4PRO;PotCust;0;0;0;0;0;;0.00;;0;;;;
;FLIGHTAXIS;PotCust;0;0;0;0;0;;0.00;;0;;;;
COM13675;Flight Pro International LLC;PotCust;0;0;0;0;0;;0.00;;0;;;;
COM11494;Flightworx Aviation Ltd.;Customer;1;1;0;0;0;05/01/2008 00:00:00;8.00;;0;;;;
COM11770;Fly Aviation Services;Customer;0;0;0;0;0;12/01/2009 00:00:00;100.00;;0;;;;
COM13123;FLY GAC;PotCust;0;0;0;0;0;06/01/2018 00:00:00;0.00;;0;;;03/15/2021 00:00:00;No usage, moved to Direct Dispatch. Account have been on hold for long time.
COM12867;FLY SERVICE LTD;Customer;0;3;3;0;0;08/01/2016 00:00:00;8.00;;0;;;;
COM13041;Haya Aviation Services Ltd;Quarantine;0;0;0;0;0;08/01/2016 00:00:00;8.00;05/08/2025 00:00:00;0;Unavoidable;No contact;05/08/2025 00:00:00;No communication, no payment. No valid emails.
COM12777;FLYOPS SAS;Customer;3;0;0;0;0;04/01/2016 00:00:00;8.00;;0;;;;
COM13474;Ford Aviation;PotCust;0;0;0;0;0;04/01/2019 00:00:00;0.00;;0;;;01/21/2021 00:00:00;Stand-by since April. No Activity. Account closed.
;Forty West;PotCust;0;0;0;0;0;;0.00;;0;;;;
;Gerrys-Dnata Flight Operations;NonCust;0;0;0;0;0;;0.00;;0;;;;
COM12306;Gözen Havacilik Ve TIC.A.S. (Gözen Air Services);Customer;0;13;0;0;0;03/01/2013 00:00:00;8.00;;0;;;;
COM12964;Global Service Solution FZCO;Customer;0;0;0;0;0;11/01/2016 00:00:00;8.00;;0;;;;
COM12876;Atlas Trip Support (former Paramount/GTS);Customer;3;0;0;0;0;10/01/2014 00:00:00;8.00;;0;;;;
COM11328;HADID Int. services Ltd.;Customer;0;0;0;0;0;11/01/2009 00:00:00;100.00;;0;;;;
COM13492;The Helicopter & Jet Company;Customer;0;24;0;0;0;10/01/2019 00:00:00;8.00;;0;;;;
COM12004;HollandOPS;NonCust;0;0;0;0;0;;0.00;;0;;;;
COM12010;HQ Flight & Operations Support GmbH;Customer;3;0;0;0;0;06/01/2011 00:00:00;100.00;;0;;;;
;Icarus Flight Support;PotCust;0;0;0;0;0;;0.00;;0;;;;
COM12400;ICARUS AMC inc;Customer;0;0;0;0;0;09/01/2012 00:00:00;8.00;;0;;;06/15/2022 00:00:00;
COM12330;ICS-AERO SM S.r.l. socio unico;NonCust;3;0;0;0;0;09/01/2012 00:00:00;8.00;;0;;;04/30/2026 00:00:00;Customer closed, HEH
COM13359;International Flight Planning Solutions;PotCust;0;0;0;0;0;04/25/2019 00:00:00;0.00;;0;;;03/15/2022 00:00:00;Due to missing payment
COM13022;iJET;PotCust;0;0;0;0;0;09/01/2017 00:00:00;0.00;;0;;;08/27/2021 00:00:00;
COM11350;Q-Gate & Interflight Services;Customer;3;0;0;0;0;10/01/2006 00:00:00;100.00;;0;;;;No communication, no payment
COM13400;I-OPS Aviation;Customer;3;0;0;0;0;01/01/2019 00:00:00;8.00;;0;;;;
;Jet Business Solutions;Customer via;0;0;0;0;0;06/08/2026 00:00:00;0.00;;0;;;;
COM12121;JET CALL GmbH & CO.KG;PotCust;0;0;0;0;0;04/01/2011 00:00:00;0.00;;0;Unavoidable;Missing payment;02/28/2023 00:00:00;No payment, no communication
COM11888;Jetflight Aviation Ltd.;Customer;0;0;0;0;0;12/01/2013 00:00:00;8.00;;0;;;;
COM13048;JET TEAM Ltd;Customer;3;0;0;0;0;08/01/2016 00:00:00;8.00;;0;;;;
COM11742;JETBASE;PotCust;0;0;0;0;0;01/01/2013 00:00:00;0.00;08/30/2024 00:00:00;0;Unavoidable;Staff shortage forces them to shut-down business. (termination extended to 30 august 2024);09/02/2024 00:00:00;Staff shortage forces them to shut-down business. (termination extended to 30 august 2024)
COM11331;JETEX FZE;Customer;0;0;0;0;0;04/01/2009 00:00:00;8.00;;0;;;;
COM12017;Jet-Stream Ops Kft.;Customer;2;0;0;0;0;06/01/2011 00:00:00;100.00;;0;;;;
COM12424;KARISMA BAHANA AVIASI;Customer;0;0;0;0;0;11/01/2012 00:00:00;8.00;;0;;;;
COM11327;Lancelot;Customer;2;6;5;0;0;01/01/2007 00:00:00;8.00;;0;;;;
;Link Airways (Pvt) Limited;NonCust;0;0;0;0;0;;0.00;;0;;;;
COM12235;AVIART LLC;Quarantine;0;0;0;0;0;07/06/2017 00:00:00;0.00;;0;;;03/09/2022 00:00:00;Discontinue of service - Russia
COM12255;Lux Flight Solutions SA;Customer;2;12;0;0;0;10/01/2011 00:00:00;100.00;;0;;;;
;Magma aviation;PotCust;0;0;0;0;0;;0.00;;0;;;;
COM13129;Mediterranean Aviation Services;Customer;0;0;0;0;0;04/01/2017 00:00:00;8.00;;0;;;;
COM13623;Merkur Aviation;PotCust;0;0;0;0;0;04/01/2020 00:00:00;8.00;02/28/2025 00:00:00;0;Unavoidable;Shutting down for flight planning activities.;04/02/2025 00:00:00;Shutting down for flight planning activities.
;Merlot Aero Ltd;NonCust;0;0;0;0;0;;0.00;;0;;;;
COM12393;METIS Aviation Limited;Customer;3;0;0;0;0;07/01/2012 00:00:00;8.00;;0;;;;
COM12676;Moonjet;Customer;0;0;0;0;0;02/01/2015 00:00:00;8.00;;0;;;;
COM12185;NavFix Flight Services;PotCust;0;0;0;0;0;08/01/2011 00:00:00;0.00;09/30/2024 00:00:00;0;Avoidable;cancellation of contract;10/01/2024 00:00:00;Contract ended - do not know the reason
COM12118;Nexus Flight Operations Services;PotCust;0;0;0;0;0;09/01/2014 00:00:00;0.00;;0;;;01/18/2022 00:00:00;Closed due to missing payment and communication
;Palm Aviation;PotCust;0;0;0;0;0;;0.00;;0;;;;
COM14241;Paramount Global Ferry Services;Customer;0;0;0;0;0;07/31/2023 00:00:00;8.00;;0;;;;
COM13116;Pioneers Aviation services Ltd;PotCust;0;0;0;0;0;01/01/2017 00:00:00;0.00;;0;;;11/24/2020 00:00:00;MB, account closed after standby since March 22, 2020. No feedback and activities.
COM13223;Pike Aviation S.A.;Customer;0;0;0;0;0;08/01/2018 00:00:00;8.00;;0;;;;
;Pinnacle Operations;PotCust;0;0;0;0;0;;0.00;;0;;;;
COM12809;Primeslot;Customer;2;6;0;0;0;12/01/2018 00:00:00;8.00;;0;;;;
COM13107;Quick Link Aviation;Customer;0;3;0;0;0;01/01/2017 00:00:00;8.00;;0;;;;
COM11259;RusAero Open JSC (CCAS);Quarantine;0;0;0;0;0;10/01/2007 00:00:00;0.00;;0;;;03/09/2022 00:00:00;Discontinue of service - Russia
COM13374;Shujaa Aviation Limited;Customer;2;13;0;0;0;01/01/2019 00:00:00;8.00;;0;;;;
COM11469;Signum Aviation;Customer;2;2;0;0;1;05/01/2012 00:00:00;8.00;;0;;;;
COM13008;Simplifly Aviation Solutions LLC;PotCust;0;0;0;0;0;06/01/2017 00:00:00;0.00;;0;;;03/19/2021 00:00:00;Missing payment, several notifications send, still no payment. Account can only be opened by proof of payment
COM12936;JSC SKY ATLAS;Quarantine;0;0;0;0;0;01/01/2016 00:00:00;0.00;;0;;;03/09/2022 00:00:00;Discontinue of service - Russia
;Sky Handling LLC;PotCust;0;0;0;0;0;;0.00;;0;;;;
COM13191;SkyOne FZE (Terra Avia) (OMEGA AIR);Customer;0;0;0;0;0;07/01/2017 00:00:00;8.00;;0;;;;
;SKY WINGS AVIATION LTD;PotCust;0;0;0;0;0;;0.00;;0;;;;
COM12418;Skyblue Aero Singapore Pte. Ltd.;Customer;0;0;0;0;0;11/01/2012 00:00:00;8.00;;0;;;02/11/2022 00:00:00;
COM12698;SOS INTERNATIONAL;PotCust;0;0;0;0;0;11/01/2014 00:00:00;0.00;;0;;;06/01/2022 00:00:00;No need for PPS any longer
COM12707;Saudia Private Aviation;Customer;0;0;0;0;0;04/01/2015 00:00:00;8.00;;0;;;;
COM13082;SPOT REISEN GmbH DWC-LLC;PotCust;0;0;0;0;0;11/01/2016 00:00:00;0.00;02/29/2024 00:00:00;0;Avoidable;Going to unknown competiror;03/04/2024 00:00:00;Going to unknown competiror
COM13152;sprouts GmbH;Customer;2;0;0;0;0;08/01/2017 00:00:00;8.00;;0;;;;
COM12088;Success Aviation Services FZCO;PotCust;0;0;0;0;0;02/01/2018 00:00:00;0.00;;0;Unavoidable;Missing payment. Company still exist;03/20/2023 00:00:00;Contract terminated
COM13126;Tango Limited;Customer;3;0;0;0;0;04/01/2017 00:00:00;8.00;;0;;;;
;TSK AVIATION and LOGISTICS SERVICES;PotCust;0;0;0;0;0;;0.00;;0;;;;
COM11724;United Aviation Services (with EULA) aka UAS Int. Trip Support;Customer;0;0;0;0;0;11/01/2010 00:00:00;8.00;;0;;;;
COM13585;UNIVERSAL TRIP SUPPORT PVT LTD;PotCust;0;0;0;0;0;03/01/2020 00:00:00;0.00;;0;;;;
COM12674;Ventus International Aviation;Customer;0;0;0;0;0;04/01/2015 00:00:00;8.00;;0;;;;
;VIP Aviation;PotCust;0;0;0;0;0;;0.00;;0;;;;
COM13510;WAYPOINT AVIATION;PotCust;0;0;0;0;0;06/15/2019 00:00:00;0.00;;0;;;;
COM12275;Westerhof Aviation - AIROPS24 Flight Support BV;Customer;2;7;0;0;0;10/01/2011 00:00:00;8.00;;0;;;;
COM12411;Spire Flight Solutions WFS;Customer, on hold;0;0;0;0;0;01/01/2013 00:00:00;8.00;;0;;;;
COM12668;Chapman Freeborn Air Chartering;Customer;3;0;0;0;0;08/01/2014 00:00:00;0.00;;0;;;;
COM12520;X-Operations GmbH;PotCust;0;0;0;0;0;04/01/2013 00:00:00;0.00;10/31/2024 00:00:00;0;Unavoidable;Churn value 0. Company split in 2 new entities, both PPS customers.;11/04/2024 00:00:00;Invoiced to COM14501 instead
;ZAS AVIATION;PotCust;0;0;0;0;0;;0.00;;0;;;;
COM14043;FTC CONSULTING;NonCust;0;0;0;0;0;04/19/2022 00:00:00;0.00;;0;;;;
;FuelerLinx;NonCust;0;0;0;0;0;;0.00;;0;;;;
;GAINJET Aviation S.A.;PotCust;0;0;0;0;0;;0.00;;0;;;;
COM12350;GLOBAL AEROSPACE LOGISTICS 06(Dispatch School);NonCust;0;0;0;0;0;;0.00;;0;;;;x
COM12350;GLOBAL AEROSPACE LOGISTICS 01(IMOC);NonCust;0;0;0;0;0;;0.00;;0;;;;Moved to RoyalJet account
COM12350;GLOBAL AEROSPACE LOGISTICS 02(IMOC);NonCust;0;0;0;0;0;;0.00;;0;;;;Transferred to RoyalJet
COM12350;GLOBAL AEROSPACE LOGISTICS 03(IMOC);NonCust;0;0;0;0;0;;0.00;;0;;;;Transferred to Royal Jet
COM12350;GLOBAL AEROSPACE LOGISTICS 04(IMOC);NonCust;0;0;0;0;0;;0.00;;0;;;;x
COM12350;GLOBAL AEROSPACE LOGISTICS 05(IMOC);NonCust;0;0;0;0;0;;0.00;;0;;;;x
COM13736;Gama Aviation Limited;PotCust;0;0;0;0;0;;0.00;;0;;;;
COM13610;GOVERNMENT AVIO SERVICE;Customer;3;3;3;0;0;08/01/2020 00:00:00;0.00;;0;;;;
COM13934;GAZPROMAVIA Aviation Co., Ltd.;Quarantine;0;0;0;0;0;;0.00;;0;;;;
;GENEL HAVACILIK A.S.;Customer via;0;0;0;0;0;08/25/2026 00:00:00;0.00;;0;;;;
COM12363;GEORGIAN AIRWAYS;Customer;0;2;0;0;0;06/01/2017 00:00:00;8.00;;0;;;;
COM11680;GestAir;Customer;1;0;0;0;0;06/01/2009 00:00:00;8.00;;0;;;;
COM13254;GETJET AIRLINES;Customer;1;18;18;2;18;01/01/2018 00:00:00;4.00;;0;;;;
;Mr. E Herd, G-FFFC;PotCust;0;0;0;0;0;;0.00;;0;;;;
COM11100;GIESERS STAHLBAU GmbH;PotCust;0;0;0;0;0;08/01/2002 00:00:00;8.00;07/31/2025 00:00:00;0;Avoidable;Will no longer do flight planning inhouse. (outsourced);07/31/2025 00:00:00;Will no longer do flight planning inhouse. (outsourced)
;GLOBAL AFRICA AVIATION;NonCust;0;0;0;0;0;;0.00;;0;;;;
COM12948;GLOBAL AIRWAYS LIMITED;PotCust;1;0;0;0;0;05/01/2016 00:00:00;8.00;04/30/2025 00:00:00;0;Avoidable;NB bundle deal. AIRBUS operator.;04/02/2025 00:00:00;NB bundle deal. AIRBUS operator.
;GLOBAL AVIATION CARGO;NonCust;0;0;0;0;0;;0.00;;0;;;;
COM11488;GLOBEAIR AG;Customer;1;18;19;0;0;09/01/2008 00:00:00;8.00;;0;;;;
;GLOCK Ges.m.b.H.;PotCust;0;0;0;0;0;;0.00;;0;;;;
;Go! Aviation Ltd;PotCust;0;0;0;0;0;;0.00;;0;;;;
COM14207;Go2Sky, spol. s r. o.;Customer;3;0;3;0;0;02/01/2024 00:00:00;8.00;;0;;;;
;Go First;PotCust;0;0;0;0;0;;0.00;;0;;;;
;GOL LINHAS AÉREAS;PotCust;0;0;0;0;0;;0.00;;0;;;;
COM11619;Goldeck-Flug GmbH;NonCust;0;0;0;0;0;03/08/2016 00:00:00;0.00;;0;;;;
COM13569;GOVERNMENT OF THE REP. OF NORTH MACEDONIA;PotCust;0;0;0;0;0;;0.00;;0;;;;
;(Duplicate) GOWAIR VACATION AIRLINES;NonCust;0;0;0;0;0;;0.00;;0;;;;
COM12083;GLOBAL REACH AVIATION;Customer;2;0;3;0;0;04/24/2023 00:00:00;8.00;;0;;;03/29/2022 00:00:00;
;GRAND AIR SERVICES;NonCust;0;0;0;0;0;;0.00;;0;;;;
COM13426;Great Dane Airlines A/S;NonCust;0;0;0;0;0;02/01/2019 00:00:00;0.00;;0;;;02/13/2024 00:00:00;MB: 02-11-2021, bankrupt, account open until further notice, to assist them in this difficult time.
COM13636;Green Africa Airways Ltd;PotCust;0;0;0;0;0;;0.00;;0;;;;
;GREENJET AIRLINES;PotCust;0;0;0;0;0;;0.00;;0;;;;
COM13652;Gregory Pyziak;NonCust;0;0;0;0;0;;0.00;;0;;;;Special deal with KAR - closed.
COM12946;GreyBird Aviation Group;PotCust;0;0;0;0;0;07/01/2017 00:00:00;0.00;;0;;;10/30/2020 00:00:00;No activity, on standby for a long period, now agreed with customer to block
COM13185;Gullwing Aviation Luftfahrtservice e. K.;Customer;3;4;0;0;0;07/01/2017 00:00:00;8.00;;0;;;;
;HABOCK AVIATION;PotCust;0;0;0;0;0;;0.00;;0;;;;
COM12072;HAHN AIR LINES GmbH;Customer;3;2;2;0;0;03/01/2011 00:00:00;8.00;;0;;;;
COM13677;Hans Airways Ltd.;PotCust;0;0;0;0;0;;0.00;;0;;;;
COM13486;Elitavia Malta Ltd;NonCust;0;0;0;0;0;;0.00;;0;;;;
;(Duplicate) HARBOUR AIR;NonCust;0;0;0;0;0;;0.00;;0;;;;
COM13523;Heidelberg Cement AG;PotCust;0;0;0;0;0;;0.00;;0;;;;
COM13548;HELLENIC CIVIL AVIATION AUTHORITY (HCAA);Customer via;0;0;0;0;0;12/22/2021 00:00:00;0.00;;0;;;;
COM12595;Helvetic Airways AG;Customer;1;19;22;0;0;07/01/2014 00:00:00;8.00;;0;;;;
;Hendellaviation;PotCust;0;0;0;0;0;;0.00;;0;;;;
COM11854;HERON Luftfahrt GmbH & Co. KG;Customer;3;2;0;0;0;10/01/2011 00:00:00;8.00;;0;;;;
COM14177;HI FLY;PotCust;1;0;0;0;0;;0.00;;0;;;;
COM14110;Himalaya Airlines;Customer;2;4;0;0;4;04/21/2025 00:00:00;3.00;;0;;;;
;Hongkong Jet;PotCust;0;0;0;0;0;;0.00;;0;;;;
COM13417;HOP!;Customer;1;36;41;0;0;05/04/2021 00:00:00;3.00;;0;;;;
COM11416;HTM Jet Service GmbH & Co KG;PotCust;0;0;0;0;0;08/01/2007 00:00:00;0.00;;0;;;04/06/2021 00:00:00;Terminated agreement December 16-12-2020, with effect from March 31, 2021. Company will be closed down
COM11082;HUMMINGBIRD AVIATION SERVICES;Quarantine;3;3;0;0;0;09/01/2014 00:00:00;8.00;01/31/2026 00:00:00;0;Unavoidable;No contact, Company seem to be vanished from the earth.;12/17/2025 00:00:00;No communication, no payment
COM13633;Hunnu Air;Customer;0;0;4;4;0;01/25/2026 00:00:00;8.00;;0;;;;
COM12845;Air Inuit Hydro Quebec div.;Customer;1;4;0;0;0;06/01/2015 00:00:00;8.00;;0;;;;
COM12449;Hyperion Aviation Ltd;Customer;2;9;9;9;0;09/01/2017 00:00:00;8.00;;0;;;;
COM11997;IAS Medical Ltd.;Customer;3;7;0;0;0;04/01/2011 00:00:00;8.00;;0;;;;
;IBC Airways;PotCust;0;0;0;0;0;;0.00;;0;;;;
COM11977;IBEROSIME FS S.L.;Customer;3;0;0;0;0;03/01/2011 00:00:00;8.00;;0;;;;
;LA COMPAGNIE;PotCust;0;0;0;0;0;;0.00;;0;;;10/28/2020 00:00:00;Closed, no activities, should have been closed long time ago
COM12619;ICELANDAIR;PotCust;0;0;0;0;0;02/01/2014 00:00:00;0.00;;0;;;08/24/2021 00:00:00;Closed all Icelandair related accounts, have checked with management and AN, no reason to keep them open anymore
;Icon Aviation;PotCust;0;0;0;0;0;;0.00;;0;;;;
;IFSAL;PotCust;0;0;0;0;0;;0.00;;0;;;;
COM11121;International Jet Management;PotCust;0;0;0;0;0;05/01/2015 00:00:00;0.00;;0;;;;
COM13012;MAE Jet Charters Company WLL (IJM3);PotCust;0;0;0;0;0;09/01/2016 00:00:00;0.00;;0;Unavoidable;Missing payment;11/08/2021 00:00:00;Account closed, IJM cancelled long time ago MAE have been running on IJM3 until now. They now have their own PPS MENA CARGO
COM11125;ImperialJet Europe GmbH;Quarantine;0;0;0;0;0;03/01/2007 00:00:00;8.00;03/18/2025 00:00:00;0;Unavoidable;Missing payment;03/18/2025 00:00:00;No payment!
COM12288;Svenskt Industriflyg AB (Bluelink Jets AB);PotCust;3;1;0;0;0;12/09/2011 00:00:00;8.00;06/30/2026 00:00:00;0;Avoidable;Have chosen another vendor. Unknown reason;;
COM13561;Snild ehf;NonCust;0;0;0;0;0;;0.00;;0;;;;
;International JetClub Ltd;PotCust;0;0;0;0;0;;0.00;;0;;;;
;IQ Charter;PotCust;0;0;0;0;0;;0.00;;0;;;;
;IRANEAN CIVIL AVIATION;NonCust;0;0;0;0;0;;0.00;;0;;;;
;Iraq Gate Company;PotCust;0;0;0;0;0;;0.00;;0;;;;
COM12672;Isavia ANS ehf.;Customer;3;1;0;0;0;11/01/2014 00:00:00;8.00;;0;;;;
COM13667;ISI AVIATION;PotCust;0;0;0;0;0;;0.00;;0;;;;
COM13690;IXAIR SAS;Customer;2;7;0;0;0;05/27/2021 00:00:00;8.00;;0;;;;
;Joint Aviation Command (JAC);NonCust;0;0;0;0;0;;0.00;;0;;;;
;JAL - Japan Airlines;PotCust;0;0;0;0;0;;0.00;;0;;;;
COM13949;JAMBOJET;PotCust;1;0;0;0;0;;0.00;;0;;;;
COM13433;Jasmin Airways;PotCust;0;0;0;0;0;;0.00;;0;;;;Contract terminated
COM14621;Jazeera Airways K.S.C.;PotCust;0;0;0;0;0;;0.00;;0;;;;
;JC (Cambodia) International Airlines Co. Ltd;Quarantine;0;0;0;0;0;;0.00;;0;;;;
;Jersey Jet Centre Ltd;PotCust;0;0;0;0;0;;0.00;;0;;;;
COM12584;Jet Advisor;PotCust;0;0;0;0;0;03/01/2011 00:00:00;0.00;;0;;;10/06/2025 00:00:00;Cleaning up/TRL
;Jet Airways Limited;PotCust;0;0;0;0;0;;0.00;;0;;;;
;Jet Aviation Flight Services, Inc.;PotCust;0;0;0;0;0;;0.00;;0;;;;
COM11124;JET AVIATION Business Jets;PotCust;0;0;0;0;0;01/01/1995 00:00:00;0.00;02/29/2024 00:00:00;0;Avoidable;Going to different provider;03/04/2024 00:00:00;Churn feb24 iflg. HEH
COM13203;Jetbee Czech s.r.o.;Customer;3;5;5;0;0;09/01/2017 00:00:00;8.00;;0;;;;
COM11193;Jet Executive International;Customer;3;4;5;0;0;10/01/1997 00:00:00;8.00;;0;;;;
COM13517;Jet Premier One;PotCust;0;0;0;0;0;;0.00;;0;;;;
;JET SERVE AVIATION;NonCust;0;0;0;0;0;;0.00;;0;;;;
COM11332;JET TIME (old);NonCust;0;0;0;0;0;;0.00;;0;;;09/17/2021 00:00:00;Bankrupt
;JET4U;PotCust;0;0;0;0;0;;0.00;;0;;;;
;JET ADVISOR PAD Aviation Service GmbH;PotCust;0;0;0;0;0;;0.00;;0;;;;
;TUI fly (Belgium);PotCust;1;0;0;0;0;;0.00;;0;;;;
COM12638;JETCORP;NonCust;0;0;0;0;0;07/01/2014 00:00:00;0.00;04/30/2024 00:00:00;0;Unavoidable;No more Tails left, shutting down business.;05/02/2024 00:00:00;No more Tails left, shutting down business. Skyldig saldo betalt 23.05.2024
COM11127;JETFLITE OY;Customer;3;3;0;0;0;01/01/1997 00:00:00;8.00;;0;;;;
COM12524;JETFLY AVIATION S.A.;Customer;1;50;49;0;46;06/01/2013 00:00:00;8.00;;0;;;;
;JetLounge GmbH;PotCust;0;0;0;0;0;;0.00;;0;;;;
COM11128;JetNetherlands BV (ASL nv);Customer;3;7;0;0;0;11/01/2002 00:00:00;8.00;;0;;;;
COM13879;JetSMART SpA;PotCust;0;0;0;0;0;;0.00;;0;;;;
;JETSTREAM AVIATION;PotCust;0;0;0;0;0;;0.00;;0;;;;
;JF Service LLC.;Quarantine;0;0;0;0;0;;0.00;;0;;;;
;Jin Air;PotCust;0;0;0;0;0;;0.00;;0;;;;
COM11129;JIVAIR AB;Customer;3;1;0;0;0;03/01/1992 00:00:00;8.00;;0;;;;
COM13388;JONIKA LLC;Customer;3;0;0;0;0;02/01/2019 00:00:00;8.00;;0;;;03/30/2021 00:00:00;Outstanding invoices settled
COM13466;JORDAN AVIATION;Customer;1;6;0;0;0;03/01/2014 00:00:00;8.00;;0;;;;
COM11903;Jota Aviation Ltd;NonCust;0;0;0;0;0;06/01/2010 00:00:00;0.00;;0;;;08/23/2022 00:00:00;Ceiced operations in april 22
COM14691;Jubba Airways Limited;PotCust;0;0;0;0;0;;0.00;;0;;;;
COM13634;UAB Jump Air (Jump-Airways.com);Customer;3;3;3;0;0;10/01/2021 00:00:00;8.00;;0;;;;
COM13139;Jung Sky;Customer;3;2;0;0;0;03/01/2017 00:00:00;8.00;;0;;;;
;Jupiter Jet;PotCust;0;0;0;0;0;;0.00;;0;;;;
COM13897;K2 Airways (PVT) Ltd.;PotCust;0;0;0;0;0;;0.00;;0;;;;
COM14100;K5 Aviation GmbH;Customer;3;0;7;6;0;11/29/2022 00:00:00;8.00;;0;;;;
;Kabo Air Limited;PotCust;0;0;0;0;0;;0.00;;0;;;;
;KAN AIRLINES;NonCust;0;0;0;0;0;;0.00;;0;;;;
;KENN BOREK AIR;PotCust;0;0;0;0;0;;0.00;;0;;;;
;Kepplair International;NonCust;0;0;0;0;0;;0.00;;0;;;;
COM12806;Kermas Aviation;PotCust;0;0;0;0;0;03/01/2015 00:00:00;0.00;;0;;;;No flights - no payment
COM13405;KEY LIME AIR;Customer;0;15;0;0;0;04/01/2019 00:00:00;8.00;;0;;;;
;KF AEROSPACE;PotCust;0;0;0;0;0;;0.00;;0;;;;
;KINGCRETE ASSOCIATES PVT LTD.;PotCust;0;0;0;0;0;;0.00;;0;;;;
;KISH AIR;NonCust;0;0;0;0;0;;0.00;;0;;;;
COM13591;KiteAir;NonCust;0;0;0;0;0;;0.00;;0;;;;
COM13494;KlasJet;Customer;1;12;0;0;0;07/01/2019 00:00:00;8.00;;0;;;06/26/2023 00:00:00;
;Kosmos Airlines (Russia);Quarantine;0;0;0;0;0;;0.00;;0;;;;
;JSC KrasAvia;Quarantine;0;0;0;0;0;;0.00;;0;;;;
COM13847;Kronborg Air Consult;NonCust;0;0;0;0;0;;0.00;;0;;;;
;Kroschke Sign Int. GmbH;NonCust;0;0;0;0;0;;0.00;;0;;;;
;KS Avia;PotCust;0;0;0;0;0;;0.00;;0;;;;
;KYRGYZSTAN AIR COMPANY;PotCust;0;0;0;0;0;;0.00;;0;;;;
;LA AVIATION UAE;NonCust;0;0;0;0;0;;0.00;;0;;;;
;LabCorp aviation;PotCust;0;0;0;0;0;;0.00;;0;;;;
COM13321;LAM MOZAMBIQUE;Quarantine;2;1;8;0;0;06/01/2019 00:00:00;8.00;;0;;;06/02/2026 00:00:00;Lack of payment
;Lao Airlines;PotCust;0;0;0;0;0;;0.00;;0;;;;
;Laos Cargo;PotCust;0;0;0;0;0;;0.00;;0;;;;
COM13328;AIR LEAP;NonCust;0;0;0;0;0;09/01/2018 00:00:00;0.00;;0;;;01/02/2023 00:00:00;Closed completely on Jan. 24th 2022
COM13532;LEGEND OF THE NILE;PotCust;0;0;0;0;0;03/03/2021 00:00:00;0.00;;0;;;;
COM14274;LIAT (2020) Ltd;PotCust;0;0;0;0;0;;0.00;;0;;;;
COM11861;LIBERTY AIR;PotCust;0;0;0;0;0;09/01/2006 00:00:00;0.00;;0;;;;Closed correctly
COM14519;LIBYAN AIRLINES;Customer;1;2;0;0;0;03/17/2025 00:00:00;8.00;;0;;;;
COM13373;Libyan Government;PotCust;0;0;0;0;0;10/01/2019 00:00:00;0.00;;0;;;12/20/2021 00:00:00;Closed due to missing payment and communication
;LIFE JET LTD;PotCust;0;0;0;0;0;;0.00;;0;;;10/28/2020 00:00:00;No invoices and usage, why customer status, no clue. Account closed
COM13278;Life Line Ltd;Customer;3;5;4;0;0;03/01/2018 00:00:00;8.00;;0;;;;
COM13668;Religare Aviation;PotCust;0;0;0;0;0;;0.00;;0;;;;
COM13666;Lilium GmbH;PotCust;0;0;0;0;0;;0.00;;0;;;;
COM13693;LINK AIR CARGO;PotCust;0;0;0;0;0;;0.00;;0;;;;
COM12881;Lipican Aer d.o.o.;PotCust;3;3;0;0;0;04/03/2018 00:00:00;8.00;01/31/2026 00:00:00;0;Unavoidable;fleet sold, no more AC left. no need for flight planning software;;
COM12586;Jet Commerce OU, Litavio;NonCust;3;0;0;0;0;09/01/2013 00:00:00;8.00;;0;;;05/05/2026 00:00:00;Closed because of the war in Ukraine
COM12527;LITHUANIAN AIR FORCE AIRBASE;PotCust;0;0;0;0;0;01/01/2016 00:00:00;0.00;;0;;;01/02/2023 00:00:00;Blocked on Dec. 31st, 2021 - updated correctly now
;LK Flyers LTD;PotCust;0;0;0;0;0;;0.00;;0;;;;
COM11386;LOGANAIR Ltd.a;Customer;1;35;37;0;0;07/01/2007 00:00:00;8.00;;0;;;;
COM13245;Longtail Aviation International Ltd.;PotCust;0;0;1;1;0;11/22/2024 00:00:00;8.00;08/05/2026 00:00:00;2911;Unavoidable;previously churned 31/01/2024 due to missing payment.  value (47.833).    New contract breach, FPL via Flightworx.;;
COM13507;Lothringen Aero Services GmbH;PotCust;0;0;0;0;0;;0.00;;0;;;;
COM11139;LUFTTRANSPORT F.W. A/S;Customer;0;0;0;0;0;10/01/1998 00:00:00;0.00;;0;;;;
COM13266;LUMIWINGS S.A.;Quarantine;3;1;0;0;0;06/01/2018 00:00:00;8.00;10/14/2025 00:00:00;0;Unavoidable;Missing payment - no communication.;10/14/2025 00:00:00;No payment, no communication
COM11140;LUXAIR S.A.;Customer;1;21;23;0;0;07/01/1998 00:00:00;8.00;;0;;;;
;LUXAVIATION MANAGEMENT COMPANY;NonCust;0;0;0;0;0;11/10/2020 00:00:00;0.00;;0;;;;
COM13814;Masterjet (Luxaviation Portugal - Part of Luxaviation Group);PotCust;0;0;0;0;0;;0.00;;0;;;09/12/2023 00:00:00;Never went live
COM11138;LUXAVIATION UK (Part of Luxaviation Group. Former LEA London executive Aviation);PotCust;0;0;0;0;0;12/01/2018 00:00:00;0.00;;0;Avoidable;Group deal - going to Flightkeys;09/12/2023 00:00:00;Contract terminated
COM12414;LUXWING Ltd.;Customer;2;8;10;0;0;10/01/2012 00:00:00;8.00;;0;;;;
COM14528;Lynden Air Cargo, LLC;Pending Delivery;0;10;0;0;0;03/31/2026 00:00:00;4.00;;0;;;;
COM12154;MAC Medical Aviation Consulting GmbH;Customer;3;0;0;0;0;08/01/2008 00:00:00;8.00;;0;;;;
;MAHAN AIR;NonCust;0;0;0;0;0;;0.00;;0;;;;
;FSUE “State ATM Corporation”;PotCust;0;0;0;0;0;;0.00;;0;;;;
COM13408;MALETH AERO;Quarantine;0;0;0;0;0;09/01/2020 00:00:00;8.00;05/27/2025 00:00:00;0;Unavoidable;See blocked reason;05/27/2025 00:00:00;No payment, no communication
;MALMÖ AVIATION TEST;NonCust;0;0;0;0;0;;0.00;;0;;;;
;Mango Airlines;PotCust;0;0;0;0;0;;0.00;;0;;;;
COM13606;MAP Transportes Aéreos Ltda;PotCust;0;0;0;0;0;03/01/2020 00:00:00;0.00;;0;;;11/11/2020 00:00:00;No activity, no pay.
COM13516;MARATHON AIRLINES;Customer;2;5;0;0;0;08/01/2020 00:00:00;8.00;;0;;;;
COM13688;Maximus Air L.L.C;Customer;0;2;0;0;0;09/23/2020 00:00:00;8.00;;0;;;;
COM11319;MEDAVIA;PotCust;0;0;0;0;0;12/01/2006 00:00:00;8.00;10/31/2025 00:00:00;0;Unavoidable;Havent  used PPS for 5 Years. AC parked. Might resume operations at some time.;05/27/2025 00:00:00;missing payment
;MEGA GLOBAL AIR SERVICES ( MALDIVES ) PVT LTD.;NonCust;0;0;0;0;0;;0.00;;0;;;;
;Meridian Aircraft Management;PotCust;0;0;0;0;0;;0.00;;0;;;;
;Meridiana;PotCust;0;0;0;0;0;;0.00;;0;;;;
;METROPOLITAN AIRLINES AG;NonCust;0;0;0;0;0;;0.00;;0;;;;
COM12380;MHS Aviation GmbH;Customer;2;9;0;0;0;12/01/2012 00:00:00;8.00;;0;;;;
;Miami Air International;PotCust;0;0;0;0;0;;0.00;;0;;;;
;Michigan Aviation;PotCust;0;0;0;0;0;;0.00;;0;;;;
COM13873;MIXJET;Customer;0;0;0;0;0;10/03/2024 00:00:00;8.00;;0;;;;
COM13458;MJETS AIR Sdn Bhd (Kargo Xpress);Customer;0;5;0;0;0;01/06/2021 00:00:00;5.00;;0;;;;
;MJets Ltd.;PotCust;0;0;0;0;0;;8.00;;0;;;;
COM13941;MNG AIRLINES;PotCust;0;0;0;0;0;;0.00;;0;;;;
COM12494;MNG JET;PotCust;0;0;0;0;0;;0.00;;0;;;;
COM12589;Montenegro Airlines;PotCust;0;0;0;0;0;11/01/2019 00:00:00;0.00;;0;;;08/13/2021 00:00:00;Closed, now ToMontenegro
;Mountainflyers 80 Ltd;PotCust;0;0;0;0;0;;0.00;;0;;;;
COM13493;MOZAMBIQUE EXPRESSO;PotCust;0;0;0;0;0;;0.00;;0;;;;
;MTCom;NonCust;0;0;0;0;0;;0.00;;0;;;;Account closed in agreement with PJ
COM13542;MUNDIO International Plc.;PotCust;0;0;0;0;0;;0.00;;0;;;;
;Flightforce SAM;PotCust;0;0;0;0;0;;0.00;;0;;;10/28/2020 00:00:00;Account never been closed, no usage and no invoices. ACCOUNT CLOSED
COM14444;Mytri Aviation;PotCust;0;0;0;0;0;;0.00;;0;;;;
COM14071;My Way Airlines Co. Ltd;PotCust;0;0;0;0;0;;0.00;;0;;;;
COM13695;FLYSKY;Customer;0;0;0;0;0;10/01/2020 00:00:00;8.00;;0;;;08/15/2023 00:00:00;
COM13531;TAAG ANGOLA AIRLINES;Customer;1;27;26;14;0;06/20/2023 00:00:00;8.00;;0;;;;payment received - HEH unblock
COM13619;PROJET24;PotCust;0;0;0;0;0;;0.00;;0;;;;
COM13648;AIR AFFAIRES;PotCust;0;0;0;0;0;;0.00;;0;;;;
;ExecuJet Australia (LuxAviation);PotCust;0;0;0;0;0;;0.00;;0;;;;
;Jet Planning Services GmbH;PotCust;0;0;0;0;0;;0.00;;0;;;;
COM13480;NESAVIATON;PotCust;0;0;0;0;0;;0.00;;0;;;;
COM13622;EVAS AIR;PotCust;0;0;0;0;0;;0.00;;0;;;;
COM13604;ONTOP AIR CHARTER AG;NonCust;0;0;0;0;0;;0.00;;0;;;;
COM13526;JP Iaeono;NonCust;0;0;0;0;0;;0.00;;0;;;;
COM13654;BLUE EAGLE FLY;PotCust;0;0;0;0;0;;0.00;;0;;;;
COM13632;MERIT LOYAL TECHNOLOGY LTD;PotCust;0;0;0;0;0;;0.00;;0;;;;
COM13530;DAS private jets GmbH;Customer;3;4;0;0;0;10/01/2022 00:00:00;8.00;;0;;;;
COM13680;NILS CONRADI;PotCust;0;0;0;0;0;;0.00;;0;;;;
COM13657;AJWAA AIRLINES;PotCust;0;0;0;0;0;09/30/2020 00:00:00;0.00;;0;Unavoidable;Missing payment, no contact;01/24/2023 00:00:00;No payment!
COM13533;AVIATORS S.A.S.;NonCust;0;0;0;0;0;;0.00;;0;;;;
COM13628;UPLINK OPERATIONS;NonCust;0;0;0;0;0;;0.00;;0;;;;
COM13584;Zephyr Aviation Ltd;PotCust;0;0;0;0;0;;0.00;;0;;;;
COM13550;Flightserve;NonCust;0;0;0;0;0;;0.00;;0;;;;
COM13691;GOVERNMENT OF THE REP. OF CROATIA;Customer;3;1;0;0;0;12/01/2020 00:00:00;8.00;;0;;;;
COM13524;Lynxjet Private Flights;PotCust;0;0;0;0;0;;0.00;;0;;;;
COM13586;VVIP FLIGHT PVT LTD;PotCust;0;0;0;0;0;;0.00;;0;;;;
;Al Haya Airlines;NonCust;0;0;0;0;0;;0.00;;0;;;;
COM13600;ORTAC;PotCust;0;0;0;0;0;;0.00;;0;;;;
COM13483;748 AIR SERVICES;PotCust;0;0;0;0;0;;0.00;;0;;;;
COM13615;AVIS7 LLC;PotCust;0;0;0;0;0;;0.00;;0;;;;
COM13553;TRANSAVIABALTIKA;NonCust;0;0;0;0;0;;0.00;;0;;;;
COM13225;CAE AVIATION Luxembourg;NonCust;0;0;0;0;0;;0.00;;0;;;;
COM13528;Resource Aviation Services;NonCust;0;0;0;0;0;;0.00;;0;;;;
COM13556;YANNICK BOGAERT;PotCust;0;0;0;0;0;;0.00;;0;;;;
;ExecuJet New Zealand Limited (LuxAviation);PotCust;0;0;0;0;0;;0.00;;0;;;;
COM13630;CORENDON DUTCH AIRLINES;PotCust;0;0;0;0;0;;0.00;;0;;;;
COM13644;DE MAN AVIATION;NonCust;0;0;0;0;0;;0.00;;0;;;;
COM13673;Air Juan;PotCust;0;0;0;0;0;;0.00;;0;;;;
COM13620;AEROWORLD FLIGHT SUPPORT;PotCust;0;0;0;0;0;;0.00;;0;;;;
COM13618;WHITE AIRWAYS;Customer;2;0;0;0;0;05/21/2025 00:00:00;0.00;;0;;;;
COM13563;AZUR AIR Russia;Quarantine;0;0;0;0;0;;0.00;;0;;;;
COM13627;IDC AVIATION;PotCust;0;0;0;0;0;;0.00;;0;;;;
COM13583;Kommunalförbundet Svenskt Ambulansflyg (KSA);NonCust;0;0;0;0;0;;0.00;;0;;;;
COM13994;Jet Aviation;PotCust;0;0;0;0;0;06/02/2021 00:00:00;0.00;;0;Avoidable;Group deal - lux aviation;10/04/2023 00:00:00;Contract terminated
COM13597;Avalon Airlines LLC;PotCust;0;0;0;0;0;;0.00;;0;;;;
COM13568;Fastway Aviation Group;PotCust;0;0;0;0;0;;0.00;;0;;;;
;Clay Lacy Aviation, Inc.;PotCust;0;0;0;0;0;;0.00;;0;;;;
COM13629;MPC AIR;PotCust;0;0;0;0;0;;0.00;;0;;;;
COM13612;CADG Aviation (Pty) Ltd;PotCust;0;0;0;0;0;;0.00;;0;;;;
COM13694;FLYJETSTREAM;NonCust;0;0;0;0;0;;0.00;;0;;;;
COM13536;GRYPHON AIRLINES SA;NonCust;0;0;0;0;0;;0.00;;0;;;;
COM13602;GUARDIAN AIR;PotCust;0;0;0;0;0;;0.00;;0;;;;
COM13607;Air Zimbabwe;Quarantine;2;0;0;0;0;12/04/2020 00:00:00;4.00;;0;;;05/12/2026 00:00:00;Lack of payment
COM11340;NAC Nordic Aviation Capital;PotCust;0;0;0;0;0;04/01/2018 00:00:00;0.00;;0;;;01/31/2022 00:00:00;No more relations to NAC, if they want PPS again, they have to sign up.
;NAC National Airways corporation;PotCust;0;0;0;0;0;;0.00;;0;;;;
COM12618;NAS CORPORATION LTD;Customer;3;0;0;0;0;07/24/2014 00:00:00;8.00;;0;;;06/08/2023 00:00:00;
;Nashwan Aviation LLC;NonCust;0;0;0;0;0;;0.00;;0;;;;
COM11565;NATEAM;PotCust;0;0;0;0;0;;0.00;;0;;;;
COM13489;National Airways (Ethiopia);PotCust;0;0;0;0;0;10/01/2019 00:00:00;0.00;;0;;;05/19/2021 00:00:00;No payment, have send several reminders, they do not act on any of them. See history from Yeshiwas
;Neptune Aviation Services, Inc;PotCust;0;0;0;0;0;;0.00;;0;;;;
;NESAVIATION;NonCust;0;0;0;0;0;;0.00;;0;;;;
COM12911;NESMA AIRLINES;Customer;2;12;12;12;0;01/01/2016 00:00:00;8.00;;0;;;;
COM13642;NEXTGEN AVIATION GROUP N.V.;NonCust;0;0;0;0;0;;0.00;;0;;;;
COM11884;NEXT JET TEST;NonCust;0;0;0;0;0;;0.00;;0;;;;Bankruptcy, account closed
COM13393;NILE AIR;Customer;2;7;0;0;0;10/08/2021 00:00:00;8.00;;0;;;;
;NILE VALLEY AVIATION;NonCust;0;0;0;0;0;;0.00;;0;;;;
;NOBISAIR AB;NonCust;0;0;0;0;0;;0.00;;0;;;;
;NOKSCOOT;PotCust;0;0;0;0;0;;0.00;;0;;;;
COM13238;Nolinor Aviation;Customer;0;8;0;0;0;02/01/2019 00:00:00;8.00;;0;;;;
COM13395;JSC NordStar Airlines;Quarantine;0;0;0;0;0;10/01/2019 00:00:00;0.00;;0;;;03/09/2022 00:00:00;Discontinue of service - Russia
;NORDWIND;Quarantine;0;0;0;0;0;;0.00;;0;;;;
COM12930;NORLANDAIR;PotCust;0;0;0;0;0;;0.00;;0;;;;
;North Cariboo Air;PotCust;0;0;0;0;0;;0.00;;0;;;;
COM11152;NORTH FLYING A/S;Customer;2;6;2;0;0;12/01/1990 00:00:00;8.00;;0;;;;
COM14679;Northern Air Cargo;PotCust;0;0;0;0;0;;0.00;;0;;;;
COM11209;NORWEGIAN AIR SHUTTLE ASA;PotCust;0;0;0;0;0;11/01/2005 00:00:00;0.00;;0;;;10/26/2021 00:00:00;All accounts blocked, not customer
COM12836;Nova Airways;NonCust;0;0;0;0;0;05/01/2015 00:00:00;0.00;;0;Unavoidable;Missing payment;05/16/2023 00:00:00;Missing payment and communication/war in the country, bank closed, at least a year
COM12249;NOVAIR Test;NonCust;0;0;0;0;0;;0.00;;0;;;;NOVAIR closed and terminated
COM14151;NovoAir Ltd.;PotCust;0;0;0;0;0;;0.00;;0;;;;
;NPAS Ltd;NonCust;0;0;0;0;0;;0.00;;0;;;;
;OCEAN AIRLINES LIMITED;PotCust;0;0;0;0;0;;0.00;;0;;;;
;Oceanskies Aero Ltd;PotCust;0;0;0;0;0;;0.00;;0;;;;
COM13514;OK AVIATION WINGS;Customer;3;1;0;0;0;09/01/2019 00:00:00;8.00;;0;;;;
COM11595;OLYMPIC AIR S.A.;Customer;2;19;0;0;0;08/01/2009 00:00:00;8.00;;0;;;;
COM12943;OLYMPUS AIRWAYS S.A;PotCust;0;0;0;0;0;03/01/2016 00:00:00;0.00;;0;Unavoidable;Missing payment, company still exist;03/01/2022 00:00:00;Due to missing payment and communication
;Oman Air;PotCust;0;0;0;0;0;;0.00;;0;;;;
COM13537;OMNI Táxi Aéreo S.A.;PotCust;0;0;0;0;0;09/01/2021 00:00:00;0.00;06/30/2024 00:00:00;0;Unavoidable;Has no use of system anymore;07/03/2024 00:00:00;Has no use of system anymore
COM12301;Omni Aviação eTecnologia SA.;PotCust;0;0;0;0;0;05/01/2012 00:00:00;0.00;;0;;;05/21/2025 00:00:00;Transferred to White Airways instead. (Omni and White have parted ways, May 25)
;OneCarribean LTD AOC;PotCust;0;0;0;0;0;;0.00;;0;;;;
;Opera Jet 2 CB account;NonCust;0;0;0;0;0;;0.00;;0;;;;Should have been closed 03.03.2016 with main account, now closed correctly
COM12966;Orange2Fly;NonCust;0;0;0;0;0;;0.00;;0;;;10/30/2020 00:00:00;Blocked due to missing payment and lack of communication
;Orion Airways;PotCust;0;0;0;0;0;;0.00;;0;;;;
COM12174;Alliance Executive Jets Ltd, Orion (Malta) Ltd.;PotCust;0;0;0;0;0;09/01/2013 00:00:00;0.00;;0;;;12/02/2020 00:00:00;Moved all activities to Alliance Flight Support, no need for own account anymore.
COM12833;Orion-X Ltd;Quarantine;0;0;0;0;0;04/01/2015 00:00:00;0.00;;0;;;03/09/2022 00:00:00;Discontinue of service - Russia
;Osprey Flight Solutions;NonCust;0;0;0;0;0;;0.00;;0;;;;
COM12489;OYONNAIR;Customer;3;13;0;0;0;03/01/2013 00:00:00;8.00;;0;;;;
COM13576;Pacific Coastal Airlines;PotCust;0;0;0;0;0;;0.00;;0;;;;
COM11155;ProAir Aviation GmbH;Customer;1;36;0;0;0;01/01/1998 00:00:00;8.00;;0;;;12/18/2023 00:00:00;
;Pan Air;NonCust;0;0;0;0;0;;0.00;;0;;;;
COM11622;Panaviatic Ltd;Customer;3;3;0;0;0;08/01/2012 00:00:00;8.00;;0;;;;
;Panisa Airlines S.A;PotCust;0;0;0;0;0;;0.00;;0;;;;
COM11411;Papier-Mettler KG;PotCust;0;0;0;0;0;08/01/2007 00:00:00;8.00;01/01/2025 00:00:00;0;Avoidable;due to some reorganisation at flight department, and Route Generation;03/03/2025 00:00:00;due to some reorganisation at flight department, and Route Generation
COM13643;Paradox Jets Ltd;PotCust;0;0;0;0;0;;0.00;;0;;;;
;Pars Air;NonCust;0;0;0;0;0;;0.00;;0;;;;
COM12767;Petroleum Air Services (PAS);Customer;3;8;0;0;0;03/01/2020 00:00:00;8.00;;0;;;;
;Pascan Aviation;PotCust;0;0;0;0;0;;0.00;;0;;;;
COM13084;Voepass - Linhas Aéreas;Quarantine;0;0;0;0;0;10/01/2018 00:00:00;8.00;04/30/2025 00:00:00;0;Unavoidable;Grounded by the auth. due to missing SMS and lack of compliance;05/08/2025 00:00:00;Grounded by the auth. due to missing SMS and lack of compliance
COM13342;Passionair;Customer;2;4;0;0;0;07/01/2020 00:00:00;8.00;;0;;;11/29/2023 00:00:00;
COM11898;PEAK Air GMBH;PotCust;0;0;0;0;0;07/01/2007 00:00:00;8.00;04/30/2025 00:00:00;0;Avoidable;Outsourcing to existing PPS user.;11/04/2025 00:00:00;Termination received, cleaning up. Out sourcing FPL planning to existing PPS user.
;PEGASUS AIRLINES;PotCust;0;0;0;0;0;;0.00;;0;;;;
;Perimeter Aviation;PotCust;0;0;0;0;0;;0.00;;0;;;;
;PERSONAL AIR TRANSPORT;PotCust;0;0;0;0;0;;0.00;;0;;;;
COM11743;PETRO AIR;Customer;3;6;0;0;0;11/01/2013 00:00:00;8.00;;0;;;;
;Pfizer Aviation;PotCust;0;0;0;0;0;;0.00;;0;;;;
;PHARMAFLIGHT;PotCust;0;0;0;0;0;;0.00;;0;;;;
COM13455;PHOENIX AVIATION;PotCust;0;0;0;0;0;;0.00;;0;;;;
;Pintomap (Taillog);NonCust;0;0;0;0;0;;0.00;;0;;;;
;PIVOT AIRLINES;PotCust;0;0;0;0;0;;0.00;;0;;;;
COM13054;Plus Ultra Líneas Aéreas S.A.;PotCust;0;0;0;0;0;11/01/2016 00:00:00;0.00;;0;;;05/12/2021 00:00:00;Should have been closed end February 2021
;Pobeda Airlines LLC;Quarantine;0;0;0;0;0;;0.00;;0;;;;
;Polish Air Force;PotCust;0;0;0;0;0;;0.00;;0;;;;
;Porter Airlines;PotCust;0;0;0;0;0;;0.00;;0;;;;
;PRAGA AVIATION s.r.o.;PotCust;0;0;0;0;0;;0.00;;0;;;;
;JSC PREMIER AVIA;PotCust;0;0;0;0;0;;0.00;;0;;;;
COM13527;PREMIER PRIVATE JETS;PotCust;0;0;0;0;0;;0.00;;0;;;;
COM12429;Premium Jet AG;PotCust;0;0;0;0;0;10/01/2012 00:00:00;0.00;;0;Unavoidable;No Activity;10/02/2023 00:00:00;Contract terminated
;Prestbury Two LLP;PotCust;0;0;0;0;0;;0.00;;0;;;;
COM13678;PRIME AVIATION;Customer;0;0;0;0;0;10/01/2021 00:00:00;8.00;;0;;;;
;Prime Jet LLC;PotCust;0;0;0;0;0;;0.00;;0;;;;
COM13547;PRIMEYOU;PotCust;0;0;0;0;0;;0.00;;0;;;;
COM13611;PRINCE AVIATION;PotCust;0;0;0;0;0;;0.00;;0;;;;
;PRIVAJET;PotCust;0;0;0;0;0;;0.00;;0;;;;
;PrivatAir Saudi Arabia Ltd;PotCust;0;0;0;0;0;;0.00;;0;;;;
COM14613;PAL Airlines;PotCust;0;0;0;0;0;;0.00;;0;;;;
;PSA Airlines, Inc.;PotCust;0;0;0;0;0;;0.00;;0;;;;
COM13337;PSI AIR 2007;PotCust;0;0;0;0;0;03/22/2021 00:00:00;0.00;;0;Unavoidable;Missing payment;06/08/2023 00:00:00;No payment, no communication
;PUROLATOR;NonCust;0;0;0;0;0;;0.00;;0;;;;
COM14003;QATAR AIRWAYS;PotCust;0;0;0;0;0;;0.00;;0;;;;
COM13867;Qatar Amiri Flight;PotCust;0;0;0;0;0;;0.00;;0;;;;
;Q.C.M. Quality Control Management AG;NonCust;0;0;0;0;0;;0.00;;0;;;;
COM13074;QCM Quality Control Management AG;NonCust;0;0;0;0;0;07/02/2020 00:00:00;0.00;01/05/2024 00:00:00;0;Avoidable;New Company, Peak Aero Solutions, COM14362;01/05/2024 00:00:00;New Company, Peak Aero Solutions, COM14362. All QCM accounts moved to Peak Aero
;QESHM AIRLINES;NonCust;0;0;0;0;0;;0.00;;0;;;;
COM13564;QUEEN AIR;PotCust;0;0;0;0;0;12/01/2019 00:00:00;0.00;;0;;;01/19/2022 00:00:00;Moved account to QA Aviation s.r.o.
COM11161;QUICK AIR JET CHARTER GmbH;Customer;3;6;0;0;0;07/01/1995 00:00:00;8.00;;0;;;;
;"QUICKTURN
mjets*";NonCust;0;0;0;0;0;;0.00;;0;;;;
COM13859;RARE AIR LIMITED;PotCust;0;0;0;0;0;;0.00;;0;;;;
;RAY AIRLINES;NonCust;0;0;0;0;0;;0.00;;0;;;10/28/2020 00:00:00;Closed by RS, due to US sanctions
COM13626;RBA VOYAGE Sdn Bhd;PotCust;0;0;0;0;0;;0.00;;0;;;;
;RED WINGS AIRLINES;Quarantine;0;0;0;0;0;;0.00;;0;;;;
COM13613;REDSTAR AVIATION;Customer;0;0;0;0;0;12/01/2020 00:00:00;8.00;;0;;;;
COM12511;AIR CHARTER EXPRESS LLC (Former REEM STYLE);Customer;0;8;5;3;0;05/01/2013 00:00:00;8.00;;0;;;;
COM14150;Regent Airways;PotCust;0;0;0;0;0;;0.00;;0;;;;
COM13042;Regional Jet OU ( X-Fly / NORDICA);NonCust;1;0;0;0;0;07/01/2016 00:00:00;0.00;12/31/2024 00:00:00;0;Unavoidable;Bankruptcy;01/07/2025 00:00:00;Bankruptcy
COM12245;REGOURD AVIATION (Amelia);Customer;1;21;18;14;0;10/01/2018 00:00:00;0.00;;0;;;;
COM14326;RELIANCE AIR CHARTER;PotCust;3;0;0;0;0;;0.00;;0;;;;
;Reva, Inc.;PotCust;0;0;0;0;0;;0.00;;0;;;;
;REY AIRLINES;PotCust;0;0;0;0;0;;0.00;;0;;;;
COM13521;RH Trade AG;PotCust;0;0;0;0;0;;0.00;;0;;;;
COM13314;ROBUST ANALYTICS;PotCust;0;0;0;0;0;05/01/2017 00:00:00;0.00;;0;;;10/28/2020 00:00:00;Not using the system - special deal from JA - account closed in 2020
COM12309;ROSENXT Holding AG;Customer;3;1;0;0;0;07/01/2013 00:00:00;8.00;;0;;;;
;ROSSIYA AIRLINES JSC;Quarantine;0;0;0;0;0;;0.00;;0;;;;
COM13422;ROYAL AIR AB;PotCust;0;0;0;0;0;;0.00;;0;;;;
COM13220;ROYAL AIR Charter Service Inc;Customer;0;3;0;0;0;11/01/2017 00:00:00;8.00;;0;;;;
COM13429;Eswatini Air;Customer;2;4;0;0;0;05/01/2019 00:00:00;8.00;;0;;;;
COM12632;ROYAL JET;Customer;0;31;0;0;0;03/01/2019 00:00:00;8.00;;0;;;;
COM13559;RRSM International LLC;PotCust;0;0;0;0;0;;0.00;;0;;;;
COM13562;RUSLINE;Quarantine;0;0;0;0;0;;0.00;;0;;;;
COM13499;SA EXPRESS;PotCust;0;0;0;0;0;;0.00;;0;;;;
COM11391;Babcock Scandinavian Air Ambulance AB;NonCust;0;0;0;0;0;05/01/2007 00:00:00;0.00;;0;Unavoidable;No activity - contact for ambulance service lost.;10/04/2023 00:00:00;Contract terminated
COM11404;SAAB AB;Customer;3;12;0;0;0;03/01/2008 00:00:00;8.00;;0;;;;
COM12587;Ministry of defence SAF Airlift;Customer;3;4;4;3;0;03/01/2014 00:00:00;8.00;;0;;;;
COM13057;SAFAIR OPERATIONS (PTY) LTD;Customer;1;38;0;0;0;09/01/2017 00:00:00;8.00;;0;;;;
COM13822;SAFARILINK AVIATION LTD;PotCust;0;0;0;0;0;;0.00;;0;;;;
;Safi Airways;PotCust;0;0;0;0;0;;0.00;;0;;;;
;SAG - SERVICE AÉRIEN GOUVERNEMENTAL;PotCust;0;0;0;0;0;;0.00;;0;;;;
;SAHAND ASIA AIRLINE;NonCust;0;0;0;0;0;;0.00;;0;;;;
COM13529;SAHARA AFRICAN AVIATION;PotCust;0;0;0;0;0;;0.00;;0;;;;
COM14031;Sahel Aviation Service;PotCust;0;0;0;0;0;;0.00;;0;;;;
;Saint Royal Aviation;PotCust;0;0;0;0;0;;0.00;;0;;;;
;SAMSIC S.A.;NonCust;0;0;0;0;0;;0.00;;0;;;;
COM14199;Sapura Aero Sdn Bhd;PotCust;0;0;0;0;0;;0.00;;0;;;;
COM13601;Sarah Airways;Customer;3;5;5;0;0;02/01/2020 00:00:00;8.00;;0;;;;
COM12212;Sardinian Sky Services s.r.l;Customer;3;2;0;0;0;01/01/2012 00:00:00;8.00;;0;;;;
;(Duplicate) SAS (do not use);NonCust;0;0;0;0;0;;0.00;;0;;;;
COM12396;SATA Air Acores, SA;Customer;1;7;0;0;0;10/01/2015 00:00:00;8.00;;0;;;;
COM14024;SATA INTERNATIONAL;Pending Closure;2;7;7;0;0;01/02/2023 00:00:00;5.00;09/30/2029 00:00:00;0;Avoidable;dissatisfied with ETOPS calculation - bad onboarding from customer side. First termination received 13 january 2025, but agreed to negotation;;
COM13659;SAUDI ROYAL AVIATION;Customer;0;17;0;0;0;11/03/2022 00:00:00;8.00;;0;;;;
COM12870;Saudi Royal Fleet;Customer;0;0;11;0;0;09/01/2015 00:00:00;6.00;;0;;;;
COM13121;SAUDIA;PotCust;0;0;0;0;0;;0.00;;0;;;11/02/2020 00:00:00;Account closed correctly
COM11394;SaxonAir Charter Ltd.;PotCust;3;8;0;0;0;06/01/2007 00:00:00;8.00;03/31/2026 00:00:00;0;Avoidable;changing du to EFB  and long login issues;04/15/2026 00:00:00;Closed pr. mail HEH
;SC AeroTech Llc;NonCust;0;0;0;0;0;;0.00;;0;;;;
COM12024;SCANWINGS LTD;PotCust;0;0;0;0;0;10/01/2012 00:00:00;0.00;;0;Avoidable;Going to webbased solution, with integraded Runway analysis. Rocket Route, Ipreflight;11/08/2023 00:00:00;The customer has terminated the agreement
;Scott International Procedures;NonCust;0;0;0;0;0;;0.00;;0;;;;
COM11650;SEABORNE AIRLINES Inc.;Customer;0;3;0;0;0;11/01/2012 00:00:00;8.00;;0;;;;
;Seletar Jet Charter Pte Ltd;PotCust;0;0;0;0;0;;0.00;;0;;;;
;SEPEHRAN AIRLINES;NonCust;0;0;0;0;0;;0.00;;0;;;;
COM13676;SerAir Transworld Press;PotCust;0;0;0;0;0;01/01/2021 00:00:00;0.00;;0;;;03/23/2023 00:00:00;Global Aviation S.A.R.L to be used instead!
;Shaheen Air International LTD;Quarantine;0;0;0;0;0;;0.00;;0;;;;
;Siam Air Transport;PotCust;0;0;0;0;0;;0.00;;0;;;;
;SIGNATURE FLIGHT SUPPORT;PotCust;0;0;0;0;0;;0.00;;0;;;;
COM14145;SILK WAY WEST AIRLINES;PotCust;0;0;0;0;0;;0.00;;0;;;;
;Silver Airways;NonCust;0;0;0;0;0;;0.00;;0;;;01/20/2025 00:00:00;Chapter 11 Bankruptcy notice received 2025-01-20 see documents
COM12957;SILVER CLOUD AIR GmbH;Customer;3;5;0;0;0;04/01/2001 00:00:00;8.00;;0;;;;
COM13508;SIRIUS-AERO;Quarantine;0;0;0;0;0;11/01/2019 00:00:00;0.00;;0;;;04/21/2021 00:00:00;Still blocked, no activity
;Sixt Air GmbH;PotCust;0;0;0;0;0;;0.00;;0;;;;
;SKA AIRCRAFT LEASING;NonCust;0;0;0;0;0;;0.00;;0;;;;
COM12319;SKAN SERVICE APS (CB WX only);Customer;3;0;0;0;0;01/01/2012 00:00:00;0.00;;0;;;;
COM13482;SKY AIRLINE;PotCust;0;0;0;0;0;;0.00;;0;;;;
COM13566;SkyAir;Quarantine;0;0;0;0;0;01/01/2020 00:00:00;8.00;04/30/2025 00:00:00;0;Unavoidable;Out of business for now;04/30/2025 00:00:00;Out of business for now
COM12369;SKY EXPRESS S.A.;PotCust;0;0;0;0;0;12/01/2016 00:00:00;0.00;;0;;;03/08/2021 00:00:00;Termination of agreement
;SKY PARTNERS GROUP;PotCust;0;0;0;0;0;;0.00;;0;;;;
;SKYBIRD Airlines;PotCust;0;0;0;0;0;;0.00;;0;;;;
;SKYLINE  Ulaşım Ticaret A.Ş.;PotCust;0;0;0;0;0;;0.00;;0;;;;
;Skyplan;NonCust;0;0;0;0;0;;0.00;;0;;;08/13/2025 00:00:00;Found inactive account on competitor and closed it
;(Duplicate) SKYTAXI sp. Z o.o. (do not use);NonCust;0;0;0;0;0;;0.00;;0;;;;
COM13269;SkyUp Airlines;Customer;0;0;0;0;0;05/01/2018 00:00:00;8.00;;0;;;;
COM13453;SKYWARD AIRLINES;Customer;3;4;0;0;0;05/02/2024 00:00:00;8.00;;0;;;;
COM13539;SKYX AIRWAYS;NonCust;0;0;0;0;0;;0.00;;0;;;10/30/2020 00:00:00;Closed due to lack of payment and communication
COM13106;Sleepwell Aviation ltd;PotCust;0;0;0;0;0;11/01/2016 00:00:00;0.00;;0;;;05/09/2022 00:00:00;Lost customer - Rocket Route
COM12969;Ministerstvo vnútra SR Slovak Government;Customer;3;4;0;0;0;10/01/2016 00:00:00;8.00;;0;;;;
COM13605;SMART JET SP. Z.O.O.;Customer;3;6;0;0;0;03/01/2020 00:00:00;8.00;;0;;;;
COM14106;SMART JET AVIATION;PotCust;0;0;0;0;0;;0.00;;0;;;;
;Smart4Aviation Technologies B.V.;NonCust;0;0;0;0;0;;0.00;;0;;;;
COM12038;SMART AVIATION;Customer;3;7;0;0;0;10/01/2018 00:00:00;0.00;;0;;;;
COM12657;Smartlynx Airlines;NonCust;1;0;35;22;35;12/01/2014 00:00:00;8.00;11/07/2025 00:00:00;0;Unavoidable;Unchurned;11/24/2025 00:00:00;Insolvency
;SMILE AIR;PotCust;0;0;0;0;0;;0.00;;0;;;;
;Smooth Route Sdn. Bhd.;PotCust;0;0;0;0;0;;0.00;;0;;;;
COM14068;SOLENTA AVIATION;PotCust;0;0;0;0;0;;0.00;;0;;;;
COM13790;ACASS Ireland Ltd;PotCust;0;0;0;0;0;;0.00;;0;;;;
COM11224;SIPJ SONNIG International Private Jet;PotCust;0;0;0;0;0;08/01/2013 00:00:00;0.00;;0;Avoidable;going to onknown competitor;06/13/2023 00:00:00;Lost to competitor
COM11230;(Duplicate) Falcon Jet Aviation;NonCust;0;0;0;0;0;;0.00;;0;;;;
COM11228;Falcon Wings;PotCust;0;0;0;0;0;08/01/2013 00:00:00;0.00;01/02/2024 00:00:00;0;Unavoidable;contract terminated;01/02/2024 00:00:00;Contract terminated
COM13141;SOUTHERN CROSS INTERNATIONAL;Customer;3;0;0;0;0;03/01/2017 00:00:00;8.00;;0;;;;
COM11909;Sovereign Business Jets Limited;PotCust;0;0;0;0;0;05/01/2010 00:00:00;0.00;;0;;;11/09/2020 00:00:00;Terminated agreement 06-11-2020, account to be closed on 31st December 2020
COM13558;SPACECARGO INC;Customer via;0;0;0;0;0;02/01/2020 00:00:00;0.00;;0;;;08/30/2021 00:00:00;Invoiced to Bu Shames from Aug 1st, 2021
COM14661;SPEC Energy;PotCust;0;0;0;0;0;07/01/2016 00:00:00;0.00;;0;;;;
;Specsavers Optical Superstores Limited;PotCust;0;0;0;0;0;;0.00;;0;;;;
;Specsavers (Cust with Signum);Customer via;0;0;0;0;0;05/05/2025 00:00:00;0.00;;0;;;;
COM11934;Speedwings Business SA (Sparfell);Customer;3;1;0;0;0;10/01/2014 00:00:00;8.00;;0;;;;
COM13520;Spherus Aviation;NonCust;0;0;0;0;0;;0.00;;0;;;;
COM14122;SpiceJet Ltd.;PotCust;0;0;0;0;0;;0.00;;0;;;;
;Spirit Airlines, Inc;PotCust;0;0;0;0;0;;0.00;;0;;;;
;SPREE FLUG;PotCust;0;0;0;0;0;;0.00;;0;;;;
COM11466;SPRINTAIR SA;Customer;2;15;0;0;0;03/01/2008 00:00:00;8.00;;0;;;;
COM11178;STAR-LINE;PotCust;0;0;0;0;0;;0.00;;0;;;;
COM11518;MAERSK AIR CARGO (Tidligere STAR AIR);Pending Closure;1;19;0;0;0;11/01/2011 00:00:00;8.00;10/30/2031 00:00:00;0;Avoidable;Lasse Bay Hansen;;
COM13461;Star Air Cargo (Pty) Ltd;PotCust;2;0;0;0;0;02/01/2020 00:00:00;8.00;03/31/2025 00:00:00;0;Unavoidable;Out of business;04/02/2025 00:00:00;Out of business
COM13322;Ghodawat Enterprises Pvt Ltd (Star Air India);Customer;2;9;8;8;0;10/01/2018 00:00:00;8.00;;0;;;;
COM13382;STAR AVIATION SPA;Customer;2;10;0;0;0;10/01/2018 00:00:00;8.00;;0;;;;
COM13637;STAR EAST AIRLINE SRL (Jordan);PotCust;0;0;0;0;0;;0.00;;0;;;;
;STARLINE AVIATION;PotCust;0;0;0;0;0;;0.00;;0;;;;
;Starwings GmbH;PotCust;0;0;0;0;0;;0.00;;0;;;;
COM13684;State Air Enterprise Ukraine;PotCust;0;0;0;0;0;;0.00;;0;;;;
COM13599;STEFAN BUCHHOLZ;PotCust;0;0;0;0;0;03/01/2020 00:00:00;0.00;;0;;;;
COM12084;SUDAN AIRWAYS;Customer;1;1;1;0;0;11/01/2016 00:00:00;8.00;;0;;;;
COM11181;SUN AIR OF SCANDINAVIA A/S (SUN-AIR Aviation Group);Customer;2;5;5;0;0;12/01/1990 00:00:00;8.00;;0;;;;
;Sun Country Airlines;PotCust;0;0;0;0;0;;0.00;;0;;;;
COM13646;SUNCLASS AIRLINES;PotCust;1;0;0;0;0;09/01/2020 00:00:00;0.00;;0;;;;
;SunExpress Airline;PotCust;0;0;0;0;0;;0.00;;0;;;;
COM13118;Sunrise Airways S.A.;PotCust;0;0;0;0;0;02/01/2017 00:00:00;0.00;03/06/2024 00:00:00;0;Unavoidable;Missing payment;03/06/2024 00:00:00;missing payment and communication
COM13541;SUNWING AIRLINES INC.;PotCust;0;0;0;0;0;;0.00;;0;;;;
COM11189;FÖRSVARSMAKTEN (SWEDISH AIR FORCE);NonCust;0;0;0;0;0;11/09/1999 00:00:00;0.00;09/30/2025 00:00:00;0;Avoidable;Charts, stay funktion,;;
COM12878;SWIFTAIR S.A;Customer;1;51;53;0;0;01/01/2016 00:00:00;8.00;;0;;;;
;SWIFT FLITE;PotCust;0;0;0;0;0;;0.00;;0;;;;
;SwiftAir Hellas;PotCust;0;0;0;0;0;;0.00;;0;;;;
COM11190;Swiss Air Force;Customer via;1;6;1;4;0;11/01/2003 00:00:00;8.00;;0;;;;
COM13522;SWISS GLOBAL JET;PotCust;0;0;0;0;0;;0.00;;0;;;;
;SYRIAN ARAB AIRLINES;NonCust;0;0;0;0;0;;0.00;;0;;;;
;T&A Systeme GmbH;NonCust;0;0;0;0;0;;0.00;;0;;;;
COM13717;TAB CHARTERS;PotCust;0;0;0;0;0;;0.00;;0;;;;
;TAFTAN AIR;NonCust;0;0;0;0;0;;0.00;;0;;;;
;TAG AVIATION SPAIN;PotCust;0;0;0;0;0;;0.00;;0;;;;Not been invoiced since 2012 for the access to CB and PPS, now closed
COM13543;Turkish Aerospace Industries;Customer;0;1;0;0;0;03/01/2021 00:00:00;8.00;;0;;;;
;T-AIR;NonCust;0;0;0;0;0;;0.00;;0;;;;
COM12778;TALA Fze;PotCust;0;0;0;0;0;12/01/2014 00:00:00;0.00;;0;;;02/04/2021 00:00:00;Invoice to BADR Airlines from 1/1-21
;TAME EP Línea Aérea del Ecuador;PotCust;0;0;0;0;0;;0.00;;0;;;;
COM12528;LINK CONNECTION AEREA, Tarmexico;Customer;0;4;0;0;0;11/01/2013 00:00:00;8.00;;0;;;;
;TAROM Romanian Air Transport;PotCust;0;0;0;0;0;;0.00;;0;;;;
COM12682;Tatra JET s.r.o.;PotCust;0;0;0;0;0;01/14/2021 00:00:00;8.00;06/30/2025 00:00:00;0;Avoidable;New ownership and new management, decision mad by the owners.;07/01/2025 00:00:00;New ownership and new management, decision mad by the owners.
COM13274;Tayaran Jet JSCo;PotCust;0;0;0;0;0;03/01/2018 00:00:00;0.00;;0;;;08/24/2021 00:00:00;Missing payment
;TC by Paulina Woroniecka;PotCust;0;0;0;0;0;;0.00;;0;;;;
COM13378;Georgian Wings (TCA LLC);Quarantine;0;0;0;0;0;02/18/2021 00:00:00;8.00;12/31/2024 00:00:00;0;Unavoidable;No AC, No flights, no use of PPS;08/20/2025 00:00:00;No AC, No flights, no use of PPS. No communiation. No payment
COM13354;TEXEL AIR;Customer;0;11;11;11;0;08/01/2019 00:00:00;8.00;;0;;;;
COM13545;Thai Summer Airways;Quarantine;0;0;0;0;0;;0.00;;0;;;;
;THALES;NonCust;0;0;0;0;0;;0.00;;0;;;;
;Thales R&T Avionics Services Worldwide;NonCust;0;0;0;0;0;;0.00;;0;;;;
COM13540;THE AVIATION COMPANY;PotCust;0;0;0;0;0;;0.00;;0;;;;
;The Little Jet Company;PotCust;0;0;0;0;0;;0.00;;0;;;;
COM13247;TIMBIS AIR SERVICES;PotCust;0;0;0;0;0;;0.00;;0;;;;
;Time Air;PotCust;0;0;0;0;0;;0.00;;0;;;;
COM13709;TITAN AVIATION;PotCust;0;0;0;0;0;;0.00;;0;;;;
;ASL Airlines Belgium;PotCust;0;0;0;0;0;;0.00;;0;;;;
COM12304;TOYO AVIATION;Customer;3;3;0;0;0;02/01/2014 00:00:00;8.00;;0;;;;
COM12370;TRADE AIR d.o.o.;Customer;2;5;5;5;0;12/01/2012 00:00:00;8.00;;0;;;;
;trainingAir ApS;NonCust;0;0;0;0;0;;0.00;;0;;;;
;TRANS CAPITAL AIR LTD.;PotCust;0;0;0;0;0;;0.00;;0;;;;
;Transair;PotCust;0;0;0;0;0;;0.00;;0;;;;
;Transavia France;PotCust;0;0;0;0;0;;0.00;;0;;;;
COM13596;TransNusa Aviation Mandiri;PotCust;0;0;0;0;0;06/01/2020 00:00:00;0.00;;0;;;09/14/2021 00:00:00;Lost com after signed agreement, now closed after being pending for more than a year.
;TRANS STATES HOLDING;PotCust;0;0;0;0;0;;0.00;;0;;;;
COM12789;Smartwings, a.s. Travel service;Customer;1;48;52;46;0;08/31/2016 00:00:00;3.00;;0;;;;
;TRAVICO GmbH.;NonCust;0;0;0;0;0;;0.00;;0;;;;
;Travira Air;PotCust;0;0;0;0;0;;0.00;;0;;;;
;Asia Cargo Airlines;PotCust;0;0;0;0;0;;0.00;;0;;;;
;TUIfly GmbH;PotCust;0;0;0;0;0;;0.00;;0;;;;
;Tulpar Air Aircompany;Quarantine;0;0;0;0;0;;0.00;;0;;;;
COM14171;Turkmenistan Airlines;PotCust;0;0;0;0;0;;0.00;;0;;;;
COM12871;Tus Airways;Customer;0;6;3;0;0;07/01/2015 00:00:00;8.00;;0;;;;
COM11196;TYROL AIR AMBULANCE GmbH;Customer;2;5;0;0;0;12/01/2001 00:00:00;8.00;;0;;;02/06/2024 00:00:00;
;TYROLEAN JET SERVICE Nfg. GmbH & Co KG;PotCust;0;0;0;0;0;;0.00;;0;;;;
;UIA UKRAINE INTERNATIONAL AIRLINES;PotCust;0;0;0;0;0;;0.00;;0;;;;
COM13124;UKRAINIAN WINGS;Customer;3;0;0;0;0;04/01/2017 00:00:00;8.00;;0;;;08/27/2021 00:00:00;
COM13598;ULTIMATE AIRWAYS (PTY);NonCust;0;0;0;0;0;07/01/2021 00:00:00;8.00;03/31/2025 00:00:00;0;Unavoidable;Out of business;04/02/2025 00:00:00;Out of business
COM11538;UNITED AVIATION;PotCust;0;0;0;0;0;04/01/2019 00:00:00;0.00;;0;;;09/18/2023 00:00:00;No contact, no payment
COM13658;United Sky Cargo GmbH;PotCust;0;0;0;0;0;;0.00;;0;;;;
COM13498;UNITY AIR;PotCust;0;0;0;0;0;;0.00;;0;;;;
COM13402;UR AIRLINES;Customer;0;0;0;0;0;02/01/2019 00:00:00;8.00;;0;;;02/07/2024 00:00:00;
;URGA (IJSAC URGA);PotCust;0;0;0;0;0;;0.00;;0;;;;
COM12658;US-Bangla Airlines;Customer;0;15;0;0;0;06/01/2014 00:00:00;8.00;;0;;;;
COM13310;JSC UVT AERO;Quarantine;0;0;0;0;0;03/01/2019 00:00:00;0.00;;0;;;03/09/2022 00:00:00;Discontinue of service - Russia
COM13256;VALAIR;Customer;3;3;0;0;0;04/01/2018 00:00:00;8.00;;0;;;;
COM12754;VALLJET;Pending Closure;2;25;35;0;0;12/31/2014 00:00:00;8.00;11/30/2026 00:00:00;0;Avoidable;MAC user. Multiple AOC. wants more modern solution.;;
COM13682;VALUE JET;Customer;2;10;7;0;0;03/01/2022 00:00:00;8.00;;0;;;;
;Van Air Europe a.s.;PotCust;0;0;0;0;0;;0.00;;0;;;;
;ViaAir LLC;PotCust;0;0;0;0;0;;0.00;;0;;;;
;Victory Air;PotCust;0;0;0;0;0;;0.00;;0;;;;
COM11812;Wolf Flugplanungen (VIE);Customer;3;1;0;0;0;02/01/2015 00:00:00;8.00;;0;;;;
;VietJetAir;PotCust;0;0;0;0;0;;0.00;;0;;;;
;Vietnam Airlines;PotCust;0;0;0;0;0;;0.00;;0;;;;
;VIP Avia;NonCust;0;0;0;0;0;;0.00;;0;;;;
COM13544;VipJet;PotCust;0;0;0;0;0;;0.00;;0;;;;
;Virgin Atlantic Airways;PotCust;0;0;0;0;0;;0.00;;0;;;;
COM11201;VLM AIRLINES (TEST KONTO);NonCust;0;0;0;0;0;;0.00;;0;;;;x
COM12473;VOLOTEA;PotCust;0;0;0;0;0;05/01/2014 00:00:00;0.00;;0;;;11/23/2022 00:00:00;
COM13285;VOYAGE AIR;PotCust;0;0;0;0;0;04/01/2019 00:00:00;0.00;;0;;;11/16/2021 00:00:00;Missing payment and communication
;Voyageur Airways Ltd;PotCust;0;0;0;0;0;;0.00;;0;;;;
COM13505;VSR Aviation;Customer via;0;0;0;0;0;04/29/2024 00:00:00;0.00;;0;;;;
;VULE AIRWAYS;PotCust;0;0;0;0;0;;0.00;;0;;;;
;Vulkan Air;NonCust;0;0;0;0;0;;0.00;;0;;;;
COM13250;Volkswagen AirService GmbH;Customer;3;6;0;0;0;02/01/2014 00:00:00;0.00;;0;;;;
COM13236;WAMOS AIR;PotCust;0;0;0;0;0;;0.00;;0;;;;
;WASAYA AIRWAYS;PotCust;0;0;0;0;0;;0.00;;0;;;;
COM11204;German Airways (Former: WDL);Customer;2;8;8;0;0;10/01/1994 00:00:00;8.00;;0;;;;
;West Air Aviation;PotCust;0;0;0;0;0;;0.00;;0;;;;
;West Wind Aviation;PotCust;0;0;0;0;0;;0.00;;0;;;;
;WESTERN AIR LTD;PotCust;0;0;0;0;0;;0.00;;0;;;;
;WestJet Airlines;PotCust;0;0;0;0;0;;0.00;;0;;;;
;Wijet;NonCust;0;0;0;0;0;;0.00;;0;;;;
COM11206;WINDROSE AIR Jetcharter GmbH;Customer;3;7;0;0;0;09/01/1994 00:00:00;8.00;;0;;;;
;WindRose Aviation Company Ltd.;PotCust;0;0;0;0;0;;0.00;;0;;;;
COM13211;WINGS OF LEBANON;PotCust;0;0;0;0;0;12/01/2017 00:00:00;0.00;;0;;;07/06/2021 00:00:00;Out of business
COM14423;WIZZ AIR;PotCust;0;0;0;0;0;;0.00;;0;;;;
;WNI WEATHER NEWS INTERNATIONAL;NonCust;0;0;0;0;0;;0.00;;0;;;;
;Woodgate Aviation (NI) Ltd;PotCust;0;0;0;0;0;;0.00;;0;;;;
COM13635;WOW AIR;NonCust;0;0;0;0;0;;0.00;;0;;;08/13/2021 00:00:00;Old potCust
;WSI Weather Service International;NonCust;0;0;0;0;0;;0.00;;0;;;;
;EXPRESSJET Inc.;NonCust;0;0;0;0;0;;0.00;;0;;;;Ceased
;EXPRESSJET;PotCust;0;0;0;0;0;;0.00;;0;;;;
COM13990;Mountain Air Cargo;Customer;0;24;0;0;24;04/01/2016 00:00:00;8.00;;0;;;;
;NASA Ames Research Center (WSI);PotCust;0;0;0;0;0;;0.00;;0;;;;
;SkyWest Airlines;PotCust;0;0;0;0;0;;0.00;;0;;;;
COM12207;United Aviation Services, S.L.;Customer;3;0;0;0;0;02/20/2012 00:00:00;0.00;;0;;;;
COM11231;WX Support ApS;NonCust;0;0;0;0;0;;0.00;;0;;;;
COM13243;YALLAFLY AIRWAYS S.A;PotCust;0;0;0;0;0;;0.00;;0;;;;
;YANAIR LTD;PotCust;0;0;0;0;0;;0.00;;0;;;;
COM13000;YUZMASHAVIA;PotCust;0;0;0;0;0;02/17/2017 00:00:00;0.00;;0;;;10/28/2020 00:00:00;No more flights, - No Re-opening fee until 31.12.2020
COM13005;ZEMAN Flugtechnik & Logistik GmbH;Customer;3;1;0;0;0;08/01/2016 00:00:00;8.00;;0;;;;
COM12620;ZENITH AVIATION LIMITED;NonCust;3;3;0;0;0;02/01/2014 00:00:00;8.00;03/16/2026 00:00:00;0;Unavoidable;Customer shutting down activity.  3700 EUR unpaid invoices.;02/24/2026 00:00:00;Lack of payment
;Zeusch Aviation BV;PotCust;0;0;0;0;0;;0.00;;0;;;;
COM13232;Zimbabwe Airways (PVT), Ltd.;PotCust;0;0;0;0;0;;0.00;;0;;;;
COM12574;ZIMEX AVIATION LTD.;Customer;2;9;0;0;0;11/01/2013 00:00:00;8.00;;0;;;;
COM13567;Zoom Air;PotCust;0;0;0;0;0;;0.00;;0;;;;
;Brenzil Pty Ltd;PotCust;0;0;0;0;0;;0.00;;0;;;;
;Irons Aviation;PotCust;0;0;0;0;0;;0.00;;0;;;;
;Global Flight Source;PotCust;0;0;0;0;0;;0.00;;0;;;;
;ROYAL FALCON AIRLINES;NonCust;0;0;0;0;0;;0.00;;0;;;;
COM14674;ROYAL JORDANIAN;PotCust;0;0;0;0;0;;0.00;;0;;;;
;AMERIFLIGHT;PotCust;0;0;0;0;0;;0.00;;0;;;;
;PLANAIR;PotCust;0;0;0;0;0;;0.00;;0;;;;
;GREAT LAKES AIRLINE;NonCust;0;0;0;0;0;;0.00;;0;;;;
;JET EXPRESS LTD;Quarantine;0;0;0;0;0;;0.00;;0;;;;
;SkyArt Aviation;NonCust;0;0;0;0;0;;0.00;;0;;;;
;AIR CARAIBES ATLANTIQUE;PotCust;0;0;0;0;0;;0.00;;0;;;;Account closed correctly
COM14530;FLYDUBAI;PotCust;0;0;0;0;0;;0.00;;0;;;;
;JET2.COM;PotCust;0;0;0;0;0;;0.00;;0;;;;
COM14617;GLOBAL JET CONCEPT SA;PotCust;0;0;0;0;0;;0.00;;0;;;;
;TAG AVIATION UK Ltd.;PotCust;0;0;0;0;0;;0.00;;0;;;;
;FSP UVS;PotCust;0;0;0;0;0;;0.00;;0;;;;
;Oryx Jet;PotCust;0;0;0;0;0;;0.00;;0;;;;
COM12153;Aeropartner;PotCust;0;0;0;0;0;;0.00;;0;;;;
COM13248;PRECISION AIR SERVICES;Customer;2;6;6;0;0;07/01/2022 00:00:00;8.00;;0;;;;
;Cargo Air;PotCust;0;0;0;0;0;;0.00;;0;;;;
;BANGKOK AIRWAYS;PotCust;0;0;0;0;0;;0.00;;0;;;;
COM13255;LOT Polish Airlines S.A.;PotCust;0;0;0;0;0;;0.00;;0;;;;
COM13409;CHARTER JETS;PotCust;0;0;0;0;0;;0.00;;0;;;;
COM13403;ASTRA AIRLINES;PotCust;0;0;0;0;0;07/01/2019 00:00:00;0.00;;0;;;12/14/2020 00:00:00;Account been on hold since Oct2019, no activities or communication. CH-Aviation have status as restarting for long time
COM14132;Sabena Technics BGC;PotCust;3;0;0;0;0;04/19/2023 00:00:00;8.00;05/31/2026 00:00:00;0;Avoidable;Has no use of PPS. Has sent 11 flightplans in 3 years.;01/22/2024 00:00:00;
COM13240;ATA AIRLINES;NonCust;0;0;0;0;0;;0.00;;0;;;;Closed due to US sanctions
;Batik Air;PotCust;0;0;0;0;0;;0.00;;0;;;;
COM14295;INDIGO;PotCust;0;0;0;0;0;;0.00;;0;;;;
COM13715;Air Astana;PotCust;0;0;0;0;0;;0.00;;0;;;;
COM14307;Air Niugini Ltd;PotCust;0;0;0;0;0;;0.00;;0;;;;
;AIRTANKER;PotCust;0;0;0;0;0;;0.00;;0;;;;
COM13653;Deutsches Zentrum für Luft- und Raumfahrt e.V. (DLR);Customer;2;7;0;0;0;01/18/2021 00:00:00;8.00;;0;;;;
;FLYJETSTREAM AVIATION;PotCust;0;0;0;0;0;;0.00;;0;;;;
;JAZZ AVIATION;PotCust;0;0;0;0;0;;0.00;;0;;;;
COM13242;AMC AIRLINES;PotCust;0;0;0;0;0;11/30/2023 00:00:00;0.00;08/20/2024 00:00:00;0;Unavoidable;Missing paymeny;08/20/2024 00:00:00;Missing payment and communication
COM14321;TAILWIND AIRLINES;PotCust;0;0;0;0;0;;0.00;;0;;;;
;EUROATLANTIC AIRWAYS;PotCust;0;0;0;0;0;;0.00;;0;;;;
COM13430;KENYA AIRWAYS;PotCust;1;0;0;0;0;;0.00;;0;;;;
;STAR EAST AIRLINE SRL;PotCust;0;0;0;0;0;;0.00;;0;;;;
COM13289;BAHAMASAIR;PotCust;0;0;0;0;0;;0.00;;0;;;;
COM14139;FREEBIRD AIRLINES;PotCust;0;0;0;0;0;;0.00;;0;;;;
;Widerøe's Flyveselskap ASA;PotCust;0;0;0;0;0;;0.00;;0;;;;
COM11640;BH AIR Ltd.;PotCust;0;0;0;0;0;;0.00;;0;;;;
COM14470;Airest;PotCust;0;0;0;0;0;;0.00;;0;;;;
;ASTONJET;PotCust;0;0;0;0;0;;0.00;;0;;;;
COM12508;SKYBRIDGE;Customer;3;0;0;0;0;10/01/2016 00:00:00;8.00;;0;;;;
COM13687;PINK JET;PotCust;0;0;0;0;0;;0.00;;0;;;;
COM11417;ACT AIRLINES;PotCust;0;0;0;0;0;06/20/2022 00:00:00;0.00;11/30/2024 00:00:00;0;Avoidable;CUS used PPS as a backup system. We did not manage to win them.;;Reopened by OW
;MedEx Aero;PotCust;0;0;0;0;0;;0.00;;0;;;;
COM13299;RAF AVIA;Customer;3;2;2;0;0;07/01/2021 00:00:00;8.00;;0;;;;
COM13703;SEVENAIR;Customer;3;4;0;0;0;11/06/2020 00:00:00;8.00;;0;;;02/07/2024 00:00:00;
;Awery Aviation Software;NonCust;0;0;0;0;0;;0.00;;0;;;;
COM13708;LUX JET AVIATION;PotCust;0;0;0;0;0;10/29/2020 00:00:00;0.00;;0;;;;Unblocked LN i relation to new sales
;AIRCRAFT IT;NonCust;0;0;0;0;0;;0.00;;0;;;01/26/2022 00:00:00;Test closed by RS
COM14053;NOMAD AVIATION;PotCust;0;0;0;0;0;;0.00;;0;;;;
;Nilan A/S;PotCust;0;0;0;0;0;;0.00;;0;;;;
COM13705;VOLUXIS;PotCust;0;0;0;0;0;;0.00;;0;;;;
COM13698;Hai Au Aviation;Customer;3;5;0;0;0;11/11/2020 00:00:00;8.00;;0;;;;
COM13711;Westair Aviation;PotCust;0;0;0;0;0;;0.00;;0;;;;
COM14614;Twin Jet;PotCust;0;0;0;0;0;;0.00;;0;;;;
COM12257;FLYBE;PotCust;0;0;0;0;0;;0.00;;0;;;02/13/2024 00:00:00;Cleaning up - never live
COM14655;Skylegs CVBA;NonCust;0;0;0;0;0;;0.00;;0;;;;
;SMARTAVIA / NORDAVIA;Quarantine;0;0;0;0;0;;0.00;;0;;;;
COM13712;Heston Airlines (Heston Aviation);Customer;1;16;16;1;0;01/11/2021 00:00:00;8.00;;0;;;;
;Air Transat;PotCust;0;0;0;0;0;;0.00;;0;;;;
;Royal Flight Ltd.;Quarantine;0;0;0;0;0;;0.00;;0;;;;
COM13714;Aircompany North West LLc;Quarantine;0;0;0;0;0;11/10/2020 00:00:00;0.00;;0;;;03/09/2022 00:00:00;Discontinue of service - Russia
COM13716;JetStream Aviation Services;PotCust;0;0;0;0;0;;0.00;;0;;;;
COM14527;Air Algerie;Testing;1;0;0;0;0;;0.00;;0;;;03/30/2023 00:00:00;
COM13856;ASAP;NonCust;0;0;0;0;0;;0.00;;0;;;;
;Airseven;PotCust;1;0;0;0;0;;0.00;;0;;;;
;SCAT Airlines;PotCust;0;0;0;0;0;;0.00;;0;;;;
;Lift Airlines;PotCust;0;0;0;0;0;;0.00;;0;;;;
;Flight Watch;NonCust;0;0;0;0;0;;0.00;;0;;;;
;Cleopatra Aviation;NonCust;0;0;0;0;0;;0.00;;0;;;;
;ATNS;NonCust;0;0;0;0;0;;0.00;;0;;;;
;ASL Airlines France;PotCust;0;0;0;0;0;;0.00;;0;;;;
;Purejet;PotCust;0;0;0;0;0;;0.00;;0;;;;
COM13721;Proflight Commuter Services Ltd;Customer;2;10;0;0;0;06/01/2021 00:00:00;8.00;;0;;;;
COM13719;SKYWAY Flight Support;PotCust;0;0;0;0;0;;0.00;;0;;;;
;SKY CONNECT (FSP);PotCust;0;0;0;0;0;;0.00;;0;;;;
;Aviation Flight Academy;NonCust;0;0;0;0;0;;0.00;;0;;;;
COM13700;United Nigeria;Customer;3;3;0;0;0;01/14/2021 00:00:00;8.00;;0;;;03/08/2024 00:00:00;
COM13720;SkyLight LLC;Quarantine;0;0;0;0;0;;0.00;;0;;;;
COM13713;OneSky Aviation Services SpA;PotCust;0;0;0;0;0;;0.00;;0;;;;
COM13726;KELSTAR AVIATION;PotCust;0;0;0;0;0;12/04/2020 00:00:00;0.00;;0;;;10/31/2022 00:00:00;Never went live!
COM13729;SUNLIGHT CARGO;PotCust;0;0;0;0;0;;0.00;;0;;;;
;Pacific Airlines;PotCust;0;0;0;0;0;;0.00;;0;;;;
COM14261;ONE AIRWAYS;PotCust;0;0;0;0;0;;0.00;;0;;;;
COM14184;NYX AIR;Customer;2;10;12;0;10;01/01/2023 00:00:00;8.00;;0;;;;
;CargoLogic Germany;Customer via;0;0;0;0;0;12/07/2025 00:00:00;0.00;;0;;;;
COM13727;Panellenic Airlines;Customer;3;3;3;0;0;01/12/2021 00:00:00;4.00;;0;;;;
;SkyDynamics;NonCust;0;0;0;0;0;;0.00;;0;;;;
;Eastern Airlines, LLC;PotCust;0;0;0;0;0;;0.00;;0;;;;
COM13723;(Duplicate) United Airlines;NonCust;0;0;0;0;0;;0.00;;0;;;;
COM13724;Tarco Aviation Company;PotCust;0;0;0;0;0;02/19/2021 00:00:00;0.00;;0;;;;Unblocked LN
COM13730;Renegade Air Ltd;Customer;2;10;0;0;0;02/01/2021 00:00:00;8.00;;0;;;09/19/2023 00:00:00;
COM13914;MYAIROPS;Customer via;0;0;0;0;0;04/09/2024 00:00:00;0.00;;0;;;;
COM13852;COMMUTAIR;PotCust;0;0;0;0;0;08/01/2016 00:00:00;0.00;;0;;;;
;Empire Airlines;PotCust;0;0;0;0;0;;0.00;;0;;;;
;Elite Airways;PotCust;0;0;0;0;0;06/01/2018 00:00:00;0.00;;0;;;;
COM13728;JetStream Aviation Congo;PotCust;0;0;0;0;0;12/09/2020 00:00:00;0.00;;0;;;01/06/2022 00:00:00;06-01-2022, received termination mail. It is done immediately as they do not want to pay the renewal invoice
COM13738;SKOL Airline LLC;Quarantine;0;0;0;0;0;03/03/2021 00:00:00;0.00;;0;;;;
COM13731;Marc Kanitz;PotCust;0;0;0;0;0;;0.00;;0;;;;
;Aeroflot;Quarantine;0;0;0;0;0;;0.00;;0;;;;
COM13796;Afriqiyah Airways;PotCust;0;0;0;0;0;;0.00;;0;;;;
COM13818;FLYR;NonCust;0;0;0;0;0;11/18/2021 00:00:00;0.00;;0;Unavoidable;Bankruptcy;03/20/2023 00:00:00;Ceased to exist
COM13734;MS Aviation;PotCust;0;0;0;0;0;;0.00;;0;;;;
;West Air, Inc;PotCust;0;0;0;0;0;;0.00;;0;;;;
COM14162;Jet Club Malta;PotCust;0;0;0;0;0;03/15/2023 00:00:00;0.00;12/18/2023 00:00:00;0;Unavoidable;Missing payment;12/18/2023 00:00:00;missing payment and communication
COM13735;JETLUXE;PotCust;0;0;0;0;0;;0.00;;0;;;;
COM13743;UZ Aero Tech Group;PotCust;0;0;0;0;0;;0.00;;0;;;;
COM14450;ISRAIR;PotCust;0;0;0;0;0;;0.00;;0;;;;
COM13732;Advania Service AB (Swedish Air Force);PotCust;2;0;0;0;0;10/01/1999 00:00:00;8.00;09/30/2025 00:00:00;0;Avoidable;Missing functionality and charts. Missing stay function and mission planning;10/03/2025 00:00:00;Missing functionality and charts. Missing stay function and mission planning
;Cargo Air Chartering;PotCust;0;0;0;0;0;;0.00;;0;;;;
;Escape Airways;PotCust;0;0;0;0;0;;0.00;;0;;;;
COM13745;Aerolineas Sosa;PotCust;0;0;0;0;0;;0.00;;0;;;;
;AFSYS Advanced Flight Systems;NonCust;0;0;0;0;0;;0.00;;0;;;;
COM12581;Ghadames Air;Customer;3;2;3;0;0;08/01/2021 00:00:00;8.00;;0;;;;
;Treq;PotCust;0;0;0;0;0;;0.00;;0;;;;
;Pegas Fly;Quarantine;0;0;0;0;0;;0.00;;0;;;;
;SYNERGY AVIATION LIMITED;PotCust;0;0;0;0;0;;0.00;;0;;;;
;ART Aviation Flugbetriebs GmbH;PotCust;0;0;0;0;0;;0.00;;0;;;;
;Pilatus Aircraft Ltd;PotCust;0;0;0;0;0;;0.00;;0;;;;
;Ecole Nationale de l'Aviation Civile;PotCust;0;0;0;0;0;;0.00;;0;;;;
COM12973;BBS Flight Support (RSY);Quarantine;0;0;0;0;0;04/01/2016 00:00:00;0.00;;0;;;03/09/2022 00:00:00;Discontinue of service - Russia
COM14114;Express Air Cargo;PotCust;0;0;0;0;0;;0.00;;0;;;;
;Air Serbia;PotCust;1;0;0;0;0;;0.00;;0;;;;
COM13744;SLS Aviation;Customer;3;0;0;0;0;05/01/2021 00:00:00;8.00;;0;;;;
;ALFA AIR;PotCust;0;0;0;0;0;;0.00;;0;;;;
COM13752;Emerald Airlines;Customer;1;22;22;0;0;03/01/2022 00:00:00;4.00;;0;;;;
;A-ICE SRL;NonCust;0;0;0;0;0;;0.00;;0;;;;
COM13766;Altsel Aviation;PotCust;0;0;0;0;0;;0.00;;0;;;;
;AVIATOS - Aviation Operating System;NonCust;0;0;0;0;0;;0.00;;0;;;;
;VOLGA DNEPR AIRLINES;Quarantine;0;0;0;0;0;;0.00;;0;;;;
COM13834;ANTONOV Company;Customer;2;3;5;4;0;09/12/2022 00:00:00;8.00;;0;;;;
;Servizi Aerei SpA;PotCust;0;0;0;0;0;;0.00;;0;;;;
COM13896;ULS Airlines Cargo;PotCust;0;0;0;0;0;;0.00;;0;;;;
;New Airline (Tom De Neve);PotCust;0;0;0;0;0;;0.00;;0;;;;
COM13760;Libyan Express;PotCust;0;0;0;0;0;;0.00;;0;;;;
;AIRPORT WATCH free of charge (PJ);NonCust;0;0;0;0;0;;0.00;;0;;;;
COM13774;ETF AIRWAYS d.o.o.;Customer;2;3;3;0;0;01/12/2021 00:00:00;8.00;;0;;;;
COM13798;RAYA AIRWAYS;PotCust;0;0;0;0;0;01/01/2022 00:00:00;0.00;11/01/2024 00:00:00;0;Avoidable;Unknown.  Unfortenatnately sequence of event in handling the termination notice.  FPL Binding date was 04/30/2025;12/03/2024 00:00:00;HEH- please add reason!
COM13789;Vflyair Airline Ghana Limited;PotCust;0;0;0;0;0;;0.00;;0;;;;
;PCAire Inc.;NonCust;0;0;0;0;0;;0.00;;0;;;;
;Alliance Airlines;PotCust;0;0;0;0;0;;0.00;;0;;;;
COM11093;ExecuJet Europe AG (part of Luxaviation Group);PotCust;0;0;0;0;0;06/01/2020 00:00:00;0.00;;0;;;10/02/2023 00:00:00;Contact terminated
;Luxaviation Germany GmbH (Part of Luxaviation Group);PotCust;0;0;0;0;0;;0.00;;0;;;;
COM11312;Luxaviation S.A. (Part of Luxaviation Group);PotCust;3;0;0;0;0;10/01/2018 00:00:00;0.00;04/30/2024 00:00:00;0;Avoidable;Group deal, going to;05/01/2024 00:00:00;Group deal, going to
COM13915;Luxaviation San Marino SRL (Part of Luxaviation Group);PotCust;0;0;0;0;0;;0.00;;0;Avoidable;Group deal - going Flightkeys;09/12/2023 00:00:00;Contract terminated
;STM (EFB);NonCust;0;0;0;0;0;;0.00;;0;;;;
COM13804;Al Rafidain;PotCust;0;0;0;0;0;05/06/2021 00:00:00;0.00;;0;;;12/14/2021 00:00:00;Due to missing payment and communication
;Air Prague;PotCust;0;0;0;0;0;;0.00;;0;;;;
COM13811;SARPA;PotCust;0;0;0;0;0;;0.00;;0;;;;
;RUSSIAN AIRSPACE LLC;Quarantine;0;0;0;0;0;;0.00;;0;;;;
COM14648;Bytron Aviation Systems;NonCust;0;0;0;0;0;;0.00;;0;;;;
COM13937;Move Aircraft Flight Solutions;PotCust;0;0;0;0;0;;0.00;;0;;;;
COM13837;Aeroglide Aviation;PotCust;0;0;0;0;0;;0.00;;0;;;;
COM13812;European Cargo Ltd;Quarantine;2;6;6;0;0;07/01/2021 00:00:00;8.00;;0;;;11/21/2022 00:00:00;Entered Administration 03/06/26 - SML
COM13829;ROTANA JET;PotCust;0;0;0;0;0;;0.00;;0;;;;
;IanSupport Aviation Management;PotCust;0;0;0;0;0;;0.00;;0;;;;
COM13828;SATENA;PotCust;0;0;0;0;0;;0.00;;0;;;;
COM13821;Polar Aviation OY;NonCust;0;0;0;0;0;08/01/2021 00:00:00;0.00;03/01/2024 00:00:00;0;Unavoidable;All activities moved to new company Valo aviation. New 3 year contract signed.;04/05/2024 00:00:00;Konto lukket, flyttet til Valo.
COM13853;Union Aviation;PotCust;0;0;0;0;0;;0.00;;0;;;;
COM13820;BADR Airlines;Customer;2;5;0;0;0;12/01/2014 00:00:00;8.00;;0;;;;
COM13827;SHIRAK AVIA LLC;Customer;0;3;0;0;0;02/09/2021 00:00:00;8.00;;0;;;;
COM14294;Camair;PotCust;2;0;0;0;0;;0.00;;0;;;;
COM12736;Location Flight Support (LFS);Customer;0;0;0;0;0;09/01/2014 00:00:00;8.00;;0;;;;
COM13831;Hala Air;PotCust;0;0;0;0;0;05/08/2023 00:00:00;0.00;02/06/2024 00:00:00;0;Unavoidable;Missing payment;02/06/2024 00:00:00;missing payment and communication
COM14653;IFS International Flight Support;NonCust;0;0;0;0;0;;0.00;;0;;;;
;Satcom Direct (GOGO);NonCust;0;0;0;0;0;;0.00;;0;;;;
;Grand Junction Regional Airport;NonCust;0;0;0;0;0;;0.00;;0;;;;
COM14647;BLUECHAP GROUP (TAILLOG EFB);NonCust;0;0;0;0;0;;0.00;;0;;;;
COM14490;LEON Software;NonCust;0;0;0;0;0;;0.00;;0;;;;
COM13839;Priority Flight Support;Customer;0;0;0;0;0;06/01/2021 00:00:00;8.00;;0;;;;
;SFSA Holding;PotCust;0;0;0;0;0;;0.00;;0;;;;
COM13840;DEUTZ EXECUTIVE;PotCust;0;0;0;0;0;;0.00;;0;;;;
;Flight Level Business;PotCust;0;0;0;0;0;;0.00;;0;;;;
COM13855;KAP.KG Aircompany;PotCust;0;0;0;0;0;11/01/2021 00:00:00;0.00;;0;;;06/20/2022 00:00:00;No contact. Never live
;UKRAINIAN HELICOPTERS;PotCust;0;0;0;0;0;;0.00;;0;;;;
COM13846;Southern Air Charter;PotCust;0;0;0;0;0;04/29/2021 00:00:00;0.00;;0;;;;
COM13843;CAMEX AIRLINES LLC;PotCust;0;0;0;0;0;;0.00;;0;;;;
;Diamond SKy;PotCust;0;0;0;0;0;;0.00;;0;;;;
;Christpophe (no company name yet);PotCust;0;0;0;0;0;;0.00;;0;;;;
;Wanadoo;PotCust;0;0;0;0;0;;0.00;;0;;;;
COM13844;AIRWORKS B. V.;NonCust;0;0;0;0;0;;0.00;;0;;;;
;Sky One SK;PotCust;0;0;0;0;0;;0.00;;0;;;;
;EKVG Airport;NonCust;0;0;0;0;0;;0.00;;0;;;;
COM13849;GIANAIR;Customer;3;1;0;0;0;03/15/2021 00:00:00;8.00;;0;;;;
;Gulliv Air;PotCust;0;0;0;0;0;;0.00;;0;;;;
COM13848;Per Jensen Test Company;PotCust;0;0;0;0;0;;0.00;;0;;;;
COM13850;AEROTRANSCARGO NL bv ATC.NL;PotCust;0;0;0;0;0;;0.00;;0;;;;
COM13851;AERONODO;PotCust;0;0;0;0;0;;0.00;;0;;;;
COM13854;Flight Watch Company;PotCust;0;0;0;0;0;;0.00;;0;;;;
COM11482;HELITRANS AS;PotCust;0;0;0;0;0;;0.00;;0;;;;
COM13857;PLATOON AVIATION;Customer;3;12;0;0;0;04/01/2021 00:00:00;8.00;;0;;;;
COM13858;Air Alderney;PotCust;0;0;0;0;0;;0.00;;0;;;;
COM13862;ToMontenegro;Customer;1;3;0;0;0;03/30/2021 00:00:00;8.00;;0;;;;
COM13860;Continuum Aviation Pvt Ltd;PotCust;0;0;0;0;0;;0.00;;0;;;;
;IASON GmbH (COSMIC Radiation);NonCust;0;0;0;0;0;;0.00;;0;;;;
COM13863;Zeefass Aviation Services Limited;PotCust;3;0;0;0;0;;0.00;;0;;;;
COM13864;IPC International Parts Company;PotCust;0;0;0;0;0;;0.00;;0;;;;
COM13868;EATIS Business Aviation;PotCust;0;0;0;0;0;02/01/2022 00:00:00;0.00;;0;Unavoidable;Missing payment, No contact;12/09/2022 00:00:00;No active a/c for now.
COM13884;Cargo Union;PotCust;0;0;0;0;0;;0.00;;0;;;;
;Luftrettung DRF;PotCust;0;0;0;0;0;;0.00;;0;;;;
COM13865;My Jet SRL (former Conarg Motion);Customer;3;6;0;0;0;03/31/2021 00:00:00;8.00;;0;;;;
COM13866;CAVOK5;PotCust;0;0;0;0;0;;0.00;;0;;;;
COM13872;CARIBLIFT;PotCust;0;0;0;0;0;;0.00;;0;;;;
;ANDREWS TELECOMS CONSULTING (PTY) LTD;NonCust;0;0;0;0;0;;0.00;;0;;;;
;Collins Aerospace (Arinc Direct);NonCust;0;0;0;0;0;;0.00;;0;;;;
COM13871;G-OPS;PotCust;0;0;0;0;0;05/04/2021 00:00:00;0.00;03/01/2024 00:00:00;0;Unavoidable;No further need for a flight planning tool.;04/17/2024 00:00:00;No further need for a flight planning tool.
;HITIT;NonCust;0;0;0;0;0;;0.00;;0;;;;
;ArtiCon;PotCust;0;0;0;0;0;;0.00;;0;;;;
COM13874;FlightDispatch PRG;PotCust;0;0;0;0;0;;0.00;;0;;;;
;AZ AIR JET;PotCust;0;0;0;0;0;;0.00;;0;;;;
COM13875;Bosphorus Aviation;PotCust;0;0;0;0;0;;0.00;;0;;;;
COM13876;Government of Montenegro;Customer;3;1;0;0;0;05/06/2021 00:00:00;8.00;;0;;;;
;ADDISON AIRPORT;PotCust;0;0;0;0;0;;0.00;;0;;;;
COM13880;MOKA AIRWAYS;PotCust;0;0;0;0;0;;0.00;;0;;;;
COM13877;GK AirNav Support;Quarantine;0;0;0;0;0;05/26/2021 00:00:00;0.00;;0;;;01/18/2022 00:00:00;Closed due to missing payment and communicaiton
;FRONTIER AIRLINES;PotCust;0;0;0;0;0;;0.00;;0;;;;
;INXELO TECHNOLOGIES Ltd.;NonCust;0;0;0;0;0;;0.00;;0;;;;
;Panjet;Customer via;0;0;0;0;0;07/01/2026 00:00:00;0.00;;0;;;;
;ISTOR Secure IT AG;NonCust;0;0;0;0;0;;0.00;;0;;;;
COM14135;Qanot Sharq LLC;PotCust;0;0;0;0;0;;0.00;;0;;;;
;MB Flight Services;PotCust;0;0;0;0;0;;0.00;;0;;;;
;Stiftelsen Norsk Luftambulanse (NOLAS);PotCust;0;0;0;0;0;;0.00;;0;;;;
;Air France;PotCust;0;0;0;0;0;;0.00;;0;;;;
;Asiana Airlines;PotCust;0;0;0;0;0;;0.00;;0;;;;
;Air Canada;PotCust;0;0;0;0;0;;0.00;;0;;;;
;China Airlines;PotCust;0;0;0;0;0;;0.00;;0;;;;
;China Southern;PotCust;0;0;0;0;0;;0.00;;0;;;;
;EasyJet;PotCust;0;0;0;0;0;;0.00;;0;;;;
;EGYPTAIR;PotCust;0;0;0;0;0;;0.00;;0;;;;
COM14373;EL AL Israel Airlines;PotCust;0;0;0;0;0;;0.00;;0;;;;
COM14194;Emirates;PotCust;0;0;0;0;0;;0.00;;0;;;;
;Etihad Airways;PotCust;0;0;0;0;0;;0.00;;0;;;;
;Eva Air;PotCust;0;0;0;0;0;;0.00;;0;;;;
;Germanwings;PotCust;0;0;0;0;0;;0.00;;0;;;;
;Kuwait Airways;PotCust;0;0;0;0;0;;0.00;;0;;;;
;KLM Royal Dutch Airlines;PotCust;0;0;0;0;0;;0.00;;0;;;;
;Lufthansa;PotCust;0;0;0;0;0;;0.00;;0;;;;
;Luftwaffe;PotCust;0;0;0;0;0;;0.00;;0;;;;
;Ryanair (do not use this company card);PotCust;0;0;0;0;0;;0.00;;0;;;;
;Singapore Airlines;PotCust;0;0;0;0;0;;0.00;;0;;;;
;Srilankan Airlines;PotCust;0;0;0;0;0;;0.00;;0;;;;
;Tunisair;PotCust;0;0;0;0;0;;0.00;;0;;;;
;LATAM Airlines Brasil;PotCust;0;0;0;0;0;;0.00;;0;;;;
COM14069;TAP Air Portugal;PotCust;0;0;0;0;0;;0.00;;0;;;;
COM14380;Transavia Airlines (Netherlands);PotCust;0;0;0;0;0;;0.00;;0;;;;
;UTair;Quarantine;0;0;0;0;0;;0.00;;0;;;;
;Vueling Airlines;PotCust;0;0;0;0;0;;0.00;;0;;;;
;Eurowings;PotCust;0;0;0;0;0;;0.00;;0;;;;
COM13881;Flight Axis;Customer;3;0;0;0;0;05/30/2024 00:00:00;8.00;;0;;;;
COM13886;FlyAfrica Zimbabwe;PotCust;0;0;0;0;0;;0.00;;0;;;;
COM13928;Norse Atlantic Airways;Pending Closure;0;11;11;0;0;06/01/2022 00:00:00;8.00;06/30/2027 00:00:00;0;Unavoidable;They have outsourced dispatch due to lack off staff at arendal.  However, despite NORSE acknowled contract lenght they refuse to pay remaining contract. Refused settlemet offer. Lawsuit via KR ongoing;;
COM13882;Cognitive Technologies and Services Srl;PotCust;0;0;0;0;0;05/28/2021 00:00:00;0.00;;0;;;08/09/2022 00:00:00;Never went live.
COM13883;Buraq Aviation  (Plexus Aviation);Customer;0;3;4;0;0;07/01/2021 00:00:00;8.00;;0;;;02/07/2024 00:00:00;
;Integrated OCC (IOCC);PotCust;0;0;0;0;0;;0.00;;0;;;;
;Studio4 d.o.o. (AlpAdria);PotCust;0;0;0;0;0;;0.00;;0;;;;
COM14449;PLAY;NonCust;0;0;0;0;0;;0.00;;0;;;09/30/2025 00:00:00;BK: The company is bankrupt
COM14103;Transafrican Air;PotCust;0;0;0;0;0;;0.00;;0;;;;
;Ibom Airlines Limited;PotCust;0;0;0;0;0;;0.00;;0;;;;
;Air Catalogne;PotCust;0;0;0;0;0;;0.00;;0;;;;
COM13885;ZFG Air Limited;PotCust;0;0;0;0;0;;0.00;;0;;;;
COM14509;AnimaWings;Customer;2;8;8;0;0;12/05/2024 00:00:00;4.00;;0;;;;
;SiTA Spain;NonCust;0;0;0;0;0;;0.00;;0;;;;
COM13909;General Inspectorate of Aviation;PotCust;0;0;0;0;0;;0.00;;0;;;;
;Ibom Air;PotCust;0;0;0;0;0;;0.00;;0;;;;
COM13890;Superior Air;PotCust;0;0;0;0;0;;0.00;;0;;;;
;Fly Air41 Airways (ASISTIM);Customer via;0;0;0;0;0;05/27/2021 00:00:00;0.00;;0;;;;
COM14675;Private Routes Aviation;PotCust;0;0;0;0;0;;0.00;;0;;;;
COM13892;ASL Airlines Australia;PotCust;0;0;0;0;0;;0.00;;0;;;;
COM13888;1st Aero;PotCust;0;0;0;0;0;;0.00;;0;;;;
COM13895;Projets Aviation;PotCust;0;0;0;0;0;;0.00;;0;;;;
COM13893;CPS AVIATION;PotCust;0;0;0;0;0;05/10/2022 00:00:00;0.00;01/16/2025 00:00:00;0;Unavoidable;Missing payment, no contact, account closed.;01/28/2025 00:00:00;Missing payment, no contact, account closed.
COM13899;Bjarnes test company;NonCust;0;0;0;0;0;;0.00;;0;;;;de har betalt
COM13894;Aramco Associated Company;PotCust;0;0;0;0;0;;0.00;;0;;;09/14/2021 00:00:00;Have never been an official customer, now closed and set to potcust
COM14050;South African Airways;PotCust;0;0;0;0;0;;0.00;;0;;;;
COM13898;Air Ocean Airlines;Customer;3;0;0;0;0;07/08/2021 00:00:00;8.00;;0;;;;
;FBO Minsk;PotCust;0;0;0;0;0;;0.00;;0;;;;
COM14289;DC Aviation Gmbh;NonCust;0;0;1;1;0;;0.00;;0;;;;
COM13911;Air Falcon Pvt Ltd;PotCust;0;0;0;0;0;10/29/2021 00:00:00;0.00;;0;;;06/20/2022 00:00:00;Blocked. Never live
COM14422;Challenge Airlines BE;PotCust;0;0;0;0;0;;0.00;;0;;;;
;Fly Pro;PotCust;0;0;0;0;0;;0.00;;0;;;;
;Star East Airlines;PotCust;0;0;0;0;0;;0.00;;0;;;;
;Fun Air;PotCust;0;0;0;0;0;;0.00;;0;;;;
;Sky Gates Airlines;Quarantine;0;0;0;0;0;;0.00;;0;;;;
;Fastjet Airlines;Customer via;0;0;0;0;0;10/01/2022 00:00:00;0.00;;0;;;;
;Flightlink Air Charters;PotCust;0;0;0;0;0;;0.00;;0;;;;
;Sierra Pacific Airlines;PotCust;0;0;0;0;0;;0.00;;0;;;;
;First Flying;PotCust;0;0;0;0;0;;0.00;;0;;;;
;SkyTaxi (Poland);PotCust;0;0;0;0;0;;0.00;;0;;;;
COM14522;Fanjet Express;PotCust;0;0;0;0;0;;0.00;;0;;;;
;Cargo Three;PotCust;3;0;0;0;0;;0.00;;0;;;;
;Aviateca Guatemala;PotCust;0;0;0;0;0;;0.00;;0;;;;
COM14566;Galistair (Malta);PotCust;0;0;0;0;0;;0.00;;0;;;;
;Sky Angkor Airlines;PotCust;0;0;0;0;0;;0.00;;0;;;;
;First Nation Airways;PotCust;0;0;0;0;0;;0.00;;0;;;;
;Sky KG Airlines;PotCust;0;0;0;0;0;;0.00;;0;;;;
;Real Tonga Airlines;PotCust;0;0;0;0;0;;0.00;;0;;;;
;Glencore Canada;PotCust;0;0;0;0;0;;0.00;;0;;;;
;Global Jet Austria;PotCust;0;0;0;0;0;;0.00;;0;;;;
;Ryan Air Alaska;PotCust;0;0;0;0;0;;0.00;;0;;;;
;Sichuan Tri-Star General Aviation;PotCust;0;0;0;0;0;;0.00;;0;;;;
;Toll Aviation;PotCust;0;0;0;0;0;;0.00;;0;;;;
;CorpFlite;PotCust;0;0;0;0;0;;0.00;;0;;;;
;Rhoades Aviation;PotCust;0;0;0;0;0;;0.00;;0;;;;
;Comco;PotCust;0;0;0;0;0;;0.00;;0;;;;
;MyJet Asia;PotCust;0;0;0;0;0;;0.00;;0;;;;
;Trans Nation Airways;PotCust;0;0;0;0;0;;0.00;;0;;;;
;Tropicair (Papua New Guinea);PotCust;0;0;0;0;0;;0.00;;0;;;;
;CH Management Services;PotCust;0;0;0;0;0;;0.00;;0;;;;
;Cardigair;PotCust;0;0;0;0;0;;0.00;;0;;;;
;Tropical Air;PotCust;0;0;0;0;0;;0.00;;0;;;;
;Cronos Regional;PotCust;0;0;0;0;0;;0.00;;0;;;;
;Gowair Vacation Airlines;PotCust;0;0;0;0;0;;0.00;;0;;;;
;Solenta Aviation Mozambique;PotCust;0;0;0;0;0;;0.00;;0;;;;
COM14234;Essar Group;PotCust;0;0;0;0;0;;0.00;;0;;;;
;Aeroregional;PotCust;0;0;0;0;0;;0.00;;0;;;;
;Trans Air Cargo Service;PotCust;0;0;0;0;0;;0.00;;0;;;;
;As Salaam Air;PotCust;0;0;0;0;0;;0.00;;0;;;;
COM14173;Cyprus Airways;PotCust;0;0;0;0;0;;0.00;;0;;;;
;Dow Chemical;PotCust;0;0;0;0;0;;0.00;;0;;;;
;Team 125;PotCust;0;0;0;0;0;;0.00;;0;;;;
;T2 Aviation;PotCust;0;0;0;0;0;;0.00;;0;;;;
;Deer Jet Beijing;PotCust;0;0;0;0;0;;0.00;;0;;;;
;Dallah Avco Trans Arabia;PotCust;0;0;0;0;0;;0.00;;0;;;;
;Fabair;PotCust;0;0;0;0;0;;0.00;;0;;;;
;Euro-Asia Air;PotCust;0;0;0;0;0;;0.00;;0;;;;
;Air South;PotCust;0;0;0;0;0;;0.00;;0;;;;
;Gum Air;PotCust;0;0;0;0;0;;0.00;;0;;;;
;OCL Barbados;PotCust;0;0;0;0;0;;0.00;;0;;;;
;Oger Aviation;PotCust;0;0;0;0;0;;0.00;;0;;;;
;SkyBus Jet Cargo;PotCust;0;0;0;0;0;;0.00;;0;;;;
;Karinou Airlines;PotCust;0;0;0;0;0;;0.00;;0;;;;
;La Costeña;PotCust;0;0;0;0;0;;0.00;;0;;;;
;Kolob Canyons Air Services;PotCust;0;0;0;0;0;;0.00;;0;;;;
;ACAM - Asian Corporate Aviation Management;PotCust;0;0;0;0;0;;0.00;;0;;;;
COM14692;Pan Europeenne Air Service;PotCust;0;0;0;0;0;;0.00;;0;;;;
;Jet Asia Airways;PotCust;0;0;0;0;0;;0.00;;0;;;;
;Orbest (Portugal);PotCust;0;0;0;0;0;;0.00;;0;;;;
COM14118;Aero Mongolia;PotCust;0;0;0;0;0;;0.00;;0;;;;
;Maximus Airlines;PotCust;0;0;0;0;0;;0.00;;0;;;;
;Mas Air;PotCust;0;0;0;0;0;;0.00;;0;;;;
COM14222;My Jet Xpress Airlines Sdn. Bhd.;PotCust;0;0;0;0;0;;0.00;;0;;;;
;Metrojet (Hong Kong);PotCust;0;0;0;0;0;;0.00;;0;;;;
;Phoebus Apollo Aviation;PotCust;0;0;0;0;0;;0.00;;0;;;;
;Oriental Air Bridge;PotCust;0;0;0;0;0;;0.00;;0;;;;
;Meridian Air;Quarantine;0;0;0;0;0;;0.00;;0;;;;
;Madagasikara Airways;PotCust;0;0;0;0;0;;0.00;;0;;;;
;MJet;PotCust;0;0;0;0;0;;0.00;;0;;;;
;Lease Fly;PotCust;0;0;0;0;0;;0.00;;0;;;;
;Med-View Airline;PotCust;0;0;0;0;0;;0.00;;0;;;;
;Redwings (Mexico);PotCust;0;0;0;0;0;;0.00;;0;;;;
;Helitours;PotCust;0;0;0;0;0;;0.00;;0;;;;
;Stewart-Haas Racing;PotCust;0;0;0;0;0;;0.00;;0;;;;
;HK Bellawings Jet;PotCust;0;0;0;0;0;;0.00;;0;;;;
;Hevilift Aviation Indonesia;PotCust;0;0;0;0;0;;0.00;;0;;;;
;China Free Sky Aviation;PotCust;0;0;0;0;0;;0.00;;0;;;;
;Regional Air Services;PotCust;0;0;0;0;0;;0.00;;0;;;;
;Hendrick Motorsports;PotCust;0;0;0;0;0;;0.00;;0;;;;
;Air Rarotonga;PotCust;0;0;0;0;0;;0.00;;0;;;;
COM14338;SKY HIGH Dominican;PotCust;0;0;0;0;0;;0.00;;0;;;;
;Joe Gibbs Racing;PotCust;0;0;0;0;0;;0.00;;0;;;;
;Jet Aviation (Malta);PotCust;0;0;0;0;0;;0.00;;0;;;;
;Sahand Asia Airlines;NonCust;0;0;0;0;0;;0.00;;0;;;06/22/2021 00:00:00;Embargo
;North-Wright Airways;PotCust;0;0;0;0;0;;0.00;;0;;;;
;Hillwood Airways;PotCust;0;0;0;0;0;;0.00;;0;;;;
;Qeshm Fars Air;NonCust;0;0;0;0;0;;0.00;;0;;;06/22/2021 00:00:00;Embargo
;QinetiQ;PotCust;0;0;0;0;0;;0.00;;0;;;;
;Malawian Airlines;PotCust;2;0;0;0;0;;0.00;;0;;;;
COM14250;JetMagic;PotCust;0;0;0;0;0;;0.00;;0;;;;
;Pacific Sky Aviation;PotCust;0;0;0;0;0;;0.00;;0;;;;
;Aviatsa;PotCust;0;0;0;0;0;;0.00;;0;;;;
;CargoLogicAir;PotCust;0;0;0;0;0;;0.00;;0;;;;
;VJet;Quarantine;0;0;0;0;0;;0.00;;0;;;;
;AeroJet (Ukraine);PotCust;0;0;0;0;0;;0.00;;0;;;;
;Aero-Pioneer of Africa;PotCust;0;0;0;0;0;;0.00;;0;;;;
;Avex Air Transport;PotCust;0;0;0;0;0;;0.00;;0;;;;
;Wayra Perú;PotCust;0;0;0;0;0;;0.00;;0;;;;
;Air Sanga;PotCust;0;0;0;0;0;;0.00;;0;;;;
;Al-Atheer Aviation;PotCust;0;0;0;0;0;;0.00;;0;;;;
;Love2Fly;PotCust;0;0;0;0;0;;0.00;;0;;;;
;Alkan Air;PotCust;0;0;0;0;0;;0.00;;0;;;;
;Baden Aircraft Operations;PotCust;0;0;0;0;0;;0.00;;0;;;;
;Turbo Flite Aviation;PotCust;0;0;0;0;0;;0.00;;0;;;;
;Transport Services;PotCust;0;0;0;0;0;;0.00;;0;;;;
;Hibernian Airlines;PotCust;0;0;0;0;0;;0.00;;0;;;;
;Skyjet Aviation Services;PotCust;0;0;0;0;0;;0.00;;0;;;;
;SM Executive Aviation;PotCust;0;0;0;0;0;;0.00;;0;;;;
;Sirio;PotCust;0;0;0;0;0;;0.00;;0;;;;
;Blue Wing Airlines;PotCust;0;0;0;0;0;;0.00;;0;;;;
;Luke Air;PotCust;0;0;0;0;0;;0.00;;0;;;;
;JetAir Caribbean;PotCust;0;0;0;0;0;;0.00;;0;;;;
;Vietstar Airlines;PotCust;0;0;0;0;0;;0.00;;0;;;;
;Asian Wings Airways;PotCust;0;0;0;0;0;;0.00;;0;;;;
;Avian Líneas Aéreas;PotCust;0;0;0;0;0;;0.00;;0;;;;
;Asia Airways;PotCust;0;0;0;0;0;;0.00;;0;;;;
;Walker Corporation;PotCust;0;0;0;0;0;;0.00;;0;;;;
;Avdef;PotCust;0;0;0;0;0;;0.00;;0;;;;
;Ayit Aviation;PotCust;0;0;0;0;0;;0.00;;0;;;;
COM14025;Sorens Aero;Customer;3;0;0;0;0;05/01/2022 00:00:00;8.00;;0;;;;
;Alerion Aviation;PotCust;0;0;0;0;0;;0.00;;0;;;;
;Carpediem Aviasi Mandiri;PotCust;0;0;0;0;0;;0.00;;0;;;;
;Air Arabia Abu Dhabi;PotCust;0;0;0;0;0;;0.00;;0;;;;
;Air Albania;PotCust;0;0;0;0;0;;0.00;;0;;;;
;AeroJet (Angola);PotCust;0;0;0;0;0;;0.00;;0;;;;
;Vallejo Company;PotCust;0;0;0;0;0;;0.00;;0;;;;
;Africa Charter Airline;PotCust;0;0;0;0;0;;0.00;;0;;;;
;Vision Air International (Pakistan);PotCust;0;0;0;0;0;;0.00;;0;;;;
;LATAM Cargo Chile;PotCust;0;0;0;0;0;;0.00;;0;;;;
;China Flight General Aviation Company;PotCust;0;0;0;0;0;;0.00;;0;;;;
;Air Archipels;PotCust;0;0;0;0;0;;0.00;;0;;;;
;Challenge Airlines IL;PotCust;0;0;0;0;0;;0.00;;0;;;;
;Bassaka Air;PotCust;0;0;0;0;0;;0.00;;0;;;;
COM14153;Bhutan Airlines;PotCust;0;0;0;0;0;11/24/2023 00:00:00;0.00;;0;;;;
;Avioandes;PotCust;0;0;0;0;0;;0.00;;0;;;;
;Acropolis Aviation;PotCust;0;0;0;0;0;;0.00;;0;;;;
;ZIPAIR Tokyo;PotCust;0;0;0;0;0;;0.00;;0;;;;
;Elite Air (United States of America);PotCust;0;0;0;0;0;;0.00;;0;;;;
;21 Air;PotCust;0;0;0;0;0;;0.00;;0;;;;
;Itaú Unibanco;PotCust;0;0;0;0;0;;0.00;;0;;;;
;Meridian Air Club;PotCust;0;0;0;0;0;;0.00;;0;;;;
;Win Win Aviation;PotCust;0;0;0;0;0;;0.00;;0;;;;
;Indonesia Air Transport - IAT;PotCust;0;0;0;0;0;;0.00;;0;;;;
;Air Kiribati;PotCust;0;0;0;0;0;;0.00;;0;;;;
;National Legacy;PotCust;0;0;0;0;0;;0.00;;0;;;;
;Alliance Aviation Slovakia;PotCust;0;0;0;0;0;;0.00;;0;;;;
;Surinam Airways;PotCust;0;0;0;0;0;;0.00;;0;;;;
;TAV Air;PotCust;0;0;0;0;0;;0.00;;0;;;;
;MGM Mirage Aviation;PotCust;0;0;0;0;0;;0.00;;0;;;;
;Island Aviation;PotCust;0;0;0;0;0;;0.00;;0;;;;
;Swift Aircraft Management;PotCust;0;0;0;0;0;;0.00;;0;;;;
COM14397;Paranair;PotCust;0;0;0;0;0;;0.00;;0;;;;
;EgyptAir Cargo;PotCust;0;0;0;0;0;;0.00;;0;;;;
;Pel-Air Aviation;PotCust;0;0;0;0;0;;0.00;;0;;;;
;Aeropa;PotCust;0;0;0;0;0;;0.00;;0;;;;
;Rudufu;PotCust;0;0;0;0;0;;0.00;;0;;;;
;Mann Yadanarpon Airlines;PotCust;2;3;0;0;0;;0.00;;0;;;;
;Red Barn Operations;PotCust;0;0;0;0;0;;0.00;;0;;;;
;Air Burkina;PotCust;0;0;0;0;0;;0.00;;0;;;;
;Wing Aviation;PotCust;0;0;0;0;0;;0.00;;0;;;;
;Hi Air (Korea);PotCust;0;0;0;0;0;;0.00;;0;;;;
COM14001;Holiday Europe;NonCust;0;0;0;0;0;02/04/2022 00:00:00;0.00;;0;;;12/13/2023 00:00:00;Holiday Europe is now Jetsky Airways - new customer
;Flanagan Enterprises (Nevada);PotCust;0;0;0;0;0;;0.00;;0;;;;
;KaiserAir;PotCust;0;0;0;0;0;;0.00;;0;;;;
;TriStar Experience;PotCust;0;0;0;0;0;;0.00;;0;;;;
;Paradigm Air Operators;PotCust;0;0;0;0;0;;0.00;;0;;;;
;Trans Executive Airlines;PotCust;0;0;0;0;0;;0.00;;0;;;;
COM14311;K-Mile Air;PotCust;0;0;0;0;0;;0.00;;0;;;;
;Jhonlin Air Transport*;PotCust;0;0;0;0;0;;0.00;;0;;;;
;SkyBird Air;PotCust;0;0;0;0;0;;0.00;;0;;;;
;Samoa Airways;PotCust;0;0;0;0;0;;0.00;;0;;;;
;AirSial;PotCust;0;0;0;0;0;;0.00;;0;;;;
;SkyLease Cargo;PotCust;0;0;0;0;0;;0.00;;0;;;;
;Air One Aviation;PotCust;0;0;0;0;0;;0.00;;0;;;;
;OpenSkies;PotCust;0;0;0;0;0;;0.00;;0;;;;
;Amaszonas Uruguay;PotCust;0;0;0;0;0;;0.00;;0;;;;
;Pouya Air Lines;NonCust;0;0;0;0;0;;0.00;;0;;;06/22/2021 00:00:00;Embargo
;Air Thanlwin;PotCust;0;0;0;0;0;;0.00;;0;;;;
;Meregrass Air Charter;PotCust;0;0;0;0;0;;0.00;;0;;;;
;Kush Air;PotCust;0;0;0;0;0;;0.00;;0;;;;
;North Star Air (Ontario);PotCust;0;0;0;0;0;;0.00;;0;;;;
;Apex Air (China);PotCust;0;0;0;0;0;;0.00;;0;;;;
;Pan Pacific Airlines;PotCust;0;0;0;0;0;;0.00;;0;;;;
;GAMair;PotCust;0;0;0;0;0;;0.00;;0;;;;
;Maroomba Airlines;PotCust;0;0;0;0;0;;0.00;;0;;;;
;LATAM Cargo Brasil;PotCust;0;0;0;0;0;;0.00;;0;;;;
;Platinum Skies;Customer via;0;0;0;0;0;05/02/2024 00:00:00;0.00;;0;;;;
;United Nigeria Airlines;PotCust;0;0;0;0;0;;0.00;;0;;;;
;Jayawijaya Dirgantara;PotCust;0;0;0;0;0;;0.00;;0;;;;
;Air Premia;PotCust;0;0;0;0;0;;0.00;;0;;;;
;Jet Aviation Business Jets;PotCust;0;0;0;0;0;;0.00;;0;;;06/23/2021 00:00:00;Duplicate record
;Felix Airways;PotCust;0;0;0;0;0;;0.00;;0;;;;
;Coulson Aviation (United States of America);PotCust;0;0;0;0;0;;0.00;;0;;;;
;Eagle Air Transport;PotCust;0;0;0;0;0;;0.00;;0;;;;
;Castle Aviation;PotCust;0;0;0;0;0;;0.00;;0;;;;
;Tez Jet Airlines;PotCust;0;0;0;0;0;;0.00;;0;;;;
;Skytraders;PotCust;0;0;0;0;0;;0.00;;0;;;;
;Reliance Commercial Dealers;PotCust;0;0;0;0;0;04/29/2024 00:00:00;0.00;;0;;;;
;Avcon Jet San Marino;PotCust;0;0;0;0;0;;0.00;;0;;;;
;AeroCardal;PotCust;0;0;0;0;0;;0.00;;0;;;;
;Banco de México;PotCust;0;0;0;0;0;;0.00;;0;;;;
;Trident Aviation;PotCust;0;0;0;0;0;;0.00;;0;;;;
COM14644;Flybondi;PotCust;0;0;0;0;0;;0.00;;0;;;;
;Saurya Airlines;PotCust;0;0;0;0;0;;0.00;;0;;;;
;Champion Air (Dale Earnhardt);PotCust;0;0;0;0;0;;0.00;;0;;;;
;Blue Ridge Aero Services;PotCust;0;0;0;0;0;;0.00;;0;;;;
;Air Marshall Islands;PotCust;0;0;0;0;0;;0.00;;0;;;;
;Deraya Air Taxi*;PotCust;0;0;0;0;0;;0.00;;0;;;;
;Transair (Senegal);PotCust;0;0;0;0;0;;0.00;;0;;;;
;Busy Bee Congo;PotCust;0;0;0;0;0;;0.00;;0;;;;
COM14144;(Duplicate) Atlantis European Airways;NonCust;0;0;0;0;0;;0.00;;0;;;;
;Executive Jet Management;PotCust;0;0;0;0;0;;0.00;;0;;;;
;Elan Express;PotCust;0;0;0;0;0;;0.00;;0;;;;
;Asia Pacific Airlines (Papua New Guinea);PotCust;0;0;0;0;0;;0.00;;0;;;;
;Dena Airways;NonCust;0;0;0;0;0;;0.00;;0;;;06/22/2021 00:00:00;Embargo
;Cobrex Trans;PotCust;0;0;0;0;0;;0.00;;0;;;;
;Buffair Services;PotCust;0;0;0;0;0;;0.00;;0;;;;
;Golden Myanmar Airlines;PotCust;0;0;0;0;0;;0.00;;0;;;;
;Global Jet IOM;PotCust;0;0;0;0;0;;0.00;;0;;;;
;Royal Air Charters;PotCust;0;0;0;0;0;;0.00;;0;;;;
;Regional Express Americas;PotCust;0;0;0;0;0;;0.00;;0;;;;
;Clay Lacy Aviation KVNY;PotCust;0;0;0;0;0;;0.00;;0;;;;
;Polaris Aviation Solutions;PotCust;0;0;0;0;0;;0.00;;0;;;;
;Canadian Airways Congo;PotCust;0;0;0;0;0;;0.00;;0;;;;
COM14247;Sunlight Express Airways;Customer;0;2;0;0;0;12/07/2023 00:00:00;8.00;;0;;;;
;Elevate Jet;PotCust;0;0;0;0;0;;0.00;;0;;;;
;Terra Avia;PotCust;0;0;0;0;0;;0.00;;0;;;;
;ExcelAire;PotCust;0;0;0;0;0;;0.00;;0;;;;
;SCM Aruba;PotCust;0;0;0;0;0;;0.00;;0;;;;
;Air Loyauté;PotCust;0;0;0;0;0;;0.00;;0;;;;
;ACAS Atlantic Coast Aircraft Services;PotCust;0;0;0;0;0;;0.00;;0;;;;
;Fly All Ways Airlines;PotCust;0;0;0;0;0;;0.00;;0;;;;
COM14157;SKS Airways Sd. Bhd.;PotCust;0;0;0;0;0;;0.00;;0;;;;
;Grand China Air;PotCust;0;0;0;0;0;;0.00;;0;;;;
;Geo-Sky;PotCust;0;0;0;0;0;;0.00;;0;;;;
;Lao Skyway;PotCust;0;0;0;0;0;;0.00;;0;;;;
;Rampart Aviation;PotCust;0;0;0;0;0;;0.00;;0;;;;
;(Duplicate) RAF-Avia;NonCust;0;0;0;0;0;07/31/2025 00:00:00;0.00;;0;;;;
;Menard;PotCust;0;0;0;0;0;;0.00;;0;;;;
;Sunwest Aviation;PotCust;3;0;0;0;0;;0.00;;0;;;;
;ECAIR - Equatorial Congo Airlines;PotCust;0;0;0;0;0;;0.00;;0;;;;
;Air Chathams*;PotCust;0;0;0;0;0;;0.00;;0;;;;
;Libyan Wings;PotCust;0;0;0;0;0;;0.00;;0;;;;
;Asia Pacific Airlines (Guam);PotCust;0;0;0;0;0;;0.00;;0;;;;
COM14353;Albatros Airlines;PotCust;0;0;0;0;0;;0.00;;0;;;;
;Modern Logistics;PotCust;0;0;0;0;0;;0.00;;0;;;;
;Cargolux Italia;PotCust;0;0;0;0;0;;0.00;;0;;;;
;Comlux Aruba;PotCust;0;0;0;0;0;;0.00;;0;;;;
;SN Air Congo;PotCust;0;0;0;0;0;;0.00;;0;;;;
;LJ Air;PotCust;0;0;0;0;0;;0.00;;0;;;;
;CEIBA Intercontinental;PotCust;0;0;0;0;0;;0.00;;0;;;;
;Martinair;PotCust;0;0;0;0;0;;0.00;;0;;;;
;Fly Gangwon;PotCust;0;0;0;0;0;;0.00;;0;;;;
;ALK Airlines;PotCust;0;0;0;0;0;;0.00;;0;;;;
;Sita Air;PotCust;0;0;0;0;0;;0.00;;0;;;;
;FlyMe (Maldives);PotCust;0;0;0;0;0;;0.00;;0;;;;
;French Bee;PotCust;0;0;0;0;0;;0.00;;0;;;;
;Skybus (United Kingdom);PotCust;0;0;0;0;0;;0.00;;0;;;;
;flyPersia;NonCust;0;0;0;0;0;;0.00;;0;;;06/22/2021 00:00:00;Embargo
;AMS Airlines;PotCust;0;0;0;0;0;;0.00;;0;;;;
;Saha Airlines;NonCust;0;0;0;0;0;;0.00;;0;;;06/22/2021 00:00:00;Embargo
;AerCaribe;PotCust;0;0;0;0;0;;0.00;;0;;;;
;Gomair;PotCust;0;0;0;0;0;;0.00;;0;;;;
;Abakan-Avia;Quarantine;0;0;0;0;0;;0.00;;0;;;;
;Aerogaviota;PotCust;0;0;0;0;0;;0.00;;0;;;;
;Heli Malongo;PotCust;0;0;0;0;0;;0.00;;0;;;;
;Global Air Transport;Customer via;0;0;0;0;0;12/20/2024 00:00:00;0.00;;0;;;;
COM14272;Cambodia Airways Co. Ltd.;PotCust;0;0;4;0;0;11/02/2023 00:00:00;0.00;11/01/2024 00:00:00;0;Avoidable;Existing provide has extended coverage, no need for FW. dont want to pay for 2 systems.;06/19/2026 00:00:00;Existing provider has extended coverage, no need for FW. dont want to pay for 2 systems.
;Divi Divi Air;PotCust;0;0;0;0;0;;0.00;;0;;;;
;Air Arabia Egypt;PotCust;0;0;0;0;0;;0.00;;0;;;;
;Daily Air;PotCust;0;0;0;0;0;;0.00;;0;;;;
;ElDinder Airlines;PotCust;0;0;0;0;0;;0.00;;0;;;;
COM14095;Electra Airways;PotCust;0;2;0;0;0;10/25/2022 00:00:00;0.00;01/31/2026 00:00:00;0;Avoidable;Going to Navblue - package deal, purely management decision.  Dispatchers not asked.;02/06/2026 00:00:00;contract terminated end of Jan/26
;Jet Edge;PotCust;0;0;0;0;0;;0.00;;0;;;;
;AirAsia Japan;PotCust;0;0;0;0;0;;0.00;;0;;;;
;DAC East Africa;PotCust;0;0;0;0;0;;0.00;;0;;;;
;Aviastar Mandiri;PotCust;0;0;0;0;0;;0.00;;0;;;;
;Aero Transporte SA - ATSA;PotCust;0;0;0;0;0;;0.00;;0;;;;
;Freefall Express;PotCust;0;0;0;0;0;;0.00;;0;;;;
;JetSMART Argentina;PotCust;0;0;0;0;0;;0.00;;0;;;;
;Aerotrans Cargo (Mng by Air Igor);PotCust;0;0;0;0;0;;0.00;;0;;;;
;Sino Jet Management;PotCust;0;0;0;0;0;;0.00;;0;;;;
;Total Linhas Aéreas;PotCust;0;0;0;0;0;;0.00;;0;;;;
;ZYB Lily Jet;PotCust;0;0;0;0;0;;0.00;;0;;;;
;Phoenix Air;PotCust;0;0;0;0;0;;0.00;;0;;;;
;Virgin Atlantic International;PotCust;0;0;0;0;0;;0.00;;0;;;;
COM14021;AirSWIFT;PotCust;0;0;0;0;0;;0.00;;0;;;;
;Air Calédonie;PotCust;0;0;0;0;0;;0.00;;0;;;;
COM14545;SmartLynx Australia;PotCust;0;2;0;0;0;;8.00;;0;;;;
;Enerjet (now Lynx Air) (BANKRUPT);PotCust;0;0;0;0;0;;0.00;;0;;;;
;HAC Hokkaido Air System*;PotCust;0;0;0;0;0;;0.00;;0;;;;
;Reignwood Star Aviation*;PotCust;0;0;0;0;0;;0.00;;0;;;;
;American Jet (Argentina);PotCust;0;0;0;0;0;;0.00;;0;;;;
;Rubystar Airways;PotCust;0;0;0;0;0;;0.00;;0;;;;
;Perris Valley Aviation Service;PotCust;0;0;0;0;0;;0.00;;0;;;;
;Taftan Airlines;NonCust;0;0;0;0;0;;0.00;;0;;;06/22/2021 00:00:00;Embargo
;Tianjin Air Cargo;PotCust;0;0;0;0;0;;0.00;;0;;;;
;Copa Airlines;PotCust;0;0;0;0;0;;0.00;;0;;;;
;R1 Airlines;PotCust;0;0;0;0;0;;0.00;;0;;;;
;Air Tahiti Nui;PotCust;0;0;0;0;0;;0.00;;0;;;;
COM14193;Privilege Style;PotCust;0;0;0;0;0;;0.00;;0;;;;
;Cabo Verde Airlines;PotCust;0;0;0;0;0;;0.00;;0;;;;
;Winair;PotCust;0;0;0;0;0;;0.00;;0;;;;
COM14606;Tunisair Express;Pending Delivery;3;2;2;0;2;01/30/2026 00:00:00;8.00;;0;;;;
;Sky Bahamas;PotCust;0;0;0;0;0;;0.00;;0;;;;
;Jiangsu Jet;PotCust;0;0;0;0;0;;0.00;;0;;;;
COM14550;Aruba Airlines;Customer;0;1;0;0;0;09/12/2025 00:00:00;8.00;;0;;;;
;PremierAvia;Quarantine;0;0;0;0;0;;0.00;;0;;;;
;Beijing Airlines;PotCust;0;0;0;0;0;;0.00;;0;;;;
;Angara Airlines;Quarantine;0;0;0;0;0;;0.00;;0;;;;
;AeroRescue;PotCust;0;0;0;0;0;;0.00;;0;;;;
COM14253;Andes Líneas Aéreas;PotCust;0;0;0;0;0;;0.00;;0;;;;
COM14313;FlyCAA;PotCust;0;0;0;0;0;;0.00;;0;;;;
;Qazaq Air;PotCust;0;0;0;0;0;;0.00;;0;;;;
;Conair Aviation;PotCust;0;0;0;0;0;;0.00;;0;;;;
;Airkenya;PotCust;0;0;0;0;0;;0.00;;0;;;;
;Corning Aviation;PotCust;0;0;0;0;0;;0.00;;0;;;;
;Tajik Air;PotCust;0;0;0;0;0;;0.00;;0;;;;
;AeroUnion;PotCust;0;0;0;0;0;;0.00;;0;;;;
COM14201;Solomons - Solomon Airlines;PotCust;0;0;0;0;0;;0.00;;0;;;;
;Trans Air Congo - TAC;PotCust;0;0;0;0;0;;0.00;;0;;;;
;Hong Kong Air Cargo;PotCust;0;0;0;0;0;;0.00;;0;;;;
;Corporate Air (Australia);PotCust;0;0;0;0;0;;0.00;;0;;;;
;Rico Taxi Aéreo;PotCust;0;0;0;0;0;;0.00;;0;;;;
;BAA Jet Management*;PotCust;0;0;0;0;0;;0.00;;0;;;;
COM14439;Uganda Airlines;PotCust;0;0;0;0;0;;0.00;;0;;;;
;Bighorn Airways;PotCust;0;0;0;0;0;;0.00;;0;;;;
;AeroSucre;PotCust;0;0;0;0;0;;0.00;;0;;;;
;(Duplicate) Air Spray USA;NonCust;0;0;0;0;0;;0.00;;0;;;;
;SR Jet;PotCust;0;0;0;0;0;;0.00;;0;;;;
COM14142;Ariana Afghan Airlines;PotCust;0;0;0;0;0;;0.00;;0;;;;
COM14134;Afrijet Business Service;PotCust;0;0;0;0;0;;0.00;;0;;;;
;Jet Airways;PotCust;0;0;0;0;0;;0.00;;0;;;;
;Lanmei Airlines;PotCust;0;0;0;0;0;;0.00;;0;;;;
;Fly540;PotCust;0;0;0;0;0;;0.00;;0;;;;
;Varesh Airlines;NonCust;0;0;0;0;0;;0.00;;0;;;06/22/2021 00:00:00;Embargo
COM12938;AlbaStar;PotCust;3;0;5;5;0;09/01/2022 00:00:00;8.00;09/30/2025 00:00:00;0;Avoidable;Signing of complete package with other operator;10/03/2025 00:00:00;Signing of complete package with other operator
;SJL Aeronáutica;PotCust;0;0;0;0;0;;0.00;;0;;;;
;Genghis Khan Airlines;PotCust;0;0;0;0;0;;0.00;;0;;;;
;Hevilift Australia;PotCust;0;0;0;0;0;;0.00;;0;;;;
COM14147;SILK WAY AIRLINES (IL76);PotCust;0;0;0;0;0;;0.00;;0;;;;
COM13998;Aviacon Zitotrans JSC;Quarantine;0;0;0;0;0;;0.00;;0;;;;
;Easternjet;PotCust;0;0;0;0;0;;0.00;;0;;;;
;Fly Sky Airlines;PotCust;0;0;0;0;0;;0.00;;0;;;;
;Mid East Jet;PotCust;0;0;0;0;0;;0.00;;0;;;;
;Sky Prime Aviation Services;PotCust;0;0;0;0;0;;0.00;;0;;;;
;Kosmos Airlines;Quarantine;0;0;0;0;0;;0.00;;0;;;;
;Aerolíneas Estelar;PotCust;0;0;0;0;0;;0.00;;0;;;;
;Omega Air;PotCust;0;0;0;0;0;;0.00;;0;;;;
;RVR Aviation;PotCust;0;0;0;0;0;;0.00;;0;;;;
;Serene Air;PotCust;0;0;0;0;0;;0.00;;0;;;;
COM14682;Aloha Air Cargo;PotCust;0;0;0;0;0;;0.00;;0;;;;
;Pelita Air*;PotCust;0;0;0;0;0;;0.00;;0;;;;
;Tara Air;PotCust;0;0;0;0;0;;0.00;;0;;;;
;Intel Aviation;PotCust;0;0;0;0;0;;0.00;;0;;;;
;Spring*;PotCust;0;0;0;0;0;;0.00;;0;;;;
;Maine Aviation;PotCust;0;0;0;0;0;;0.00;;0;;;;
;Ameristar Charters;PotCust;0;0;0;0;0;;0.00;;0;;;;
;Royal Air Maroc;PotCust;0;0;0;0;0;;0.00;;0;;;;
COM14159;Blue Dart Aviation;PotCust;0;0;0;0;0;;0.00;;0;;;;
;Aero Contractors;PotCust;0;0;0;0;0;;0.00;;0;;;;
;Somon Air;PotCust;0;0;0;0;0;;0.00;;0;;;;
;DHL International Aviation Middle East;PotCust;0;0;0;0;0;;0.00;;0;;;;
;Cayman Airways;PotCust;0;0;0;0;0;;0.00;;0;;;;
;Meraj Air;NonCust;0;0;0;0;0;;0.00;;0;;;06/22/2021 00:00:00;Embargo
;NCA - New Central Aviation*;PotCust;0;0;0;0;0;;0.00;;0;;;;
;Corsair International;PotCust;0;0;0;0;0;;0.00;;0;;;;
;Air Century;PotCust;0;0;0;0;0;;0.00;;0;;;;
COM14197;Safe Air;PotCust;0;0;0;0;0;;0.00;;0;;;;
;TAMPA Cargo;PotCust;0;0;0;0;0;;0.00;;0;;;;
COM14280;SalamAir;PotCust;0;0;0;0;0;;0.00;;0;;;;
;AirTraffic Africa;PotCust;0;0;0;0;0;;0.00;;0;;;;
;Jetways Airlines;PotCust;0;0;0;0;0;;0.00;;0;;;;
;Viva Air Perú;PotCust;0;0;0;0;0;;0.00;;0;;;;
;SVG Air;PotCust;0;0;0;0;0;;0.00;;0;;;;
;SKY Airline Perú;PotCust;0;0;0;0;0;;0.00;;0;;;;
COM14341;LEASCOR;PotCust;0;0;0;0;0;;0.00;;0;;;;
COM14513;Mauritania Airlines;PotCust;0;0;0;0;0;;0.00;;0;;;;
;Air Central;PotCust;0;0;0;0;0;;0.00;;0;;;;
;Starlux Airlines;PotCust;0;0;0;0;0;;0.00;;0;;;;
;Overland Airways;PotCust;0;0;0;0;0;;0.00;;0;;;;
;Sepehran Airlines;NonCust;0;0;0;0;0;;0.00;;0;;;06/22/2021 00:00:00;Embargo
;Yemen Airways;PotCust;0;0;0;0;0;;0.00;;0;;;;
COM14482;Air Panama;Customer;0;2;0;0;0;01/02/2025 00:00:00;8.00;;0;;;;
;xpressair;PotCust;0;0;0;0;0;;0.00;;0;;;;
COM14014;VistaJet (Malta);Customer;2;0;20;20;0;09/13/2022 00:00:00;8.00;;0;;;;
;EcoJet;PotCust;0;0;0;0;0;;0.00;;0;;;;
;SaudiGulf Airlines;PotCust;0;0;0;0;0;;0.00;;0;;;;
;Air Seoul;PotCust;0;0;0;0;0;;0.00;;0;;;;
COM14027;Air Seychelles;Customer;1;7;6;2;0;01/01/2023 00:00:00;5.00;;0;;;;
;DHL Aero Expreso;PotCust;0;0;0;0;0;;0.00;;0;;;;
;Serve Air Cargo;PotCust;0;0;0;0;0;;0.00;;0;;;;
;Estafeta Carga Aérea;PotCust;0;0;0;0;0;;0.00;;0;;;;
;Fiji Link;PotCust;0;0;0;0;0;;0.00;;0;;;;
;Royal Star Aviation;PotCust;0;0;0;0;0;;0.00;;0;;;;
COM14325;TUM AeroCarga;PotCust;0;0;0;0;0;;0.00;;0;;;;
;Saudi Aramco Aviation;PotCust;0;0;0;0;0;;0.00;;0;;;;
;Aircalin;PotCust;0;0;0;0;0;;0.00;;0;;;;
;Shree Airlines;PotCust;0;0;0;0;0;;0.00;;0;;;;
;Rutaca Airlines;PotCust;0;0;0;0;0;;0.00;;0;;;;
;AZUR AIR Ukraine;PotCust;0;0;0;0;0;;0.00;;0;;;;
;Aerocuahonte;PotCust;0;0;0;0;0;;0.00;;0;;;;
;AECOM Federal Services;PotCust;0;0;0;0;0;;0.00;;0;;;;
COM14023;Myanmar Airways International (MAI);Customer;0;11;0;0;0;08/01/2022 00:00:00;8.00;;0;;;;
;LATAM Cargo Colombia;PotCust;0;0;0;0;0;;0.00;;0;;;;
;Líneas Aéreas Suramericanas;PotCust;0;0;0;0;0;;0.00;;0;;;;
;Avianca Airlines Ecuador;PotCust;0;0;0;0;0;;0.00;;0;;;;
;Avia Traffic Company;PotCust;0;0;0;0;0;;0.00;;0;;;;
;Uni-top Airlines;PotCust;0;0;0;0;0;;0.00;;0;;;;
;Avmax Chad;PotCust;0;0;0;0;0;;0.00;;0;;;;
;MaxAir (Nigeria);PotCust;0;0;0;0;0;;0.00;;0;;;;
;Air Sénégal;PotCust;0;0;0;0;0;;0.00;;0;;;;
COM14212;Premiair (Indonesia);PotCust;0;0;0;0;0;;0.00;;0;;;;
;TruJet;PotCust;0;0;0;0;0;;0.00;;0;;;;
;Air Vanuatu;PotCust;0;0;0;0;0;;0.00;;0;;;;
;Amerijet International;PotCust;0;0;0;0;0;;0.00;;0;;;;
COM14039;Freedom Airline Express;PotCust;0;0;0;0;0;;0.00;;0;;;12/29/2022 00:00:00;Closed acc to LN - never live
COM14138;MIAT - Mongolian Airlines;Customer;0;10;10;6;0;11/15/2022 00:00:00;5.00;;0;;;;
;Nippon Cargo Airlines*;PotCust;0;0;0;0;0;;0.00;;0;;;;
;Silverstone Air Services;PotCust;0;0;0;0;0;;0.00;;0;;;;
;Air China Inner Mongolia;PotCust;0;0;0;0;0;;0.00;;0;;;;
;Freight Runners Express;PotCust;0;0;0;0;0;;0.00;;0;;;;
;National Airlines;PotCust;0;0;0;0;0;;0.00;;0;;;;
;Iberojet;PotCust;0;0;0;0;0;;0.00;;0;;;;
;World Atlantic Airlines;PotCust;0;0;0;0;0;;0.00;;0;;;;
;Erickson Aero Tanker;PotCust;0;0;0;0;0;;0.00;;0;;;;
;Dynamic Aviation;PotCust;0;0;0;0;0;;0.00;;0;;;;
COM14300;Air Cambodia;PotCust;0;0;0;0;0;;0.00;;0;;;;
;Express Freighters Australia;PotCust;0;0;0;0;0;;0.00;;0;;;;
;Via Airlines;PotCust;0;0;0;0;0;;0.00;;0;;;;
;VASCO - Vietnam Air Services;PotCust;0;0;0;0;0;;0.00;;0;;;;
;Aeropostal - Alas de Venezuela;PotCust;0;0;0;0;0;;0.00;;0;;;;
;TAG Airlines;PotCust;0;0;0;0;0;;0.00;;0;;;;
;ASKY Airlines;PotCust;0;0;0;0;0;;0.00;;0;;;;
;Yeti Airlines;PotCust;0;0;0;0;0;;0.00;;0;;;;
;Air Tindi;PotCust;0;0;0;0;0;;0.00;;0;;;;
;Manta Air;PotCust;0;0;0;0;0;;0.00;;0;;;;
;Swoop;PotCust;0;0;0;0;0;;0.00;;0;;;;
COM14236;Airnorth (Australia);PotCust;0;0;0;0;0;;0.00;;0;;;;
COM14200;STAR PERU;PotCust;0;0;0;0;0;;0.00;;0;;;;
;Air Borealis;PotCust;0;0;0;0;0;;0.00;;0;;;;
;Taban Air;NonCust;0;0;0;0;0;;0.00;;0;;;06/22/2021 00:00:00;Embargo
;Air Arabia Maroc;PotCust;0;0;0;0;0;;0.00;;0;;;;
;Sands Aviation;PotCust;0;0;0;0;0;;0.00;;0;;;;
COM14328;Nepal Airlines;PotCust;0;0;0;0;0;;0.00;;0;;;;
;IrAero;Quarantine;0;0;0;0;0;;0.00;;0;;;;
;RAVSA Venezolana;PotCust;0;0;0;0;0;;0.00;;0;;;;
;Morningstar Air Express;PotCust;0;0;0;0;0;;0.00;;0;;;;
;Magnicharters;PotCust;0;0;0;0;0;;0.00;;0;;;;
;Severstal Aircompany;Quarantine;0;0;0;0;0;;0.00;;0;;;;
;USA Jet Airlines;PotCust;0;0;0;0;0;;0.00;;0;;;;
;(Duplicate) Jordan Aviation (Do not use);NonCust;0;0;0;0;0;;0.00;;0;;;;
;China Cargo Airlines*;PotCust;0;0;0;0;0;;0.00;;0;;;;
;iFly Airlines;Quarantine;0;0;0;0;0;;0.00;;0;;;;
;Neptune Aviation Services;PotCust;0;0;0;0;0;;0.00;;0;;;;
;Amaszonas;PotCust;0;0;0;0;0;;0.00;;0;;;;
;LIAT (use LIAT 1974);PotCust;0;0;0;0;0;;0.00;;0;;;;
;Alrosa Aviakompania;Quarantine;0;0;0;0;0;;0.00;;0;;;;
;Ibex Airlines*;PotCust;0;0;0;0;0;;0.00;;0;;;;
;Hevilift (PNG)*;PotCust;0;0;0;0;0;;0.00;;0;;;;
;Link PNG;PotCust;0;0;0;0;0;;0.00;;0;;;;
;Wizz Air UK;PotCust;0;0;0;0;0;;0.00;;0;;;;
;Japan Air Commuter;PotCust;0;0;0;0;0;;0.00;;0;;;;
COM14081;Air Antilles;PotCust;0;0;0;0;0;;0.00;;0;;;;
;Tigerair Taiwan;PotCust;0;0;0;0;0;;0.00;;0;;;;
;Kish Air;NonCust;0;0;0;0;0;;0.00;;0;;;06/22/2021 00:00:00;Embargo
;Thai VietJetAir;PotCust;0;0;0;0;0;;0.00;;0;;;;
;Transwest Air;PotCust;0;0;0;0;0;;0.00;;0;;;;
;KASAS;PotCust;0;0;0;0;0;;0.00;;0;;;;
;Buddha Air;PotCust;0;0;0;0;0;;0.00;;0;;;;
;Colorful Guizhou Airlines;PotCust;0;0;0;0;0;;0.00;;0;;;;
;Karun Airlines;NonCust;0;0;0;0;0;;0.00;;0;;;06/22/2021 00:00:00;Embargo
;Ultimate Jetcharters;PotCust;0;0;0;0;0;;0.00;;0;;;;
;Air Austral;PotCust;0;0;0;0;0;;0.00;;0;;;;
;Bluebird Aviation (Kenya);PotCust;0;0;0;0;0;;0.00;;0;;;;
;Air Guilin;PotCust;0;0;0;0;0;;0.00;;0;;;;
;Nouvelair;PotCust;0;0;0;0;0;;0.00;;0;;;;
;GCA Air;PotCust;0;0;0;0;0;;0.00;;0;;;;
;Surveillance Australia;PotCust;0;0;0;0;0;;0.00;;0;;;;
;Blue Panorama Airlines;PotCust;0;0;0;0;0;;0.00;;0;;;;
;YTO Cargo Airlines*;PotCust;0;0;0;0;0;;0.00;;0;;;;
COM14303;Firefly;PotCust;0;0;0;0;0;;0.00;;0;;;;
COM14143;Kam Air;PotCust;0;0;0;0;0;;0.00;;0;;;;
;Jiangxi Airlines;PotCust;0;0;0;0;0;;0.00;;0;;;;
;(Duplicate) Caspian Airlines;NonCust;0;0;0;0;0;;0.00;;0;;;06/22/2021 00:00:00;Embargo
;LATAM AIRLINES;PotCust;0;0;0;0;0;;0.00;;0;;;;
;Hunan Airlines;PotCust;0;0;0;0;0;;0.00;;0;;;;
;Air Hong Kong*;PotCust;0;0;0;0;0;;0.00;;0;;;;
;(Duplicate) Ameriflight (Do not use);NonCust;0;0;0;0;0;;0.00;;0;;;;
;(Duplicate) SKY Airline (Chile) (do not use);NonCust;0;0;0;0;0;;0.00;;0;;;;
;ATA Airlines (Iran);NonCust;0;0;0;0;0;;0.00;;0;;;06/22/2021 00:00:00;Embargo
;StarFlyer*;PotCust;0;0;0;0;0;;0.00;;0;;;;
;Mandarin Airlines;PotCust;0;0;0;0;0;;0.00;;0;;;;
;Dalian Airlines;PotCust;0;0;0;0;0;;0.00;;0;;;;
;Zhuhai Airlines;PotCust;0;0;0;0;0;;0.00;;0;;;;
;Laser Airlines;PotCust;0;0;0;0;0;;0.00;;0;;;;
;Grand Canyon Airlines;PotCust;0;0;0;0;0;;0.00;;0;;;;
;Air Changan;PotCust;0;0;0;0;0;;0.00;;0;;;;
;JTA - Japan Transocean Air*;PotCust;0;0;0;0;0;;0.00;;0;;;;
;Air Koryo;PotCust;0;0;0;0;0;;0.00;;0;;;;
COM14639;Air Atlanta Icelandic;PotCust;0;0;0;0;0;;0.00;;0;;;;
;Air Do*;PotCust;0;0;0;0;0;;0.00;;0;;;;
;Avianca Airlines Costa Rica;PotCust;0;0;0;0;0;;0.00;;0;;;;
;Royal Brunei Airlines;PotCust;0;0;0;0;0;;0.00;;0;;;;
;Solaseed Air*;PotCust;0;0;0;0;0;;0.00;;0;;;;
;Air China Cargo*;PotCust;0;0;0;0;0;;0.00;;0;;;;
;Neos SpA;PotCust;0;0;0;0;0;;0.00;;0;;;;
;Thai AirAsia X;PotCust;0;0;0;0;0;;0.00;;0;;;;
;Omni Air International;PotCust;0;0;0;0;0;;0.00;;0;;;;
;Yakutia Airlines;Quarantine;0;0;0;0;0;;0.00;;0;;;;
;Summit Air Charters;PotCust;0;0;0;0;0;;0.00;;0;;;;
;Domestic Airlines (former Tassili Airlines);PotCust;0;0;0;0;0;;0.00;;0;;;;
;PNG Air;PotCust;0;0;0;0;0;;0.00;;0;;;;
;Southern Air;PotCust;0;0;0;0;0;;0.00;;0;;;;
;Pegas Fly delete;Quarantine;0;0;0;0;0;;0.00;;0;;;06/23/2021 00:00:00;Duplicate record
;Azimuth;Quarantine;0;0;0;0;0;;0.00;;0;;;;
;Shantou Airlines;PotCust;0;0;0;0;0;;0.00;;0;;;;
COM14537;Syrianair;PotCust;0;0;0;0;0;;0.00;;0;;;;
;AeroLogic;PotCust;0;0;0;0;0;;0.00;;0;;;;
COM13977;RwandAir;PotCust;0;0;0;0;0;;0.00;;0;;;;
;Fuji Dream Airlines*;PotCust;0;0;0;0;0;;0.00;;0;;;;
;Edelweiss Air;PotCust;0;0;0;0;0;;0.00;;0;;;;
COM13929;CUBANA;Customer via;0;0;0;0;0;03/15/2022 00:00:00;0.00;;0;;;;
;NAM Air;PotCust;0;0;0;0;0;;0.00;;0;;;;
;Bulgarian Air Charter;PotCust;0;0;0;0;0;;0.00;;0;;;;
;Thai Lion Air;PotCust;0;0;0;0;0;;0.00;;0;;;;
;Myanmar National Airlines (MNA);PotCust;0;0;0;0;0;;0.00;;0;;;;
;Fiji Airways;PotCust;0;0;0;0;0;;0.00;;0;;;;
;Uni Air;PotCust;0;0;0;0;0;;0.00;;0;;;;
;Qeshm Airlines;NonCust;0;0;0;0;0;;0.00;;0;;;06/22/2021 00:00:00;Embargo
;Western Global Airlines;PotCust;0;0;0;0;0;;0.00;;0;;;;
;Skippers Aviation;PotCust;0;0;0;0;0;;0.00;;0;;;;
;Viva Air Colombia;PotCust;0;0;0;0;0;;0.00;;0;;;;
;National Jet Express;PotCust;0;0;0;0;0;;0.00;;0;;;;
;Twin Otter International;PotCust;0;0;0;0;0;;0.00;;0;;;;
;AirBridgeCargo;Quarantine;0;0;0;0;0;;0.00;;0;;;;
;Jetstar Asia Airways;NonCust;0;0;0;0;0;;0.00;;0;;;;
;Kalitta Charters II;PotCust;0;0;0;0;0;;0.00;;0;;;;
;Caribbean Airlines;PotCust;0;0;0;0;0;;0.00;;0;;;;
;Eurowings Europe;PotCust;1;0;0;0;0;;0.00;;0;;;;
;Virgin Australia Regional;PotCust;0;0;0;0;0;;0.00;;0;;;;
;Urumqi Air;PotCust;0;0;0;0;0;;0.00;;0;;;;
;LATAM Airlines Colombia;PotCust;0;0;0;0;0;;0.00;;0;;;;
;Eastern Australia Airlines;PotCust;0;0;0;0;0;;0.00;;0;;;;
;Ruili Airlines;PotCust;0;0;0;0;0;;0.00;;0;;;;
COM14055;Eastar Jet;PotCust;0;20;0;0;0;;0.00;;0;;;;
;Cobham Aviation Services Australia - Airline Services;PotCust;0;0;0;0;0;;0.00;;0;;;;
;MEA - Middle East Airlines;PotCust;0;0;0;0;0;;0.00;;0;;;;
;Alitalia CityLiner;PotCust;0;0;0;0;0;;0.00;;0;;;;
;Thai Smile;PotCust;0;0;0;0;0;;0.00;;0;;;;
;Berry Aviation;PotCust;0;0;0;0;0;;0.00;;0;;;;
;Network Aviation;PotCust;0;0;0;0;0;;0.00;;0;;;;
;Cebgo;PotCust;0;0;0;0;0;;0.00;;0;;;;
;South African Express delete;PotCust;0;0;0;0;0;;0.00;;0;;;;
;Trigana Air Service*;PotCust;0;0;0;0;0;;0.00;;0;;;;
;ABX Air;PotCust;0;0;0;0;0;;0.00;;0;;;;
;Nok Air;PotCust;0;0;0;0;0;;0.00;;0;;;;
;EasyFly (Colombia);PotCust;0;0;0;0;0;;0.00;;0;;;;
;Aurora;Quarantine;0;0;0;0;0;;0.00;;0;;;;
;9 Air*;PotCust;0;0;0;0;0;;0.00;;0;;;;
COM14170;Maldivian;PotCust;0;0;0;0;0;;0.00;;0;;;;
;Iran Aseman Airlines;NonCust;0;0;0;0;0;;0.00;;0;;;06/22/2021 00:00:00;Embargo
;Suparna Airlines;PotCust;0;0;0;0;0;;0.00;;0;;;;
;ANA Wings*;PotCust;0;0;0;0;0;;0.00;;0;;;;
;BoA - Boliviana de Aviación;PotCust;0;0;0;0;0;;0.00;;0;;;;
;Cargojet Airways;PotCust;0;0;0;0;0;;0.00;;0;;;;
COM14347;Bamboo Airways;Customer;2;3;0;0;0;09/02/2024 00:00:00;3.00;;0;;;;
;NoRRA Nordic Regional Airlines;PotCust;0;0;0;0;0;;0.00;;0;;;;
;Philippines AirAsia;PotCust;0;0;0;0;0;;0.00;;0;;;;
;Air India Express;PotCust;0;0;0;0;0;;0.00;;0;;;;
;Sky Regional Airlines;PotCust;0;0;0;0;0;;0.00;;0;;;;
;Virgin Australia International;PotCust;0;0;0;0;0;;0.00;;0;;;;
COM13999;Sriwijaya Air;Customer via;0;0;0;0;0;04/29/2024 00:00:00;0.00;;0;;;;
;DHL Air;PotCust;0;0;0;0;0;;0.00;;0;;;;
;HK Express*;PotCust;0;0;0;0;0;;0.00;;0;;;;
;Air Busan;PotCust;0;0;0;0;0;;0.00;;0;;;;
;Austral;PotCust;0;0;0;0;0;;0.00;;0;;;;
;Jetstar Japan;PotCust;0;0;0;0;0;;0.00;;0;;;;
;BA CityFlyer;PotCust;0;0;0;0;0;;0.00;;0;;;;
;China Postal Airlines;PotCust;0;0;0;0;0;;0.00;;0;;;;
;GX Airlines;PotCust;0;0;0;0;0;;0.00;;0;;;;
;JoyAir;PotCust;0;0;0;0;0;;0.00;;0;;;;
;Indonesia AirAsia;PotCust;0;0;0;0;0;;0.00;;0;;;;
;Hebei Airlines;PotCust;0;0;0;0;0;;0.00;;0;;;;
;Onur Air;PotCust;0;0;0;0;0;;0.00;;0;;;;
;Skymark Airlines;PotCust;0;0;0;0;0;;0.00;;0;;;;
;Okay Airways;PotCust;0;0;0;0;0;;0.00;;0;;;;
;easyJet Switzerland;PotCust;0;0;0;0;0;;0.00;;0;;;;
;Batik Air Malaysia;PotCust;0;0;0;0;0;;0.00;;0;;;;
COM14088;AirAsia India;PotCust;0;0;0;0;0;;0.00;;0;;;;
;Chongqing Airlines;PotCust;0;0;0;0;0;;0.00;;0;;;;
;Iraqi Airways;PotCust;0;0;0;0;0;;0.00;;0;;;;
;T'way Air;PotCust;0;0;0;0;0;;0.00;;0;;;;
;Sunstate Airlines;PotCust;0;0;0;0;0;;0.00;;0;;;;
;J-Air*;PotCust;0;0;0;0;0;;0.00;;0;;;;
COM14146;AZAL Azerbaijan Airlines;PotCust;0;0;0;0;0;;0.00;;0;;;;
;Philippine Airlines;PotCust;0;0;0;0;0;;0.00;;0;;;;
;Kunming Airlines;PotCust;0;0;0;0;0;;0.00;;0;;;;
COM14183;PIA - Pakistan International Airlines;PotCust;0;0;0;0;0;12/15/2022 00:00:00;0.00;;0;Avoidable;Contract not renewed - back with Navblue.  Aircraft deal with Airbus most likely in play.;01/04/2024 00:00:00;Only 1 year contract - not renewed!
;Aeronaves TSM;PotCust;0;0;0;0;0;;0.00;;0;;;;
;Yamal Airlines;Quarantine;0;0;0;0;0;;0.00;;0;;;;
;West Air;PotCust;0;0;0;0;0;;0.00;;0;;;;
COM14290;Uzbekistan Airways;PotCust;0;0;0;0;0;;0.00;;0;;;;
;Virgin Atlantic;PotCust;0;0;0;0;0;;0.00;;0;;;;
;Gulf Air;PotCust;0;0;0;0;0;;0.00;;0;;;;
;Tibet Airlines;PotCust;0;0;0;0;0;;0.00;;0;;;;
;EAT Leipzig;PotCust;0;0;0;0;0;;0.00;;0;;;;
;Peach Aviation*;PotCust;0;0;0;0;0;;0.00;;0;;;;
;Kalitta Air;PotCust;0;0;0;0;0;;0.00;;0;;;;
;iAero Airways;PotCust;0;0;0;0;0;;0.00;;0;;;;
;(Duplicate) Bangkok Airways;NonCust;0;0;0;0;0;;0.00;;0;;;;
;TUI fly (Germany);PotCust;0;0;0;0;0;;0.00;;0;;;;
;ATI - Air Transport International;PotCust;0;0;0;0;0;;0.00;;0;;;;
;SilkAir;PotCust;0;0;0;0;0;;0.00;;0;;;;
COM14685;VivaAerobus (Viva Aerobus);PotCust;0;0;0;0;0;;0.00;;0;;;;
;Hong Kong Airlines*;PotCust;0;0;0;0;0;;0.00;;0;;;;
;Jeju Air;PotCust;0;0;0;0;0;;0.00;;0;;;;
;Aerolitoral;PotCust;0;0;0;0;0;;0.00;;0;;;;
;Ural Airlines;Quarantine;0;0;0;0;0;;0.00;;0;;;;
;Brussels Airlines;PotCust;1;0;0;0;0;;0.00;;0;;;;
;China Express Airlines;PotCust;0;0;0;0;0;;0.00;;0;;;;
;Scoot;PotCust;0;0;0;0;0;;0.00;;0;;;;
COM14218;Vistara;PotCust;0;0;0;0;0;;0.00;;0;;;;
;Loong Air;PotCust;0;0;0;0;0;;0.00;;0;;;;
;GoJet Airlines;PotCust;0;0;0;0;0;;0.00;;0;;;;
;Aerolineas Argentinas;PotCust;0;0;0;0;0;;0.00;;0;;;;
;China United Airlines;PotCust;0;0;0;0;0;;0.00;;0;;;;
;Cebu Pacific Air;PotCust;0;0;0;0;0;;0.00;;0;;;;
;Lucky Air (China);PotCust;0;0;0;0;0;;0.00;;0;;;;
;KLM Cityhopper;PotCust;1;0;0;0;0;;0.00;;0;;;;
;Trans Maldivian Airways;PotCust;0;0;0;0;0;;0.00;;0;;;;
;Rex - Regional Express;PotCust;0;0;0;0;0;;0.00;;0;;;;
;Piedmont Airlines;PotCust;0;0;0;0;0;;0.00;;0;;;;
;Citilink;PotCust;0;0;0;0;0;;0.00;;0;;;;
;Thai AirAsia;PotCust;0;0;0;0;0;;0.00;;0;;;;
;Horizon Air;PotCust;0;0;0;0;0;;0.00;;0;;;;
;GoAir;PotCust;0;0;0;0;0;;0.00;;0;;;;
;SF Airlines;PotCust;0;0;0;0;0;;0.00;;0;;;;
;Chengdu Airlines;PotCust;0;0;0;0;0;;0.00;;0;;;;
;Virgin Australia;PotCust;0;0;0;0;0;;0.00;;0;;;;
;Wings Air (Indonesia)*;PotCust;0;0;0;0;0;;0.00;;0;;;;
;Transcarga International Airways;PotCust;0;0;0;0;0;;0.00;;0;;;;
;Brascoota;PotCust;0;0;0;0;0;;0.00;;0;;;;
;Air Bucharest;PotCust;0;0;0;0;0;;0.00;;0;;;;
;Seair Pacific;PotCust;0;0;0;0;0;;0.00;;0;;;;
;ARM Aviación;PotCust;0;0;0;0;0;;0.00;;0;;;;
;EastAfrican;PotCust;0;0;0;0;0;;0.00;;0;;;;
COM14458;Turpial Airlines;Customer;3;1;1;1;0;09/25/2025 00:00:00;8.00;;0;;;;
;DLR Flugbetriebe;PotCust;0;0;0;0;0;;0.00;;0;;;;
;Airjet;PotCust;0;0;0;0;0;;0.00;;0;;;;
COM13987;Aviation Horizons;Pending Closure;0;1;1;1;0;01/12/2022 00:00:00;8.00;01/31/2027 00:00:00;0;Unavoidable;AC out for long term maintenance - no operations left.;;
;My Indo Airlines;PotCust;0;0;0;0;0;;0.00;;0;;;;
;RAC - Ryukyu Air Commuter*;PotCust;0;0;0;0;0;;0.00;;0;;;;
;Interjet;PotCust;0;0;0;0;0;;0.00;;0;;;;
;Turkish Airlines General Aviation;PotCust;0;0;0;0;0;;0.00;;0;;;;
;LATAM Airlines Ecuador;PotCust;0;0;0;0;0;;0.00;;0;;;;
;Hongkong Jet*;PotCust;0;0;0;0;0;;0.00;;0;;;;
;Avior Airlines;PotCust;0;0;0;0;0;;0.00;;0;;;;
;Airwork Flight Operations;PotCust;0;0;0;0;0;;0.00;;0;;;;
;Portugália Airlines;PotCust;0;0;0;0;0;;0.00;;0;;;;
COM13970;Air Mauritius;PotCust;0;0;0;0;0;;0.00;;0;;;;
;TACA International Airlines;PotCust;0;0;0;0;0;;0.00;;0;;;;
;AirBorneo;PotCust;0;0;0;0;0;;0.00;;0;;;;
;Zagros Airlines (Iran);NonCust;0;0;0;0;0;;0.00;;0;;;06/22/2021 00:00:00;Embargo
;Conviasa;PotCust;0;0;0;0;0;;0.00;;0;;;;
;Fuzhou Airlines;PotCust;0;0;0;0;0;;0.00;;0;;;;
COM14457;Arik Air;PotCust;0;0;0;0;0;;0.00;;0;;;;
;Iberia Express;PotCust;0;0;0;0;0;;0.00;;0;;;;
;Qingdao Airlines;PotCust;0;0;0;0;0;;0.00;;0;;;;
;Donghai Airlines;PotCust;0;0;0;0;0;;0.00;;0;;;;
;Henan Airlines;PotCust;0;0;0;0;0;;0.00;;0;;;;
;Chukotavia;Quarantine;0;0;0;0;0;;0.00;;0;;;;
;Sideral Linhas Aéreas;PotCust;0;0;0;0;0;;0.00;;0;;;;
;Lalona Air;PotCust;0;0;0;0;0;;0.00;;0;;;;
COM13951;SkyAlps;Customer;2;10;9;0;0;01/12/2022 00:00:00;8.00;;0;;;;
;SkyBooking;NonCust;0;0;0;0;0;;0.00;;0;;;;
COM14361;MSC AIR S.p.a.;PotCust;3;1;0;0;0;11/28/2024 00:00:00;8.00;06/03/2026 00:00:00;0;Avoidable;Integration issues, Jeppesen Aviator.;06/03/2026 00:00:00;Contract terminated by end of May 2026
;PDC Aviation;NonCust;0;0;0;0;0;;0.00;;0;;;;
;Aviation-Horizons;NonCust;0;0;0;0;0;;0.00;;0;;;01/07/2022 00:00:00;wrongly registered doublet - correct company is Aviation Horizons
;LIME TEST 2;NonCust;0;0;0;0;0;;0.00;;0;;;;
;LIME TEST 4 support;NonCust;0;0;0;0;0;;0.00;;0;;;;
;Global Vectra Helicorp Ltd.;PotCust;0;0;0;0;0;;0.00;;0;;;;
COM13901;Jet One X;PotCust;0;0;0;0;0;;0.00;;0;;;;
;Air Company Aerostan LLC (AIRSPEED);Customer via;0;0;0;0;0;10/31/2025 00:00:00;0.00;;0;;;;
COM13902;India Jet Services;PotCust;0;0;0;0;0;;0.00;;0;;;;
;Jet Club Group;PotCust;0;0;0;0;0;;0.00;;0;;;;
COM13903;Bjarne Test Company 2;NonCust;0;0;0;0;0;;0.00;;0;;;;
COM13904;Bjarne Test 3;NonCust;0;0;0;0;0;03/14/2024 00:00:00;0.00;;0;;;;
COM13910;Exupair;NonCust;0;0;0;0;0;;0.00;;0;;;;
COM13905;Bjarne Test Company 4;NonCust;0;0;0;0;0;;0.00;;0;;;02/09/2022 00:00:00;Bjarne
COM13906;Bjarne test 210707;NonCust;0;0;0;0;0;;0.00;;0;;;;
COM13907;Bjarne test 210707-2;NonCust;0;0;0;0;0;;0.00;;0;;;;
;DASSAULT AVIATION;NonCust;0;0;0;0;0;;0.00;;0;;;;
;Nuvolar Software SLU;NonCust;0;0;0;0;0;;0.00;;0;;;;
COM13920;One Air Aviation;Customer;2;5;5;5;0;01/05/2022 00:00:00;8.00;;0;;;;
COM13912;MASER Aviation Services Limited;Customer;3;1;0;0;0;08/01/2021 00:00:00;8.00;;0;;;;
;Toolpack365;NonCust;0;0;0;0;0;;0.00;;0;;;;
COM14136;South African Skylink;PotCust;0;0;0;0;0;;0.00;;0;;;;
;BEES AIRLINE;PotCust;0;0;0;0;0;;0.00;;0;;;;
;Volta River Aviation;PotCust;0;0;0;0;0;;0.00;;0;;;;
;Defmaxx Aviation;PotCust;0;0;0;0;0;;0.00;;0;;;;
COM13916;HELI AIR SERVICES;Customer;3;2;0;0;0;08/16/2021 00:00:00;8.00;;0;;;;
;Iran Airtour;NonCust;0;0;0;0;0;;0.00;;0;;;;
;LATOP Tecnologia Da Informacao;PotCust;0;0;0;0;0;;0.00;;0;;;;
COM13926;BU SHAMES FZE;Quarantine;0;5;0;0;0;02/01/2020 00:00:00;8.00;06/09/2026 00:00:00;0;Unavoidable;"BU Shames and Paragon aviation service merged with Klyova, and all flight are dispatched via Klyova per June 2026. BU Shames and Paragon Aviation services are subsequently closed and churned.
ARR awill remain with AIR SUPPORT and therefore are the churn value set to 0.";06/09/2026 00:00:00;Lack of payment
;MALTA TEMP;PotCust;0;0;0;0;0;;0.00;;0;;;;
;Philjets*;PotCust;0;0;0;0;0;;0.00;;0;;;;
COM13917;Dragon Aviation;PotCust;0;0;0;0;0;;0.00;;0;;;;
;New FR startup Yann Morel;PotCust;0;0;0;0;0;;0.00;;0;;;;
COM13921;Sun Air Aviation;PotCust;0;0;0;0;0;;0.00;;0;;;;
COM13918;Prime Trip Support;Customer;0;0;0;0;0;10/01/2021 00:00:00;8.00;;0;;;;
COM13922;Mesa Airlines;PotCust;0;0;0;0;0;;0.00;;0;;;;
;FLY SOMTRANS;PotCust;0;0;0;0;0;;0.00;;0;;;;
COM13923;Luxaviation Germany (Part of Luxaviation Group);PotCust;0;0;0;0;0;10/01/2018 00:00:00;0.00;;0;Avoidable;Group deal - going to Flightkeys;09/12/2023 00:00:00;Contract terminated
COM13924;VIP Airline Company;PotCust;0;0;0;0;0;;0.00;;0;;;;
COM13925;Sling Pilot Academy;PotCust;0;0;0;0;0;;0.00;;0;;;;
;Libyan Air Ambulance;PotCust;0;0;0;0;0;;0.00;;0;;;;
;Regional Linhas Aéreas LTDA;PotCust;0;0;0;0;0;;0.00;;0;;;;
;Lima Avia LLC;Quarantine;0;0;0;0;0;;0.00;;0;;;;
;GLOCK AVIATION;PotCust;0;0;0;0;0;;0.00;;0;;;;
;Blue Sky Network (SkyRouter);NonCust;0;0;0;0;0;;0.00;;0;;;;
COM13938;JB Airlines Ltd;PotCust;0;0;0;0;0;;0.00;;0;;;;
;ANA All Nippon Airways*;PotCust;0;0;0;0;0;;0.00;;0;;;;
;Air China Ltd.;PotCust;0;0;0;0;0;;0.00;;0;;;;
;Xiamen Airlines;PotCust;0;0;0;0;0;;0.00;;0;;;;
;Garuda Indonesia;PotCust;0;0;0;0;0;;0.00;;0;;;;
COM14517;Thai Airways International;PotCust;0;0;0;0;0;;0.00;;0;;;;
COM13935;RED SEA AIRLINES;Quarantine;0;0;0;0;0;01/01/2022 00:00:00;8.00;04/30/2025 00:00:00;0;Avoidable;FPL Binding date 08/30/2027.  Took a div. due to wrong winds prediction, no compensation. God dissatisfied.;07/01/2025 00:00:00;No payment, no communication.
;Redwings Aviation Services;PotCust;0;0;0;0;0;;0.00;;0;;;;
;FLYCANA;PotCust;0;0;0;0;0;;0.00;;0;;;;
;Heli EFB GmbH;NonCust;0;0;0;0;0;;0.00;;0;;;;
COM13931;FLYTAG FLIGHT SUPPORT;Customer;3;0;0;0;0;09/21/2021 00:00:00;8.00;;0;;;;
COM13960;NEXUS INDIA;Customer;0;0;0;0;0;01/05/2022 00:00:00;8.00;;0;;;;
COM13957;MANASIK AVIATION;PotCust;0;2;0;0;0;02/25/2022 00:00:00;8.00;04/30/2026 00:00:00;0;Unavoidable;Missing payment - no contact.;04/08/2026 00:00:00;Lack of payment
;CAE;PotCust;0;0;0;0;0;;0.00;;0;;;;
;Oyster Jets;PotCust;0;0;0;0;0;;0.00;;0;;;;
COM13932;MC Havacilik A.S.;PotCust;0;0;0;0;0;;0.00;;0;;;;
COM13933;Mixjet Ukraine LLC;PotCust;0;0;0;0;0;;0.00;;0;;;;
COM12254;Biltema Nordic;PotCust;0;0;0;0;0;;0.00;;0;;;;
COM13936;SkyJet Air Cargo;PotCust;0;0;0;0;0;;0.00;;0;;;;
COM14677;JSX;PotCust;0;0;0;0;0;;0.00;;0;;;;
COM13939;EAST WEST EXPRESS;PotCust;0;0;0;0;0;;0.00;;0;;;;
COM13940;HAYWAYS;Customer;0;2;0;0;0;11/02/2023 00:00:00;8.00;;0;;;;
;SAS Scandinavian Airlines;PotCust;1;0;0;0;0;;0.00;;0;;;;
COM11070;Copenhagen AirTaxi;PotCust;0;0;0;0;0;06/13/2024 00:00:00;0.00;;0;;;;
;IFOA;NonCust;0;0;0;0;0;;0.00;;0;;;;
COM11182;Sundt Air AS;PotCust;0;0;0;0;0;06/01/1999 00:00:00;0.00;;0;;;;
COM13944;GELIX AERO;Quarantine;0;0;0;0;0;;0.00;;0;;;;
;AVIABIT;Quarantine;0;0;0;0;0;;0.00;;0;;;;
;Naviair;NonCust;0;0;0;0;0;;0.00;;0;;;;
;Musketeer Software Solutions (Pty) Ltd;NonCust;0;0;0;0;0;08/01/2020 00:00:00;0.00;;0;;;;
COM13942;Bjarne TEST 05-10-21;NonCust;0;0;0;0;0;;0.00;;0;;;06/10/2024 00:00:00;bk
COM13943;JETTIME;Customer;1;14;13;4;0;01/20/2023 00:00:00;6.00;;0;;;;
;Tarik Makaci;PotCust;0;0;0;0;0;;0.00;;0;;;;
COM13945;AIR GEORGIA;PotCust;0;0;0;0;0;01/21/2022 00:00:00;0.00;;0;;;02/28/2023 00:00:00;No communication, no payment
COM13946;MIRACLE FLIGHT SUPPORT (FZE);PotCust;0;0;0;0;0;12/01/2021 00:00:00;0.00;;0;;;10/31/2022 00:00:00;Termination due missing business
;TCS Cargo;PotCust;0;0;0;0;0;;0.00;;0;;;;
COM13947;Pharma Nord;PotCust;0;0;0;0;0;;0.00;;0;;;;
;Air Transport Dominikana;PotCust;0;0;0;0;0;;0.00;;0;;;;
COM13948;TRADEMID;NonCust;0;0;0;0;0;01/07/2022 00:00:00;0.00;;0;Unavoidable;Bankruptcy;01/12/2023 00:00:00;Company ceased!
;GFD GmbH;PotCust;0;0;0;0;0;;0.00;;0;;;;
;FSP HEH;PotCust;0;0;0;0;0;;0.00;;0;;;;
;Boutique Aviation;PotCust;0;0;0;0;0;;0.00;;0;;;;
COM13950;FSP IRM INDIA;Customer;3;1;0;0;0;03/28/2023 00:00:00;8.00;;0;;;;
COM13956;Nomadic Aviation Group;Customer;0;0;0;0;0;07/06/2026 00:00:00;0.00;;0;;;;
COM13953;AeroSolutionKorea;PotCust;0;0;0;0;0;;0.00;;0;;;;
;AERONAVIGATOR;NonCust;0;0;0;0;0;;0.00;;0;;;;
;Jet Manager;NonCust;0;0;0;0;0;;0.00;;0;;;12/07/2021 00:00:00;Use JetManager - do not use this one
;Engine2;NonCust;0;0;0;0;0;;0.00;;0;;;;
COM13961;MET EXPRESS AIR;PotCust;0;0;0;0;0;01/12/2023 00:00:00;0.00;;0;;;;
COM13955;MAE Aircraft Management (MENA CARGO);Quarantine;0;0;0;0;0;11/01/2021 00:00:00;0.00;01/31/2025 00:00:00;0;Unavoidable;Missing payment, no communication;01/28/2025 00:00:00;No payment, no communication!
COM13959;Compass Airways Belgium;NonCust;0;0;0;0;0;;0.00;;0;;;;
COM13958;AA Corporation;PotCust;0;0;0;0;0;;0.00;;0;;;;
;Oluwaseun Dan Olowoyeye;PotCust;0;0;0;0;0;;0.00;;0;;;;
;AeroData;NonCust;0;0;0;0;0;;0.00;;0;;;;
;Navblue (Airbus);NonCust;0;0;0;0;0;;0.00;;0;;;;
;Bits Pilani;NonCust;0;0;0;0;0;;0.00;;0;;;;
;Caledonia Jets UK;PotCust;0;0;0;0;0;;0.00;;0;;;;
COM14320;G.A.A. AVIATION Pvt Ltd;PotCust;0;0;0;0;0;;0.00;;0;;;;
COM13962;247 Aviation;PotCust;0;0;0;0;0;;0.00;;0;;;;
;SAFA (startup);PotCust;0;0;0;0;0;;0.00;;0;;;;
;WEFRI;PotCust;0;0;0;0;0;;0.00;;0;;;;
;Miralty Consulting Ltd;PotCust;0;0;0;0;0;;0.00;;0;;;;
COM13963;SPARFELL Airways SA;PotCust;0;0;0;0;0;12/01/2021 00:00:00;0.00;09/30/2024 00:00:00;0;Unavoidable;Split of group. No PPS activity left.  Customer accept to pay 50 of the reamining contract value.;08/30/2024 00:00:00;No tails on PPS any longer
COM13965;Poonawalla Aviation;Customer via;0;0;0;0;0;04/29/2024 00:00:00;0.00;;0;;;;
COM13964;Premier International;PotCust;0;0;0;0;0;;0.00;;0;;;;
COM13968;Natireva (Air Moana);Customer;0;4;4;3;0;02/20/2022 00:00:00;8.00;;0;;;;
;Acaymo Jose Navarro Melian (private);NonCust;0;0;0;0;0;;0.00;;0;;;;
;Aerdorica S.p.A.;NonCust;0;0;0;0;0;;0.00;;0;;;;
;Esbjerg Lufthavn;NonCust;0;0;0;0;0;;0.00;;0;;;;
;Autoroute Supplier;NonCust;0;0;0;0;0;;0.00;;0;;;;
;Rønne Lufthavn;NonCust;0;0;0;0;0;;0.00;;0;;;;
COM13966;Saudi MedEvac;PotCust;0;0;0;0;0;;0.00;;0;;;;
;Scandinavian Avionics A/S;NonCust;0;0;0;0;0;;0.00;;0;;;;
;Karup Lufthavn;NonCust;0;0;0;0;0;;0.00;;0;;;;
;KN Helicopters;PotCust;0;0;0;0;0;;0.00;;0;;;;
;REP - Rede dos Emissores Portugueses;NonCust;0;0;0;0;0;;0.00;;0;;;;
;MET Eireann;NonCust;0;0;0;0;0;;0.00;;0;;;;
;King Abdulaziz International Airport;NonCust;0;0;0;0;0;;0.00;;0;;;;
;Kulusuk Airport;NonCust;0;0;0;0;0;;0.00;;0;;;;
;Bojsen Consult;NonCust;0;0;0;0;0;;0.00;;0;;;;
;Spire Flight Solutions;NonCust;0;0;0;0;0;;0.00;;0;;;;
;Hawthorne Global Aviation Services;PotCust;0;0;0;0;0;;0.00;;0;;;;
;Hawthorne Atlanta Cobb County;NonCust;0;0;0;0;0;;0.00;;0;;;;
;Carsten Heintzelmann (private);NonCust;0;0;0;0;0;;0.00;;0;;;;
;(Duplicate) Duncan Aviation;NonCust;0;0;0;0;0;;0.00;;0;;;;
;Dudi's Peppers;NonCust;0;0;0;0;0;;0.00;;0;;;;
;Mittarfiup Pisortaa;NonCust;0;0;0;0;0;;0.00;;0;;;;
;Niche Aviation Solutions;NonCust;0;0;0;0;0;;0.00;;0;;;;
;Sun-Air Technic;NonCust;0;0;0;0;0;;0.00;;0;;;;
;Ast Aeroservizi S.P.A.;NonCust;0;0;0;0;0;;0.00;;0;;;;
;Skive Lufthavn;NonCust;0;0;0;0;0;;0.00;;0;;;;
;GRC Greece GRC Hellas;NonCust;0;0;0;0;0;;0.00;;0;;;;
;RAS JETPORT (Riverside Air Service);NonCust;0;0;0;0;0;;0.00;;0;;;;
;Henrik Madsen (privat);NonCust;0;0;0;0;0;;0.00;;0;;;;
;Erik Jacobsen (private);PotCust;0;0;0;0;0;;0.00;;0;;;;
;Thomas Petersen (private);NonCust;0;0;0;0;0;;0.00;;0;;;;
;1aviation;PotCust;0;0;0;0;0;;0.00;;0;;;;
;Fontainebleau Aviation FBO;PotCust;0;0;0;0;0;;0.00;;0;;;;
;Landsverk;NonCust;0;0;0;0;0;;0.00;;0;;;;
;CommsNet Solutions Ltd;NonCust;0;0;0;0;0;;0.00;;0;;;;
COM14646;AVTECH Sweden AB;NonCust;0;0;0;0;0;;0.00;;0;;;;
;Xcellan (Web hosting services);NonCust;0;0;0;0;0;;0.00;;0;;;;
;Bendt Duus (private);NonCust;0;0;0;0;0;;0.00;;0;;;;
;Herning Lufthavn;PotCust;0;0;0;0;0;;0.00;;0;;;;
;Vamdrup Lufthavn;NonCust;0;0;0;0;0;;0.00;;0;;;;
;Randers Flyveklub;NonCust;0;0;0;0;0;;0.00;;0;;;;
COM13973;KNMI – EMADDC;NonCust;0;0;0;0;0;12/12/2021 00:00:00;0.00;;0;;;;
;Standard Aviation LLC FBO;PotCust;0;0;0;0;0;;0.00;;0;;;;
;AVRC BH;NonCust;0;0;0;0;0;;0.00;;0;;;;
;Johannes Fromberg (private);NonCust;0;0;0;0;0;;0.00;;0;;;;
;Chateau du Gue Aux Biches;PotCust;0;0;0;0;0;;0.00;;0;;;;
;SASE s.p.a. Umbria Airport;NonCust;0;0;0;0;0;;0.00;;0;;;;
;CP Endeavour Aviation;NonCust;0;0;0;0;0;;0.00;;0;;;;
;JP Kino (private);NonCust;0;0;0;0;0;;0.00;;0;;;;
;La Casa Bonita;NonCust;0;0;0;0;0;;0.00;;0;;;;
;Allan Isaack (private);NonCust;0;0;0;0;0;;0.00;;0;;;;
;Aircraft Performance Group, APG;NonCust;0;0;0;0;0;;0.00;;0;;;;
COM14564;West Atlantic Sweden;Customer via;0;0;0;0;0;08/26/2024 00:00:00;8.00;;0;;;;
;Marcus Åkesson (private);NonCust;0;0;0;0;0;;0.00;;0;;;;
;Heraclion Airport Nikos Kazantzakis;NonCust;0;0;0;0;0;;0.00;;0;;;;
;Milan Bergamo Airport SACBO S.p.A.;NonCust;0;0;0;0;0;;0.00;;0;;;;
;Disused. To be deleted in Lime.;NonCust;0;0;0;0;0;;0.00;;0;;;;
;Heliponents Inc;PotCust;0;0;0;0;0;;0.00;;0;;;;
;Iroise Aero formation;PotCust;0;0;0;0;0;;0.00;;0;;;;
COM13967;Avidus Jet Management;PotCust;0;0;0;0;0;;0.00;;0;;;;
;FLY 7 EXECUTIVE AVIATION SA;NonCust;0;0;0;0;0;;0.00;;0;;;;
COM13972;Fly LeOne;PotCust;0;0;0;0;0;04/04/2023 00:00:00;0.00;03/01/2024 00:00:00;0;Unavoidable;Missing payment;02/06/2024 00:00:00;missing payment and communication
;Nigeria Air;PotCust;3;0;0;0;0;;0.00;;0;;;;
;GEAC Spa – Cuneo Airport;NonCust;0;0;0;0;0;;0.00;;0;;;;
;ONDA;NonCust;0;0;0;0;0;;0.00;;0;;;;
;Skistar Åre;NonCust;0;0;0;0;0;;0.00;;0;;;;
;Jens Sørensen (private);NonCust;0;0;0;0;0;;0.00;;0;;;;
;Airgest Spa;NonCust;0;0;0;0;0;;0.00;;0;;;;
;Peter Møller (private);NonCust;0;0;0;0;0;;0.00;;0;;;;
;RT Teknik;NonCust;0;0;0;0;0;;0.00;;0;;;;
;Stauning Lufthavn;NonCust;0;0;0;0;0;;0.00;;0;;;;
;Pantelleria Airport;NonCust;0;0;0;0;0;;0.00;;0;;;;
;Amigo Wifi S.L.;NonCust;0;0;0;0;0;;0.00;;0;;;;
;Henrik Schlippe (private);NonCust;0;0;0;0;0;;0.00;;0;;;;
;ClimaCell HQ;NonCust;0;0;0;0;0;;0.00;;0;;;;
;Castle Apartments;NonCust;0;0;0;0;0;;0.00;;0;;;;
;ClimaCell Boulder;NonCust;0;0;0;0;0;;0.00;;0;;;;
;MET Office Spain - ADS-B Antenna Host;NonCust;0;0;0;0;0;;0.00;;0;;;;
;Carsten Agerbo Jensen (private);NonCust;0;0;0;0;0;;0.00;;0;;;;
;Colin's Tyres;NonCust;0;0;0;0;0;;0.00;;0;;;;
;Anders Pettersson (private);NonCust;0;0;0;0;0;;0.00;;0;;;;
;Nilan AG;NonCust;0;0;0;0;0;;0.00;;0;;;;
;Sumburgh Hotel;NonCust;0;0;0;0;0;;0.00;;0;;;;
;Ulster Flying Club;NonCust;0;0;0;0;0;;0.00;;0;;;;
;Armchair Supporters;NonCust;0;0;0;0;0;;0.00;;0;;;;
;Brendan R Moylan Electrical;NonCust;0;0;0;0;0;;0.00;;0;;;;
;Læsø El-Teknik;NonCust;0;0;0;0;0;;0.00;;0;;;;
;Castle & Cooke Aviation (California);NonCust;0;0;0;0;0;;0.00;;0;;;;
;Hotel Löwen;NonCust;0;0;0;0;0;;0.00;;0;;;;
;Scenic Air Tours North East;NonCust;0;0;0;0;0;;0.00;;0;;;;
;Union de Radioaficionados Españoles URE;NonCust;0;0;0;0;0;;0.00;;0;;;;
;Ousia Lounge;NonCust;0;0;0;0;0;;0.00;;0;;;;
;RCHV (Radio Club Haut Var);NonCust;0;0;0;0;0;;0.00;;0;;;;
;Castle & Cooke (Hawaii);NonCust;0;0;0;0;0;;0.00;;0;;;;
;Radioklub Sevnica;NonCust;0;0;0;0;0;;0.00;;0;;;;
;Jet Aviation (Teterboro);NonCust;0;0;0;0;0;;0.00;;0;;;;
;Castle & Cooke (Washington);NonCust;0;0;0;0;0;;0.00;;0;;;;
;Nathalie Apartments;NonCust;0;0;0;0;0;;0.00;;0;;;;
;Airport Luxury Apartment;NonCust;0;0;0;0;0;;0.00;;0;;;;
;Deutscher Amateur-Radio-Club e. V;NonCust;0;0;0;0;0;;0.00;;0;;;;
;Torsten & Brigitte Günther (private);NonCust;0;0;0;0;0;;0.00;;0;;;;
;RADIOAMATERSKI KLUB KOZARA E73JHI;NonCust;0;0;0;0;0;;0.00;;0;;;;
;Million Air (Austin);NonCust;0;0;0;0;0;;0.00;;0;;;;
;Rhodian Sun SA;NonCust;0;0;0;0;0;;0.00;;0;;;;
;Zeus Studios;NonCust;0;0;0;0;0;;0.00;;0;;;;
;Jet Center at Santa Fe;NonCust;0;0;0;0;0;;0.00;;0;;;;
;Million Air (Tucson);NonCust;0;0;0;0;0;;0.00;;0;;;;
;Million Air (New York);NonCust;0;0;0;0;0;;0.00;;0;;;;
;Million Air (Houston);NonCust;0;0;0;0;0;;0.00;;0;;;;
;Air Service Hawaii Kona Base;NonCust;0;0;0;0;0;;0.00;;0;;;;
;Air Service Hawaii Maui;PotCust;0;0;0;0;0;;0.00;;0;;;;
;Air Service KAUAI;NonCust;0;0;0;0;0;;0.00;;0;;;;
;Million Air Dallas;NonCust;0;0;0;0;0;;0.00;;0;;;;
;Million Air Burbank;NonCust;0;0;0;0;0;;0.00;;0;;;;
;Maven by Midfield;NonCust;0;0;0;0;0;;0.00;;0;;;;
;Denver jetCenter, Inc.;NonCust;0;0;0;0;0;;0.00;;0;;;;
;National Jets Inc.;NonCust;0;0;0;0;0;;0.00;;0;;;;
;Sweetwater Aviation FBO;NonCust;0;0;0;0;0;;0.00;;0;;;;
;Swift Aviation;NonCust;0;0;0;0;0;;0.00;;0;;;;
;Million Air (El Paso);NonCust;0;0;0;0;0;;0.00;;0;;;;
;Johan Unhammer (private);NonCust;0;0;0;0;0;;0.00;;0;;;;
;Jet Aviation (Dulles);NonCust;0;0;0;0;0;;0.00;;0;;;;
;Jet Aviation (West Palm);NonCust;0;0;0;0;0;;0.00;;0;;;;
;Jet Aviation (Bedford);NonCust;0;0;0;0;0;;0.00;;0;;;;
;Jet Aviation (Bozeman);NonCust;0;0;0;0;0;;0.00;;0;;;;
;Jet Aviation (Cahokia);NonCust;0;0;0;0;0;;0.00;;0;;;;
;Jet Aviation (Dallas);PotCust;0;0;0;0;0;;0.00;;0;;;;
;Republic Jet Center-FBO;NonCust;0;0;0;0;0;;0.00;;0;;;;
;Chantilly Air Jet Center;NonCust;0;0;0;0;0;;0.00;;0;;;;
;Meridian Hayward;NonCust;0;0;0;0;0;;0.00;;0;;;;
;Croatian Amateur Radio;NonCust;0;0;0;0;0;;0.00;;0;;;;
;Falck Danmark;NonCust;0;0;0;0;0;;0.00;;0;;;;
;Christian Vanguers (private);NonCust;0;0;0;0;0;;0.00;;0;;;;
;Dassault Falcon Jet - Wilmington;NonCust;0;0;0;0;0;;0.00;;0;;;;
;Per Green (private);NonCust;0;0;0;0;0;;0.00;;0;;;;
;SAC Catania;NonCust;0;0;0;0;0;;0.00;;0;;;;
;Peter Wibling Hansen (private);NonCust;0;0;0;0;0;;0.00;;0;;;;
;Aero-Tronic Ltd;NonCust;0;0;0;0;0;;0.00;;0;;;;
;Samsø Air Service;NonCust;0;0;0;0;0;;0.00;;0;;;;
;Masoud Kashkouli (private);NonCust;0;0;0;0;0;;0.00;;0;;;;
;Aistech Space S.L.;NonCust;0;0;0;0;0;;0.00;;0;;;;
;Starling Air;NonCust;0;0;0;0;0;;0.00;;0;;;;
;AMRS Maringer;NonCust;0;0;0;0;0;;0.00;;0;;;;
;Aeroporti Di Puglia;NonCust;0;0;0;0;0;;0.00;;0;;;;
;Domenico Alestra;NonCust;0;0;0;0;0;;0.00;;0;;;;
;DARC;NonCust;0;0;0;0;0;;0.00;;0;;;;
;Tønder Flyveplads;NonCust;0;0;0;0;0;;0.00;;0;;;;
;Jets FBO;NonCust;0;0;0;0;0;;0.00;;0;;;;
;Jackson Jet Center;NonCust;0;0;0;0;0;;0.00;;0;;;;
;Johannes Wamberg Andersen (private);NonCust;0;0;0;0;0;;0.00;;0;;;;
;Ringsted Flyveklub;NonCust;0;0;0;0;0;;0.00;;0;;;;
;Resort Aviation Jet Center;NonCust;0;0;0;0;0;;0.00;;0;;;;
;Jose David Villarreal Cordero (private);NonCust;0;0;0;0;0;;0.00;;0;;;;
;Bakersfield Jet Center Loyd's Aviation;NonCust;0;0;0;0;0;;0.00;;0;;;;
COM13969;PELICAN AIR SERVICES Ltd;PotCust;0;0;0;0;0;01/07/2022 00:00:00;0.00;;0;;;06/20/2022 00:00:00;Blocked. Never live
;Region Syddanmark;NonCust;0;0;0;0;0;;0.00;;0;;;;
;JN Avionics;NonCust;0;0;0;0;0;;0.00;;0;;;;
COM13971;Kunooz Airlines (Egypt);PotCust;0;0;0;0;0;;0.00;;0;;;;
;Aviator;NonCust;0;0;0;0;0;;0.00;;0;;;;
COM13983;AeroItalia;Customer;1;11;11;0;11;10/09/2025 00:00:00;8.00;07/31/2026 00:00:00;0;Avoidable;Staff didnt want to adapt to new provider.  Aeroitalia staying with existing provider.;;
;JetManager;NonCust;0;0;0;0;0;;0.00;;0;;;;
COM13993;Global Load Control (GLC);PotCust;0;0;0;0;0;;0.00;;0;;;;
COM14229;Nova Aviation Services;Customer;0;0;0;0;0;03/13/2023 00:00:00;8.00;;0;;;;
;Holger Ramisch (private);NonCust;0;0;0;0;0;;0.00;;0;;;;
;Motihari Sp z o.o. Sp. K.;NonCust;0;0;0;0;0;;0.00;;0;;;;
COM13975;AEROCONTROL;Customer;0;0;0;0;0;01/01/2022 00:00:00;8.00;;0;;;07/03/2023 00:00:00;
;Netsyst FR;NonCust;0;0;0;0;0;;0.00;;0;;;;
COM11998;AIR MADAGASCAR;PotCust;0;0;0;0;0;;0.00;;0;;;;
COM14036;Eznis Airways LLC;Quarantine;0;0;0;0;0;05/26/2022 00:00:00;8.00;06/17/2025 00:00:00;0;Unavoidable;;06/17/2025 00:00:00;No payment, no communication.
COM13979;Green Airlines;PotCust;0;0;0;0;0;;0.00;;0;;;;
COM14002;FVL AVIATION LTD;PotCust;0;0;0;0;0;;0.00;;0;;;;
;Aeronautica SA (Aviator ONE);NonCust;0;0;0;0;0;;0.00;;0;;;;
COM14226;World Cargo Airlines;PotCust;0;0;0;0;0;;0.00;;0;;;;
COM13978;AMS Aero (billing company for HCAA);Customer;3;1;0;0;0;12/22/2021 00:00:00;8.00;;0;;;;
COM13981;Celeste Air;Customer via;0;0;0;0;0;12/07/2025 00:00:00;0.00;;0;;;;
COM13982;Flairway Aviation;PotCust;0;0;0;0;0;;0.00;;0;;;;
;TriStar Consulting;NonCust;0;0;0;0;0;;0.00;;0;;;;
COM13986;ASIAN AEROSPACE;PotCust;0;0;0;0;0;01/06/2022 00:00:00;0.00;;0;;;09/19/2023 00:00:00;Customer unable to use the system in the Philippines
;TriStar Consulting FZ-LLC;NonCust;0;0;0;0;0;;0.00;;0;;;;
;S7 Airlines;Quarantine;0;0;0;0;0;;0.00;;0;;;;
COM14005;YEMENIA;Customer, on hold;0;0;0;0;0;01/01/2023 00:00:00;5.00;;0;;;;
COM14010;EACS;PotCust;0;0;0;0;0;;0.00;;0;;;;
COM13995;Fly Fast Airlines;Quarantine;0;0;0;0;0;;0.00;;0;;;;
COM14067;JetMate Aviation;Customer;0;0;0;0;0;03/18/2025 00:00:00;8.00;;0;;;;
;Didier Crucy (Private);NonCust;0;0;0;0;0;;0.00;;0;;;;
;Christian Darbot (Private);NonCust;0;0;0;0;0;;0.00;;0;;;;
COM13991;Citijet Air Charter;PotCust;0;0;0;0;0;;0.00;;0;;;;
;Roland Lartigue (Private);NonCust;0;0;0;0;0;;0.00;;0;;;;
COM13992;Flight Pit Stop;Customer;0;0;0;0;0;01/13/2022 00:00:00;8.00;;0;;;04/08/2022 00:00:00;
;SITA Switzerland;NonCust;0;0;0;0;0;;0.00;;0;;;;
COM13996;QA Aviation (Former: Queen Air s.r.o);Customer;3;2;0;0;0;02/01/2022 00:00:00;8.00;;0;;;;
COM13997;FORTIS;PotCust;0;0;0;0;0;;0.00;;0;;;;
;Cockpit-IT GmbH;NonCust;0;0;0;0;0;;0.00;;0;;;;
COM14006;Motu Link;PotCust;0;0;0;0;0;;0.00;;0;;;;
;Future Multimedia S.r.l.;NonCust;0;0;0;0;0;;0.00;;0;;;;
;Gain Jet Ireland Limited;PotCust;0;0;0;0;0;;0.00;;0;;;;
;Avianca Group;PotCust;0;0;0;0;0;;0.00;;0;;;;
COM14004;IFLY AIR;PotCust;0;0;0;0;0;02/01/2023 00:00:00;0.00;;0;;;;
;Westair Aviation Ireland;PotCust;0;0;0;0;0;;0.00;;0;;;;
COM14007;Manx Jet Management Ltd.;PotCust;0;0;0;0;0;;0.00;;0;;;;
;XOJET;PotCust;0;0;0;0;0;;0.00;;0;;;;
COM14008;Falcon Wings Aviation Academy;Customer;0;0;0;0;0;01/02/2026 00:00:00;0.00;;0;;;;
COM14009;FSP MAYFAIR;Customer;0;0;0;0;0;02/14/2022 00:00:00;8.00;;0;;;;
COM14011;XEJET Airlines;Customer;3;6;0;0;0;01/05/2023 00:00:00;8.00;;0;;;;
;Ruslan Stehnyak;NonCust;0;0;0;0;0;;0.00;;0;;;;
COM14015;MTR EXPRESS;PotCust;0;0;0;0;0;;0.00;;0;;;;
;Patrick Theodet (private);NonCust;0;0;0;0;0;;0.00;;0;;;;
;Joachim Sonnaband (private);NonCust;0;0;0;0;0;;0.00;;0;;;;
;Thierry Bodin (private);NonCust;0;0;0;0;0;;0.00;;0;;;;
COM14013;GIG AVIATION;PotCust;0;0;0;0;0;;0.00;;0;;;;
;Northeast Air;PotCust;0;0;0;0;0;;0.00;;0;;;;
COM14020;Wiseway Cargo Airlines;Quarantine;0;0;0;0;0;10/01/2022 00:00:00;0.00;;0;Unavoidable;Missing payment. New CEO will not recognize contract.;01/24/2023 00:00:00;No payment
COM14016;AIR CONNECT;Customer via;0;0;0;0;0;04/09/2024 00:00:00;0.00;;0;;;;
;Claus True (Private);NonCust;0;0;0;0;0;;0.00;;0;;;;
COM14017;IFUEL;Quarantine;0;0;0;0;0;10/01/2022 00:00:00;8.00;06/30/2026 00:00:00;0;Unavoidable;No use of PPS. they have other businesslegs. stopping FPL activity.;06/03/2026 00:00:00;Lack of payment
COM14018;ExecuJet Europe A/S;PotCust;0;0;0;0;0;06/01/2020 00:00:00;0.00;;0;;;06/06/2023 00:00:00;PPS no longer needed
;Jeff Dolcini (private);NonCust;0;0;0;0;0;;0.00;;0;;;;
COM14019;Shannon Air Ground Handling;PotCust;0;0;0;0;0;;0.00;;0;;;;
;DUALEAP;NonCust;0;0;0;0;0;;0.00;;0;;;;
COM14022;SMJet;Customer;3;2;2;0;0;03/04/2022 00:00:00;8.00;;0;;;09/27/2022 00:00:00;
;Ola Jet LP;PotCust;0;0;0;0;0;;0.00;;0;;;;
COM14033;MASARAT AVIATION;PotCust;0;0;0;0;0;;0.00;;0;;;;
;Tamas Balint (private);NonCust;0;0;0;0;0;;0.00;;0;;;;
COM14026;MAKSIM SYRYTSA;PotCust;0;0;0;0;0;03/16/2022 00:00:00;0.00;;0;Unavoidable;Missing Payment;01/13/2023 00:00:00;Mising payment!
;William P. Poteet (Private);NonCust;0;0;0;0;0;;0.00;;0;;;;
COM14028;ALAR AVIATION d.o.o.(Tinadar);NonCust;0;0;0;0;0;03/18/2022 00:00:00;0.00;06/30/2025 00:00:00;0;Unavoidable;AC sold, no business left.;07/02/2025 00:00:00;AC sold, no business left.
;Flyadvanced;PotCust;0;0;0;0;0;;0.00;;0;;;;
;SKY VISION AIRLINES A Operation;Customer via;0;0;0;0;0;08/10/2022 00:00:00;0.00;;0;;;;
COM14335;Boskovic Air Charters;PotCust;0;0;0;0;0;;0.00;;0;;;;
COM14032;AMAZAIR;PotCust;0;0;0;0;0;;0.00;;0;;;;
;World Elite Flight Support;PotCust;0;0;0;0;0;;0.00;;0;;;;
COM14048;Armenia Airways CJSC;Customer;0;2;0;0;0;05/01/2022 00:00:00;8.00;;0;;;;
COM14034;RAS JET SERVICES;PotCust;0;0;0;0;0;;0.00;;0;;;;
COM14101;Syphax Airlines;PotCust;0;0;0;0;0;;0.00;;0;;;;
COM14037;NASJET;PotCust;0;0;0;0;0;;0.00;;0;;;;
;Markus Grundner (private);NonCust;0;0;0;0;0;;0.00;;0;;;;
;Thrive Aviation Charter;PotCust;0;0;0;0;0;;0.00;;0;;;;
;Argentine Air Force;PotCust;0;0;0;0;0;;0.00;;0;;;;
;Weoptit Oy;NonCust;0;0;0;0;0;;0.00;;0;;;;
;MISSION AVIATION FELLOWSHIP;PotCust;0;0;0;0;0;;0.00;;0;;;;
COM14044;BESTFLY TICV;PotCust;1;0;0;0;0;;0.00;;0;;;;
COM14040;Super Air Jet;PotCust;0;0;0;0;0;;0.00;;0;;;;
;AERO CHARTER;PotCust;0;0;0;0;0;;0.00;;0;;;;
;CUTTER AVIATION;PotCust;0;0;0;0;0;;0.00;;0;;;;
;flyExclusive;PotCust;0;0;0;0;0;;0.00;;0;;;;
;AIRSHARE;PotCust;0;0;0;0;0;;0.00;;0;;;;
;WHEELS UP;PotCust;0;0;0;0;0;;0.00;;0;;;;
COM14042;AFJETS;PotCust;0;0;0;0;0;05/10/2022 00:00:00;0.00;;0;;;09/12/2022 00:00:00;Ceased operation. Never started on PPS
COM14045;MAVI GOK AVIATION (MGA Airlines);Customer;0;6;9;6;0;05/11/2022 00:00:00;8.00;;0;;;;
;Keith Charles Miller (Private);NonCust;0;0;0;0;0;;0.00;;0;;;;
COM14588;Apogee;Customer;0;0;0;0;0;03/30/2026 00:00:00;0.00;;0;;;;
;Titan Aerial Firefighting;PotCust;0;0;0;0;0;;0.00;;0;;;;
COM14046;Adriyatik Aviation;Customer;0;0;0;0;0;08/01/2022 00:00:00;8.00;;0;;;;
;SKY CANA;PotCust;0;0;0;0;0;;0.00;;0;;;;
;C3P - Centre Polynésien De Perfectionnement au pilotage;PotCust;0;0;0;0;0;;0.00;;0;;;;
;FAS Frankfurt Aviation Service;NonCust;0;0;0;0;0;;0.00;;0;;;;
COM14047;BLACK EAGLE;PotCust;0;0;0;0;0;;0.00;;0;;;;
;Million Air (Jacksonville);NonCust;0;0;0;0;0;;0.00;;0;;;;
;Hornbill Skyways;PotCust;0;0;0;0;0;;0.00;;0;;;;
;Million Air Vancouver;PotCust;0;0;0;0;0;;0.00;;0;;;;
COM14051;AVIOR;NonCust;0;0;0;0;0;05/18/2022 00:00:00;8.00;08/20/2025 00:00:00;0;Unavoidable;Missing payment;08/20/2025 00:00:00;No communication, no payment, no use of system
;GAS Cologne Aviation Services GmbH;NonCust;0;0;0;0;0;;0.00;;0;;;;
;Jocelyn Raffray (private);NonCust;0;0;0;0;0;;0.00;;0;;;;
;Pierre Gagnon (private);NonCust;0;0;0;0;0;;0.00;;0;;;;
;PROYECTO 4;NonCust;0;0;0;0;0;;0.00;;0;;;;
COM14066;Air Blue;PotCust;0;0;0;0;0;;0.00;;0;;;;
COM14052;Lion Air Group;PotCust;0;0;0;0;0;;0.00;;0;;;;
;Kiruna Radioklubb;NonCust;0;0;0;0;0;;0.00;;0;;;;
;Flylux;PotCust;0;0;0;0;0;;0.00;;0;;;;
;Sigmavia Aero;PotCust;0;0;0;0;0;;0.00;;0;;;;
;AirGo;PotCust;0;0;0;0;0;;0.00;;0;;;;
;TOP JETS WORLD WIDE;NonCust;0;0;0;0;0;04/23/2024 00:00:00;0.00;;0;;;;
;EMTRASUR;NonCust;0;0;0;0;0;;0.00;;0;;;;
;FBO Caribbean;PotCust;0;0;0;0;0;;0.00;;0;;;;
;LAS Leipzig Aviation Service;PotCust;0;0;0;0;0;;0.00;;0;;;;
COM14057;SPEEDCAT EXPRESS;PotCust;0;0;0;0;0;;0.00;;0;;;;
COM14054;25ONLY AVIATION;NonCust;0;0;0;0;0;;0.00;;0;;;;
;Jet Avia International;PotCust;0;0;0;0;0;;0.00;;0;;;;
;Fly Erbil;PotCust;0;0;0;0;0;;0.00;;0;;;;
COM14056;SKYWINGS;Customer;0;0;0;0;0;06/17/2022 00:00:00;8.00;;0;;;09/03/2023 00:00:00;
COM14058;SOMERS CARGO AIRLINE;PotCust;0;0;0;0;0;;0.00;;0;;;;
;AIRCREW DOSIMETRY (IASON);NonCust;0;0;0;0;0;;0.00;;0;;;;
;AirGo Private Airline;PotCust;0;0;0;0;0;;0.00;;0;;;;
;Royal Flight Oman;PotCust;0;0;0;0;0;;0.00;;0;;;;
;Riviera Airllines;PotCust;0;0;0;0;0;;0.00;;0;;;;
;GULF PEARL;PotCust;0;0;0;0;0;;0.00;;0;;;;
;Eagle United;PotCust;0;0;0;0;0;;0.00;;0;;;;
;JAS Airport Services;PotCust;0;0;0;0;0;;0.00;;0;;;;
;AVIAPARTNER CARGO MARSEILLE;NonCust;0;0;0;0;0;;0.00;;0;;;;
;World Air Support;PotCust;0;0;0;0;0;;0.00;;0;;;;
;AZUL;PotCust;0;0;0;0;0;;0.00;;0;;;;
;Weststar Engineering;PotCust;0;0;0;0;0;;0.00;;0;;;;
;IFS;PotCust;0;0;0;0;0;;0.00;;0;;;;
COM14059;Primajet Airways;PotCust;0;0;0;0;0;;0.00;;0;;;;
COM14179;SAUDI GEOLOGICAL SURVEY (SGS);PotCust;0;0;0;0;0;;0.00;;0;;;;
COM14060;Southwind Airlines (cortex);Customer;0;14;13;4;0;06/17/2022 00:00:00;8.00;;0;;;;
COM14061;NOVAIR ARMENIA;Customer;0;1;0;0;0;10/01/2022 00:00:00;8.00;;0;;;;
COM14062;Flex Flight International;PotCust;0;0;0;0;0;;0.00;;0;;;;
;HEMS DK;PotCust;0;0;0;0;0;;0.00;;0;;;;
;Den Landsdækkende Akutlægehelikopterordning;PotCust;0;0;0;0;0;;0.00;;0;;;;
;Juvenal Perraira (Private);NonCust;0;0;0;0;0;;0.00;;0;;;;
;Red Rock Aviation;NonCust;0;0;0;0;0;;0.00;;0;;;;
COM14063;EXCLUSAIR;PotCust;0;0;0;0;0;;0.00;;0;;;;
COM14064;Pakistan Aviators and Aviation;PotCust;0;0;0;0;0;10/01/2022 00:00:00;0.00;09/16/2024 00:00:00;0;Unavoidable;Shuttingdown;09/16/2024 00:00:00;Contract cancelled
;Reeder Flying Service;PotCust;0;0;0;0;0;;0.00;;0;;;;
;Vand og Affald A/S Svendborg;NonCust;0;0;0;0;0;;0.00;;0;;;;
;Pacific States Aviation;PotCust;0;0;0;0;0;;0.00;;0;;;;
COM14065;Auxilia AeroMedical;PotCust;0;0;0;0;0;;0.00;;0;;;;
;Aeroporto D'Abruzzo;NonCust;0;0;0;0;0;;0.00;;0;;;;
;WINGX Advance GmbH;PotCust;0;0;0;0;0;;0.00;;0;;;;
;aeroplan ApS;NonCust;0;0;0;0;0;;0.00;;0;;;;
;Kjell Fuglestad (private);NonCust;0;0;0;0;0;;0.00;;0;;;;
;GH-WINGS;PotCust;0;0;0;0;0;;0.00;;0;;;;
;Royal FBO;PotCust;0;0;0;0;0;;0.00;;0;;;;
;L&L Charter;PotCust;0;0;0;0;0;;0.00;;0;;;;
;Greenland Airports;NonCust;0;0;0;0;0;;0.00;;0;;;;
;Keller Peak Repeater Association;NonCust;0;0;0;0;0;;0.00;;0;;;;
COM14087;Fly Jordan Airlines;PotCust;0;0;0;0;0;;0.00;;0;;;;
;Entebbe Airways;PotCust;0;0;0;0;0;;0.00;;0;;;;
COM14484;Airlec;PotCust;0;0;0;0;0;;0.00;;0;;;;
COM14070;Zafer Air;Customer;0;12;0;0;0;02/01/2023 00:00:00;8.00;;0;;;02/06/2024 00:00:00;
;Southern Jet;PotCust;0;0;0;0;0;;0.00;;0;;;;
COM14072;Professional Flight Solutions;PotCust;0;0;0;0;0;;0.00;;0;;;;
COM14696;Allegiant;PotCust;0;0;0;0;0;;0.00;;0;;;;
;Keith David Le Boutillier (Private);NonCust;0;0;0;0;0;;0.00;;0;;;;
;Aero Center (KLAL);PotCust;0;0;0;0;0;;0.00;;0;;;;
;Areo Center (KILM);PotCust;0;0;0;0;0;;0.00;;0;;;;
;Aero Center (KILM);PotCust;0;0;0;0;0;;0.00;;0;;;;
;Aeroportos de Portugal;PotCust;0;0;0;0;0;;0.00;;0;;;;
;BBN Airlines;PotCust;0;0;0;0;0;;0.00;;0;;;;
COM14074;Jet Aviation Saudi Arabia;PotCust;0;0;0;0;0;;0.00;;0;;;;
;Dr. Barry Titmarsh (Private);NonCust;0;0;0;0;0;;0.00;;0;;;;
COM14654;Lido Flight Planning Solutions (Lufthansa Systems);NonCust;0;0;0;0;0;;0.00;;0;;;;
COM14149;Fly Dhaka Airlines Ltd;PotCust;0;0;0;0;0;;0.00;;0;;;;
COM14080;ASTRA AIRWAYS;Customer;2;3;0;0;0;09/29/2022 00:00:00;8.00;;0;;;;
;St. Mary´s Airport;PotCust;0;0;0;0;0;;0.00;;0;;;;
;Ambroise ARMAND;NonCust;0;0;0;0;0;;0.00;;0;;;;
COM14077;Air charter services Pvt.ltd;NonCust;0;0;0;0;0;08/01/2022 00:00:00;8.00;02/20/2025 00:00:00;0;Unavoidable;88.894;02/20/2025 00:00:00;Replaced by AVIAARC
;Agency of the Federal Government of Nigeria;PotCust;0;0;0;0;0;;0.00;;0;;;;
COM14078;PRO AV Consulting;PotCust;0;0;0;0;0;;0.00;;0;;;;
;Whitty Airways;PotCust;0;0;0;0;0;;0.00;;0;;;;
;DynamicSource;NonCust;0;0;0;0;0;;0.00;;0;;;;
COM14079;Dux Express;PotCust;0;0;0;0;0;;0.00;;0;;;;
;The Jersey Amateur Radio Society;NonCust;0;0;0;0;0;;0.00;;0;;;;
;APP Jet Center KHEF;PotCust;0;0;0;0;0;;0.00;;0;;;;
;APP Jet Center KSUA;PotCust;0;0;0;0;0;;0.00;;0;;;;
;Gözen Digital Aviation;NonCust;0;0;0;0;0;;0.00;;0;;;;
;Aerocn Limited;PotCust;0;0;0;0;0;;0.00;;0;;;;
COM14082;Propair;PotCust;0;0;0;0;0;;0.00;;0;;;;
COM14083;FLYYO;PotCust;0;0;0;0;0;;0.00;;0;;;;
COM14084;ROM Cargo;Customer via;0;0;0;0;0;04/23/2025 00:00:00;0.00;;0;;;;
;Nuno Baptista (Private);NonCust;0;0;0;0;0;;0.00;;0;;;;
;Zoltan Herczeg (Private);PotCust;0;0;0;0;0;;0.00;;0;;;;
COM14119;Sentra Airways;PotCust;0;0;0;0;0;01/01/2023 00:00:00;8.00;;0;;;;
COM14085;Flexair;PotCust;0;0;0;0;0;;0.00;;0;;;;
;Juha Vuorenalho;NonCust;0;0;0;0;0;;0.00;;0;;;;
COM14086;Sky Vision Airlines B Finance;Customer;3;7;0;0;0;10/01/2022 00:00:00;8.00;;0;;;;
;Jet Centers Of Colorado;PotCust;0;0;0;0;0;;0.00;;0;;;;
COM14090;Legend Airlines SRL;Quarantine;2;2;0;0;0;11/01/2022 00:00:00;8.00;01/01/2026 00:00:00;0;Unavoidable;Customer shut down, 3 out 4 AC sold. Might start up again. Middleeast situation 26032026;12/16/2025 00:00:00;No communication, no payment
COM14554;DextraData (Logipad Aero)(Modern Work);NonCust;0;0;0;0;0;;0.00;;0;;;;
;Stephen Young;NonCust;0;0;0;0;0;;0.00;;0;;;;
;Liberia Airways;PotCust;0;0;0;0;0;;0.00;;0;;;;
;Panorama Airways;PotCust;0;0;0;0;0;;0.00;;0;;;;
COM14097;Kyrgyz Airways;PotCust;0;0;0;0;0;;0.00;;0;;;;
COM14089;Greater Bay Airlines;Pending Delivery;1;0;0;0;0;09/02/2024 00:00:00;5.00;;0;;;;
;Vestas;NonCust;0;0;0;0;0;;0.00;;0;;;;
COM14435;FarCargo;PotCust;0;0;0;0;0;;0.00;;0;;;;
;Executive Jet Management Europe;PotCust;0;0;0;0;0;;0.00;;0;;;;
;AIR BELGIUM;Customer via;2;0;0;0;0;05/02/2024 00:00:00;0.00;;0;;;;
;Lazar Milošević (Private);NonCust;0;0;0;0;0;;0.00;;0;;;;
;BlueWater;NonCust;0;0;0;0;0;;0.00;;0;;;;
;KSUN Airport;NonCust;0;0;0;0;0;;0.00;;0;;;;
;Henrik Rasmussen;NonCust;0;0;0;0;0;;0.00;;0;;;;
COM14168;ITA AIRWAYS;PotCust;0;0;0;0;0;;0.00;;0;;;;
COM14094;Aerus;Customer;0;7;6;0;0;11/24/2022 00:00:00;8.00;;0;;;;
COM14091;Ideal Aviation Support;PotCust;0;0;0;0;0;;0.00;;0;;;;
COM14092;AFRICA AIRLINES;PotCust;0;0;0;0;0;;0.00;;0;;;;
;Austrian Airlines;PotCust;0;0;0;0;0;;0.00;;0;;;;
COM14093;Bass Aero;Customer;3;0;0;0;0;10/28/2022 00:00:00;8.00;;0;;;;
;Vardhman;PotCust;0;0;0;0;0;;0.00;;0;;;;
;SelcaSoft;NonCust;0;0;0;0;0;;0.00;;0;;;;
;Skip Aviation;PotCust;0;0;0;0;0;;0.00;;0;;;;
;FlightKeys 5D (Flightkeys);NonCust;0;0;0;0;0;;0.00;;0;;;;
;RocketRoute;NonCust;0;0;0;0;0;;0.00;;0;;;;
;Sabre;NonCust;0;0;0;0;0;;0.00;;0;;;;
;JeppesenForeflight / Jetplanner (Boeing);NonCust;0;0;0;0;0;;0.00;;0;;;;
;LAMINAAR (ARMS);NonCust;0;0;0;0;0;;0.00;;0;;;;
;Clay Lacy Aviation KSNA;PotCust;0;0;0;0;0;;0.00;;0;;;;
;FlightAware;NonCust;0;0;0;0;0;;0.00;;0;;;;
;Flightradar24;NonCust;0;0;0;0;0;;0.00;;0;;;;
;AirNav RadarBox;NonCust;0;0;0;0;0;;0.00;;0;;;;
;Plane Finder;NonCust;0;0;0;0;0;;0.00;;0;;;;
;WSI Fusion (IBM);NonCust;0;0;0;0;0;;0.00;;0;;;;
;(Duplicate) Satcom Direct;NonCust;0;0;0;0;0;;0.00;;0;;;;
;SITA OptiClimb;NonCust;0;0;0;0;0;;0.00;;0;;;;
;Universal Weather & Aviation;PotCust;0;0;0;0;0;;0.00;;0;;;;
;SkedFlex Flight Planning (eTT AVIATION);NonCust;0;0;0;0;0;;0.00;;0;;;;
;FFS Flight Planning;NonCust;0;0;0;0;0;;0.00;;0;;;;
;NAV Flight Services (previously Uranos);NonCust;0;0;0;0;0;;0.00;;0;;;;
;AvNet (Flightdeck);NonCust;0;0;0;0;0;;0.00;;0;;;;
;Baybridge Services Inc;NonCust;0;0;0;0;0;;0.00;;0;;;;
COM14258;Fits Air;Customer;2;3;0;0;0;12/30/2023 00:00:00;5.00;;0;;;;
;NOVAIR;PotCust;0;0;0;0;0;;0.00;;0;;;;
;Skydive Airlines;PotCust;0;0;0;0;0;;0.00;;0;;;;
;(Duplicate) TUI Fly Nordic;NonCust;0;0;0;0;0;;0.00;;0;;;;
;Royal Norwegian Air Force;PotCust;0;0;0;0;0;;0.00;;0;;;;
;Royal Air Force - RAF Brize Norton;PotCust;0;0;0;0;0;;0.00;;0;;;;
;San Diego Jet Center;PotCust;0;0;0;0;0;;0.00;;0;;;;
;MyAirline SDN BHD;PotCust;0;0;0;0;0;;0.00;;0;;;;
COM14098;Flight Ops International;Customer;0;0;0;0;0;12/01/2022 00:00:00;8.00;;0;;;;
;Lotnicze Pogotowie Ratunkowe -Poland Medivac;NonCust;0;0;0;0;0;;0.00;;0;;;;
;Turkish Airlines;PotCust;0;0;0;0;0;;0.00;;0;;;;
;GainJet Greece;PotCust;0;0;0;0;0;;0.00;;0;;;;
;Krimson Aviation;PotCust;0;0;0;0;0;;0.00;;0;;;;
;Dragonfly Aviation;PotCust;0;0;0;0;0;;0.00;;0;;;;
;Belgian Air Component - Belgium Air Force;PotCust;0;0;0;0;0;;0.00;;0;;;;
;Gateway Aviation Services (KIWA);PotCust;0;0;0;0;0;;0.00;;0;;;;
;Africa Aviation Executive Services  (AAES);PotCust;0;0;0;0;0;;0.00;;0;;;;
;RUSADA (Russell Adams Ltd);NonCust;0;0;0;0;0;;0.00;;0;;;;
COM14231;FLYZAR;PotCust;0;0;0;0;0;;0.00;;0;;;;
;PACIFIC OCEAN;PotCust;0;0;0;0;0;;0.00;;0;;;;
COM14102;VEGA JET;PotCust;0;1;0;0;0;09/26/2022 00:00:00;8.00;01/31/2024 00:00:00;0;Avoidable;going to unknow competitor, 36 months contract, 21 months remaining.;11/05/2025 00:00:00;going to unknow competitor, 36 months contract, 21 months remaining.
;TUI Airways;PotCust;0;0;0;0;0;;0.00;;0;;;;
;TENIL AVIACION;PotCust;0;0;0;0;0;;0.00;;0;;;;
;TOTAL FLIGHT;PotCust;0;0;0;0;0;;0.00;;0;;;;
;AVIONES PRIVADOS S.A.;PotCust;0;0;0;0;0;;0.00;;0;;;;
;MRCB AERONAUTICA;PotCust;0;0;0;0;0;;0.00;;0;;;;
;IMAS FLIGHTS;PotCust;0;0;0;0;0;;0.00;;0;;;;
;JAVI AVIATION SUPPORT SERVICES;PotCust;0;0;0;0;0;;0.00;;0;;;;
;BCL AVIATION;PotCust;0;0;0;0;0;;0.00;;0;;;;
;CAMAS AERO TRAINING;PotCust;0;0;0;0;0;;0.00;;0;;;;
;Duncan Aviation (KAZO);PotCust;0;0;0;0;0;;0.00;;0;;;;
COM14105;Woezon Aviation;PotCust;0;0;0;0;0;;0.00;;0;;;;
;AEROCARE AIR MEDICAL SERVICES;PotCust;0;0;0;0;0;;0.00;;0;;;;
COM14127;Astog Aviation;PotCust;0;0;0;0;0;;0.00;;0;;;;
;Baybridge Telecommunications Services  Inc;NonCust;0;0;0;0;0;;0.00;;0;;;;
COM14107;Wise Trip Management;Customer;0;0;0;0;0;10/26/2022 00:00:00;8.00;;0;;;;
COM14121;STORADIO;PotCust;0;0;0;0;0;;0.00;;0;;;;
;Hjemmeværnskommandoen -HJV;PotCust;0;0;0;0;0;;0.00;;0;;;;
;Lufthansa systems (EDDF);NonCust;0;0;0;0;0;;0.00;;0;;;;
COM14109;ASL BV (ASL nv);Customer;3;30;0;0;0;12/31/2022 00:00:00;8.00;;0;;;;
COM14108;BLUE SKY AVIATION CV (ASL nv);Customer;3;5;0;0;0;12/01/2022 00:00:00;8.00;;0;;;;
;Jet Centre by Willis;PotCust;0;0;0;0;0;;0.00;;0;;;;
COM14188;Leading Edge Aviation;PotCust;0;0;0;0;0;;0.00;;0;;;;
;(Duplicate) Air Archipels;NonCust;0;0;0;0;0;;0.00;;0;;;;
;Lake Cumberland Regional Airport FBO (KSME);PotCust;0;0;0;0;0;;0.00;;0;;;;
;MEKS;NonCust;0;0;0;0;0;;0.00;;0;;;;
;Victory Air Africa;PotCust;0;0;0;0;0;;0.00;;0;;;;
COM14112;Ivory Jet Services;PotCust;0;0;0;0;0;03/07/2023 00:00:00;0.00;;0;;;;
COM14256;Skytours;PotCust;0;0;0;0;0;;0.00;;0;;;;
COM14117;Kartika Airlines;PotCust;0;0;0;0;0;;0.00;;0;;;;
;Fly Max Antilles;PotCust;0;0;0;0;0;;0.00;;0;;;;
COM14125;New Pacific Airlines (ex Northern Pacific Airways);PotCust;0;0;0;0;0;;0.00;;0;;;;
COM14115;ARMENIAN AIRLINES;Quarantine;0;0;0;0;0;11/08/2022 00:00:00;8.00;09/16/2025 00:00:00;0;Unavoidable;Missing payment;09/16/2025 00:00:00;No payment, no communication
;Atlas Air;PotCust;0;0;0;0;0;;0.00;;0;;;;
COM14116;Gallop APAC Pte Ltd;PotCust;0;0;0;0;0;;0.00;;0;;;;
COM14120;Berniq Airways;Testing;0;0;0;0;0;;0.00;;0;;;;
;Million Air (KSUS);PotCust;0;0;0;0;0;;0.00;;0;;;;
COM14124;Ineos Aviation Limited;PotCust;0;0;0;0;0;;0.00;;0;;;;
;AEROPORTO DI GENOVA S.p.A.;NonCust;0;0;0;0;0;;0.00;;0;;;;
COM14123;RAINDO United Services;Quarantine;0;0;0;0;0;;0.00;;0;;;;
;American Airlines;PotCust;0;0;0;0;0;;0.00;;0;;;;
;Arjet Airlines;PotCust;0;0;0;0;0;;0.00;;0;;;;
;Summit Aviation;PotCust;0;0;0;0;0;;0.00;;0;;;;
COM14128;Mongolian Airways Cargo;Customer;0;1;1;1;0;11/23/2022 00:00:00;8.00;;0;;;;
COM14126;VOLOCOPTER;PotCust;0;0;0;0;0;11/01/2023 00:00:00;0.00;07/01/2024 00:00:00;0;Avoidable;PPS dosent match VFR operations.;07/30/2024 00:00:00;PPS not suitable for this customer at this point.
COM14133;JETKONTOR;NonCust;0;0;0;0;0;11/10/2022 00:00:00;0.00;02/02/2024 00:00:00;0;Unavoidable;Bankruptcy;03/04/2024 00:00:00;Churn iflg. HEH 04.03.2024 overf. til tab 23.05.24 / CM
;Revv Aviation;PotCust;0;0;0;0;0;;0.00;;0;;;;
COM14129;TURACO AVIATION;PotCust;0;0;0;0;0;;0.00;;0;;;;
;Jet Aviation - San Juan, PR;PotCust;0;0;0;0;0;;0.00;;0;;;;
;Koury Aviation;PotCust;0;0;0;0;0;;0.00;;0;;;;
COM14130;P80 Air Limited;PotCust;0;0;0;0;0;;0.00;;0;;;;
;REGIONAL JET CENTER INC;PotCust;0;0;0;0;0;;0.00;;0;;;;
COM14131;Hadykazem Alhossami (Work Title);PotCust;0;0;0;0;0;;0.00;;0;;;;
;EFB Admin Services Ltd.;NonCust;0;0;0;0;0;;0.00;;0;;;;
;Laureano Ballesteros Gonzalez (Private);NonCust;0;0;0;0;0;;0.00;;0;;;;
COM14186;BBN Airlines Indonesia;Customer;1;2;2;2;0;04/26/2023 00:00:00;5.00;;0;;;;
;NORTHSTAR JET;PotCust;0;0;0;0;0;;0.00;;0;;;;
;Emitel S.A.;PotCust;0;0;0;0;0;;0.00;;0;;;;
COM14141;TAIR AIRWAYS INC;PotCust;0;0;0;0;0;;0.00;;0;;;;
COM14174;ETAM AVITAT SERVICES;PotCust;0;0;0;0;0;;0.00;;0;;;;
COM14148;ASG Business Aviation;PotCust;0;0;0;0;0;;0.00;;0;;;;
COM14152;BCL Aviation;PotCust;0;0;0;0;0;;0.00;;0;;;;
COM14155;Glamco Aviation;PotCust;0;0;0;0;0;;0.00;;0;;;;
COM14156;Clear Wisdom SDN BHD;NonCust;0;0;0;0;0;11/28/2022 00:00:00;0.00;;0;;;;
COM14158;Kazbegi Helicopters;PotCust;0;0;0;0;0;;0.00;;0;;;;
COM14160;K-Air Charters;PotCust;0;0;0;0;0;;0.00;;0;;;;
COM14161;Simm Samm Airways Pvt Ltd;PotCust;0;0;0;0;0;;0.00;;0;;;;
COM14163;Aurea Aviation Pvt Ltd;PotCust;0;0;0;0;0;;0.00;;0;;;;
COM14164;AJM Jet Management Pvt Ltd;PotCust;0;0;0;0;0;;0.00;;0;;;;
COM14165;Avia Maldives Pvt Ltd;PotCust;0;0;0;0;0;;0.00;;0;;;;
COM14166;QUEENS AIR;NonCust;0;0;0;0;0;01/01/2023 00:00:00;8.00;02/28/2026 00:00:00;0;Unavoidable;Company closing down;03/18/2026 00:00:00;Company closing down
COM14167;AIR INTER TRANSPORT CO.,LTD.;PotCust;0;0;0;0;0;02/17/2023 00:00:00;0.00;08/20/2024 00:00:00;0;Unavoidable;Missing payment;08/20/2024 00:00:00;Missing payment and communication
;Arroz Aviation Pvt Ltd;PotCust;0;0;0;0;0;;0.00;;0;;;;
COM14169;Zil Air;PotCust;0;0;0;0;0;;0.00;;0;;;;
COM14172;SUMAIR;PotCust;0;0;0;0;0;;0.00;;0;;;;
COM14204;Nauru Airlines;Customer;0;0;9;8;0;02/26/2023 00:00:00;8.00;;0;;;;
COM14175;Digajet Aviation;Customer;3;3;0;0;0;12/01/2022 00:00:00;8.00;;0;;;;
COM14176;Hello Jets;Customer;2;9;0;0;9;01/02/2023 00:00:00;8.00;;0;;;;
;Civil Aviation Authority of Timor Leste;PotCust;0;0;0;0;0;;0.00;;0;;;;
;TAG Aviation Asia Ltd.;PotCust;0;0;0;0;0;;0.00;;0;;;;
COM14178;APOLAX;PotCust;0;0;0;0;0;;0.00;;0;;;;
;PLUSPETROL S.A.;PotCust;0;0;0;0;0;;0.00;;0;;;;
COM14232;AERO STATES SERVICES;NonCust;0;0;0;0;0;05/05/2026 00:00:00;0.00;;0;;;;
COM14182;Al-Murjan aviation Co.Ltd;Customer;0;1;0;0;0;01/17/2023 00:00:00;8.00;;0;;;;
COM14181;Watcharee TEST;PotCust;0;0;0;0;0;;0.00;;0;;;;
;Tibilisi Airways;PotCust;0;0;0;0;0;;0.00;;0;;;;
;(Duplicate) ACI Jet;NonCust;0;0;0;0;0;;0.00;;0;;;;
COM14185;Global Aviation LTD;Customer;0;2;2;2;0;02/07/2023 00:00:00;8.00;;0;;;;Lack of payment
;Subang Airport;PotCust;0;0;0;0;0;;0.00;;0;;;;
;Blue Square Aviation Group;PotCust;0;0;0;0;0;;0.00;;0;;;;
COM14187;BRAATHENS INTERNATIONAL AIRWAYS;NonCust;0;0;0;0;0;01/13/2023 00:00:00;0.00;;0;;;;
;TAPSA AVIACIÓN;PotCust;0;0;0;0;0;;0.00;;0;;;;
COM14189;TADEJ OSPRESNIK;PotCust;0;0;0;0;0;;0.00;;0;;;;
COM14230;Presidencia de la Nación Argentina;PotCust;0;0;0;0;0;;0.00;;0;;;;
;BRISE SERVICIOS AEREOS;PotCust;0;0;0;0;0;;0.00;;0;;;;
COM14254;BAIRES FLY;PotCust;0;0;0;0;0;;0.00;;0;;;;
;SOUTH AMERICAN JETS;PotCust;0;0;0;0;0;;0.00;;0;;;;
;China Southern JET Co.;PotCust;0;0;0;0;0;;0.00;;0;;;;
COM14340;ROYAL CLASS;PotCust;0;0;0;0;0;;0.00;;0;;;;
COM14190;Fly Beond;Customer;0;2;2;2;2;08/09/2024 00:00:00;8.00;;0;;;;
COM14191;Focus.Aero;Customer;3;0;0;0;0;03/14/2023 00:00:00;8.00;;0;;;;
COM14196;HISKY EUROPE;Customer;2;8;8;0;0;01/06/2023 00:00:00;8.00;;0;;;;
COM14198;Da Vinci;PotCust;0;0;0;0;0;;0.00;;0;;;;
COM14223;Aasiana Aerotech Private Limited;Customer via;3;0;0;0;0;07/03/2025 00:00:00;0.00;;0;;;;
;Aerolincs Aviation Services;PotCust;0;0;0;0;0;;0.00;;0;;;;
;Aileron Air;PotCust;0;0;0;0;0;;0.00;;0;;;;
;Aero Trans Services;PotCust;0;0;0;0;0;;0.00;;0;;;;
;Air Car Airlines;PotCust;0;0;0;0;0;;0.00;;0;;;;
;Alchemist Airways;PotCust;0;0;0;0;0;;0.00;;0;;;;
;Aman Aviation;PotCust;0;0;0;0;0;;0.00;;0;;;;
;Aryan Aviation;PotCust;0;0;0;0;0;;0.00;;0;;;;
;Arrow Aircrafts;PotCust;0;0;0;0;0;;0.00;;0;;;;
;Ashley Aviation;PotCust;0;0;0;0;0;;0.00;;0;;;;
;Bajaj Aviation;Customer via;3;0;0;0;0;04/29/2024 00:00:00;0.00;;0;;;;
COM14202;JET PARTNER;PotCust;0;0;0;0;0;;0.00;;0;;;;
;Ramair Flying Services;PotCust;0;0;0;0;0;;0.00;;0;;;;
;Air T & G;PotCust;0;0;0;0;0;;0.00;;0;;;;
;Corporate Air, Inc. (FBO);PotCust;0;0;0;0;0;;0.00;;0;;;;
;Mirage Air;PotCust;0;0;0;0;0;;0.00;;0;;;;
;Chinta Air;PotCust;0;0;0;0;0;;0.00;;0;;;;
;Maxem Aviation;PotCust;0;0;0;0;0;;0.00;;0;;;;
;FDS FlightDeck Software;NonCust;0;0;0;0;0;;0.00;;0;;;;
;360 Aviation Group;PotCust;0;0;0;0;0;;0.00;;0;;;;
;Thunderbird Aviation - FBO;PotCust;0;0;0;0;0;;0.00;;0;;;;
;Roskilde University;NonCust;0;0;0;0;0;;0.00;;0;;;;
COM14205;JUST AVIATION;PotCust;0;0;0;0;0;;0.00;;0;;;;
;Chiron Flight Services;PotCust;0;0;0;0;0;;0.00;;0;;;;
;Air Senok;PotCust;0;0;0;0;0;;0.00;;0;;;;
;Cinnamon Air;PotCust;0;0;0;0;0;;0.00;;0;;;;
;IWS Aviation;PotCust;0;0;0;0;0;;0.00;;0;;;;
;Fly Southern (Pvt) Ltd;PotCust;0;0;0;0;0;;0.00;;0;;;;
;Lakwin Aviation;PotCust;0;0;0;0;0;;0.00;;0;;;;
;AeroStan;PotCust;0;0;0;0;0;;0.00;;0;;;;
;KAP KG;PotCust;0;0;0;0;0;;0.00;;0;;;;
;Fly Sky Airlines;PotCust;0;0;0;0;0;;0.00;;0;;;;
;Moalem Aviation;PotCust;0;0;0;0;0;;0.00;;0;;;;
;Aero Nomad Airlines;PotCust;0;0;0;0;0;;0.00;;0;;;;
;Seletar Jet;PotCust;0;0;0;0;0;;0.00;;0;;;;
;WingsOverAsia;PotCust;2;0;0;0;0;;0.00;;0;;;;
COM14252;HESTIA AVIATION;PotCust;0;0;0;0;0;;0.00;;0;;;;
;Mellitah Oil & Gas B.V;PotCust;0;0;0;0;0;;0.00;;0;;;;
COM14203;GLOBAL JET AIRWAYS GJA;PotCust;0;0;0;0;0;;0.00;;0;;;;
;Air India;PotCust;0;0;0;0;0;;0.00;;0;;;;
;Dirección General de Aeronáutica Civil, DGAC;PotCust;0;0;0;0;0;;0.00;;0;;;;
;AIRWING;PotCust;0;0;0;0;0;;0.00;;0;;;;
COM14206;Your Flight Support (YFS);Customer;3;0;1;1;0;02/16/2023 00:00:00;8.00;;0;;;;
;ARCTIC AVIATION AS;PotCust;0;0;0;0;0;;0.00;;0;;;;
;AERONÁUTICA CIVIL DE COLOMBIA;PotCust;0;0;0;0;0;;0.00;;0;;;;
COM14271;Chair Airlines AG;Customer;2;0;5;0;0;05/02/2024 00:00:00;8.00;;0;;;;
;Dominican Institute of Civil Aviation;PotCust;0;0;0;0;0;;0.00;;0;;;;
;Direction Générale de l’Aviation Civile;PotCust;0;0;0;0;0;;0.00;;0;;;;
;ENAIRE;PotCust;0;0;0;0;0;;0.00;;0;;;;
;AESA;PotCust;0;0;0;0;0;;0.00;;0;;;;
;Dirección General de Aeronáutica Civil;PotCust;0;0;0;0;0;;0.00;;0;;;;
;ARAJET;PotCust;0;0;0;0;0;;0.00;;0;;;;
;NASC National Aviation Services Company;PotCust;0;0;0;0;0;;0.00;;0;;;;
COM14208;FLYYO AIRWAYS;PotCust;0;0;0;0;0;;0.00;;0;;;;
;Jiangxi International Cargo Airlines Ltd*;PotCust;0;0;0;0;0;;0.00;;0;;;;
;KATA AIR TRANSPORT;PotCust;0;0;0;0;0;;0.00;;0;;;;
COM14209;SMART AIRLINES;PotCust;0;0;0;0;0;;0.00;;0;;;;
COM14350;Atlantic Air Solutions;Customer;3;1;1;0;0;04/09/2024 00:00:00;8.00;;0;;;;
COM14210;BUILDARCH AVIATION;PotCust;0;0;0;0;0;;0.00;;0;;;;
;OPMAS;NonCust;0;0;0;0;0;;0.00;;0;;;;
COM14302;Bismillah Airlines;PotCust;0;0;0;0;0;;0.00;;0;;;;
;Fly91;PotCust;0;0;0;0;0;;0.00;;0;;;;
;Aviación y Negocio;PotCust;0;0;0;0;0;;0.00;;0;;;;
;Bharat Forge;PotCust;0;0;0;0;0;;0.00;;0;;;;
;IHC International Holding Company;PotCust;0;0;0;0;0;;0.00;;0;;;;
COM14216;POLISH MEDICAL AIR RESCUE;PotCust;0;0;0;0;0;;0.00;;0;;;;
COM14217;Skyfive Airlines;PotCust;0;0;0;0;0;;0.00;;0;;;;
COM14214;STARJET AVIATION;PotCust;0;0;0;0;0;;0.00;;0;;;;
;Delta Airlines;PotCust;0;0;0;0;0;;0.00;;0;;;;
;UNITED AIRLINES;PotCust;0;0;0;0;0;;0.00;;0;;;;
;FEDEX;PotCust;0;0;0;0;0;;0.00;;0;;;;
;UPS;PotCust;0;0;0;0;0;;0.00;;0;;;;
;JETBLUE AIRWAYS;PotCust;0;0;0;0;0;;0.00;;0;;;;
;FuelSence (FLYHT);NonCust;0;0;0;0;0;;0.00;;0;;;;
COM14215;SkyUp Malta;PotCust;0;0;0;0;0;;0.00;;0;;;;
;Friedman Memorial Airport;PotCust;0;0;0;0;0;;0.00;;0;;;;
COM13029;Buildarch (do not use);NonCust;0;0;0;0;0;;0.00;;0;;;01/30/2023 00:00:00;Established to mirror NAV COM13029 to ensure correct dataflow between NAV and LIME
COM13608;Service (do not use);NonCust;0;0;0;0;0;;0.00;;0;;;01/30/2023 00:00:00;Registered to mirror NAV
;Iran Airports and Air Navigation Company;NonCust;0;0;0;0;0;;0.00;;0;;;;
COM14180;APOALX L.L.C.;PotCust;0;0;0;0;0;;0.00;;0;;;;
;Wingfield Aviation Services;PotCust;0;0;0;0;0;;0.00;;0;;;;
;Jet Nassau;PotCust;0;0;0;0;0;;0.00;;0;;;;
COM14219;Berjaya Air Sdn. Bhd.;PotCust;0;0;0;0;0;;0.00;;0;;;;
COM14220;PT Diamini Aviasi Utama;PotCust;0;0;0;0;0;;0.00;;0;;;;
COM14221;SKYSIDE;Customer;3;14;14;0;0;02/13/2023 00:00:00;8.00;01/08/2027 00:00:00;0;;08 Jul 26: not specified;;
COM14263;Esso Australia;PotCust;0;0;0;0;0;;0.00;;0;;;;
COM14339;Jetset;PotCust;0;0;0;0;0;;0.00;;0;;;;
;Qanot Sharq;PotCust;0;0;0;0;0;;0.00;;0;;;;
COM14225;Atlantic Jet Fly;PotCust;0;0;0;0;0;;0.00;;0;;;;
;(Duplicate) iAero Airways;NonCust;0;0;0;0;0;;0.00;;0;;;;
;Silwana Air Cargo;PotCust;0;0;0;0;0;;0.00;;0;;;;
COM14235;MS SUPERSOFT AVION LLP;Customer;0;0;0;0;0;03/06/2023 00:00:00;8.00;;0;;;;
COM14227;BermudAir Limited;PotCust;0;0;0;0;0;;0.00;;0;;;;
COM14539;Gryphon Air Cargo;PotCust;0;0;0;0;0;;0.00;;0;;;;
;Fly Toucan;PotCust;0;0;0;0;0;;0.00;;0;;;;
COM14383;Hawaiian Airlines;PotCust;0;0;0;0;0;;0.00;;0;;;;
;Henley Air;PotCust;0;0;0;0;0;;0.00;;0;;;;
COM14237;SB MAN & Co;PotCust;0;0;0;0;0;;0.00;;0;;;;
;Africa Flight Services;PotCust;0;0;0;0;0;;0.00;;0;;;;
COM14276;Aerobleu Airways;PotCust;0;0;0;0;0;;0.00;;0;;;;
COM14233;FSP KLEOS AERO;Customer;3;0;0;0;0;03/22/2023 00:00:00;8.00;;0;;;;
COM14641;Daallo Airlines;Testing;0;0;0;0;0;;0.00;;0;;;;
;Pommer Design;PotCust;0;0;0;0;0;;0.00;;0;;;;
COM14269;SG Aviation Services;NonCust;0;0;0;0;0;11/14/2024 00:00:00;8.00;10/01/2025 00:00:00;0;Unavoidable;All activities transfered to new customer, with PPS contract;;
COM14329;Lynx Air (BANKRUPT);PotCust;0;0;0;0;0;;0.00;;0;;;;
;(Duplicate) Carson Air;NonCust;0;0;0;0;0;;0.00;;0;;;;
;Valley Aviation Services;PotCust;0;0;0;0;0;;0.00;;0;;;;
;HCA Airport;PotCust;0;0;0;0;0;;0.00;;0;;;;
;CosySky;PotCust;0;0;0;0;0;;0.00;;0;;;;
COM14228;Bjarne TEST 2023-02-28;PotCust;0;0;0;0;0;;0.00;;0;;;;
COM14310;Delta World Charter;NonCust;0;0;0;0;0;;0.00;;0;;;;
;Koala Airlines Pty Ltd;PotCust;0;0;0;0;0;;0.00;;0;;;;
;Alfa 5 Aviation;PotCust;0;0;0;0;0;;0.00;;0;;;;
;AvServe FBO (KGYH);PotCust;0;0;0;0;0;;0.00;;0;;;;
COM14270;Skyjet Aviation;PotCust;0;0;0;0;0;;0.00;;0;;;;
;Jet West;PotCust;0;0;0;0;0;;0.00;;0;;;;
COM14240;European Air Charter;Customer;3;0;9;0;0;04/28/2023 00:00:00;8.00;;0;;;;
;jetCenters of Colorado Fort Collins Loveland;PotCust;0;0;0;0;0;;0.00;;0;;;;
COM14239;FSP JETPLUS AVIATION SERVICE;Customer;0;0;0;0;0;03/24/2023 00:00:00;8.00;;0;;;;
;ASTRO JET;PotCust;0;0;0;0;0;;0.00;;0;;;;
;Country TEST XK;PotCust;0;0;0;0;0;;0.00;;0;;;;
COM14243;RICOH (Thailand) Limited;PotCust;0;0;0;0;0;;0.00;;0;;;;
;Fifth Force Solutions;NonCust;0;0;0;0;0;;0.00;;0;;;;
COM14245;AVIATION EXPERTS;Quarantine;0;0;0;0;0;03/24/2023 00:00:00;0.00;08/12/2024 00:00:00;0;Unavoidable;Customer refuse to pay, as PPS dosent work without electricity !!;08/12/2024 00:00:00;No payment! - power failure issue.
;TracPlus;NonCust;0;0;0;0;0;;0.00;;0;;;;
;Indigosat;NonCust;0;0;0;0;0;;0.00;;0;;;;
;Jeppesen Fleet Insight (Boeing);NonCust;0;0;0;0;0;;0.00;;0;;;;
COM14246;UMZA Air services Ltd;Customer;3;4;0;0;0;02/06/2024 00:00:00;8.00;;0;;;;
;Global Crossing Airlines;PotCust;0;0;0;0;0;;0.00;;0;;;;
;Legends Airways;PotCust;0;0;0;0;0;;0.00;;0;;;;
;Sterling Airways;PotCust;0;0;0;0;0;;0.00;;0;;;;
;Waltzing Matilda Aviation;PotCust;0;0;0;0;0;;0.00;;0;;;;
;Swift Air;PotCust;0;0;0;0;0;;0.00;;0;;;;
;Polar Air Cargo;PotCust;0;0;0;0;0;;0.00;;0;;;;
;Tri-State Charter;PotCust;0;0;0;0;0;;0.00;;0;;;;
;Southern Airways Express;PotCust;0;0;0;0;0;;0.00;;0;;;;
;"UAB ""Beit""";NonCust;0;0;0;0;0;;0.00;;0;;;;
COM14248;Global Aviation DMCC;Customer;2;7;1;0;0;03/23/2023 00:00:00;8.00;;0;;;;
;Golden West Jet Center;PotCust;0;0;0;0;0;;0.00;;0;;;;
COM14255;Alpha Sky LLP;Customer via;0;0;0;0;0;06/25/2026 00:00:00;0.00;;0;;;;
COM14249;GSR Aviation;PotCust;0;0;0;0;0;;0.00;;0;;;;
;Agentis;NonCust;0;0;0;0;0;;0.00;;0;;;;
;MAYAIR;PotCust;0;0;0;0;0;;0.00;;0;;;;
COM14251;WALYA AIRWAYS;PotCust;0;0;0;0;0;;0.00;;0;;;;
;Dalmar Air;PotCust;0;0;0;0;0;;0.00;;0;;;;
COM14257;Flight Support Maldives;PotCust;0;0;0;0;0;;0.00;;0;;;;
COM14259;Regional Airports Company Ltd;NonCust;0;0;0;0;0;;0.00;;0;;;;
;LEVEL;PotCust;0;0;0;0;0;;0.00;;0;;;;
COM14260;FLY CIFAC;PotCust;0;0;0;0;0;;0.00;;0;;;;
;Queen Alia int. Airport;PotCust;0;0;0;0;0;;0.00;;0;;;;
;AEROMEXICO;PotCust;0;0;0;0;0;;0.00;;0;;;;
;ConocoPhillips Aviation Alaska;PotCust;0;0;0;0;0;;0.00;;0;;;;
;Aero Flite;PotCust;0;0;0;0;0;;0.00;;0;;;;
;Skydive Arizona;PotCust;0;0;0;0;0;;0.00;;0;;;;
;10 Tanker Air Carrier;PotCust;0;0;0;0;0;;0.00;;0;;;;
;Advanced Air;PotCust;0;0;0;0;0;;0.00;;0;;;;
;AERO;PotCust;0;0;0;0;0;;0.00;;0;;;;
;Avelo Airlines;PotCust;0;0;0;0;0;;0.00;;0;;;;
;(Duplicate) Perris Valley Aviation Service;NonCust;0;0;0;0;0;;0.00;;0;;;;
;Name;PotCust;0;0;0;0;0;;0.00;;0;;;;
COM14262;Test intern cm;NonCust;0;0;0;0;0;;0.00;;0;;;;
;Gulf & Caribbean Cargo;PotCust;0;0;0;0;0;;0.00;;0;;;;
;Interjet West;PotCust;0;0;0;0;0;;0.00;;0;;;;
;Breeze Airways;PotCust;0;0;0;0;0;;0.00;;0;;;;
;SUNDOWN JET;PotCust;0;0;0;0;0;;0.00;;0;;;;
;MILLESIME Aviation;PotCust;0;0;0;0;0;;0.00;;0;;;;
;DOT LT;NonCust;0;0;0;0;0;;0.00;;0;;;;
COM14348;Titan Airways LTD;Customer;1;13;13;6;0;08/01/2017 00:00:00;5.00;;0;;;;
;MALTA MEDAIR;PotCust;0;0;0;0;0;;0.00;;0;;;;
;SAS Link;PotCust;0;0;0;0;0;;0.00;;0;;;;
;PIAGGIO;PotCust;0;0;0;0;0;;0.00;;0;;;;
;Galgan Bogdan (Private);NonCust;0;0;0;0;0;;0.00;;0;;;;
;Lukas Zurek (Private);NonCust;0;0;0;0;0;;0.00;;0;;;;
;NELLA AIRLINES;PotCust;0;0;0;0;0;;0.00;;0;;;;
COM14264;NATIONALE RÉGIONALE DE TRANSPORT;PotCust;0;0;0;0;0;;0.00;;0;;;;
COM14266;TASSILI TRAVAIL AERIEN;PotCust;0;0;0;0;0;;0.00;;0;;;;
COM14317;Canada Jetlines;PotCust;0;0;0;0;0;;0.00;;0;;;;
COM14265;Swedish Airforce Historic Flight;PotCust;0;0;0;0;0;;0.00;;0;;;;
COM14267;The Sky;PotCust;0;0;0;0;0;;0.00;;0;;;;
;CENTRAL AEROSPACE;PotCust;0;0;0;0;0;;0.00;;0;;;;
;Sebastian Wilk (Private);PotCust;0;0;0;0;0;;0.00;;0;;;;
COM14268;Bravo Aviation Limited;PotCust;0;0;0;0;0;;0.00;;0;;;;
;Avplan;PotCust;0;0;0;0;0;;0.00;;0;;;;
;Krzysztof Maciejko (Private);NonCust;0;0;0;0;0;;0.00;;0;;;;
;Tomasz Czernecki (Private);NonCust;0;0;0;0;0;;0.00;;0;;;;
;LEAV Aviation;Customer via;0;0;0;0;0;05/02/2024 00:00:00;0.00;;0;;;;
;Krzysztof Wnek (Private);PotCust;0;0;0;0;0;;0.00;;0;;;;
;Volamo;PotCust;0;0;0;0;0;;0.00;;0;;;;
;WINGO;PotCust;0;0;0;0;0;;0.00;;0;;;;
;Airports Vanuatu Limited;NonCust;0;0;0;0;0;;0.00;;0;;;;
;IFLY;PotCust;0;0;0;0;0;;0.00;;0;;;;
;Pawel Luk (Private);NonCust;0;0;0;0;0;;0.00;;0;;;;
;HIMALAYA JET;PotCust;0;0;0;0;0;;0.00;;0;;;;
;JETCOM TECH srl;PotCust;0;0;0;0;0;;0.00;;0;;;;
;(Duplicate) St Barth Executive;NonCust;0;0;0;0;0;;0.00;;0;;;;
COM14273;ST BARTH EXECUTIVE;PotCust;0;0;0;0;0;;0.00;;0;;;;
;Air Cargo Gulf Charter;PotCust;0;0;0;0;0;;0.00;;0;;;;
;Saudi Gulf Operations;PotCust;0;0;0;0;0;;0.00;;0;;;;
;Subang Skypark Sdn Bhd;PotCust;0;0;0;0;0;;0.00;;0;;;;
;Krystian Karwan (Private);PotCust;0;0;0;0;0;;0.00;;0;;;;
COM14275;SI OPS;Customer;3;5;3;0;0;05/01/2023 00:00:00;8.00;;0;;;;
;TAC;PotCust;0;0;0;0;0;;0.00;;0;;;;
;COLCHARTER;PotCust;0;0;0;0;0;;0.00;;0;;;;
;AEROVIDA/HANGAR UNO;PotCust;0;0;0;0;0;;0.00;;0;;;;
;Lukasz Hosiawa (Private);PotCust;0;0;0;0;0;;0.00;;0;;;;
;Toki Air;PotCust;0;0;0;0;0;;0.00;;0;;;;
;AVIOR;PotCust;0;0;0;0;0;;0.00;;0;;;;
COM14282;Comair Flight Services;PotCust;0;0;0;0;0;;0.00;;0;;;;
;Rajeev Pandey-Private (KCVO);PotCust;0;0;0;0;0;;0.00;;0;;;;
COM14281;Style Jets & Services;PotCust;0;0;0;0;0;;0.00;;0;;;;
;Air Tuvalu;PotCust;0;0;0;0;0;;0.00;;0;;;;
COM14284;McDan Aviation;PotCust;0;0;0;0;0;;0.00;;0;;;;
COM14277;Bellagio Airlines;PotCust;0;0;0;0;0;;0.00;;0;;;;
;Unity Airlines;PotCust;0;0;0;0;0;;0.00;;0;;;;
;Air Taxi Vanuatu;PotCust;0;0;0;0;0;;0.00;;0;;;;
;Air Safaris (Vanuatu);PotCust;0;0;0;0;0;;0.00;;0;;;;
;Lulutai Airlines;PotCust;0;0;0;0;0;;0.00;;0;;;;
;Fly Niu Airlines;PotCust;0;0;0;0;0;;0.00;;0;;;;
;Air Taxi Solomons;PotCust;0;0;0;0;0;;0.00;;0;;;;
;Pacific Air Express;PotCust;0;0;0;0;0;;0.00;;0;;;;
;Solomon Islands Seaplanes;PotCust;0;0;0;0;0;;0.00;;0;;;;
;Talofa Airways;PotCust;0;0;0;0;0;;0.00;;0;;;;
;Travel Air*;PotCust;0;0;0;0;0;;0.00;;0;;;;
;Helifix*;PotCust;0;0;0;0;0;;0.00;;0;;;;
;Adventist Aviation Services*;PotCust;0;0;0;0;0;;0.00;;0;;;;
;North Coast Aviation*;PotCust;0;0;0;0;0;;0.00;;0;;;;
;Ok Tedi Development Foundation*;PotCust;0;0;0;0;0;;0.00;;0;;;;
;Mission Aviation Fellowship of Papua New Guinea*;PotCust;0;0;0;0;0;;0.00;;0;;;;
;Niugini Helicopters*;PotCust;0;0;0;0;0;;0.00;;0;;;;
;Royal Belau Airways;PotCust;0;0;0;0;0;;0.00;;0;;;;
;Palau Asia Pacific Air;PotCust;0;0;0;0;0;;0.00;;0;;;;
;Palau Express Airlines*;PotCust;0;0;0;0;0;;0.00;;0;;;;
;Alii Palau Airlines*;PotCust;0;0;0;0;0;;0.00;;0;;;;
;Arctic Circle Air Service;PotCust;0;0;0;0;0;;0.00;;0;;;;
;Marianas Pacific Airlines;PotCust;0;0;0;0;0;;0.00;;0;;;;
;Star Marianas Air*;PotCust;0;0;0;0;0;;0.00;;0;;;;
;Air Oceania;PotCust;0;0;0;0;0;;0.00;;0;;;;
;Air Alizé;PotCust;0;0;0;0;0;;0.00;;0;;;;
;Caroline Islands Air;PotCust;0;0;0;0;0;;0.00;;0;;;;
;Megastar Investments;PotCust;0;0;0;0;0;;0.00;;0;;;;
;Air Bikini;PotCust;0;0;0;0;0;;0.00;;0;;;;
;Coral Sun Airways;PotCust;0;0;0;0;0;;0.00;;0;;;;
;ShareJet LLC;PotCust;0;0;0;0;0;;0.00;;0;;;;
;Pacific Mission Aviation;PotCust;0;0;0;0;0;;0.00;;0;;;;
;Blue Micronesia Airlines;PotCust;0;0;0;0;0;;0.00;;0;;;;
;PERMITS to fly;NonCust;0;0;0;0;0;;0.00;;0;;;;
;Fly CORALway;PotCust;0;0;0;0;0;;0.00;;0;;;;
;Air Bora Bora;PotCust;0;0;0;0;0;;0.00;;0;;;;
;Islands Airline;PotCust;0;0;0;0;0;;0.00;;0;;;;
;Air Tetiaroa;PotCust;0;0;0;0;0;;0.00;;0;;;;
;Tahiti Nui Helicopters;PotCust;0;0;0;0;0;;0.00;;0;;;;
;Mana Otter;PotCust;0;0;0;0;0;;0.00;;0;;;;
;TASC-Tahiti Air Service and Conciergerie;PotCust;0;0;0;0;0;;0.00;;0;;;;
;Kokomo Private Island Fiji;PotCust;0;0;0;0;0;;0.00;;0;;;;
;Island Hoppers;PotCust;0;0;0;0;0;;0.00;;0;;;;
;Air Kaibu;PotCust;0;0;0;0;0;;0.00;;0;;;;
COM14334;Pacific Island Air;PotCust;0;0;0;0;0;11/21/2023 00:00:00;0.00;10/31/2024 00:00:00;0;Unavoidable;ADSB Coverage insuffient from ADSBsupport (Antenna);11/05/2024 00:00:00;Out of business for now
;Northern Air;PotCust;0;0;0;0;0;;0.00;;0;;;;
;Sunflower Aviation;PotCust;0;0;0;0;0;;0.00;;0;;;;
;Pacific Private Jet;PotCust;0;0;0;0;0;;0.00;;0;;;;
;Texel Air NZ;Customer via;0;0;0;0;0;10/02/2024 00:00:00;0.00;;0;;;;
;Queenstown Floatplane Services;PotCust;0;0;0;0;0;;0.00;;0;;;;
;Invivo Air*;PotCust;0;0;0;0;0;;0.00;;0;;;;
;Skyline Aviation*;PotCust;0;0;0;0;0;;0.00;;0;;;;
;Golden Bay Air*;PotCust;0;0;0;0;0;;0.00;;0;;;;
;Air Napier*;PotCust;0;0;0;0;0;;0.00;;0;;;;
;Pacific Jets*;PotCust;0;0;0;0;0;;0.00;;0;;;;
;South East Air*;PotCust;0;0;0;0;0;;0.00;;0;;;;
;Pacific Aerospace;NonCust;0;0;0;0;0;;0.00;;0;;;;
;Glenorchy Air*;PotCust;0;0;0;0;0;;0.00;;0;;;;
;Air Freight NZ*;PotCust;0;0;0;0;0;;0.00;;0;;;;
;FlyStark*;PotCust;0;0;0;0;0;;0.00;;0;;;;
;Kiwi Air*;PotCust;0;0;0;0;0;;0.00;;0;;;;
;Barrier Air*;PotCust;0;0;0;0;0;;0.00;;0;;;;
;Air Gisborne*;PotCust;0;0;0;0;0;;0.00;;0;;;;
;Air Milford*;PotCust;0;0;0;0;0;;0.00;;0;;;;
;Sunair Aviation*;PotCust;0;0;0;0;0;;0.00;;0;;;;
;Air New Zealand*;PotCust;0;0;0;0;0;;0.00;;0;;;;
;Wilderness Wings*;PotCust;0;0;0;0;0;;0.00;;0;;;;
;Salt Air*;PotCust;0;0;0;0;0;;0.00;;0;;;;
;Sounds Air*;PotCust;0;0;0;0;0;;0.00;;0;;;;
;Stewart Island Flights*;PotCust;0;0;0;0;0;;0.00;;0;;;;
;Tasman Aviation*;PotCust;0;0;0;0;0;;0.00;;0;;;;
;Inflite Charters*;PotCust;0;0;0;0;0;;0.00;;0;;;;
;Originair*;PotCust;0;0;0;0;0;;0.00;;0;;;;
;The Catalina Company*;PotCust;0;0;0;0;0;;0.00;;0;;;;
;Island Aviation (New Zealand)*;PotCust;0;0;0;0;0;;0.00;;0;;;;
;Advance Aviation (Thailand);PotCust;0;0;0;0;0;;0.00;;0;;;;
;Air Lanna;PotCust;0;0;0;0;0;;0.00;;0;;;;
;Avanti Air Charter;PotCust;0;0;0;0;0;;0.00;;0;;;;
;Bangkok Jets;PotCust;0;0;0;0;0;;0.00;;0;;;;
;Fatonee Airline;PotCust;0;0;0;0;0;;0.00;;0;;;;
;H.S. Aviation;PotCust;0;0;0;0;0;;0.00;;0;;;;
;KOM Airlines;PotCust;0;0;0;0;0;;0.00;;0;;;;
;Landarch Airlines;PotCust;0;0;0;0;0;;0.00;;0;;;;
;Really Cool Airlines;PotCust;1;0;0;0;0;;0.00;;0;;;;
;Siam Seaplane;PotCust;0;0;0;0;0;;0.00;;0;;;;
;Soneva Kiri;PotCust;0;0;0;0;0;;0.00;;0;;;;
;Thai Platinum International Airlines;PotCust;0;0;0;0;0;;0.00;;0;;;;
;VIP Jets (Thailand);PotCust;0;0;0;0;0;;0.00;;0;;;;
;Weststar Aviation Services (Thailand);PotCust;0;0;0;0;0;;0.00;;0;;;;
;Phnom Penh Air Cargo;PotCust;0;0;0;0;0;;0.00;;0;;;;
;Sovanara Seaplane;PotCust;0;0;0;0;0;;0.00;;0;;;;
;AirAsia Cambodia;PotCust;0;0;0;0;0;;0.00;;0;;;;
;Vietravel Airlines;PotCust;0;0;0;0;0;;0.00;;0;;;;
;Vietnam Helicopters;PotCust;0;0;0;0;0;;0.00;;0;;;;
;Sun Air (Vietnam);PotCust;0;0;0;0;0;;0.00;;0;;;;
;SFC Vietnam;PotCust;0;0;0;0;0;;0.00;;0;;;;
;HAV Aviation;PotCust;0;0;0;0;0;;0.00;;0;;;;
;888 Macau Airlines;PotCust;0;0;0;0;0;;0.00;;0;;;;
;East Asia Airlines (Skyshuttle HK);PotCust;0;0;0;0;0;;0.00;;0;;;;
;Hang Seng Sociedade Unipessoa;PotCust;0;0;0;0;0;;0.00;;0;;;;
;Jet Asia (Macao);PotCust;0;0;0;0;0;;0.00;;0;;;;
COM14278;AVCON GmbH;Customer;3;1;0;0;0;06/30/2023 00:00:00;8.00;;0;;;;
COM14279;Jester Flight Dispatch School;PotCust;0;0;0;0;0;;0.00;;0;;;;
;FuelVision ApS;NonCust;0;0;0;0;0;;0.00;;0;;;;
;CBL Electronics AG;NonCust;0;0;0;0;0;;0.00;;0;;;;
;Air Eagle (Pakistan);PotCust;0;0;0;0;0;;0.00;;0;;;;
;Air Indus;PotCust;0;0;0;0;0;;0.00;;0;;;;
;Alvir Airways;PotCust;0;0;0;0;0;;0.00;;0;;;;
;Askari Aviation;PotCust;0;0;0;0;0;;0.00;;0;;;;
;Fly Jinnah;PotCust;0;0;0;0;0;;0.00;;0;;;;
;Fly Mashriq;PotCust;0;0;0;0;0;;0.00;;0;;;;
;Hybrid Aviation;PotCust;0;0;0;0;0;;0.00;;0;;;;
;IAMC Airline;PotCust;0;0;0;0;0;;0.00;;0;;;;
;Iconair;PotCust;0;0;0;0;0;;0.00;;0;;;;
;Kashmir Air;PotCust;0;0;0;0;0;;0.00;;0;;;;
;Aircraft Sales & Services;PotCust;0;0;0;0;0;;0.00;;0;;;;
;Princely Jets;PotCust;0;0;0;0;0;;0.00;;0;;;;
;Star Air Aviation;PotCust;0;0;0;0;0;;0.00;;0;;;;
;Arirang Aviation;PotCust;0;0;0;0;0;;0.00;;0;;;;
;Easy Fly Express;PotCust;0;0;0;0;0;;0.00;;0;;;;
;GMG Airlines;PotCust;0;0;0;0;0;;0.00;;0;;;;
;Hello Airlines (Bangladesh);PotCust;0;0;0;0;0;;0.00;;0;;;;
;NXT Air;PotCust;0;0;0;0;0;;0.00;;0;;;;
;R&R Aviation;PotCust;0;0;0;0;0;;0.00;;0;;;;
;South Asian Airlines;PotCust;0;0;0;0;0;;0.00;;0;;;;
;True Aviation;PotCust;0;0;0;0;0;;0.00;;0;;;;
;Air Cargo Mongolia;PotCust;0;0;0;0;0;;0.00;;0;;;;
;Airmark Aviation Singapore;PotCust;0;0;0;0;0;;0.00;;0;;;;
;Asia Aviation (Singapore);PotCust;0;0;0;0;0;;0.00;;0;;;;
;Genting Singapore Aviation;PotCust;0;0;0;0;0;;0.00;;0;;;;
;Ojets;PotCust;0;0;0;0;0;;0.00;;0;;;;
;Pacific Flight Services;PotCust;0;0;0;0;0;;0.00;;0;;;;
;Air Born;PotCust;0;0;0;0;0;;0.00;;0;;;;
;Air Pacific (Indonesia);PotCust;0;0;0;0;0;;0.00;;0;;;;
;Alda Air*;PotCust;0;0;0;0;0;;0.00;;0;;;;
;Alfa Trans Dirgantara;PotCust;0;0;0;0;0;;0.00;;0;;;;
;AMA - Associated Mission Aviation*;PotCust;0;0;0;0;0;;0.00;;0;;;;
;Asia Global Airlines;PotCust;0;0;0;0;0;;0.00;;0;;;;
;Asia Pacific Resources International;PotCust;0;0;0;0;0;;0.00;;0;;;;
;Asian One Air*;PotCust;0;0;0;0;0;;0.00;;0;;;;
;Dabi Air Nusantara*;PotCust;0;0;0;0;0;;0.00;;0;;;;
;Dirgantara Indonesia;NonCust;0;0;0;0;0;;0.00;;0;;;;
;EastIndo*;PotCust;0;0;0;0;0;;0.00;;0;;;;
;Ersa Eastern Aviation*;PotCust;0;0;0;0;0;;0.00;;0;;;;
;Flyindo Aviasi Nusantara;PotCust;0;0;0;0;0;;0.00;;0;;;;
;FlyKomala*;PotCust;0;0;0;0;0;;0.00;;0;;;;
;Gatari Air Service*;PotCust;0;0;0;0;0;;0.00;;0;;;;
;Genesa Dirgantara*;PotCust;0;0;0;0;0;;0.00;;0;;;;
;Helivida Indonesia;PotCust;0;0;0;0;0;;0.00;;0;;;;
;Indonesia AirAsia X;PotCust;0;0;0;0;0;;0.00;;0;;;;
;LAPAN - Lembaga Penerbangan dan Antariksa Nasional*;PotCust;0;0;0;0;0;;0.00;;0;;;;
;Matthew Air Nusantara*;PotCust;0;0;0;0;0;;0.00;;0;;;;
;Pegasus Air Services;PotCust;0;0;0;0;0;;0.00;;0;;;;
;Prestige Aviation;PotCust;0;0;0;0;0;;0.00;;0;;;;
COM14318;Rimbun Air;PotCust;0;0;0;0;0;;0.00;;0;;;;
;Sama Sama Seaplanes*;PotCust;0;0;0;0;0;;0.00;;0;;;;
;Smart Aviation (Indonesia)*;PotCust;0;0;0;0;0;;0.00;;0;;;;
;Spirit Avia Sentosa*;PotCust;0;0;0;0;0;;0.00;;0;;;;
;Starwisata Air;PotCust;0;0;0;0;0;;0.00;;0;;;;
;Sulut Airways;PotCust;0;0;0;0;0;;0.00;;0;;;;
;Surya Air*;PotCust;0;0;0;0;0;;0.00;;0;;;;
;Susi Air*;PotCust;0;0;0;0;0;;0.00;;0;;;;
;Transwisata Air*;PotCust;0;0;0;0;0;;0.00;;0;;;;
;Weststar Aviation Indonesia*;PotCust;0;0;0;0;0;;0.00;;0;;;;
;Whitesky Aviation*;PotCust;0;0;0;0;0;;0.00;;0;;;;
;Yajasi Aviation*;PotCust;0;0;0;0;0;;0.00;;0;;;;
;Wise Air*;PotCust;0;0;0;0;0;;0.00;;0;;;;
COM14568;Aero Dili;Customer;2;0;2;2;0;07/10/2025 00:00:00;8.00;;0;;;;
;Air Timor;PotCust;0;0;0;0;0;;0.00;;0;;;;
;FlyTimor;PotCust;0;0;0;0;0;;0.00;;0;;;;
;Leste Aviation;PotCust;0;0;0;0;0;;0.00;;0;;;;
;Timor Airways;PotCust;0;0;0;0;0;;0.00;;0;;;;
;Wings Timor;PotCust;0;0;0;0;0;;0.00;;0;;;;
;Sultan's Flight;PotCust;0;0;0;0;0;;0.00;;0;;;;
;Aerotree Flight Services;PotCust;0;0;0;0;0;;0.00;;0;;;;
;AirAsia X;PotCust;0;0;0;0;0;;0.00;;0;;;;
;Caterham Jet;PotCust;0;0;0;0;0;;0.00;;0;;;;
;Malaysia Airlines;PotCust;0;0;0;0;0;;0.00;;0;;;;
;FSAS - Falcon Special Aviation Services;PotCust;0;0;0;0;0;;0.00;;0;;;;
;Hevilift Malaysia;PotCust;0;0;0;0;0;;0.00;;0;;;;
;MHS Aviation (Malaysia);PotCust;0;0;0;0;0;;0.00;;0;;;;
;Rafflesia Airways;PotCust;0;0;0;0;0;;0.00;;0;;;;
;Scanda Sky;PotCust;0;0;0;0;0;;0.00;;0;;;;
;Sipadan Air;PotCust;0;0;0;0;0;;0.00;;0;;;;
;Systematic Aviation Services;PotCust;0;0;0;0;0;;0.00;;0;;;;
;Weststar Aviation Services;PotCust;0;0;0;0;0;;0.00;;0;;;;
;Airtrav*;PotCust;0;0;0;0;0;;0.00;;0;;;;
;Alphaland Aviation*;PotCust;0;0;0;0;0;;0.00;;0;;;;
;Batanes North Airways;PotCust;0;0;0;0;0;;0.00;;0;;;;
;Bohol Wings;PotCust;0;0;0;0;0;;0.00;;0;;;;
;Challenger Aero Air;PotCust;0;0;0;0;0;;0.00;;0;;;;
;Lionair (Philippines);PotCust;0;0;0;0;0;;0.00;;0;;;;
;PAL Express;PotCust;0;0;0;0;0;;0.00;;0;;;;
COM14524;SEAir International;PotCust;0;0;0;0;0;;0.00;;0;;;;
;Sky Pasada*;PotCust;0;0;0;0;0;;0.00;;0;;;;
;Skyjet Airlines*;PotCust;0;0;0;0;0;;0.00;;0;;;;
;Subic International Air Charter*;PotCust;0;0;0;0;0;;0.00;;0;;;;
;Aerlink;PotCust;0;0;0;0;0;;0.00;;0;;;;
;Aerotech Australia;PotCust;0;0;0;0;0;;0.00;;0;;;;
;Air Frontier;PotCust;0;0;0;0;0;;0.00;;0;;;;
;Air Link;PotCust;0;0;0;0;0;;0.00;;0;;;;
;Air National Australia;PotCust;0;0;0;0;0;;0.00;;0;;;;
;Airlines of Tasmania;PotCust;0;0;0;0;0;;0.00;;0;;;;
;airly;PotCust;0;0;0;0;0;;0.00;;0;;;;
;Alt Air;PotCust;0;0;0;0;0;;0.00;;0;;;;
;AusJet Aviation;PotCust;0;0;0;0;0;;0.00;;0;;;;
;Australian Corporate Jet Centres;PotCust;0;0;0;0;0;;0.00;;0;;;;
;Avcair;PotCust;0;0;0;0;0;;0.00;;0;;;;
;Aviair;PotCust;0;0;0;0;0;;0.00;;0;;;;
;Blue Sky Airways;PotCust;0;0;0;0;0;;0.00;;0;;;;
;Bonza;PotCust;0;0;0;0;0;;0.00;;0;;;;
;Chartair;PotCust;0;0;0;0;0;;0.00;;0;;;;
;CHC Helicopters (Australia);PotCust;0;0;0;0;0;;0.00;;0;;;;
;Complete Aviation Services (CASAIR);PotCust;0;0;0;0;0;;0.00;;0;;;;
;Coulson Aviation (Australia);PotCust;0;0;0;0;0;;0.00;;0;;;;
;Darwin Aviation Services;PotCust;0;0;0;0;0;;0.00;;0;;;;
;Qantas;PotCust;0;0;0;0;0;;0.00;;0;;;;
;Fly Tiwi Airlines;PotCust;0;0;0;0;0;;0.00;;0;;;;
;FlyPelican;PotCust;0;0;0;0;0;;0.00;;0;;;;
;Free Spirit Airlines;PotCust;0;0;0;0;0;;0.00;;0;;;;
;Hardy Aviation;PotCust;0;0;0;0;0;;0.00;;0;;;;
COM14342;Hinterland Aviation;PotCust;0;0;0;0;0;;0.00;;0;;;;
COM14543;Jetstar Airways;PotCust;0;0;0;0;0;;0.00;;0;;;;
;King Island Airlines;PotCust;0;0;0;0;0;;0.00;;0;;;;
;Link Airways;PotCust;0;0;0;0;0;;0.00;;0;;;;
;MachJet International;PotCust;0;0;0;0;0;;0.00;;0;;;;
;Northern Territory Air Services;PotCust;0;0;0;0;0;;0.00;;0;;;;
;Pacific Petroleum;PotCust;0;0;0;0;0;;0.00;;0;;;;
;Pearl Aviation Australia;PotCust;0;0;0;0;0;;0.00;;0;;;;
;Qantas Freight;PotCust;0;0;0;0;0;;0.00;;0;;;;
;Royal Flying Doctor Service;PotCust;0;0;0;0;0;;0.00;;0;;;;
;Sharp Airlines;PotCust;0;0;0;0;0;;0.00;;0;;;;
;Skytek;PotCust;0;0;0;0;0;;0.00;;0;;;;
;Southern Cross Jets;PotCust;0;0;0;0;0;;0.00;;0;;;;
;Stratus Aviation;NonCust;0;0;0;0;0;;0.00;;0;;;;
;Sydney Seaplanes;PotCust;0;0;0;0;0;;0.00;;0;;;;
;Tasman Cargo Airlines;PotCust;0;0;0;0;0;;0.00;;0;;;;
;Torres Strait Air;PotCust;0;0;0;0;0;;0.00;;0;;;;
;Air Xiya;PotCust;0;0;0;0;0;;0.00;;0;;;;
;Allpoints Jet;PotCust;0;0;0;0;0;;0.00;;0;;;;
;Amber Aviation*;PotCust;0;0;0;0;0;;0.00;;0;;;;
;Asia United Business Aviation*;PotCust;0;0;0;0;0;;0.00;;0;;;;
;Asian Express General Aviation;PotCust;0;0;0;0;0;;0.00;;0;;;;
;Astro Air*;PotCust;0;0;0;0;0;;0.00;;0;;;;
;AVIEYE General Aviation*;PotCust;0;0;0;0;0;;0.00;;0;;;;
;(Duplicate) BAA Jet Management*;NonCust;0;0;0;0;0;;0.00;;0;;;;
;Baoneng Jet;PotCust;0;0;0;0;0;;0.00;;0;;;;
;Beijing City International Business Jet;PotCust;0;0;0;0;0;;0.00;;0;;;;
;Beijing General Aviation;PotCust;0;0;0;0;0;;0.00;;0;;;;
;Bowin Airline;PotCust;0;0;0;0;0;;0.00;;0;;;;
;Capital Airlines;PotCust;0;0;0;0;0;;0.00;;0;;;;
;Central Airlines;PotCust;0;0;0;0;0;;0.00;;0;;;;
;China Air Cargo;PotCust;0;0;0;0;0;;0.00;;0;;;;
;China Eastern Airlines;PotCust;0;0;0;0;0;;0.00;;0;;;;
;China Flying Dragon Aviation;PotCust;0;0;0;0;0;;0.00;;0;;;;
;China Meridian Jet;PotCust;0;0;0;0;0;;0.00;;0;;;;
;China Southern Airlines General Aviation;PotCust;0;0;0;0;0;;0.00;;0;;;;
;Colorful Yunnan Airlines;PotCust;0;0;0;0;0;;0.00;;0;;;;
;Deer Jet Shanghai*;PotCust;0;0;0;0;0;;0.00;;0;;;;
;Dehong South Asian General Airlines;PotCust;0;0;0;0;0;;0.00;;0;;;;
;Dinglong Business Aviation;PotCust;0;0;0;0;0;;0.00;;0;;;;
;Donghai Jet*;PotCust;0;0;0;0;0;;0.00;;0;;;;
;Emper Aviation;PotCust;0;0;0;0;0;;0.00;;0;;;;
;Express Airlines;PotCust;0;0;0;0;0;;0.00;;0;;;;
;Funian Jet Aviation;PotCust;0;0;0;0;0;;0.00;;0;;;;
;Future Air*;PotCust;0;0;0;0;0;;0.00;;0;;;;
;Guanghui Group*;PotCust;0;0;0;0;0;;0.00;;0;;;;
;Guizhou Airlines;PotCust;0;0;0;0;0;;0.00;;0;;;;
;Hainan Airlines;PotCust;0;0;0;0;0;;0.00;;0;;;;
;Hunan Cargo Airlines;PotCust;0;0;0;0;0;;0.00;;0;;;;
;Inner Mongolia General Aviation*;PotCust;0;0;0;0;0;;0.00;;0;;;;
;JD Airlines*;PotCust;0;0;0;0;0;;0.00;;0;;;;
;Jiacheng International Airlines;PotCust;0;0;0;0;0;;0.00;;0;;;;
;Jiangsu Huayu General Airline;PotCust;0;0;0;0;0;;0.00;;0;;;;
;Jiangxi Express Aviation;PotCust;0;0;0;0;0;;0.00;;0;;;;
;Jinggong Global Jet;PotCust;0;0;0;0;0;;0.00;;0;;;;
;JoyWin Aviation;PotCust;0;0;0;0;0;;0.00;;0;;;;
;Juneyao Air;PotCust;0;0;0;0;0;;0.00;;0;;;;
;Lijiang Airlines;PotCust;0;0;0;0;0;;0.00;;0;;;;
;Liuzhou Zhengling Group*;PotCust;0;0;0;0;0;;0.00;;0;;;;
;Mayboune Aviation;PotCust;0;0;0;0;0;;0.00;;0;;;;
;Meiya Air;PotCust;0;0;0;0;0;;0.00;;0;;;;
;Minsheng International Jet*;PotCust;0;0;0;0;0;;0.00;;0;;;;
;Nanshan Jet*;PotCust;0;0;0;0;0;;0.00;;0;;;;
;North-Western Cargo International Airlines*;PotCust;0;0;0;0;0;;0.00;;0;;;;
;Corporate Air KAGC;PotCust;0;0;0;0;0;;0.00;;0;;;;
;OTT Airlines;PotCust;0;0;0;0;0;;0.00;;0;;;;
;Quzhou Airlines;PotCust;0;0;0;0;0;;0.00;;0;;;;
;Reignwood Asia Aviation;PotCust;0;0;0;0;0;;0.00;;0;;;;
;SANY Group*;PotCust;0;0;0;0;0;;0.00;;0;;;;
;SH Bellawings Airlines*;PotCust;0;0;0;0;0;;0.00;;0;;;;
;Shandong Airlines;PotCust;0;0;0;0;0;;0.00;;0;;;;
;Shanghai Airlines;PotCust;0;0;0;0;0;;0.00;;0;;;;
;Shanxi Victory General Aviation;PotCust;0;0;0;0;0;;0.00;;0;;;;
;Shenzhen Airlines;PotCust;0;0;0;0;0;;0.00;;0;;;;
;Sichuan Airlines;PotCust;0;0;0;0;0;;0.00;;0;;;;
;Spring Airlines;PotCust;0;0;0;0;0;;0.00;;0;;;;
;Spring Jet;PotCust;0;0;0;0;0;;0.00;;0;;;;
;Star Jet*;PotCust;0;0;0;0;0;;0.00;;0;;;;
;SZ United Jet;PotCust;0;0;0;0;0;;0.00;;0;;;;
;Tianjin Airlines;PotCust;0;0;0;0;0;;0.00;;0;;;;
;VistaJet (China);PotCust;0;0;0;0;0;;0.00;;0;;;;
;Wanfeng Aviation;PotCust;0;0;0;0;0;;0.00;;0;;;;
;Xihua Air;PotCust;0;0;0;0;0;;0.00;;0;;;;
;Yalian Business Jet*;PotCust;0;0;0;0;0;;0.00;;0;;;;
;Yingan Air*;PotCust;0;0;0;0;0;;0.00;;0;;;;
COM14283;Fly Express;PotCust;0;0;0;0;0;;0.00;;0;;;;
;Aegle Aviation;PotCust;0;0;0;0;0;;0.00;;0;;;;
;ARIUS*;PotCust;0;0;0;0;0;;0.00;;0;;;;
;Asia Jet*;PotCust;0;0;0;0;0;;0.00;;0;;;;
;Astro Air*;PotCust;0;0;0;0;0;;0.00;;0;;;;
;Avion Jet*;PotCust;0;0;0;0;0;;0.00;;0;;;;
;Cathay Pacific*;PotCust;0;0;0;0;0;;0.00;;0;;;;
;China Sonangol International;PotCust;0;0;0;0;0;;0.00;;0;;;;
;GCL-Poly Energy Holdings;PotCust;0;0;0;0;0;;0.00;;0;;;;
;GFS - Government Flying Service*;PotCust;0;0;0;0;0;;0.00;;0;;;;
;Jet Aviation Business Jets*;PotCust;0;0;0;0;0;;0.00;;0;;;;
;JetSolution Aviation*;PotCust;0;0;0;0;0;;0.00;;0;;;;
;Man Sang International General Aviation*;PotCust;0;0;0;0;0;;0.00;;0;;;;
;NetJets Business Aviation*;PotCust;0;0;0;0;0;;0.00;;0;;;;
;One China Global Airways*;PotCust;0;0;0;0;0;;0.00;;0;;;;
;Seaplane Hong Kong*;PotCust;0;0;0;0;0;;0.00;;0;;;;
;Silver Wings International*;PotCust;0;0;0;0;0;;0.00;;0;;;;
;Sky Shuttle Helicopters*;PotCust;0;0;0;0;0;;0.00;;0;;;;
;Yuexiu Property;PotCust;0;0;0;0;0;;0.00;;0;;;;
;CMT Air Cargo;PotCust;0;0;0;0;0;;0.00;;0;;;;
;Emerald Pacific Airlines;PotCust;0;0;0;0;0;;0.00;;0;;;;
;EVA Sky Jet;PotCust;0;0;0;0;0;;0.00;;0;;;;
COM14412;Executive Aviation Taiwan;PotCust;0;0;0;0;0;;0.00;;0;;;;
;Great Wing Airlines;PotCust;0;0;0;0;0;;0.00;;0;;;;
;ROC Aviation;PotCust;0;0;0;0;0;;0.00;;0;;;;
;Sunrise Airlines;PotCust;0;0;0;0;0;;0.00;;0;;;;
;Flight Contact Service FCS;PotCust;0;0;0;0;0;;0.00;;0;;;;
;AeroKing Airlines;PotCust;0;0;0;0;0;;0.00;;0;;;;
COM14332;AFCOM;Customer;2;2;3;2;0;11/14/2023 00:00:00;8.00;;0;;;;
;Air Ganga;PotCust;0;0;0;0;0;;0.00;;0;;;;
;Air Mauryan;PotCust;0;0;0;0;0;;0.00;;0;;;;
;Air Safa;PotCust;0;6;0;0;0;;0.00;;0;;;;
;Air Taxi (India);PotCust;0;0;0;0;0;;0.00;;0;;;;
;Air Works India Aircraft Charter;PotCust;0;0;0;0;0;;0.00;;0;;;;
;Airhimalayas*;PotCust;0;0;0;0;0;;0.00;;0;;;;
;Airmid Aviation Services*;PotCust;0;0;0;0;0;;0.00;;0;;;;
;Airports Authority of India;Customer via;3;0;0;0;0;04/29/2024 00:00:00;0.00;;0;;;;
;AIX Connect (formerly known as AirAsia India);PotCust;0;0;0;0;0;;0.00;;0;;;;
;Akasa Air;PotCust;0;0;0;0;0;;0.00;;0;;;;
;Andaman Airways;PotCust;0;0;0;0;0;;0.00;;0;;;;
;Apco Infratech;Customer via;3;0;0;0;0;04/29/2024 00:00:00;0.00;;0;;;;
;Aviators Air Rescue*;PotCust;0;0;0;0;0;;0.00;;0;;;;
;Deccan Charters;PotCust;0;0;0;0;0;;0.00;;0;;;;
;EHA Aviation;Customer via;3;0;0;0;0;04/29/2024 00:00:00;0.00;;0;;;;
;Empire Aviation India;Customer via;3;0;0;0;0;07/21/2025 00:00:00;0.00;;0;;;;
;flybig;PotCust;0;0;0;0;0;;0.00;;0;;;;
;GMR Aviation;Customer via;3;0;0;0;0;04/29/2024 00:00:00;0.00;;0;;;;
;HeliGo Charters;PotCust;0;0;0;0;0;;0.00;;0;;;;
;Hindustan Aeronautics;NonCust;0;0;0;0;0;;0.00;;0;;;;
;India Fly Safe Aviation;Customer via;0;0;0;0;0;04/29/2024 00:00:00;0.00;;0;;;;
;IndiaOne Air;Customer via;0;0;0;0;0;04/29/2024 00:00:00;0.00;;0;;;;
;Invision Air;PotCust;0;0;0;0;0;;0.00;;0;;;;
;Jaya Hind Industries;PotCust;0;0;0;0;0;;0.00;;0;;;;
;Jet Freight Logistics;PotCust;0;0;0;0;0;;0.00;;0;;;;
;JetSetGo;PotCust;0;0;0;0;0;;0.00;;0;;;;
;Jetsmart India;PotCust;0;0;0;0;0;;0.00;;0;;;;
COM14542;Karnavati Aviation;PotCust;0;0;0;0;0;;0.00;;0;;;;
;Kerala Seaplane;PotCust;0;0;0;0;0;;0.00;;0;;;;
;Larsen & Toubro;PotCust;0;0;0;0;0;;0.00;;0;;;;
;Mahindra Airways;PotCust;0;0;0;0;0;;0.00;;0;;;;
;MAK Cargo;PotCust;0;0;0;0;0;;0.00;;0;;;;
;Mehair;PotCust;0;0;0;0;0;;0.00;;0;;;;
;Modair Express;PotCust;0;0;0;0;0;;0.00;;0;;;;
;MySkyHopper;PotCust;0;0;0;0;0;;0.00;;0;;;;
;Northeast Shuttles;PotCust;0;0;0;0;0;;0.00;;0;;;;
;Pawan Hans Helicopters*;PotCust;0;0;0;0;0;;0.00;;0;;;;
;Pinnacle Air;PotCust;0;0;0;0;0;;0.00;;0;;;;
COM14514;Pradhaan Air Express;PotCust;0;0;0;0;0;;0.00;;0;;;;
;Prince Air;PotCust;0;0;0;0;0;;0.00;;0;;;;
;Quikjet Cargo Airlines;PotCust;0;0;0;0;0;;0.00;;0;;;;
;Reliance Transport & Travels*;Customer via;0;0;0;0;0;04/29/2024 00:00:00;0.00;;0;;;;
;RPSG Resources;PotCust;0;0;0;0;0;;0.00;;0;;;;
COM14440;Saarthi Airways;PotCust;0;0;0;0;0;;0.00;;0;;;;
;Siva Air;PotCust;0;0;0;0;0;;0.00;;0;;;;
;Skyone Airways;PotCust;0;0;0;0;0;;0.00;;0;;;;
;SkyShuttle by JetSetGo;PotCust;0;0;0;0;0;;0.00;;0;;;;
;(Duplicate) Span Air;NonCust;0;0;0;0;0;;0.00;;0;;;;
;SpiceXpress;PotCust;0;0;0;0;0;;0.00;;0;;;;
;Spirit Air;PotCust;0;0;0;0;0;;0.00;;0;;;;
;Supreme Aviation;PotCust;0;0;0;0;0;;0.00;;0;;;;
;Taj Air;PotCust;0;0;0;0;0;;0.00;;0;;;;
;Thumby Aviation;PotCust;0;0;0;0;0;;0.00;;0;;;;
;Turbo Aviation;PotCust;0;0;0;0;0;;0.00;;0;;;;
;VayuJet;PotCust;0;0;0;0;0;;0.00;;0;;;;
;Ventura AirConnect*;PotCust;0;0;0;0;0;;0.00;;0;;;;
;Air Dynasty Heli Service;PotCust;0;0;0;0;0;;0.00;;0;;;;
;Guna Airlines;PotCust;0;0;0;0;0;;0.00;;0;;;;
;Makalu Air;PotCust;0;0;0;0;0;;0.00;;0;;;;
;Summit Air;PotCust;0;0;0;0;0;;0.00;;0;;;;
;Red Bird Aviation;PotCust;0;0;0;0;0;;0.00;;0;;;;
;Seychelles International Airways;PotCust;0;0;0;0;0;;0.00;;0;;;;
;Air-Tec Mauritius;PotCust;0;0;0;0;0;;0.00;;0;;;;
;(Duplicate) Corail Helicopteres;NonCust;0;0;0;0;0;;0.00;;0;;;;
;Indian Ocean Airline;PotCust;0;0;0;0;0;;0.00;;0;;;;
;Mauritius Helicopter;PotCust;0;0;0;0;0;;0.00;;0;;;;
;Tesla Air;PotCust;0;0;0;0;0;;0.00;;0;;;;
;Aeromarine;PotCust;0;0;0;0;0;;0.00;;0;;;;
;Assist Aviation;PotCust;0;0;0;0;0;;0.00;;0;;;;
;GS Aviation;PotCust;0;0;0;0;0;;0.00;;0;;;;
;HFF Travel Airways;PotCust;0;0;0;0;0;;0.00;;0;;;;
;MADAGASCAR AIRLINES;PotCust;0;0;0;0;0;;0.00;;0;;;;
;Madagascar Trans Air;PotCust;0;0;0;0;0;;0.00;;0;;;;
;(Duplicate) Malagasy Airlines;NonCust;0;0;0;0;0;;0.00;;0;;;;
;Tiko Air;PotCust;0;0;0;0;0;;0.00;;0;;;;
;TSARADIA;PotCust;0;0;0;0;0;;0.00;;0;;;;
;AB Aviation;PotCust;0;0;0;0;0;;0.00;;0;;;;
;Comoro Islands Airline;PotCust;0;0;0;0;0;;0.00;;0;;;;
;Fly Comores;PotCust;0;0;0;0;0;;0.00;;0;;;;
;Int'Air Îles;PotCust;0;0;0;0;0;;0.00;;0;;;;
;R Komor;PotCust;0;0;0;0;0;;0.00;;0;;;;
;(Duplicate) Air Austral;NonCust;0;0;0;0;0;;0.00;;0;;;;
;Corail Helicopteres;PotCust;0;0;0;0;0;;0.00;;0;;;;
;Fly-Li;PotCust;0;0;0;0;0;;0.00;;0;;;;
;Run Aviation;PotCust;0;0;0;0;0;;0.00;;0;;;;
;FUTURE AVIATION;PotCust;0;0;0;0;0;;0.00;;0;;;;
;B & C Aviation Solutions;PotCust;0;0;0;0;0;;0.00;;0;;;;
;Air Clipper;PotCust;0;0;0;0;0;;0.00;;0;;;;
;Air Incheon;PotCust;0;0;0;0;0;;0.00;;0;;;;
;Korea Express Air;PotCust;0;0;0;0;0;;0.00;;0;;;;
;Korean Air;PotCust;0;0;0;0;0;;0.00;;0;;;;
;MintAir;PotCust;0;0;0;0;0;;0.00;;0;;;;
;NF-Air;PotCust;0;0;0;0;0;;0.00;;0;;;;
;Sirius Airlines;PotCust;0;0;0;0;0;;0.00;;0;;;;
;Aero Asahi*;PotCust;0;0;0;0;0;;0.00;;0;;;;
;AirJapan*;PotCust;0;0;0;0;0;;0.00;;0;;;;
;Airtransse*;PotCust;0;0;0;0;0;;0.00;;0;;;;
;Amakusa Airlines*;PotCust;0;0;0;0;0;;0.00;;0;;;;
;ANA Business Jet;PotCust;0;0;0;0;0;;0.00;;0;;;;
;Feel Air East*;PotCust;0;0;0;0;0;;0.00;;0;;;;
;J.CAS*;PotCust;0;0;0;0;0;;0.00;;0;;;;
;Mori Building City Air Services*;PotCust;0;0;0;0;0;;0.00;;0;;;;
;New Japan Aviation*;PotCust;0;0;0;0;0;;0.00;;0;;;;
;Setouchi Seaplanes*;PotCust;0;0;0;0;0;;0.00;;0;;;;
;Sky Trek Airlines*;PotCust;0;0;0;0;0;;0.00;;0;;;;
;Toho Air Service*;PotCust;0;0;0;0;0;;0.00;;0;;;;
;Air KG;PotCust;0;0;0;0;0;;0.00;;0;;;;
;Erkin Air;PotCust;0;0;0;0;0;;0.00;;0;;;;
;Heli Sky;PotCust;0;0;0;0;0;;0.00;;0;;;;
;MAK KG Airlines;PotCust;0;0;0;0;0;;0.00;;0;;;;
;New Way Cargo Airlines;Customer via;0;0;0;0;0;06/26/2026 00:00:00;0.00;;0;;;;
;Sapsan Airline;PotCust;0;0;0;0;0;;0.00;;0;;;;
;Skyjet (Kyrgyzstan);PotCust;0;0;0;0;0;;0.00;;0;;;;
;Aeroservice Taraz*;PotCust;0;0;0;0;0;;0.00;;0;;;;
;Aerotrans;PotCust;0;0;0;0;0;;0.00;;0;;;;
;Aerotur Air;PotCust;0;0;0;0;0;;0.00;;0;;;;
;Air Control*;PotCust;0;0;0;0;0;;0.00;;0;;;;
;Air Trust;PotCust;0;0;0;0;0;;0.00;;0;;;;
;Avia Jaynar*;PotCust;0;0;0;0;0;;0.00;;0;;;;
;AZee Air*;PotCust;0;0;0;0;0;;0.00;;0;;;;
;B&K Aero KZ;PotCust;0;0;0;0;0;;0.00;;0;;;;
;Baibars;PotCust;0;0;0;0;0;;0.00;;0;;;;
;Bek Air*;PotCust;0;0;0;0;0;;0.00;;0;;;;
;Caropan Company;PotCust;0;0;0;0;0;;0.00;;0;;;;
;Comlux KZ;PotCust;0;0;0;0;0;;0.00;;0;;;;
;East Wing*;PotCust;0;0;0;0;0;;0.00;;0;;;;
;FlyArystan;PotCust;0;0;0;0;0;;0.00;;0;;;;
;Hi Sky*;PotCust;0;0;0;0;0;;0.00;;0;;;;
;Irma Air Service;PotCust;0;0;0;0;0;;0.00;;0;;;;
;Jenis Air*;PotCust;0;0;0;0;0;;0.00;;0;;;;
;Jet Airlines*;PotCust;0;0;0;0;0;;0.00;;0;;;;
;Kaz Air Jet;PotCust;0;0;0;0;0;;0.00;;0;;;;
;Kazairtrans*;PotCust;0;0;0;0;0;;0.00;;0;;;;
;Kazakhmys*;PotCust;0;0;0;0;0;;0.00;;0;;;;
;Kazaviaspas*;PotCust;0;0;0;0;0;;0.00;;0;;;;
;Prime Aviation;PotCust;0;0;0;0;0;;0.00;;0;;;;
;Sigma Airlines;PotCust;0;0;0;0;0;;0.00;;0;;;;
;Sunkar Air*;PotCust;0;0;0;0;0;;0.00;;0;;;;
;Zhetysu*;PotCust;0;0;0;0;0;;0.00;;0;;;;
;ZhezAir*;PotCust;0;0;0;0;0;;0.00;;0;;;;
;Asia Sky Lines;PotCust;0;0;0;0;0;;0.00;;0;;;;
;FlyUnion Airlines;PotCust;0;0;0;0;0;;0.00;;0;;;;
;Khatlon Air;PotCust;0;0;0;0;0;;0.00;;0;;;;
;Air Marakanda;PotCust;0;0;0;0;0;;0.00;;0;;;;
COM14409;Air Samarkand;PotCust;0;0;0;0;0;;0.00;;0;;;;
COM14507;Centrum Air (via My Freighter);PotCust;0;0;0;0;0;;0.00;;0;;;;
;Fly Khiva;PotCust;0;0;0;0;0;;0.00;;0;;;;
;Hidaya Airlines;PotCust;0;0;0;0;0;;0.00;;0;;;;
;Humo Air;PotCust;0;0;0;0;0;;0.00;;0;;;;
;My Freighter;PotCust;0;0;0;0;0;;0.00;;0;;;;
;Uzbekistan Airways Express;PotCust;0;0;0;0;0;;0.00;;0;;;;
;Uzbekistan Helicopters;PotCust;0;0;0;0;0;;0.00;;0;;;;
;Silk Road Cargo Business;PotCust;0;0;0;0;0;;0.00;;0;;;;
COM14285;Air Master;Customer;3;2;2;2;0;11/01/2023 00:00:00;8.00;;0;;;;
;Shirley Berger (Private);NonCust;0;0;0;0;0;;0.00;;0;;;;
COM14684;Leonardo Aeonautics Division;PotCust;0;0;0;0;0;;0.00;;0;;;;
COM14288;AEROWISE;PotCust;0;0;0;0;0;;0.00;;0;;;;
;COMPAGNIA AERONAUTICA ITALIANA;PotCust;0;0;0;0;0;;0.00;;0;;;;
;ITALIAN AIR FORCE;PotCust;0;0;0;0;0;;0.00;;0;;;;
;EQUAIR;PotCust;0;0;0;0;0;;0.00;;0;;;;
;Aero Center (KCPR);NonCust;0;0;0;0;0;;0.00;;0;;;;
;AN AVIATION SERVICES;PotCust;0;0;0;0;0;;0.00;;0;;;;
;Quantum International Services;PotCust;0;0;0;0;0;;0.00;;0;;;;
COM14286;FLY-COOP AVIATION SERVICES LTD.;PotCust;0;0;0;0;0;;0.00;;0;;;;
COM14308;Ibis Air;PotCust;0;0;0;0;0;12/01/2023 00:00:00;0.00;03/06/2024 00:00:00;0;Unavoidable;Missing payment;03/06/2024 00:00:00;missing payment and communication
COM14287;Echo3 ( JAWI);Customer;3;0;0;0;0;07/01/2023 00:00:00;8.00;;0;Unavoidable;No Business;;
;AIR SUPPORT GROUP;PotCust;0;0;0;0;0;;0.00;;0;;;;
COM14376;SMALL FLY;Customer;3;5;0;0;0;01/31/2025 00:00:00;8.00;;0;;;;
COM14292;ADTI Oman;PotCust;0;0;0;0;0;;0.00;;0;;;;
;THE JET FIRM;PotCust;0;0;0;0;0;;0.00;;0;;;;
;WELOJETS;PotCust;0;0;0;0;0;;0.00;;0;;;;
;MESOTIS JETS;PotCust;0;0;0;0;0;;0.00;;0;;;;
;American Flight Support;PotCust;0;0;0;0;0;;0.00;;0;;;;
COM14291;JOINJET;PotCust;0;0;0;0;0;;0.00;;0;;;;
;CMA CGM Air Cargo;PotCust;0;0;0;0;0;;0.00;;0;;;;
;VOLARIS;PotCust;0;0;0;0;0;;0.00;;0;;;;
;Envoy Air;PotCust;0;0;0;0;0;;0.00;;0;;;;
COM14299;TREBET AVIATION;PotCust;0;0;0;0;0;;0.00;;0;;;;
;Presidential Flight;PotCust;0;0;0;0;0;;0.00;;0;;;;
COM14331;Fly Oya;PotCust;0;0;0;0;0;;0.00;;0;;;;
;Transportes Aéreos Pegaso;PotCust;0;0;0;0;0;;0.00;;0;;;;
;Seibersdorf Labor;NonCust;0;0;0;0;0;;0.00;;0;;;;
COM14297;MSPL Limited;PotCust;0;0;0;0;0;;0.00;;0;;;;
COM14298;Penjet;PotCust;0;0;0;0;0;;0.00;;0;;;;
;MedSky Airways;PotCust;0;0;0;0;0;;0.00;;0;;;;
;UNIWORLD AIR CARGO;PotCust;0;0;0;0;0;;0.00;;0;;;;
COM14481;FLY LILI;Customer;3;3;0;0;0;03/24/2025 00:00:00;8.00;;0;;;;
COM14301;Ibrahim Fibres Limited;PotCust;0;0;0;0;0;;0.00;;0;;;;
COM14418;CAICOS Express AIRWAYS;Customer;0;4;0;0;0;06/25/2024 00:00:00;8.00;;0;;;;
;Million Air (San Antonio);PotCust;0;0;0;0;0;;0.00;;0;;;;
COM14304;AZURE AVIATION;PotCust;0;0;0;0;0;;0.00;;0;;;;
;German Air Force - A400M Squadron;PotCust;0;0;0;0;0;;0.00;;0;;;;
;Finnish Border Guard Air Patrol Squadron;PotCust;0;0;0;0;0;;0.00;;0;;;;
COM14306;Finistair;PotCust;0;0;0;0;0;;0.00;;0;;;;
;Portuguese Air Force;PotCust;0;0;0;0;0;;0.00;;0;;;;
COM14629;Aerospace Jet Group;PotCust;0;0;0;0;0;;0.00;;0;;;;
;Jet-stream project;PotCust;0;0;0;0;0;;0.00;;0;;;;
COM14305;Plexus Academy;PotCust;0;0;0;0;0;;0.00;;0;;;;
;American Patrol;PotCust;0;0;0;0;0;;0.00;;0;;;;
COM14366;Aerolínea del Estado Mexicano;PotCust;0;0;0;0;0;;0.00;;0;;;;
;Alexandru Mancas (Private);PotCust;0;0;0;0;0;;0.00;;0;;;;
;MSC AIR CARGO;PotCust;0;0;0;0;0;;0.00;;0;;;;
;Adrian Florescu (Private);NonCust;0;0;0;0;0;;0.00;;0;;;;
;Radu-Corneliu TILICI (Private);PotCust;0;0;0;0;0;;0.00;;0;;;;
;Skymaster;PotCust;0;0;0;0;0;;0.00;;0;;;;
;IBERIA;PotCust;0;0;0;0;0;;0.00;;0;;;;
;Mateusz Owczarek (private);PotCust;0;0;0;0;0;;0.00;;0;;;;
;MAF International;PotCust;0;0;0;0;0;;0.00;;0;;;;
COM14296;ADSB Support;NonCust;0;0;0;0;0;07/01/2023 00:00:00;0.00;;0;;;;
COM14344;ASCEND AIRWAYS;NonCust;3;7;0;0;0;01/26/2024 00:00:00;8.00;04/29/2026 00:00:00;0;Unavoidable;Bankruptcy  - Fuelprices pushed them over the limited.  Middleeast situation;;
;Skykeys GmbH;NonCust;0;0;0;0;0;;0.00;;0;;;;
COM14315;Royal Airways;PotCust;0;0;0;0;0;;0.00;;0;;;;
;Air Method;NonCust;0;0;0;0;0;;0.00;;0;;;;
COM14312;Prime Avia;PotCust;0;0;0;0;0;;0.00;;0;;;;
COM14314;GEWAN Aviation L.L.C.;Customer;0;5;0;0;0;11/20/2023 00:00:00;8.00;;0;;;;
;SOLOJET;PotCust;0;0;0;0;0;;0.00;;0;;;;
;AVANTTO;PotCust;0;0;0;0;0;;0.00;;0;;;;
;LIDER Aviaçao;PotCust;0;0;0;0;0;;0.00;;0;;;;
;FLIGHT SUPPORT BRAZIL - FSB;PotCust;0;0;0;0;0;;0.00;;0;;;;
;UPSTAR;PotCust;0;0;0;0;0;;0.00;;0;;;;
;LAATS FBO;PotCust;0;0;0;0;0;;0.00;;0;;;;
;EVE AIR MOBILITY;PotCust;0;0;0;0;0;;0.00;;0;;;;
;General Air Assistance;PotCust;0;0;0;0;0;;0.00;;0;;;;
COM14316;Bridges Air Cargo;Customer;3;2;0;0;0;01/18/2024 00:00:00;8.00;;0;;;;
;eFlite;NonCust;0;0;0;0;0;;0.00;;0;;;;
;APM Technologies;NonCust;0;0;0;0;0;;0.00;;0;;;;
;CrewApp;NonCust;0;0;0;0;0;;0.00;;0;;;;
;Aéreo Servicios Guerrero S.A de C.V.;PotCust;0;0;0;0;0;;0.00;;0;;;;
;Institute of Flight Operations & Dispatch (iFOD);NonCust;0;0;0;0;0;;0.00;;0;;;;
;AEROCIVIL.US;PotCust;0;0;0;0;0;;0.00;;0;;;;
;Lundin Software;NonCust;0;0;0;0;0;;0.00;;0;;;;
COM14319;SQI;PotCust;0;0;0;0;0;;0.00;;0;;;;
;Sky N Jet;PotCust;0;0;0;0;0;;0.00;;0;;;;
;Palestinian Airlines;PotCust;0;0;0;0;0;;0.00;;0;;;;
;Swiss AviationSoftware Ltd.;NonCust;0;0;0;0;0;;0.00;;0;;;;
;AAR CORP;NonCust;0;0;0;0;0;;0.00;;0;;;;
;Capital Air Ambulance;NonCust;0;0;0;0;0;;0.00;;0;;;;
;AeroKool Aviation / AK Structures;NonCust;0;0;0;0;0;;0.00;;0;;;;
;AerSale, Inc.;NonCust;0;0;0;0;0;;0.00;;0;;;;
;AireXpert;NonCust;0;0;0;0;0;;0.00;;0;;;;
;AAP Aviation;PotCust;0;0;0;0;0;;0.00;;0;;;;
;Aarhus Airport;NonCust;0;0;0;0;0;;0.00;;0;;;;
;Abelo Capital Aviation Management;NonCust;0;0;0;0;0;;0.00;;0;;;;
;IT Forum Esbjerg;NonCust;0;0;0;0;0;;0.00;;0;;;;
;Re CAE;NonCust;0;0;0;0;0;;0.00;;0;;;;
;AVINCIS SPAIN;PotCust;0;0;0;0;0;;0.00;;0;;;;
;Cape Air;PotCust;0;0;0;0;0;;0.00;;0;;;;
COM14324;SUPERNOVA AIRLINES;Customer;3;1;0;0;0;12/19/2023 00:00:00;8.00;;0;;;;
COM14322;FLY ONE ARMENIA;Customer;0;10;0;0;0;10/02/2023 00:00:00;8.00;;0;;;;
;Mesh-data;NonCust;0;0;0;0;0;;0.00;;0;;;;
COM14323;Tennor International Services;PotCust;0;0;0;0;0;;0.00;;0;;;;
;Bluegrass Airport;PotCust;0;0;0;0;0;;0.00;;0;;;;
;AVICO;PotCust;0;0;0;0;0;;0.00;;0;;;;
;Bel Aviation;PotCust;0;0;0;0;0;;0.00;;0;;;;
;RDC Aviation;PotCust;0;0;0;0;0;;0.00;;0;;;;
COM14651;Global Aviation Data A/S (Globalog);NonCust;0;0;0;0;0;;0.00;;0;;;;
;Cometpeople ApS;NonCust;0;0;0;0;0;;0.00;;0;;;;
;MySky;NonCust;0;0;0;0;0;;0.00;;0;;;;
;Avia-briefing;Quarantine;0;0;0;0;0;;0.00;;0;;;;
;Pink Sparrow GmbH;NonCust;0;0;0;0;0;;0.00;;0;;;;
;Cairn Aviation;NonCust;0;0;0;0;0;;0.00;;0;;;;
;CharterSync;NonCust;0;0;0;0;0;;0.00;;0;;;;
;Boeing Digital Solutions;NonCust;0;0;0;0;0;;0.00;;0;;;;
;MJ Consultancy;PotCust;0;0;0;0;0;;0.00;;0;;;;
;Lift Airline Support;NonCust;0;0;0;0;0;;0.00;;0;;;;
;Spacekeys GmbH;NonCust;0;0;0;0;0;;0.00;;0;;;;
;UCL Erhvervsakademi & Professionshøjskole;NonCust;0;0;0;0;0;;0.00;;0;;;;
;Aeroficial Intelligence GmbH;NonCust;0;0;0;0;0;;0.00;;0;;;;
;Lime;NonCust;0;0;0;0;0;;0.00;;0;;;;
;FltOpsWorks Ltd;NonCust;0;0;0;0;0;;0.00;;0;;;;
;Unit IT;NonCust;0;0;0;0;0;;0.00;;0;;;;
;Ethiopian Airlines;PotCust;0;0;0;0;0;;0.00;;0;;;;
;GTD Air Services S.L.U.;NonCust;0;0;0;0;0;;0.00;;0;;;;
;Laudamotion;NonCust;0;0;0;0;0;;0.00;;0;;;;
;Republic Airways;PotCust;0;0;0;0;0;;0.00;;0;;;;
;Bastian Malte Kirkeby;NonCust;0;0;0;0;0;;0.00;;0;;;;
;Changi Airports Group;NonCust;0;0;0;0;0;;0.00;;0;;;;
;Jetport;PotCust;0;0;0;0;0;;0.00;;0;;;;
;NGFT SOLUTIONS;PotCust;0;0;0;0;0;;0.00;;0;;;;
COM14357;FLYBENGAL;PotCust;0;0;0;0;0;;0.00;;0;;;;
COM14336;ZondaJet;PotCust;0;0;0;0;0;;0.00;;0;;;;
COM14333;Dala Air;PotCust;0;0;0;0;0;;0.00;;0;;;;
COM14343;Air Sprint;PotCust;0;0;0;0;0;;0.00;;0;;;;
;24/7 Jet;PotCust;0;0;0;0;0;;0.00;;0;;;;
;26 North Aviation;PotCust;0;0;0;0;0;;0.00;;0;;;;
;Fly A2V;PotCust;0;0;0;0;0;;0.00;;0;;;;
;AAC Jet;PotCust;0;0;0;0;0;;0.00;;0;;;;
;AB Jets;PotCust;0;0;0;0;0;;0.00;;0;;;;
;Abilene Aero;PotCust;0;0;0;0;0;;0.00;;0;;;;
;Able American Jets Inc;PotCust;0;0;0;0;0;;0.00;;0;;;;
;VSC AVIATION INC;PotCust;0;0;0;0;0;;0.00;;0;;;;
;ACC Aviation;PotCust;0;0;0;0;0;;0.00;;0;;;;
;Accent Airways;PotCust;0;0;0;0;0;;0.00;;0;;;;
;Access Aviation;PotCust;0;0;0;0;0;;0.00;;0;;;;
;ACI Jet;PotCust;0;0;0;0;0;;0.00;;0;;;;
;Acord Transportation;PotCust;0;0;0;0;0;;0.00;;0;;;;
;Phenix Jet;PotCust;0;0;0;0;0;;0.00;;0;;;;
COM14337;FLY ARIELLA;PotCust;0;0;0;0;0;;0.00;;0;;;;
;Tailwind Air;PotCust;0;0;0;0;0;;0.00;;0;;;;
;Airspace Data;NonCust;0;0;0;0;0;;0.00;;0;;;;
;Venture Aviation Group, LLC;PotCust;0;0;0;0;0;;0.00;;0;;;;
;AC-U-KWIK;NonCust;0;0;0;0;0;;0.00;;0;;;;
;CanWestAir;PotCust;0;0;0;0;0;;0.00;;0;;;;
;Lincoln Private Jets;PotCust;0;0;0;0;0;;0.00;;0;;;;
;Tomlinson Aviation, Inc.;PotCust;0;0;0;0;0;;0.00;;0;;;;
;TRANS CARIBBEAN AIR;PotCust;0;0;0;0;0;;0.00;;0;;;;
;Trans Northern Airways, LLC;PotCust;0;0;0;0;0;;0.00;;0;;;;
;Tropic Air Charters, Inc.;PotCust;0;0;0;0;0;;0.00;;0;;;;
;TROPIC OCEAN AIRWAYS;PotCust;0;0;0;0;0;;0.00;;0;;;;
;Turnkey Jet;PotCust;0;0;0;0;0;;0.00;;0;;;;
;Volusia County Sheriff’s Office;PotCust;0;0;0;0;0;;0.00;;0;;;;
;Walkabout Air;PotCust;0;0;0;0;0;;0.00;;0;;;;
;WEST ENGINEERING GROUP LLC;PotCust;0;0;0;0;0;;0.00;;0;;;;
;WORLDWIDE AIRCRAFT SERVICES;PotCust;0;0;0;0;0;;0.00;;0;;;;
;City Airlines;PotCust;0;0;0;0;0;;0.00;;0;;;;
;BuzJets;PotCust;0;0;0;0;0;;0.00;;0;;;;
;Lydia Systems;NonCust;0;0;0;0;0;;0.00;;0;;;;
;Rise Air;PotCust;0;0;0;0;0;;0.00;;0;;;;
;VULCAN AERO;PotCust;0;0;0;0;0;;0.00;;0;;;;
;Air Planning Solutions;PotCust;0;0;0;0;0;;0.00;;0;;;;
;Intersoft Electronics;NonCust;0;0;0;0;0;;0.00;;0;;;;
;Artheau Aviation;PotCust;0;0;0;0;0;;0.00;;0;;;;
;Air 7 Asia;PotCust;0;0;0;0;0;;0.00;;0;;;;
;Open Airlines;NonCust;0;0;0;0;0;;0.00;;0;;;;
;PREMIER AVIATION;PotCust;0;0;0;0;0;;0.00;;0;;;;
;Servicios Aereos de los Andes;PotCust;0;0;0;0;0;;0.00;;0;;;;
COM14345;SK Telecom;PotCust;0;0;0;0;0;01/25/2024 00:00:00;0.00;;0;;;05/10/2024 00:00:00;Interrupted Coorporation from Customer
COM14346;Aero Hi-Learn;PotCust;0;0;0;0;0;;0.00;;0;;;;
;Bid Air Cargo;PotCust;0;0;0;0;0;;0.00;;0;;;;
;Channel Islands Jet Services;PotCust;0;0;0;0;0;;0.00;;0;;;;
;Helistar Resources;PotCust;0;0;0;0;0;;0.00;;0;;;;
COM14349;FlySBS Aviation;Customer via;3;0;0;0;0;04/29/2024 00:00:00;0.00;;0;;;;
;FLYING WHALES;PotCust;0;0;0;0;0;;0.00;;0;;;;
COM14360;JETSKY AIRWAYS;Quarantine;0;0;0;0;0;12/13/2023 00:00:00;8.00;03/12/2025 00:00:00;0;Unavoidable;Bankruptcy, information received via Tavi from Electra (BUL);03/12/2025 00:00:00;Bankrupt? No communication, no payment.
;Avizone;PotCust;0;0;0;0;0;;0.00;;0;;;;
;BENIN AIRLINES (ex Air Taxi Bénin);PotCust;0;0;0;0;0;;0.00;;0;;;;
;JONAIR;PotCust;0;0;0;0;0;;0.00;;0;;;;
;HELITY;PotCust;0;0;0;0;0;;0.00;;0;;;;
;(Duplicate) Summit Air;NonCust;0;0;0;0;0;;0.00;;0;;;;
;vfevrfv;PotCust;0;0;0;0;0;;0.00;;0;;;;
COM14351;ECCO AIR SP.ZO.O;PotCust;0;0;0;0;0;12/15/2023 00:00:00;0.00;;0;;;;
;Swiss Air Ambulance;PotCust;0;0;0;0;0;;0.00;;0;;;;
COM14399;ALPHA AVIATION;Customer;3;0;22;0;0;01/24/2025 00:00:00;8.00;;0;;;;
;AERODYNAMICS JETS;PotCust;0;0;0;0;0;;0.00;;0;;;;
;Andorra Airlines;PotCust;0;0;0;0;0;;0.00;;0;;;;
;Canarias Airlines;NonCust;0;0;0;0;0;;0.00;;0;;;;
;Canary Fly;NonCust;0;0;0;0;0;;0.00;;0;;;;
;ClipperJet;PotCust;0;0;0;0;0;;0.00;;0;;;;
;Eurocontrol EAD;NonCust;0;0;0;0;0;;0.00;;0;;;;
;Cygnus Air;Customer via;0;0;0;0;0;02/19/2025 00:00:00;0.00;;0;;;;
;Auric Air;PotCust;0;0;0;0;0;;0.00;;0;;;;
;Flightline;PotCust;0;0;0;0;0;;0.00;;0;;;;
COM14525;Initium Aviation;PotCust;0;0;0;0;0;;8.00;;0;;;;
COM14352;DAT LT (former Danish Air Transport);Customer;1;21;0;0;0;12/01/1991 00:00:00;8.00;;0;;;;
;Discover Airlines;PotCust;0;0;0;0;0;;0.00;;0;;;;
;Turkish Cargo;PotCust;0;0;0;0;0;;0.00;;0;;;;
COM14354;FLYAIR41;PotCust;0;0;0;0;0;;0.00;;0;;;;
COM14355;VALO Management WLL;Customer;0;6;3;0;0;03/11/2024 00:00:00;8.00;;0;;;;
;Photomap Kenya;PotCust;0;0;0;0;0;;0.00;;0;;;;
COM14358;Sonic Jet FZC;PotCust;0;0;0;0;0;;0.00;;0;;;;
COM14359;Sonic Jet Atlantic Inc;PotCust;0;0;0;0;0;;0.00;;0;;;;
COM14491;FTL AIRLINES;Customer via;0;0;0;0;0;02/17/2025 00:00:00;0.00;;0;;;;
;Fly Jet Aviation Services;PotCust;0;0;0;0;0;;0.00;;0;;;;
COM14362;Peak Aero Solutions;Customer;2;7;24;0;1;12/15/2023 00:00:00;8.00;;0;;;;
;Exxaero - The Private Jet Company;PotCust;0;0;0;0;0;;0.00;;0;;;;
COM14363;Aerocom Aviation Oy;Customer;3;2;0;0;0;01/04/2024 00:00:00;8.00;;0;;;;
;Flugschule ARDEX GmbH;PotCust;0;0;0;0;0;;0.00;;0;;;;
;Universal Avionics;NonCust;0;0;0;0;0;;0.00;;0;;;;
;EFlite Technologies;NonCust;0;0;0;0;0;;0.00;;0;;;;
;Sama Airlines;PotCust;0;0;0;0;0;;0.00;;0;;;;
COM14364;Al Haya Aviation;NonCust;0;0;0;0;0;08/05/2024 00:00:00;0.00;;0;;;;
;MainLine;PotCust;0;0;0;0;0;;0.00;;0;;;;
COM14365;(Duplicate) Aerolínea del Estado Mexicano;NonCust;0;0;0;0;0;;0.00;;0;;;;
;ThrustFlight;PotCust;0;0;0;0;0;;0.00;;0;;;;
;FLY DYNAMICS;PotCust;0;0;0;0;0;;0.00;;0;;;;
COM14368;1FLT;Customer;0;0;0;0;0;03/28/2024 00:00:00;8.00;;0;;;;
COM14367;Link Asia;PotCust;0;0;0;0;0;;0.00;;0;;;;
;BEXAIR;PotCust;0;0;0;0;0;;0.00;;0;;;;
;T&T Aviation & Tourism;PotCust;0;0;0;0;0;;0.00;;0;;;;
;Liberty360;NonCust;0;0;0;0;0;;0.00;;0;;;;
;Signol Limited;NonCust;0;0;0;0;0;;0.00;;0;;;;
;Delta Air Service;PotCust;0;0;0;0;0;;0.00;;0;;;;
COM14369;Fly Mara Airlines;Customer;3;1;0;0;0;12/06/2024 00:00:00;8.00;;0;;Unchurned 08 13 2025;11/18/2025 00:00:00;No payment, no communication
COM14370;Bjarne test 2024-01-16;PotCust;0;0;0;0;0;;0.00;;0;;;;
;Avitium.io;NonCust;0;0;0;0;0;;0.00;;0;;;;
;Avitium;NonCust;0;0;0;0;0;;0.00;;0;;;;
COM14371;Fly7 Executive Aviation SA;Customer;1;27;27;0;0;01/01/2024 00:00:00;8.00;;0;;;;
;Marketing Demo Company;NonCust;0;0;0;0;0;01/01/2024 00:00:00;0.00;;0;;;;
COM14372;Air Haifa;PotCust;0;0;0;0;0;;0.00;;0;;;;
COM14611;AeroElite Aviation;Customer;3;0;0;0;0;11/02/2025 00:00:00;8.00;;0;;;;
;European Regions Airlines Association (ERA);NonCust;0;0;0;0;0;;0.00;;0;;;;
;FTS Aero;PotCust;0;0;0;0;0;;0.00;;0;;;;
COM14374;EGYPT VALLEY AVIATION SERVICES;PotCust;0;0;0;0;0;;0.00;;0;;;;
COM14375;Fox Aviation;Pending Closure;3;2;0;0;0;03/01/2024 00:00:00;8.00;01/31/2027 00:00:00;0;Avoidable;wish to have webbased solution.  Hosting will be too expensive for them see comments below from LN. (HEH13.05.2026);;
;PT National Utility Helicopters;PotCust;0;0;0;0;0;;0.00;;0;;;;
;VIH Helicopters Ltd.;PotCust;0;0;0;0;0;;0.00;;0;;;;
;CSI Aviation;PotCust;0;0;0;0;0;;0.00;;0;;;;
;EAPC - European Aircraft Private Club;PotCust;0;0;0;0;0;;0.00;;0;;;;
COM14379;SKYWAY AIRLINES;Customer;2;2;0;0;0;02/16/2024 00:00:00;8.00;;0;;;;
;Bergsee Aviation;NonCust;0;0;0;0;0;;0.00;;0;;;;
;Ecojet Airlines Limited;PotCust;0;0;0;0;0;;0.00;;0;;;;
COM14434;7 Air LLC (former 7Air Cargo);Customer;3;0;4;0;0;12/09/2025 00:00:00;0.00;;0;;;;
COM14377;Fly Aeolus;PotCust;0;0;0;0;0;;0.00;;0;;;;
COM14382;ElioJet;Customer;3;3;0;0;0;05/08/2024 00:00:00;8.00;;0;;;;
COM14483;Marabu Airlines;Customer via;0;0;0;0;0;05/02/2024 00:00:00;0.00;01/26/2026 00:00:00;0;Avoidable;Customer at ASISTIM. Using Sita Mission watch. LN/HR case;01/28/2026 00:00:00;Customer at ASISTIM. Using Sita Mission watch. LN/HR case
COM14378;Skywards Aviation;PotCust;0;0;0;0;0;;0.00;;0;;;;
;Northrop Aviation Dispatch Academy;PotCust;0;0;0;0;0;;0.00;;0;;;;
;Pentastar Aviation;PotCust;0;0;0;0;0;;0.00;;0;;;;
COM11120;INTERJET Hellenic Aviation;PotCust;0;0;0;0;0;;0.00;;0;;;;
COM14425;Asia Atlantic Airlines Co., Ltd (Fly Air Thailand);PotCust;0;0;0;0;0;;0.00;;0;;;;
;Silver Air - Private Jets;PotCust;0;0;0;0;0;;0.00;;0;;;;
COM14387;Mali Air;PotCust;0;0;0;0;0;;0.00;;0;;;;
;ProVerne Solutions;NonCust;0;0;0;0;0;;0.00;;0;;;;
COM14385;UTC Flight Support;Customer;0;0;0;0;0;02/14/2024 00:00:00;8.00;;0;;;;File flight plans out of Russia!/Reopened by request from HEH
;StratAir;PotCust;0;0;0;0;0;;0.00;;0;;;;
;Cyprus Jetlines Ltd;PotCust;0;0;0;0;0;;0.00;;0;;;;
COM14673;World Fuel Services;Pending Delivery;0;0;0;0;0;06/16/2026 00:00:00;0.00;;0;;;;
;DTN;NonCust;0;0;0;0;0;;0.00;;0;;;;
;Flyshare, Inc dba Air Cahana;PotCust;0;0;0;0;0;;0.00;;0;;;;
COM14384;Strike Wing Aviation Training Center;PotCust;0;0;0;0;0;;0.00;;0;;;;
COM14386;BMW Flugdienst;PotCust;0;0;0;0;0;;0.00;;0;;;;
COM14389;AIR PARTNER;PotCust;0;0;0;0;0;;0.00;;0;;;;
COM14388;FIRST COMMODITIES DMCC;PotCust;3;0;0;0;0;02/20/2024 00:00:00;0.00;;0;;;;
;AIRMACH AVIATION;PotCust;3;0;0;0;0;;0.00;;0;;;;
;World Air Ops;PotCust;3;0;0;0;0;;0.00;;0;;;;
;Chartright;PotCust;0;0;0;0;0;;0.00;;0;;;;
;International Trip Planning Services (ITP);PotCust;0;0;0;0;0;;0.00;;0;;;;
COM14391;TAESPEJO;PotCust;0;0;0;0;0;;0.00;;0;;;;
COM14426;CRAL - Costa Rican Airlines;PotCust;0;0;0;0;0;;0.00;;0;;;;
COM14392;Nurol Air;Customer via;0;0;0;0;0;08/25/2026 00:00:00;0.00;;0;;;;
COM14393;Global Airlines LTD;PotCust;0;0;0;0;0;;0.00;;0;;;;
;(Duplicate) Wasaya Airways;NonCust;0;0;0;0;0;;0.00;;0;;;;
;Air Sunshine;PotCust;0;0;0;0;0;;0.00;;0;;;;
COM14394;B2C Airways;Customer, on hold;3;1;0;0;0;03/28/2024 00:00:00;8.00;;0;;;;
;(Duplicate) London Southend Jet Centre;NonCust;0;0;0;0;0;;0.00;;0;;;;
COM14395;AVIAARC Trip Support;Customer;2;8;0;0;0;01/17/2025 00:00:00;5.00;;0;;;;
COM14448;BBN Airlines Thailand (Thai Smartlynx);Customer;1;1;0;0;0;11/20/2024 00:00:00;8.00;;0;;;;
;Keyvan;NonCust;0;0;0;0;0;;0.00;;0;;;;
COM14396;Asman Airlines;Customer;0;3;0;0;0;08/01/2024 00:00:00;8.00;;0;;;;
COM14402;Aviation Chemistry Canada;PotCust;0;0;0;0;0;04/12/2024 00:00:00;0.00;06/30/2025 00:00:00;0;Unavoidable;no business;01/15/2025 00:00:00;No payment - but they are working on settling all outstandings and to get back on track.
;Trogon Airways;PotCust;0;0;0;0;0;;0.00;;0;;;;
;German Air Force - VIP Squadron;PotCust;0;0;0;0;0;;0.00;;0;;;;
;Jethouse Ltd;PotCust;0;0;0;0;0;;0.00;;0;;;;
;Katmai Air Service;PotCust;0;0;0;0;0;;0.00;;0;;;;
;Aleutian Airways;PotCust;0;0;0;0;0;;0.00;;0;;;;
;DV Aviations;PotCust;0;0;0;0;0;;0.00;;0;;;;
;Air Charteau;PotCust;0;0;0;0;0;;0.00;;0;;;;
;Air Chateau;PotCust;0;0;0;0;0;;0.00;;0;;;;
COM14400;Luminair;Customer;3;13;13;0;0;06/17/2024 00:00:00;8.00;;0;;;;
;Air Flo;PotCust;2;0;0;0;0;;0.00;;0;;;;
;Monarc Global;PotCust;0;0;0;0;0;;0.00;;0;;;;
COM14401;Aircompany Air KG;PotCust;2;0;0;0;0;;0.00;;0;;;;
;AVIATOR (Boeing);NonCust;0;0;0;0;0;;0.00;;0;;;;
;Air Attack Technologies;PotCust;0;0;0;0;0;;0.00;;0;;;;
;DALAVIATION SWITZERLAND;PotCust;0;0;0;0;0;;0.00;;0;;;;
COM14404;Jetlink Flight Support;PotCust;0;0;0;0;0;;0.00;;0;;;;
;Walmart;PotCust;0;0;0;0;0;;0.00;;0;;;;
COM14413;Euroavia Airlines;Quarantine;0;1;0;0;0;05/08/2024 00:00:00;8.00;05/12/2026 00:00:00;0;Unavoidable;No flight conducted in 2026, AC parked in Napoli.;05/12/2026 00:00:00;Lack of payment
;Home Depot;PotCust;0;0;0;0;0;;0.00;;0;;;;
;Oberon Aviation;PotCust;1;0;0;0;0;;0.00;;0;;;;
;Airgoldcoast;PotCust;1;0;0;0;0;;0.00;;0;;;;
;Kestrel Aero;PotCust;2;0;0;0;0;;0.00;;0;;;;
;International Trip Planning Services;PotCust;0;0;0;0;0;;0.00;;0;;;;
;London Southend Jet Centre;PotCust;0;0;0;0;0;;0.00;;0;;;;
;Irving Aviation Services;PotCust;0;0;0;0;0;;0.00;;0;;;;
;Commonwealth Airways (CCA);PotCust;0;0;0;0;0;;0.00;;0;;;;
;PPS FW Ozark Air Lines;PotCust;0;0;0;0;0;;0.00;;0;;;;
;FlyCemAir;PotCust;0;0;0;0;0;;0.00;;0;;;;
;AvA Airways;PotCust;0;0;0;0;0;;0.00;;0;;;;
COM14406;easyJet Europe;PotCust;0;0;0;0;0;;0.00;;0;;;;
COM14407;ASL Aviation Holdings;PotCust;0;0;0;0;0;;0.00;;0;;;;
;GEOREAL;PotCust;0;0;0;0;0;;0.00;;0;;;;
;Air Pannonia;PotCust;0;0;0;0;0;;0.00;;0;;;;
COM14415;Munjoy Air;PotCust;0;0;0;0;0;;0.00;;0;;;;
;Executive Air Inc;PotCust;0;0;0;0;0;;0.00;;0;;;;
;Monaco Air Duluth;PotCust;0;0;0;0;0;;0.00;;0;;;;
;FBO Linx;NonCust;0;0;0;0;0;;0.00;;0;;;;
;JetNet;NonCust;0;0;0;0;0;;0.00;;0;;;;
;Aeroworks International;PotCust;0;0;0;0;0;;0.00;;0;;;;
;Advanced Aircrew Academy;NonCust;0;0;0;0;0;;0.00;;0;;;;
COM14408;AJet;PotCust;0;0;0;0;0;;0.00;;0;;;;
;Saltchuk;NonCust;0;0;0;0;0;;0.00;;0;;;;
;Elysian Airlines;PotCust;0;0;0;0;0;;0.00;;0;;;;
;Dynasty Aviation Services;PotCust;0;0;0;0;0;;0.00;;0;;;;
COM14410;Dynasty Jet W.L.L;NonCust;0;0;0;0;0;06/03/2024 00:00:00;8.00;09/23/2025 00:00:00;0;Unavoidable;Missing payment;09/23/2025 00:00:00;Missing payment and communication
;AJ Aeroservices;PotCust;0;0;0;0;0;;0.00;;0;;;;
COM14436;Technical Aviation Services, Inc (TAS);Customer;0;0;0;0;0;06/04/2024 00:00:00;8.00;;0;;;;
COM14411;International Flight Planning Solutions IFPLS LLC FZ;PotCust;0;0;0;0;0;;0.00;;0;;;;
COM14414;Freedom Air Services Pvt. Ltd.;Customer via;3;0;0;0;0;04/29/2024 00:00:00;0.00;;0;;;;
;ONeCall Flight Dispatch;PotCust;0;0;0;0;0;;0.00;;0;;;;
;Pegasus Flight Support;PotCust;0;0;0;0;0;;0.00;;0;;;;
;Odyssey Aviation Bahamas;PotCust;0;0;0;0;0;;0.00;;0;;;;
;Sky Vision Aviation;PotCust;0;0;0;0;0;;0.00;;0;;;;
;Test-company;PotCust;0;0;0;0;0;;0.00;;0;;;;
;Vision Value Aviation Services Limited;PotCust;0;0;0;0;0;;0.00;;0;;;;
;Windborne Air1 Pvt Ltd;PotCust;0;0;0;0;0;;0.00;;0;;;;
;CAVOK9999;NonCust;0;0;0;0;0;04/09/2024 00:00:00;0.00;;0;;;;
;Zambia Airways;PotCust;0;0;0;0;0;;0.00;;0;;;;
COM14416;Prime Aviation Ltd.;PotCust;0;0;0;0;0;;0.00;;0;;;;
;Globex Aviation Services;PotCust;0;0;0;0;0;;0.00;;0;;;;
;SatAuth;NonCust;0;0;0;0;0;;0.00;;0;;;;
COM14417;G.A.D FLIGHTS LTD.;PotCust;0;0;0;0;0;;0.00;;0;;;;
;(Duplicate) JUMP AIR;NonCust;0;0;0;0;0;;0.00;;0;;;;
COM14419;Tinadar Aviation d.o.o. (ALAR);PotCust;0;0;0;0;0;03/18/2022 00:00:00;8.00;;0;;;;
COM14420;Havacilik Planlama servisleri A.S;Quarantine;0;0;0;0;0;05/16/2024 00:00:00;0.00;10/31/2024 00:00:00;0;Unavoidable;CUS had FPL binding date 10/30/2027. Company closed.;11/04/2024 00:00:00;No payment, no need for system.
;Avia Solutions Group;NonCust;0;0;0;0;0;;0.00;;0;;;;
;Avion Express Malta;PotCust;0;0;0;0;0;;0.00;;0;;;;
;RMBtec;NonCust;0;0;0;0;0;;0.00;;0;;;;
COM14424;AIR 65;Quarantine;0;0;0;0;0;08/06/2024 00:00:00;8.00;02/21/2025 00:00:00;0;Unavoidable;out of business;02/24/2025 00:00:00;Out of business - bankrupt
;Sabb Aviation;PotCust;3;0;0;0;0;;0.00;;0;;;;
;Jindal Vijayanagar Steel Ltd;Customer via;0;0;0;0;0;04/29/2024 00:00:00;0.00;;0;;;;
;HINDALCO INDUSTRIES LTD;Customer via;0;0;0;0;0;04/29/2024 00:00:00;0.00;;0;;;;
;Uttar Pradesh State Government;Customer via;0;0;0;0;0;04/29/2024 00:00:00;0.00;;0;;;;
;INDO PACIFIC AVIATION PVT LTD;Customer via;0;0;0;0;0;04/29/2024 00:00:00;0.00;;0;;;;
;Safal Aviation Pvt Ltd;Customer via;0;0;0;0;0;04/29/2024 00:00:00;0.00;;0;;;;
;Carewell Aviation;Customer via;3;0;0;0;0;04/29/2024 00:00:00;0.00;;0;;;;
;Sanjiv Goenka Group;Customer via;0;0;0;0;0;04/29/2024 00:00:00;0.00;;0;;;;
;Futura Travels Pvt Ltd;Customer via;3;0;0;0;0;04/29/2024 00:00:00;0.00;;0;;;;
;Carson Air;PotCust;0;0;0;0;0;;0.00;;0;;;;
;Gearup Media Ltd (Press Media);NonCust;0;0;0;0;0;;0.00;;0;;;;
;Poste Air Cargo;Customer via;0;0;0;0;0;05/02/2024 00:00:00;0.00;;0;;;;
;SUNDAIR;Customer via;0;0;0;0;0;05/02/2024 00:00:00;0.00;;0;;;;
;Frost Air;PotCust;0;0;0;0;0;;0.00;;0;;;;
COM14427;Revolution Air;PotCust;0;0;0;0;0;;0.00;;0;;;;
;VIP Limousine France;PotCust;0;0;0;0;0;;0.00;;0;;;;
;Airport Altenrhein AG / People's Airport;NonCust;0;0;0;0;0;;0.00;;0;;;;
COM14600;GP Aviation;Customer via;0;0;3;0;0;05/16/2025 00:00:00;8.00;;0;;;;
;MET Office UK;NonCust;0;0;0;0;0;;0.00;;0;;;;
;In-Flight Crew Connections;PotCust;0;0;0;0;0;;0.00;;0;;;;
;SWISS International Air Lines;PotCust;0;0;0;0;0;;0.00;;0;;;;
;Helisul Aviação;PotCust;0;0;0;0;0;;0.00;;0;;;;
;Asia Corporate Jet;PotCust;0;0;0;0;0;;0.00;;0;;;;
;Flocentra Aviation Pvt Ltd;PotCust;0;0;0;0;0;;0.00;;0;;;;
;Not in use;PotCust;0;0;0;0;0;;0.00;;0;;;;
COM14428;SKYTREK;PotCust;0;0;0;0;0;;0.00;;0;;;;
COM14429;Bjarne Test 20240515;PotCust;0;0;0;0;0;;0.00;;0;;;;
COM14430;Bjarne Test 20240515 til;PotCust;0;0;0;0;0;;0.00;;0;;;;
COM14504;Ascend Airways Malaysia;Customer;1;1;1;1;0;07/07/2025 00:00:00;5.00;;0;;;;
;PACE;NonCust;0;0;0;0;0;;0.00;;0;;;;
;SITA eWas;NonCust;0;0;0;0;0;;0.00;;0;;;;
;APiJET;NonCust;0;0;0;0;0;;0.00;;0;;;;
;SkyBreathe (Open Airlines);NonCust;0;0;0;0;0;;0.00;;0;;;;
;Fuel Insight (GE Aerospace);NonCust;0;0;0;0;0;;0.00;;0;;;;
;FuelPro (StorkJet);NonCust;0;0;0;0;0;;0.00;;0;;;;
;CME ClearPort;NonCust;0;0;0;0;0;;0.00;;0;;;;
;AIRBUS S.A.S. (Skywise);NonCust;0;0;0;0;0;;0.00;;0;;;;
;Flightpulse (GE Aerospace);NonCust;0;0;0;0;0;;0.00;;0;;;;
;L3Harris;NonCust;0;0;0;0;0;;0.00;;0;;;;
COM14432;ArrowAvia;PotCust;0;0;0;0;0;;0.00;;0;;;;
;ICARUS SMS;NonCust;0;0;0;0;0;;0.00;;0;;;;
;eFOQA (GE Aerospace);NonCust;0;0;0;0;0;;0.00;;0;;;;
;N-OC (Navblue);NonCust;0;0;0;0;0;;0.00;;0;;;;
;AIMS Airline Software;NonCust;0;0;0;0;0;;0.00;;0;;;;
;Avisched;NonCust;0;0;0;0;0;;0.00;;0;;;;
;Cyberjet;NonCust;0;0;0;0;0;;0.00;;0;;;;
;Penial Air;PotCust;0;0;0;0;0;;0.00;;0;;;;
;Veryon;NonCust;0;0;0;0;0;;0.00;;0;;;;
;Nuvolops;NonCust;0;0;0;0;0;;0.00;;0;;;;
;OpenJet;NonCust;0;0;0;0;0;;0.00;;0;;;;
;BoldIQ;NonCust;0;0;0;0;0;;0.00;;0;;;;
;Videcom;NonCust;0;0;0;0;0;;0.00;;0;;;;
;REDiFly;NonCust;0;0;0;0;0;;0.00;;0;;;;
;(Duplicate) Network Aviation Group;NonCust;0;0;0;0;0;;0.00;;0;;;;
;HeliEFB;NonCust;0;0;0;0;0;;0.00;;0;;;;
;Honeywell;NonCust;0;0;0;0;0;;0.00;;0;;;;
;Network Aviation Group;PotCust;0;0;0;0;0;;0.00;;0;;;;
;Avion Express Brasil;PotCust;0;0;0;0;0;;0.00;;0;;;;
;Thai Air Ambulance;PotCust;0;0;0;0;0;;0.00;;0;;;;
COM14433;Alhind Air;Quarantine;2;1;0;0;0;12/16/2024 00:00:00;8.00;06/30/2026 00:00:00;0;Unavoidable;Missing payment, no contact for months, online search indicate the company is out of business.;01/27/2026 00:00:00;No payment!
;Aviation Source;PotCust;0;0;0;0;0;;0.00;;0;;;;
;Levu Air Cargo;PotCust;0;0;0;0;0;;0.00;;0;;;;
;Nossa Linhas Aereas;PotCust;0;0;0;0;0;;0.00;;0;;;;
;Sociedad Uruguaya de Aviación;PotCust;0;0;0;0;0;;0.00;;0;;;;
;Sterling Global Aviation Logistics;NonCust;0;0;0;0;0;;0.00;;0;;;;
;Access Air;PotCust;0;0;0;0;0;;0.00;;0;;;;
;LTB400 Aviation Software;NonCust;0;0;0;0;0;;0.00;;0;;;;
;SMART CHARTERS;PotCust;0;0;0;0;0;;0.00;;0;;;;
COM14575;Skyservice Business Aviation;PotCust;0;0;0;0;0;;0.00;;0;;;;
COM14437;Cronos Airlines Benin;NonCust;3;1;0;0;0;08/13/2025 00:00:00;8.00;05/31/2026 00:00:00;0;Unavoidable;Missing payment, activities taken over by amazone, new customer. No finansiel loss to AS.;05/06/2026 00:00:00;Charged to loss, HEH
;Harbour Air;PotCust;0;0;0;0;0;;0.00;;0;;;;
;MPF1 Test company;NonCust;0;0;0;0;0;;0.00;;0;;;;
COM14438;Kangala Air Express;PotCust;2;0;0;0;0;;0.00;;0;;;;
;MPF2 test company;NonCust;0;0;0;0;0;;0.00;;0;;;;
;Aklak Air;PotCust;0;0;0;0;0;;0.00;;0;;;;
;HELICENTRE;PotCust;0;0;0;0;0;;0.00;;0;;;;
;Shell Aircraft;PotCust;0;0;0;0;0;;0.00;;0;;;;
;Luxury Star Aviation;PotCust;0;0;0;0;0;;0.00;;0;;;;
COM14447;ALAXAIR;PotCust;0;0;0;0;0;;0.00;;0;;;;
COM14441;Executive Lifestyle;PotCust;0;0;0;0;0;;0.00;;0;;;;
;Mate.Aero;PotCust;0;0;0;0;0;;0.00;;0;;;;
;Fly Sky Niger;PotCust;0;0;0;0;0;;0.00;;0;;;;
COM14633;BE AERO;PotCust;0;0;0;0;0;;0.00;;0;;;;
COM14442;Jet Pulse Planning;PotCust;0;0;0;0;0;06/28/2024 00:00:00;0.00;;0;;;;
;Sheffield School of Aeronautics;PotCust;0;0;0;0;0;;0.00;;0;;;;
COM14443;Professional Flight Management, Inc. (PFM);PotCust;0;0;0;0;0;;0.00;;0;;;;
;Riyadh Air;PotCust;0;0;0;0;0;;0.00;;0;;;;
COM14445;SOFT WHITE;PotCust;2;0;0;0;0;;0.00;;0;;;;
;Portugalia Airlines;PotCust;0;0;0;0;0;;0.00;;0;;;;
;Real Alfa Flight;PotCust;0;0;0;0;0;;0.00;;0;;;;
;Wizz Air Abu Dhabi;PotCust;0;0;0;0;0;;0.00;;0;;;;
;Wizz Air Malta;PotCust;0;0;0;0;0;;0.00;;0;;;;
;EMPTYLEG;PotCust;0;0;0;0;0;;0.00;;0;;;;
COM14446;Hungary Airlines;Customer;3;2;2;1;0;11/04/2024 00:00:00;8.00;;0;;;;
;SPARFELL VIENNA;PotCust;0;0;0;0;0;;0.00;;0;;;;
COM14531;FSH AVIATION;PotCust;0;0;0;0;0;;0.00;;0;;;;
;Aerosync;PotCust;0;0;0;0;0;;0.00;;0;;;;
COM14495;STELLAER 212;Customer;3;4;0;0;0;12/06/2024 00:00:00;8.00;;0;;;;
;Apex Global Flight Support;PotCust;0;0;0;0;0;;0.00;;0;;;;
COM14452;Fly Vaayu;Testing;0;0;0;0;0;;0.00;;0;;;;
;Bolliggruppen A/S;NonCust;0;0;0;0;0;;0.00;;0;;;;
;Zest Aviation;PotCust;0;0;0;0;0;;0.00;;0;;;;
;Freedom Holidays;PotCust;3;0;0;0;0;;0.00;;0;;;;
;Kainos Aviation;PotCust;0;0;0;0;0;;0.00;;0;;;;
;Span Air;PotCust;0;0;0;0;0;;0.00;;0;;;;
;OpenSkyX;PotCust;0;0;0;0;0;;0.00;;0;;;;
;BN-AVIATION;PotCust;2;0;0;0;0;;0.00;;0;;;;
;Downwind Aviation;NonCust;0;0;0;0;0;;0.00;;0;;;;
;CAPITAL (CAMBODIA) AIRLINES;PotCust;0;0;0;0;0;;0.00;;0;;;;
;AirSask 20/20;PotCust;0;0;0;0;0;;0.00;;0;;;;
;Mark Anthony Group;PotCust;0;0;0;0;0;;0.00;;0;;;;
COM14451;DC Aviation (MALTA);Customer;3;0;2;2;0;06/25/2024 00:00:00;8.00;;0;;;;
COM14453;DC AVIATION (NICE);PotCust;0;0;0;0;0;;0.00;;0;;;;
COM14454;DC AVIATION (DUBAI);PotCust;0;0;0;0;0;;0.00;;0;;;;
;DC AVIATION (MUNICH);PotCust;0;0;0;0;0;;0.00;;0;;;;
;DC AVIATION (STUTTGART);PotCust;0;0;0;0;0;;0.00;;0;;;;
;SADOAVI Airlines;PotCust;0;0;0;0;0;;0.00;;0;;;;
;Monterrey Air Taxi;PotCust;0;0;0;0;0;;0.00;;0;;;;
;CHEXAIR;PotCust;0;0;0;0;0;;0.00;;0;;;;
;Aerolínea Santander S.A.C.;PotCust;0;0;0;0;0;;0.00;;0;;;;
;Braspress Air Cargo;PotCust;0;0;0;0;0;;0.00;;0;;;;
;Ecuatoriana Airlines;PotCust;0;0;0;0;0;;0.00;;0;;;;
;PADAVIATION;PotCust;0;0;0;0;0;;0.00;;0;;;;
;EXECAIRE AVIATION;PotCust;0;0;0;0;0;;0.00;;0;;;;
;JSSI;PotCust;0;0;0;0;0;;0.00;;0;;;;
;HARRODS AVIATION LTD;PotCust;0;0;0;0;0;;0.00;;0;;;;
COM14455;Plexus Aviation India;PotCust;0;0;0;0;0;;0.00;;0;;;;
;Southwest Airlines;PotCust;0;0;0;0;0;;0.00;;0;;;;
;B.J. Aviation;PotCust;0;0;0;0;0;;0.00;;0;;;;
;PRIVATE WINGS;PotCust;0;0;0;0;0;;0.00;;0;;;;
;Varna Jet;PotCust;0;0;0;0;0;;0.00;;0;;;;
COM14456;PHS Aviation;PotCust;0;0;0;0;0;;0.00;;0;;;;
;Pasundan Air;PotCust;2;0;0;0;0;;0.00;;0;;;;
;Star Wisata Air;PotCust;0;0;0;0;0;;0.00;;0;;;;
;Keewatin Air;PotCust;0;0;0;0;0;;0.00;;0;;;;
COM14461;AFM Aviasi;PotCust;3;0;0;0;0;07/22/2024 00:00:00;8.00;07/31/2025 00:00:00;0;Unavoidable;No active clients;08/15/2025 00:00:00;No active clients
;Arabesque Aviation DWC;NonCust;0;0;0;0;0;;0.00;;0;;;;
;Boeing;PotCust;0;0;0;0;0;;0.00;;0;;;;
COM14459;Flaps Aviation Pvt Ltd;PotCust;0;0;0;0;0;;0.00;;0;;;;
COM14460;ACMI Solution DWC-LLC;Customer;0;1;0;0;0;04/19/2022 00:00:00;8.00;;0;;;;
;AIR KERALA;PotCust;0;0;0;0;0;;0.00;;0;;;;
;Gulf Helicopters Company;PotCust;0;0;0;0;0;;0.00;;0;;;;
;Worldwide Charters;PotCust;0;0;0;0;0;;0.00;;0;;;;
;Solar Cargo;PotCust;0;0;0;0;0;;0.00;;0;;;;
;Aerala;PotCust;0;0;0;0;0;;0.00;;0;;;;
;Aero Air;PotCust;0;0;0;0;0;;0.00;;0;;;;
;British Columbia Institute of Technology (BCIT);PotCust;0;0;0;0;0;;0.00;;0;;;;
;SCENIC AIR;PotCust;0;0;0;0;0;;0.00;;0;;;;
;Asgard Jet Services;PotCust;0;0;0;0;0;;0.00;;0;;;;
COM14466;Department of National Defence (DND);PotCust;0;0;0;0;0;;0.00;;0;;;;
COM14462;Encomm Aviation;PotCust;0;0;0;0;0;;0.00;;0;;;;
COM14488;Azur Aviation;PotCust;0;0;0;0;0;;0.00;;0;;;;
;Avex Aviation Expert AG;NonCust;0;0;0;0;0;;0.00;;0;;;;
;Mitsubishi HC Capital America;PotCust;0;0;0;0;0;;0.00;;0;;;;
;Georgian College;PotCust;0;0;0;0;0;;0.00;;0;;;;
COM14463;OneUp Aviation;PotCust;0;0;0;0;0;;0.00;;0;;;;
COM14464;Compass Cargo Airlines (via ACT Airlines);PotCust;0;0;0;0;0;;0.00;;0;;;;
COM14535;FlyJaya;Customer;2;3;0;0;0;07/26/2025 00:00:00;8.00;;0;;;;
;(Duplicate) China Airlines;NonCust;0;0;0;0;0;;0.00;;0;;;;
;Ball Corporation;PotCust;0;0;0;0;0;;0.00;;0;;;;
;Safari Plus LTD;PotCust;0;0;0;0;0;;0.00;;0;;;;
;Balmoral Air Charters LTD;PotCust;0;0;0;0;0;;0.00;;0;;;;
COM14465;Axturis Flight Service GmbH;Customer;3;5;0;0;0;09/13/2024 00:00:00;8.00;;0;;;;
;Neom Airlines;PotCust;1;0;0;0;0;;0.00;;0;;;;
;Forward Momentum Consulting Limited;PotCust;0;0;0;0;0;;0.00;;0;;;;
;Skyline Aviation and Defense;PotCust;0;0;0;0;0;;0.00;;0;;;;
COM14584;LD Aviation Services;PotCust;2;0;0;0;0;08/11/2025 00:00:00;8.00;07/31/2026 00:00:00;0;Unavoidable;Customer tried to expand services with flightplanning, but will shut down again due to lack of activity.;;
;SPAM;PotCust;0;0;0;0;0;;0.00;;0;;;;
;Pattaya Airways;PotCust;0;0;0;0;0;;0.00;;0;;;;
;Royal Jeumpa Airlines;PotCust;0;0;0;0;0;;0.00;;0;;;;
;Lux Aviatior;PotCust;0;0;0;0;0;;0.00;;0;;;;
;SAS Connect;PotCust;1;0;0;0;0;;0.00;;0;;;;
;AIRNESIA ROYAL CARGO;PotCust;2;0;0;0;0;;0.00;;0;;;;
COM14467;Bjarne Test 2024-08-23;PotCust;0;0;0;0;0;;0.00;;0;;;;
COM14468;Pelican Wings Trip Support;PotCust;0;0;0;0;0;;0.00;;0;;;;
;Jet Partners USA;PotCust;0;0;0;0;0;;0.00;;0;;;;
COM14469;Bjarne Test 2024-08-28;PotCust;0;0;0;0;0;;0.00;;0;;;;
COM14471;Bjarne Test 2024-08-29;PotCust;0;0;0;0;0;;0.00;;0;;;;
COM14472;L.H Customs;PotCust;0;0;0;0;0;;0.00;;0;;;;
COM14473;Solanus;PotCust;0;0;0;0;0;;0.00;;0;;;;
COM14474;Bjarne Test 2024-09-02;PotCust;0;0;0;0;0;;0.00;;0;;;;
COM14502;AIR CEILAO;PotCust;2;0;0;0;0;;0.00;;0;;;;
;Dubai Royal Air Wing;PotCust;0;0;0;0;0;;0.00;;0;;;;
COM14475;SolitAir;Customer;0;4;7;7;7;01/27/2025 00:00:00;3.00;;0;;;;
COM14476;White Arrow Aviation Services;PotCust;0;0;0;0;0;;0.00;;0;;;;
;NM Eurocontrol;NonCust;0;0;0;0;0;;0.00;;0;;;;
COM14477;Aerologistica;PotCust;0;0;0;0;0;;0.00;;0;;;;
COM14478;JET STREAM FLIGHT SUPPORT;PotCust;0;0;0;0;0;;0.00;;0;;;;
COM14603;FLY4 AIRLINES;Customer;0;0;4;4;4;10/03/2025 00:00:00;8.00;;0;;;;
;APG Airlines;PotCust;0;0;0;0;0;;0.00;;0;;;;
COM14479;IFOS Aviation Group;PotCust;0;0;0;0;0;;0.00;;0;;;;
;Adlair Aviation;PotCust;0;0;0;0;0;;0.00;;0;;;;
;Airtrail Inc;NonCust;0;0;0;0;0;;0.00;;0;;;;
;Aeroflyer;PotCust;0;0;0;0;0;;0.00;;0;;;;
;Ahmic Air;PotCust;0;0;0;0;0;;0.00;;0;;;;
;Air Liaison;PotCust;0;0;0;0;0;;0.00;;0;;;;
;Air Nootka;PotCust;0;0;0;0;0;;0.00;;0;;;;
;Air Nunavut;PotCust;0;0;0;0;0;;0.00;;0;;;;
;Air Tunilik;PotCust;0;0;0;0;0;;0.00;;0;;;;
;Airco Aircraft Charters;PotCust;0;0;0;0;0;;0.00;;0;;;;
;Alberta Central Airways;PotCust;0;0;0;0;0;;0.00;;0;;;;
;ALCI Aviation;PotCust;0;0;0;0;0;;0.00;;0;;;;
;Alpine Lakes Air;PotCust;0;0;0;0;0;;0.00;;0;;;;
;Axair Aviation;PotCust;0;0;0;0;0;;0.00;;0;;;;
;Celtic Air Services;PotCust;0;0;0;0;0;;0.00;;0;;;;
;Barrick Gold;PotCust;0;0;0;0;0;;0.00;;0;;;;
;Blue Diamond Jets;PotCust;0;0;0;0;0;;0.00;;0;;;;
;Buffalo Airways;PotCust;0;0;0;0;0;;0.00;;0;;;;
;Canadian Coast Guard;PotCust;0;0;0;0;0;;0.00;;0;;;;
;Centaero Aviation;PotCust;0;0;0;0;0;;0.00;;0;;;;
;Viridien Group (Formerly CGG Aviation);PotCust;0;0;0;0;0;;0.00;;0;;;;
;CHC Helicopters International;PotCust;0;0;0;0;0;;0.00;;0;;;;
;Conexia Aviation;PotCust;0;0;0;0;0;;0.00;;0;;;;
;Cougar Helicopters;PotCust;0;0;0;0;0;;0.00;;0;;;;
;Coulson Aviation;PotCust;0;0;0;0;0;;0.00;;0;;;;
;Coywolf Aviation;PotCust;0;0;0;0;0;;0.00;;0;;;;
;Custom Helicopters;PotCust;0;0;0;0;0;;0.00;;0;;;;
;Exact Air;PotCust;0;0;0;0;0;;0.00;;0;;;;
COM14480;EAC Group;Quarantine;3;0;0;0;0;10/21/2024 00:00:00;8.00;11/30/2025 00:00:00;0;Unavoidable;Out of business;12/03/2025 00:00:00;Out of business, money lost.
;Flightexec;PotCust;0;0;0;0;0;;0.00;;0;;;;
;flyGTA Airlines;PotCust;0;0;0;0;0;;0.00;;0;;;;
;Flying Whales Quebec;PotCust;0;0;0;0;0;;0.00;;0;;;;
;Georgian Bay Airways;PotCust;0;0;0;0;0;;0.00;;0;;;;
;Geotech Aviation;PotCust;0;0;0;0;0;;0.00;;0;;;;
;Great Slave Helicopters;PotCust;0;0;0;0;0;;0.00;;0;;;;
;Gulf Island Seaplanes;PotCust;0;0;0;0;0;;0.00;;0;;;;
;Helijet International;PotCust;0;0;0;0;0;;0.00;;0;;;;
;Inland Air Charters;PotCust;0;0;0;0;0;;0.00;;0;;;;
;Iskwew Air;PotCust;0;0;0;0;0;;0.00;;0;;;;
;Jet-Share;PotCust;0;0;0;0;0;;0.00;;0;;;;
;Kisik Aerial Survey;PotCust;0;0;0;0;0;;0.00;;0;;;;
;Latitude Air Ambulance;PotCust;0;0;0;0;0;;0.00;;0;;;;
;Liard Air;PotCust;0;0;0;0;0;;0.00;;0;;;;
;Loon Air;PotCust;0;0;0;0;0;;0.00;;0;;;;
;Max Aviation;PotCust;0;0;0;0;0;;0.00;;0;;;;
;MCG Aviation;PotCust;0;0;0;0;0;;0.00;;0;;;;
;McMurray Aviation;PotCust;0;0;0;0;0;;0.00;;0;;;;
;Nakina Air;PotCust;0;0;0;0;0;;0.00;;0;;;;
COM14622;NAV CANADA;PotCust;0;0;0;0;0;;0.00;;0;;;;
COM14508;Porsche Air Service;Customer;0;2;0;0;0;11/15/2024 00:00:00;8.00;;0;;;;
COM14487;Q Air;PotCust;0;0;0;0;0;;0.00;;0;;;;
;Raptor Aerospace;PotCust;0;0;0;0;0;;0.00;;0;;;;
;Greenpath Aviation;PotCust;0;0;0;0;0;;0.00;;0;;;;
COM14485;Global Aero Tech (FZE);Pending Closure;0;0;0;0;0;10/02/2024 00:00:00;8.00;08/30/2026 00:00:00;0;Unavoidable;New account created at other PPS Customer. Churn value set to 0, See Lime history 03/08/2026;;
COM14489;Arjavam Aerospace;Customer;3;0;0;0;0;10/11/2024 00:00:00;8.00;;0;;;;
COM14486;Jet Stream International;PotCust;0;0;0;0;0;;0.00;;0;;;;
COM14501;Johann Iconomidis;Customer;3;0;1;0;0;11/04/2024 00:00:00;8.00;;0;;;;
;Northern Air Charter;PotCust;0;0;0;0;0;;0.00;;0;;;;
;Northern Air Solutions;PotCust;0;0;0;0;0;;0.00;;0;;;;
;Novajet;PotCust;0;0;0;0;0;;0.00;;0;;;;
;Private Air;PotCust;0;0;0;0;0;;0.00;;0;;;;
;SkyCare Air Ambulance;PotCust;0;0;0;0;0;;0.00;;0;;;;
;SkyLink Express;PotCust;0;0;0;0;0;;0.00;;0;;;;
;Skynorth Air;PotCust;0;0;0;0;0;;0.00;;0;;;;
;Dokia Air;PotCust;0;0;0;0;0;;0.00;;0;;;;
;Simpson Air;PotCust;0;0;0;0;0;;0.00;;0;;;;
;Starlink Aviation;PotCust;0;0;0;0;0;;0.00;;0;;;;
;Suncor Energy;PotCust;0;0;0;0;0;;0.00;;0;;;;
;Thunder Airlines;PotCust;0;0;0;0;0;;0.00;;0;;;;
;Unaalik Aviation;PotCust;0;0;0;0;0;;0.00;;0;;;;
;WestJet Encore;PotCust;0;0;0;0;0;;0.00;;0;;;;
;White River Air Services;PotCust;0;0;0;0;0;;0.00;;0;;;;
;Abaeté Aviação;PotCust;0;0;0;0;0;;0.00;;0;;;;
;Abaeté Taxi Aéreo;PotCust;0;0;0;0;0;;0.00;;0;;;;
;Aero Star (Brazil);PotCust;0;0;0;0;0;;0.00;;0;;;;
;Fly Across;PotCust;0;0;0;0;0;;0.00;;0;;;;
;AEROTEAM Training Solutions;NonCust;0;0;0;0;0;;0.00;;0;;;;
;ICCS;PotCust;0;0;0;0;0;;0.00;;0;;;;
;Bering Air;PotCust;0;0;0;0;0;;0.00;;0;;;;
;Fox Aircraft;PotCust;0;0;0;0;0;;0.00;;0;;;;
;Grand Canyon Scenic Airlines;PotCust;0;0;0;0;0;;0.00;;0;;;;
COM14493;Jetvue Aviation;Customer;0;0;0;0;0;04/10/2026 00:00:00;8.00;;0;;;;
COM14494;Stars Airlines Services;PotCust;0;0;0;0;0;;0.00;;0;;;;
;Modena Air Service;PotCust;0;0;0;0;0;;0.00;;0;;;;
;ICAR;PotCust;0;0;0;0;0;;0.00;;0;;;;
;Praktikanter;NonCust;0;0;0;0;0;;0.00;;0;;;;
COM14496;Methven Consulting;PotCust;0;0;0;0;0;;0.00;;0;;;;
COM14497;Standard Sales Orders (SBO);NonCust;0;0;0;0;0;;0.00;;0;;;;
;Hawk Air Charter Services;PotCust;0;0;0;0;0;;0.00;;0;;;;
COM14498;Flying Airline FZCO;PotCust;0;0;0;0;0;12/06/2024 00:00:00;8.00;01/31/2026 00:00:00;0;Unavoidable;went silent during implementation. No contact for more than 6 months. Considered bankrupt;;
;Freebird Airways;PotCust;0;0;0;0;0;;0.00;;0;;;;
;Micronesian Air Cargo Services (MACS);PotCust;0;0;0;0;0;;0.00;;0;;;;
COM14500;Malaik Air;PotCust;0;0;0;0;0;;0.00;;0;;;;
COM14499;UCIG Energy;PotCust;0;0;0;0;0;;0.00;;0;;;;
;State Aviation Limited;PotCust;0;0;0;0;0;;0.00;;0;;;;
COM14503;Falcon Flight Support;PotCust;0;0;0;0;0;;0.00;;0;;;;
;Web2Media;NonCust;0;0;0;0;0;;0.00;;0;;;;
;AFV Partners LLC;NonCust;0;0;0;0;0;;0.00;;0;;;;
;Meijer;PotCust;0;0;0;0;0;;0.00;;0;;;;
COM14555;Flight Deck Support;PotCust;0;0;0;0;0;;0.00;;0;;;;
COM14510;Shalwin Aviation Services;PotCust;0;0;0;0;0;;0.00;;0;;;;
;ZeadAir;PotCust;0;0;0;0;0;;0.00;;0;;;;
;H3R Aviation;PotCust;0;0;0;0;0;;0.00;;0;;;;
;Aerofoil Consulting Inc.;PotCust;0;0;0;0;0;;0.00;;0;;;;
;Haven Aviation Services Group (Haven ASG);PotCust;0;0;0;0;0;;0.00;;0;;;;
;Meteomatics;PotCust;0;0;0;0;0;;0.00;;0;;;;
;Eastern Gate Aviation;PotCust;0;0;0;0;0;;0.00;;0;;;;
;Simplified Aviation Solutions, LLC.;PotCust;0;0;0;0;0;;0.00;;0;;;;
;Airborne Aviation;PotCust;0;0;0;0;0;;0.00;;0;;;;
;J&C Data Design Technologies;PotCust;0;0;0;0;0;;0.00;;0;;;;
;Streamlane;PotCust;0;0;0;0;0;;0.00;;0;;;;
;Cirro by AirSuite;PotCust;0;0;0;0;0;;0.00;;0;;;;
;JB Aviation Services;PotCust;0;0;0;0;0;;0.00;;0;;;;
;FlightLogger;PotCust;0;0;0;0;0;;0.00;;0;;;;
;ASQS GmbH;PotCust;0;0;0;0;0;;0.00;;0;;;;
;Chemco Inc.;PotCust;0;0;0;0;0;;0.00;;0;;;;
;Raglan Mine (Glencore Canada);PotCust;0;0;0;0;0;;0.00;;0;;;;
;A3M Global Monitoring GmbH;NonCust;0;0;0;0;0;;0.00;;0;;;;
COM14512;Club One Air;PotCust;0;0;0;0;0;;0.00;;0;;;;
;Aeroregional Peru;PotCust;0;0;0;0;0;;0.00;;0;;;;
COM14516;UpperDeck;PotCust;0;0;0;0;0;;0.00;;0;;;;
COM14515;KSW CARGO;PotCust;0;0;0;0;0;;0.00;;0;;;;
;Aerolinee Siciliane SpA.;PotCust;0;0;0;0;0;;0.00;;0;;;;
;Elite Air;PotCust;0;0;0;0;0;;0.00;;0;;;;
;Blue Jet Airways;PotCust;0;0;0;0;0;;0.00;;0;;;;
;NORTEA JETS;PotCust;0;0;0;0;0;;0.00;;0;;;;
COM14518;Sierra Private Jets;PotCust;0;0;0;0;0;;0.00;;0;;;;
COM14520;RANO AIR;Customer;3;4;0;0;0;01/31/2025 00:00:00;8.00;;0;;;;Payment received
;BELLI AI PTE. LTD;NonCust;0;0;0;0;0;;0.00;;0;;;;
;BytzSoft Technologies Pvt. Ltd.;NonCust;0;0;0;0;0;;0.00;;0;;;;
;Tanzania Airforce;PotCust;0;0;0;0;0;;0.00;;0;;;;
COM14523;Mammoth Freighters LLC;PotCust;0;0;0;0;0;;0.00;;0;;;;
;Red Planet;PotCust;0;0;0;0;0;;0.00;;0;;;;
;Azzera;NonCust;0;0;0;0;0;;0.00;;0;;;;
;Andorinha Airlines;PotCust;0;0;0;0;0;;0.00;;0;;;;
;Jet Global Services;PotCust;0;0;0;0;0;;0.00;;0;;;;
;Magnifica Air;PotCust;0;0;0;0;0;;0.00;;0;;;;
;TAH Airlines;PotCust;0;0;0;0;0;;0.00;;0;;;;
;Kamaka Air;PotCust;0;0;0;0;0;;0.00;;0;;;;
COM14549;Gridiron Air;PotCust;0;0;0;0;0;;0.00;;0;;;;
COM14534;Mukhtara Air;Quarantine;1;2;0;0;0;03/27/2025 00:00:00;8.00;07/07/2026 00:00:00;10153;Unavoidable;Missing payment, no response from customer;07/07/2026 00:00:00;Lack of payment
;PSG Aviation;PotCust;0;0;0;0;0;;0.00;;0;;;;
COM14526;MEKNAN AVIATION ACADEMY;PotCust;3;0;0;0;0;;0.00;;0;;;;
COM14532;USC;Customer;3;5;4;0;4;03/04/2025 00:00:00;8.00;;0;;;;
;Oriens Flight Operations Ltd;PotCust;0;0;0;0;0;;0.00;;0;;;;
;BAE Systems (CFSP for US Air Force);NonCust;0;0;0;0;0;;0.00;;0;;;;
;NAVSTARS;PotCust;2;0;0;0;0;;0.00;;0;;;;
COM14529;TOPWING AVIATION;PotCust;0;0;0;0;0;;0.00;;0;;;;
COM14544;ARDEVY UNIVERSAL;PotCust;0;0;0;0;0;;0.00;;0;;;;
COM14533;Kapajet;Customer;3;1;1;0;0;02/27/2025 00:00:00;8.00;;0;;;;
;Sola Air;PotCust;0;0;0;0;0;;0.00;;0;;;;
;Starsky Aviation;PotCust;3;0;0;0;0;;0.00;;0;;;;
;INAEC Aviation Corporation;PotCust;2;0;0;0;0;;0.00;;0;;;;
COM14536;FastJet (Zimbabwe);Customer;2;3;0;0;0;06/02/2025 00:00:00;8.00;;0;;;;
COM14538;Stratos Flight Services;PotCust;0;0;0;0;0;;0.00;;0;;;;
COM14541;Ralex Aviation;Customer;0;0;0;0;0;08/04/2026 00:00:00;0.00;;0;;;;
COM14540;Threshold Edge Concept;PotCust;0;0;0;0;0;;0.00;;0;;;;
;Phenix jet cayman;PotCust;1;0;0;0;0;;0.00;;0;;;;
COM14547;Five Airways;PotCust;0;0;0;0;0;;0.00;;0;;;;
;HeliService International;PotCust;0;0;0;0;0;;0.00;;0;;;;
;WinOPS;NonCust;0;0;0;0;0;;0.00;;0;;;;
;ETS AERO;NonCust;0;0;0;0;0;;0.00;;0;;;;
;COR AERO (Eductive GMBH);NonCust;0;0;0;0;0;;0.00;;0;;;;
COM14546;Simpfly;NonCust;0;0;0;0;0;;0.00;;0;;;;
;LANEXANG AIRWAYS;PotCust;1;0;0;0;0;;0.00;;0;;;;
COM14552;Air Sierra Leone;Customer;2;0;0;0;0;06/03/2025 00:00:00;8.00;;0;;;;
;Sobeys Inc.;PotCust;0;0;0;0;0;;0.00;;0;;;;
COM14560;HAUTE AVIATION;PotCust;0;0;0;0;0;;0.00;;0;;;;
COM14556;LACV Linhas Aéreas de Cabo Verde;Customer;0;0;0;0;0;09/11/2025 00:00:00;5.00;;0;;;;
COM14553;Warsaw Cargo;Customer;0;1;1;0;0;04/23/2025 00:00:00;8.00;;0;;;;
;Airbus Americas, Inc;PotCust;0;0;0;0;0;;0.00;;0;;;;
;WestAir Aviation;PotCust;0;0;0;0;0;;0.00;;0;;;;
;Blackcomb Helicopters;PotCust;0;0;0;0;0;;0.00;;0;;;;
;Vanguard Air Care;PotCust;0;0;0;0;0;;0.00;;0;;;;
COM14557;Prado Solutions;PotCust;0;0;0;0;0;;0.00;;0;;;;
;Vita Aerea;PotCust;0;0;0;0;0;;0.00;;0;;;;
;JetPro Pilots;PotCust;0;0;0;0;0;;0.00;;0;;;;
COM14576;SJT Aviation Solutions;PotCust;0;0;0;0;0;;0.00;;0;;;;
;Bohlke International Aviation;PotCust;0;0;0;0;0;;0.00;;0;;;;
COM14558;Rick Aviation;PotCust;0;0;0;0;0;;0.00;;0;;;;
;Garmin;NonCust;0;0;0;0;0;;0.00;;0;;;;
;Aviation Week (BCA/AC-U-KWIK);NonCust;0;0;0;0;0;;0.00;;0;;;;
;Aberdair;PotCust;0;0;0;0;0;;0.00;;0;;;;
;River Aviation Oy;PotCust;0;0;0;0;0;;0.00;;0;;;;
COM14559;Victor Flight Services;PotCust;0;0;0;0;0;;0.00;;0;;;;
;Avright;PotCust;0;0;0;0;0;;0.00;;0;;;;
;Flyware;NonCust;0;0;0;0;0;;0.00;;0;;;;
;One Pacific;PotCust;0;0;0;0;0;;0.00;;0;;;;
;Level Up Aviation;PotCust;0;0;0;0;0;;0.00;;0;;;;
;Sun Phu Quoc Airways;PotCust;1;0;0;0;0;;0.00;;0;;;;
;Avion Express Philippines;PotCust;1;0;0;0;0;;0.00;;0;;;;
;Aloula Aviation;PotCust;0;0;0;0;0;;0.00;;0;;;;
;SPARFELL Malta Ltd;PotCust;0;0;0;0;0;;0.00;;0;;;;
;General Aviation Services;PotCust;0;0;0;0;0;;0.00;;0;;;;
;Foz Airlines;PotCust;0;0;0;0;0;;0.00;;0;;;;
;Sunrise Airways Dominica;PotCust;0;0;0;0;0;;0.00;;0;;;;
;SIAM WINGS AIRLINES;PotCust;1;0;0;0;0;;0.00;;0;;;;
;Air Atlantic Icelandic;PotCust;0;0;0;0;0;;0.00;;0;;;;
;Fly-Newair;PotCust;0;0;0;0;0;;0.00;;0;;;;
COM14561;Signum Aviation;Customer via;0;0;0;0;0;05/05/2025 00:00:00;0.00;;0;;;;
COM14562;KLYOVA AVIATION SERVICES;Customer;0;5;0;0;0;05/24/2025 00:00:00;8.00;;0;;;;
COM14563;Basra Airline;PotCust;0;0;0;0;0;;0.00;;0;;;;
;Yannis Aposporis (Temporary name);PotCust;0;0;0;0;0;;0.00;;0;;;;
;Notamify (skymerse inc);NonCust;0;0;0;0;0;;0.00;;0;;;;
;PAFO (Presidential Fleet Equatorial Guinea);PotCust;0;0;0;0;0;;0.00;;0;;;;
;Aviation Legacy Services;PotCust;0;0;0;0;0;;0.00;;0;;;;
;Jet Pool Network;PotCust;0;0;0;0;0;;0.00;;0;;;;
;Clubedez;PotCust;0;0;0;0;0;;0.00;;0;;;;
;Aztec Alliance Cargo;PotCust;0;0;0;0;0;;0.00;;0;;;;
;Titan Airways Malta;PotCust;0;0;0;0;0;;0.00;;0;;;;
;FlyOne (Armenia);PotCust;0;0;0;0;0;;0.00;;0;;;;
;Grasshopper Aviation;PotCust;0;0;0;0;0;;0.00;;0;;;;
;HUB Airlines;PotCust;0;0;0;0;0;;0.00;;0;;;;
;(Duplicate) Hayways;NonCust;0;0;0;0;0;;0.00;;0;;;;
;VS Service;PotCust;0;0;0;0;0;;0.00;;0;;;;
;Moon Flights;PotCust;0;0;0;0;0;;0.00;;0;;;;
;(Duplicate) Supernova Airlines;NonCust;0;0;0;0;0;;0.00;;0;;;;
;Best Jets International;PotCust;0;0;0;0;0;;0.00;;0;;;;
;(Duplicate) Air Congo;NonCust;0;0;0;0;0;;0.00;;0;;;;
;Challenge Airlines MT;PotCust;0;0;0;0;0;;0.00;;0;;;;
;(Duplicate) Madagascar Airlines;NonCust;0;0;0;0;0;;0.00;;0;;;;
;Dan Air;PotCust;0;0;0;0;0;;0.00;;0;;;;
;SU Airlines;PotCust;0;0;0;0;0;;0.00;;0;;;;
;BA Euroflyer;PotCust;0;0;0;0;0;;0.00;;0;;;;
;(Duplicate) CMA CGM Air Cargo;NonCust;0;0;0;0;0;;0.00;;0;;;;
;Força Aérea Portuguesa;PotCust;0;0;0;0;0;;0.00;;0;;;;
;Isgeair;PotCust;0;0;0;0;0;;0.00;;0;;;;
;Antarctic Logistics & Expeditions;PotCust;0;0;0;0;0;;0.00;;0;;;;
;(Duplicate) LEAV Aviation;NonCust;0;0;0;0;0;;0.00;;0;;;;
;Deutsche Aircraft;PotCust;0;0;0;0;0;;0.00;;0;;;;
;Crown Airlines;PotCust;0;0;0;0;0;;0.00;;0;;;;
;Emerald Airlines (United Kingdom);PotCust;0;0;0;0;0;;0.00;;0;;;;
;Norse Atlantic (United Kingdom);PotCust;0;0;0;0;0;;0.00;;0;;;;
;(Duplicate) SAS Link;NonCust;0;0;0;0;0;;0.00;;0;;;;
;(Duplicate) SAS Connect;NonCust;0;0;0;0;0;;0.00;;0;;;;
;One Air;Customer via;0;0;0;0;0;12/06/2025 00:00:00;0.00;;0;;;;
;Sherpa Air;PotCust;0;0;0;0;0;;0.00;;0;;;;
;Go Vector One;PotCust;0;0;0;0;0;;0.00;;0;;;;
;TAE Avia;PotCust;0;0;0;0;0;;0.00;;0;;;;
;Georgian Airlines;PotCust;0;0;0;0;0;;0.00;;0;;;;
;Emtrasur Cargo;PotCust;0;0;0;0;0;;0.00;;0;;;;
;(Duplicate) MedSky Airways;NonCust;0;0;0;0;0;;0.00;;0;;;;
;Angel Airways (Suriname);PotCust;0;0;0;0;0;;0.00;;0;;;;
;Coral Jet;PotCust;0;0;0;0;0;;0.00;;0;;;;
;Darkwing Aviation;PotCust;0;0;0;0;0;;0.00;;0;;;;
;Kenai Aviation;PotCust;0;0;0;0;0;;0.00;;0;;;;
;Skydive Mexico;PotCust;0;0;0;0;0;;0.00;;0;;;;
;Alfa Air (Brazil);PotCust;0;0;0;0;0;;0.00;;0;;;;
;Aerostar (Colombia);PotCust;0;0;0;0;0;;0.00;;0;;;;
;Skystream Airlines;PotCust;0;0;0;0;0;;0.00;;0;;;;
;(Duplicate) Southwind Airlines;NonCust;0;0;0;0;0;;0.00;;0;;;;
;Endecots Taxi Aéreo;PotCust;0;0;0;0;0;;0.00;;0;;;;
;Flytech;PotCust;0;0;0;0;0;;0.00;;0;;;;
;Bellator Aviation;PotCust;0;0;0;0;0;;0.00;;0;;;;
;Air Charter Express (New York);PotCust;0;0;0;0;0;;0.00;;0;;;;
;Air Transport Dominicana;PotCust;0;0;0;0;0;;0.00;;0;;;;
;SimBrasil Linhas Aéreas;PotCust;0;0;0;0;0;;0.00;;0;;;;
;ReefJet;PotCust;0;0;0;0;0;;0.00;;0;;;;
;Constellation Productions;PotCust;0;0;0;0;0;;0.00;;0;;;;
;Ecuagenera Airways Ecuairways;PotCust;0;0;0;0;0;;0.00;;0;;;;
;Abakan Air;Quarantine;0;0;0;0;0;;0.00;;0;;;;
;Freedom II (Bermuda);PotCust;0;0;0;0;0;;0.00;;0;;;;
;Alpavia;PotCust;0;0;0;0;0;;0.00;;0;;;;
;Bond Air Cargo;PotCust;0;0;0;0;0;;0.00;;0;;;;
;Sun Air (Aruba);PotCust;0;0;0;0;0;;0.00;;0;;;;
;Desert Sand Aircraft Leasing;PotCust;0;0;0;0;0;;0.00;;0;;;;
;Inversiones Aeronauticas León;PotCust;0;0;0;0;0;;0.00;;0;;;;
;X Aviation Group;PotCust;0;0;0;0;0;;0.00;;0;;;;
;Mexica;PotCust;0;0;0;0;0;;0.00;;0;;;;
;Moncrief Oil;PotCust;0;0;0;0;0;;0.00;;0;;;;
;Jamaica Air Freighters;PotCust;0;0;0;0;0;;0.00;;0;;;;
;United States Marine Corps;PotCust;0;0;0;0;0;;0.00;;0;;;;
;Eagle Aircraft;PotCust;0;0;0;0;0;;0.00;;0;;;;
;Thompson Flying Club;PotCust;0;0;0;0;0;;0.00;;0;;;;
;Fleet Club;PotCust;0;0;0;0;0;;0.00;;0;;;;
;Towards Air;PotCust;0;0;0;0;0;;0.00;;0;;;;
;Cloud Air Aviation Services;PotCust;0;0;0;0;0;;0.00;;0;;;;
;Republic of Guinea;PotCust;0;0;0;0;0;;0.00;;0;;;;
;FROST;PotCust;0;0;0;0;0;;0.00;;0;;;;
;Paramount Aerospace Systems;PotCust;0;0;0;0;0;;0.00;;0;;;;
;Flytrip;PotCust;0;0;0;0;0;;0.00;;0;;;;
;Falcon Landing;PotCust;0;0;0;0;0;;0.00;;0;;;;
;Seaflight;PotCust;0;0;0;0;0;;0.00;;0;;;;
;Grand Canyon Helicopters;PotCust;0;0;0;0;0;;0.00;;0;;;;
;Airservice Bremgarten;PotCust;0;0;0;0;0;;0.00;;0;;;;
;avianca express;PotCust;0;0;0;0;0;;0.00;;0;;;;
;Aerobridge;PotCust;0;0;0;0;0;;0.00;;0;;;;
;Azure Aviation (Bahamas);PotCust;0;0;0;0;0;;0.00;;0;;;;
;Señor Air;PotCust;0;0;0;0;0;;0.00;;0;;;;
;Binani Air;PotCust;0;0;0;0;0;;0.00;;0;;;;
;AeroPuna;PotCust;0;0;0;0;0;;0.00;;0;;;;
;ALLAS - Aerolíneas del Llano;PotCust;0;0;0;0;0;;0.00;;0;;;;
;Aero (United States of America);PotCust;0;0;0;0;0;;0.00;;0;;;;
;Marina Militare Italiana;PotCust;0;0;0;0;0;;0.00;;0;;;;
;Emerald Airlines (Ireland);PotCust;0;0;0;0;0;;0.00;;0;;;;
;Skyloft Aviation;PotCust;0;0;0;0;0;;0.00;;0;;;;
;Procter & Gamble;PotCust;0;0;0;0;0;;0.00;;0;;;;
;SADI - Sociedad Aérea de Ibague;PotCust;0;0;0;0;0;;0.00;;0;;;;
;Skydive Alabama;PotCust;0;0;0;0;0;;0.00;;0;;;;
;Skydive Chicago;PotCust;0;0;0;0;0;;0.00;;0;;;;
;Skydive Sussex;PotCust;0;0;0;0;0;;0.00;;0;;;;
;Skydive Twin Cities;PotCust;0;0;0;0;0;;0.00;;0;;;;
;Sky's the Limit;PotCust;0;0;0;0;0;;0.00;;0;;;;
;Toronto Airways;PotCust;0;0;0;0;0;;0.00;;0;;;;
;(Duplicate) Unaalik Aviation;NonCust;0;0;0;0;0;;0.00;;0;;;;
;West Pacific Airlines;PotCust;0;0;0;0;0;;0.00;;0;;;;
;Winlink;PotCust;0;0;0;0;0;;0.00;;0;;;;
;Woolley Air;PotCust;0;0;0;0;0;;0.00;;0;;;;
;Yukon Air Services;PotCust;0;0;0;0;0;;0.00;;0;;;;
;Guardia di Finanza;PotCust;0;0;0;0;0;;0.00;;0;;;;
;Air Force and Air Defense Forces of Belarus;PotCust;0;0;0;0;0;;0.00;;0;;;;
;Taiga;Quarantine;0;0;0;0;0;;0.00;;0;;;;
;Skydive Tennessee;PotCust;0;0;0;0;0;;0.00;;0;;;;
;North-West Aircompany;Quarantine;0;0;0;0;0;;0.00;;0;;;;
;Rosgvardia;Quarantine;0;0;0;0;0;;0.00;;0;;;;
;Iberojet (Spain);PotCust;0;0;0;0;0;;0.00;;0;;;;
;Theia Aviation;PotCust;0;0;0;0;0;;0.00;;0;;;;
;ASL Airlines UK;PotCust;0;0;0;0;0;;0.00;;0;;;;
;avianca airlines El Salvador;PotCust;0;0;0;0;0;;0.00;;0;;;;
;Discovery Jets;PotCust;0;0;0;0;0;;0.00;;0;;;;
COM14637;Archer Aviation;PotCust;0;0;0;0;0;;0.00;;0;;;;
;Art Avia;Quarantine;0;0;0;0;0;;0.00;;0;;;;
;Starblue Airlines;PotCust;0;0;0;0;0;;0.00;;0;;;;
;(Duplicate) Celtic Air Services;NonCust;0;0;0;0;0;;0.00;;0;;;;
;(Duplicate) Rano Air;NonCust;0;0;0;0;0;;0.00;;0;;;;
;Air Montenegro (ToMontenegro);PotCust;0;0;0;0;0;;0.00;;0;;;;
;(Duplicate) Air Tunilik;NonCust;0;0;0;0;0;;0.00;;0;;;;
;(Duplicate) Abaeté Aviação;NonCust;0;0;0;0;0;;0.00;;0;;;;
;Synovus Bank;PotCust;0;0;0;0;0;;0.00;;0;;;;
;Peru Airline;PotCust;0;0;0;0;0;;0.00;;0;;;;
;Islas Secas;PotCust;0;0;0;0;0;;0.00;;0;;;;
;Western Alliance Bank;PotCust;0;0;0;0;0;;0.00;;0;;;;
;United States Coast Guard;PotCust;0;0;0;0;0;;0.00;;0;;;;
;Smokey Bay Air;PotCust;0;0;0;0;0;;0.00;;0;;;;
;Island Air Service;PotCust;0;0;0;0;0;;0.00;;0;;;;
;Johnny May's Air Charters;PotCust;0;0;0;0;0;;0.00;;0;;;;
;Dream Fly Taxi Aéreo;PotCust;0;0;0;0;0;;0.00;;0;;;;
;Centro de Servicio Aeronautico;PotCust;0;0;0;0;0;;0.00;;0;;;;
;Rayan Aviation;PotCust;0;0;0;0;0;;0.00;;0;;;;
;Bank of Montreal;PotCust;0;0;0;0;0;;0.00;;0;;;;
;Premier Trans Aire;PotCust;0;0;0;0;0;;0.00;;0;;;;
;Smartwings (Poland);PotCust;0;0;0;0;0;;0.00;;0;;;;
;Skydive Spaceland Atlanta;PotCust;0;0;0;0;0;;0.00;;0;;;;
;Skydive Orange;PotCust;0;0;0;0;0;;0.00;;0;;;;
;Interjet (El Salvador);PotCust;0;0;0;0;0;;0.00;;0;;;;
;Rica Air;PotCust;0;0;0;0;0;;0.00;;0;;;;
;Skydive Spaceland Dallas;PotCust;0;0;0;0;0;;0.00;;0;;;;
;Ornge Air;PotCust;0;0;0;0;0;;0.00;;0;;;;
;Warbelow's Air Ventures;PotCust;0;0;0;0;0;;0.00;;0;;;;
;Mercury World Cargo;PotCust;0;0;0;0;0;;0.00;;0;;;;
;Alpine Air Express;PotCust;0;0;0;0;0;;0.00;;0;;;;
;Regions Financial;PotCust;0;0;0;0;0;;0.00;;0;;;;
;(Duplicate) Skyservice Business Aviation;NonCust;0;0;0;0;0;;0.00;;0;;;;
;Transporte Aereo;PotCust;0;0;0;0;0;;0.00;;0;;;;
;Mel Air;PotCust;0;0;0;0;0;;0.00;;0;;;;
;Pro Logis;PotCust;0;0;0;0;0;;0.00;;0;;;;
;Medd Jet IV;PotCust;0;0;0;0;0;;0.00;;0;;;;
;Bank of America Leasing;PotCust;0;0;0;0;0;;0.00;;0;;;;
;LADE - Líneas Aéreas del Estado;PotCust;0;0;0;0;0;;0.00;;0;;;;
;CHOPair;PotCust;0;0;0;0;0;;0.00;;0;;;;
;TAC Airlines (Costa Rica);PotCust;0;0;0;0;0;;0.00;;0;;;;
;G A S Capital;PotCust;0;0;0;0;0;;0.00;;0;;;;
;BBS Aircraft;PotCust;0;0;0;0;0;;0.00;;0;;;;
;JDV Solutions;PotCust;0;0;0;0;0;;0.00;;0;;;;
;AeroApoyo;PotCust;0;0;0;0;0;;0.00;;0;;;;
;(Duplicate) Adlair Aviation;NonCust;0;0;0;0;0;;0.00;;0;;;;
;(Duplicate) Alberta Central Airways;NonCust;0;0;0;0;0;;0.00;;0;;;;
;Aviones Taxi Aéreo;PotCust;0;0;0;0;0;;0.00;;0;;;;
;Bald Mountain Air Service;PotCust;0;0;0;0;0;;0.00;;0;;;;
;Coastal Air Service;PotCust;0;0;0;0;0;;0.00;;0;;;;
;Drummond Company;PotCust;0;0;0;0;0;;0.00;;0;;;;
;Emerald Coast Air;PotCust;0;0;0;0;0;;0.00;;0;;;;
;Fundación Venezolana de Apoyo al Indigena;PotCust;0;0;0;0;0;;0.00;;0;;;;
;(Duplicate) Georgian Bay Airways;NonCust;0;0;0;0;0;;0.00;;0;;;;
;Skydive Tønsberg;PotCust;0;0;0;0;0;;0.00;;0;;;;
;Irving Air Services;PotCust;0;0;0;0;0;;0.00;;0;;;;
;JRS Sky;PotCust;0;0;0;0;0;;0.00;;0;;;;
;Jumptown Parachute Club;PotCust;0;0;0;0;0;;0.00;;0;;;;
;Los Cedros Aviación;PotCust;0;0;0;0;0;;0.00;;0;;;;
;Mile-Hi Skydiving;PotCust;0;0;0;0;0;;0.00;;0;;;;
;National Oceanic and Atmospheric Administration;PotCust;0;0;0;0;0;;0.00;;0;;;;
;North London Parachute Club;PotCust;0;0;0;0;0;;0.00;;0;;;;
;NRC National Research Council;PotCust;0;0;0;0;0;;0.00;;0;;;;
;(Duplicate) Exact Air;NonCust;0;0;0;0;0;;0.00;;0;;;;
;Parachute Center Lodi;PotCust;0;0;0;0;0;;0.00;;0;;;;
;Royal Canadian Mounted Police;PotCust;0;0;0;0;0;;0.00;;0;;;;
;SGL - Sander Geophysics;PotCust;0;0;0;0;0;;0.00;;0;;;;
;Sky Lift Aviation;PotCust;0;0;0;0;0;;0.00;;0;;;;
;Sky Team Aviation (United States of America);PotCust;0;0;0;0;0;;0.00;;0;;;;
;Skydive City;PotCust;0;0;0;0;0;;0.00;;0;;;;
;Skydive Georgia;PotCust;0;0;0;0;0;;0.00;;0;;;;
;Skydive San Marcos;PotCust;0;0;0;0;0;;0.00;;0;;;;
;Skydive Spaceland Houston;PotCust;0;0;0;0;0;;0.00;;0;;;;
;South Nahanni Airways;PotCust;0;0;0;0;0;;0.00;;0;;;;
;Speed Star Express;PotCust;0;0;0;0;0;;0.00;;0;;;;
;A.G.A.P.E. Alas de Socorro;PotCust;0;0;0;0;0;;0.00;;0;;;;
;Trans North Helicopters;PotCust;0;0;0;0;0;;0.00;;0;;;;
;Maxfly Aviation;PotCust;0;0;0;0;0;;0.00;;0;;;;
;Warren Transportation;PotCust;0;0;0;0;0;;0.00;;0;;;;
;Washington Corporations;PotCust;0;0;0;0;0;;0.00;;0;;;;
;Westwind Air;PotCust;0;0;0;0;0;;0.00;;0;;;;
;Willow Air Service;PotCust;0;0;0;0;0;;0.00;;0;;;;
;Yacimientos Petroliferos Fiscales;PotCust;0;0;0;0;0;;0.00;;0;;;;
;Dodson International Parts;PotCust;0;0;0;0;0;;0.00;;0;;;;
;699-W (United States of America);PotCust;0;0;0;0;0;;0.00;;0;;;;
;Fazenda de Chapada;PotCust;0;0;0;0;0;;0.00;;0;;;;
;Executive Aviation (Arizona);PotCust;0;0;0;0;0;;0.00;;0;;;;
;SAPSA - Servicios Aéreos Patagónicos;PotCust;0;0;0;0;0;;0.00;;0;;;;
;ASAS de Socorro;PotCust;0;0;0;0;0;;0.00;;0;;;;
;Deutsche Marine;PotCust;0;0;0;0;0;;0.00;;0;;;;
;ADSE - Alas de Socorro del Ecuador;PotCust;0;0;0;0;0;;0.00;;0;;;;
;Mission Aviation Fellowship of Haiti;PotCust;0;0;0;0;0;;0.00;;0;;;;
;ADSM - Alas de Socorro de México;PotCust;0;0;0;0;0;;0.00;;0;;;;
;Nomad Air;PotCust;0;0;0;0;0;;0.00;;0;;;;
;Smartwings (Hungary);PotCust;0;0;0;0;0;;0.00;;0;;;;
;Mission Aviation Fellowship Suriname;PotCust;0;0;0;0;0;;0.00;;0;;;;
;PACTEC International;PotCust;0;0;0;0;0;;0.00;;0;;;;
;Surinaamse Zendings Vliegdienst;PotCust;0;0;0;0;0;;0.00;;0;;;;
;Trans Am Aero Express del Ecuador;PotCust;0;0;0;0;0;;0.00;;0;;;;
;CAS - Commercial Aviation Services;PotCust;0;0;0;0;0;;0.00;;0;;;;
;Heringer Taxi Aereo;PotCust;0;0;0;0;0;;0.00;;0;;;;
;Michigan National Bank;PotCust;0;0;0;0;0;;0.00;;0;;;;
;Canvasback Acquisitions;PotCust;0;0;0;0;0;;0.00;;0;;;;
;669-W (United States of America);PotCust;0;0;0;0;0;;0.00;;0;;;;
;Global Airborne Observatory;PotCust;0;0;0;0;0;;0.00;;0;;;;
;Servant Air;PotCust;0;0;0;0;0;;0.00;;0;;;;
;Airlift Alaska;PotCust;0;0;0;0;0;;0.00;;0;;;;
;Wright Air Service;PotCust;0;0;0;0;0;;0.00;;0;;;;
;Jet-A;PotCust;0;0;0;0;0;;0.00;;0;;;;
;Joby Elevate;PotCust;0;0;0;0;0;;0.00;;0;;;;
;(Duplicate) Malta MedAir;NonCust;0;0;0;0;0;;0.00;;0;;;;
;Roxon Aviation;PotCust;0;0;0;0;0;;0.00;;0;;;;
;CarmonAir;PotCust;0;0;0;0;0;;0.00;;0;;;;
;Dutch Caribbean Islandhopper;PotCust;0;0;0;0;0;;0.00;;0;;;;
;Legacy Airways;PotCust;0;0;0;0;0;;0.00;;0;;;;
;EASP Air;PotCust;0;0;0;0;0;;0.00;;0;;;;
;Skydive Atlanta;PotCust;0;0;0;0;0;;0.00;;0;;;;
;Alante Air Charter;PotCust;0;0;0;0;0;;0.00;;0;;;;
;Moraima Airlines;PotCust;0;0;0;0;0;;0.00;;0;;;;
;HeliFlite;PotCust;0;0;0;0;0;;0.00;;0;;;;
;Advantage Air;PotCust;0;0;0;0;0;;0.00;;0;;;;
;Rota do Sol Táxi Aéreo;PotCust;0;0;0;0;0;;0.00;;0;;;;
;Aerotransporte Convalles;PotCust;0;0;0;0;0;;0.00;;0;;;;
;Vertical Aviation;PotCust;0;0;0;0;0;;0.00;;0;;;;
;Florida Flyers Flight Academy;PotCust;0;0;0;0;0;;0.00;;0;;;;
;Aegle Aviation (Aruba);PotCust;0;0;0;0;0;;0.00;;0;;;;
;E-Cargo Airlines;Quarantine;0;0;0;0;0;;0.00;;0;;;;
;Kush Air Uganda;PotCust;0;0;0;0;0;;0.00;;0;;;;
;ESAV Airlines;PotCust;0;0;0;0;0;;0.00;;0;;;;
;Awesome Cargo;PotCust;0;0;0;0;0;;0.00;;0;;;;
;Emetebe Airlines;PotCust;0;0;0;0;0;;0.00;;0;;;;
;Servicio Aéreo de Boyacá;PotCust;0;0;0;0;0;;0.00;;0;;;;
;(Duplicate) Berniq Airways;NonCust;0;0;0;0;0;;0.00;;0;;;;
;Magnum Helicopters;PotCust;0;0;0;0;0;;0.00;;0;;;;
;Intelsat;PotCust;0;0;0;0;0;;0.00;;0;;;;
;MAG Aerospace Canada;PotCust;0;0;0;0;0;;0.00;;0;;;;
;Baker Aviation (Alaska);PotCust;0;0;0;0;0;;0.00;;0;;;;
;TAES Transportes Aéreos de El Salvador;PotCust;0;0;0;0;0;;0.00;;0;;;;
;Sullenberger Aviation Museum;PotCust;0;0;0;0;0;;0.00;;0;;;;
;Airstar Aviation;PotCust;0;0;0;0;0;;0.00;;0;;;;
;Pallas Aviation;PotCust;0;0;0;0;0;;0.00;;0;;;;
;Aero Bolivar;PotCust;0;0;0;0;0;;0.00;;0;;;;
;Aerokashurco;PotCust;0;0;0;0;0;;0.00;;0;;;;
;Aerosangay;PotCust;0;0;0;0;0;;0.00;;0;;;;
;Aeromorona;PotCust;0;0;0;0;0;;0.00;;0;;;;
;Aeronashe;PotCust;0;0;0;0;0;;0.00;;0;;;;
;MiG Avia;Quarantine;0;0;0;0;0;;0.00;;0;;;;
;Judah 1;PotCust;0;0;0;0;0;;0.00;;0;;;;
;Via Air RCA;PotCust;0;0;0;0;0;;0.00;;0;;;;
;Aerorutas del Sur;PotCust;0;0;0;0;0;;0.00;;0;;;;
;Panorama Aviation;PotCust;0;0;0;0;0;;0.00;;0;;;;
COM14610;SmartLynx Airlines Malta;PotCust;1;0;0;0;0;;0.00;;0;;;;
;EC Charter;PotCust;0;0;0;0;0;;0.00;;0;;;;
;Alas del Sur (Venezuela);PotCust;0;0;0;0;0;;0.00;;0;;;;
COM14678;Eurus Aviation;PotCust;0;0;0;0;0;;0.00;;0;;;;
;(Duplicate) Caicos Express Airways;NonCust;0;0;0;0;0;;0.00;;0;;;;
;Seychelles Air Force;PotCust;0;0;0;0;0;;0.00;;0;;;;
;Windward Express Airways;PotCust;0;0;0;0;0;;0.00;;0;;;;
;flyRICH;PotCust;0;0;0;0;0;;0.00;;0;;;;
;Aérea;PotCust;0;0;0;0;0;;0.00;;0;;;;
;Jet Power Aruba;PotCust;0;0;0;0;0;;0.00;;0;;;;
;World Sonic Air;PotCust;0;0;0;0;0;;0.00;;0;;;;
;ANAP Jets;PotCust;0;0;0;0;0;;0.00;;0;;;;
;Outer Banks Airlines;PotCust;0;0;0;0;0;;0.00;;0;;;;
;Helivida Brasil;PotCust;0;0;0;0;0;;0.00;;0;;;;
;Avior Airlines Colombia;PotCust;0;0;0;0;0;;0.00;;0;;;;
;Servicios Aerofor;PotCust;0;0;0;0;0;;0.00;;0;;;;
;Aviation ACES;PotCust;0;0;0;0;0;;0.00;;0;;;;
;Elvetia Aviation;PotCust;0;0;0;0;0;;0.00;;0;;;;
;Management Services II;PotCust;0;0;0;0;0;;0.00;;0;;;;
;Avior Airlines Peru;PotCust;0;0;0;0;0;;0.00;;0;;;;
;Inversiones Tiryka;PotCust;0;0;0;0;0;;0.00;;0;;;;
;Titan Air Charter;PotCust;0;0;0;0;0;;0.00;;0;;;;
;(Duplicate) St Barth Executive;NonCust;0;0;0;0;0;;0.00;;0;;;;
;Amelia;PotCust;0;0;0;0;0;;0.00;;0;;;;
;Amelia International;Customer via;0;0;0;0;0;05/20/2026 00:00:00;0.00;;0;;;;
;Citiair de Aviación;PotCust;0;0;0;0;0;;0.00;;0;;;;
;Falcon Acquisitions;PotCust;0;0;0;0;0;;0.00;;0;;;;
;Chex Air;PotCust;0;0;0;0;0;;0.00;;0;;;;
;Quantum XYZ;PotCust;0;0;0;0;0;;0.00;;0;;;;
;Kenmore Air Express;PotCust;0;0;0;0;0;;0.00;;0;;;;
;Aeroservicios Fares;PotCust;0;0;0;0;0;;0.00;;0;;;;
;Skydive San Diego;PotCust;0;0;0;0;0;;0.00;;0;;;;
;Charters Ejecutivos;PotCust;0;0;0;0;0;;0.00;;0;;;;
;Air Transport Iglesias;PotCust;0;0;0;0;0;;0.00;;0;;;;
;(Duplicate) Poste Air Cargo;NonCust;0;0;0;0;0;;0.00;;0;;;;
;PAL Aerospace;PotCust;0;0;0;0;0;;0.00;;0;;;;
;Sky Mali;PotCust;0;0;0;0;0;;0.00;;0;;;;
;Umpqua Bank;PotCust;0;0;0;0;0;;0.00;;0;;;;
;(Duplicate) AJet;NonCust;0;0;0;0;0;;0.00;;0;;;;
;503KH Holdings;PotCust;0;0;0;0;0;;0.00;;0;;;;
;Airzena;PotCust;0;0;0;0;0;;0.00;;0;;;;
;Albatros Transporte Aéreo;PotCust;0;0;0;0;0;;0.00;;0;;;;
;Avcom - Aviones Comerciales de Guatemala;PotCust;0;0;0;0;0;;0.00;;0;;;;
;Aero Controls;PotCust;0;0;0;0;0;;0.00;;0;;;;
;Airbus Canada;PotCust;0;0;0;0;0;;0.00;;0;;;;
;Aeroservicios de la Costa;PotCust;0;0;0;0;0;;0.00;;0;;;;
;Andrew Airways;PotCust;0;0;0;0;0;;0.00;;0;;;;
;Aerolíneas Estelar (Peru);PotCust;0;0;0;0;0;;0.00;;0;;;;
;Aliansa - Aerolíneas Andinas;PotCust;0;0;0;0;0;;0.00;;0;;;;
;(Duplicate) Aero Air;NonCust;0;0;0;0;0;;0.00;;0;;;;
;American Executive Air Charter;PotCust;0;0;0;0;0;;0.00;;0;;;;
;(Duplicate) Aero Flite;NonCust;0;0;0;0;0;;0.00;;0;;;;
;Action Airlines;PotCust;0;0;0;0;0;;0.00;;0;;;;
;(Duplicate) Ahmic Air;NonCust;0;0;0;0;0;;0.00;;0;;;;
;Servicios Aéreos Chihuahua;PotCust;0;0;0;0;0;;0.00;;0;;;;
;Airline History Museum;PotCust;0;0;0;0;0;;0.00;;0;;;;
;Aero Caribe de Honduras;PotCust;0;0;0;0;0;;0.00;;0;;;;
;Air Idaho Rescue;PotCust;0;0;0;0;0;;0.00;;0;;;;
;Avinter;PotCust;0;0;0;0;0;;0.00;;0;;;;
;Aero JBR;PotCust;0;0;0;0;0;;0.00;;0;;;;
;Alaska Air Transit;PotCust;0;0;0;0;0;;0.00;;0;;;;
;Forces Aériennes Algériennes;PotCust;0;0;0;0;0;;0.00;;0;;;;
;Altria Aviation;PotCust;0;0;0;0;0;;0.00;;0;;;;
;(Duplicate) ALCI Aviation;NonCust;0;0;0;0;0;;0.00;;0;;;;
;Air Methods Kentucky;PotCust;0;0;0;0;0;;0.00;;0;;;;
;Air America Caribbean;PotCust;0;0;0;0;0;;0.00;;0;;;;
;AMR Air Hawaii;PotCust;0;0;0;0;0;;0.00;;0;;;;
;Alas Mediterráneas;PotCust;0;0;0;0;0;;0.00;;0;;;;
;Aeroméxico Private Jets;PotCust;0;0;0;0;0;;0.00;;0;;;;
;Aeroméxico Connect;PotCust;0;0;0;0;0;;0.00;;0;;;;
;Central American Airways;PotCust;0;0;0;0;0;;0.00;;0;;;;
;Air Anka;PotCust;0;0;0;0;0;;0.00;;0;;;;
;AerOhio Skydiving Center;PotCust;0;0;0;0;0;;0.00;;0;;;;
;Antonov LLC;PotCust;0;0;0;0;0;;0.00;;0;;;;
;Apuí Taxi Aéreo;PotCust;0;0;0;0;0;;0.00;;0;;;;
;Airpac Airlines;PotCust;0;0;0;0;0;;0.00;;0;;;;
;Hydro-Québec;PotCust;0;0;0;0;0;;0.00;;0;;;;
;ARETI International Group;PotCust;0;0;0;0;0;;0.00;;0;;;;
;Fuerza Aérea Argentina;PotCust;0;0;0;0;0;;0.00;;0;;;;
;Archipiélagos Servicios Aéreos;PotCust;0;0;0;0;0;;0.00;;0;;;;
;Air Services (Guyana);PotCust;0;0;0;0;0;;0.00;;0;;;;
;Air Spray (1967);PotCust;0;0;0;0;0;;0.00;;0;;;;
;(Duplicate) Aero Star (Brazil);NonCust;0;0;0;0;0;;0.00;;0;;;;
;(Duplicate) Royal Air Maroc;NonCust;0;0;0;0;0;;0.00;;0;;;;
;ATR - Avions de Transport Régional;PotCust;0;0;0;0;0;;0.00;;0;;;;
;Atlantic Aircraft;PotCust;0;0;0;0;0;;0.00;;0;;;;
;Anguilla Air Services;PotCust;0;0;0;0;0;;0.00;;0;;;;
;Sunrise Air Ambulance;PotCust;0;0;0;0;0;;0.00;;0;;;;
;Arrivair;PotCust;0;0;0;0;0;;0.00;;0;;;;
;AX Transporter;PotCust;0;0;0;0;0;;0.00;;0;;;;
;AGD Systems;PotCust;0;0;0;0;0;;0.00;;0;;;;
;Azerbaijani Air and Air Defence Force;PotCust;0;0;0;0;0;;0.00;;0;;;;
;Amazonaves Táxi Aéreo;PotCust;0;0;0;0;0;;0.00;;0;;;;
;Azer Management;PotCust;0;0;0;0;0;;0.00;;0;;;;
;Aztec Airways;PotCust;0;0;0;0;0;;0.00;;0;;;;
;(Duplicate) La Compagnie;NonCust;0;0;0;0;0;;0.00;;0;;;;
;Quest Aviation;PotCust;0;0;0;0;0;;0.00;;0;;;;
;Concept Aviation of North Florida;PotCust;0;0;0;0;0;;0.00;;0;;;;
;Flight Line (United States of America);PotCust;0;0;0;0;0;;0.00;;0;;;;
;British Antarctic Survey;PotCust;0;0;0;0;0;;0.00;;0;;;;
;Blue Bird Aviation (Sudan);PotCust;0;0;0;0;0;;0.00;;0;;;;
;BCMC - Beaufort County Mosquito Control;PotCust;0;0;0;0;0;;0.00;;0;;;;
;Blue City Holdings;PotCust;0;0;0;0;0;;0.00;;0;;;;
;Basic Capital Management;PotCust;0;0;0;0;0;;0.00;;0;;;;
;Botswana Defence Force;PotCust;0;0;0;0;0;;0.00;;0;;;;
;Badjas Airlines;PotCust;0;0;0;0;0;;0.00;;0;;;;
;Berlin Airlift;PotCust;0;0;0;0;0;;0.00;;0;;;;
;Air St. Kitts & Nevis;PotCust;0;0;0;0;0;;0.00;;0;;;;
;Basler Airlines;PotCust;0;0;0;0;0;;0.00;;0;;;;
;Bestfly Aircraft Management Aruba;PotCust;0;0;0;0;0;;0.00;;0;;;;
;Bridger Aerospace;PotCust;0;0;0;0;0;;0.00;;0;;;;
;(Duplicate) European Air Charter;NonCust;0;0;0;0;0;;0.00;;0;;;;
;Blue Hawaiian Helicopters;PotCust;0;0;0;0;0;;0.00;;0;;;;
;Black Hills Life Flight;PotCust;0;0;0;0;0;;0.00;;0;;;;
;Benin Airlines;PotCust;0;0;0;0;0;;0.00;;0;;;;
;Briko Air Services;PotCust;0;0;0;0;0;;0.00;;0;;;;
;Barrick Servicios Mineros;PotCust;0;0;0;0;0;;0.00;;0;;;;
;Sundance Air Venezuela;PotCust;0;0;0;0;0;;0.00;;0;;;;
;Transportes Aéreos Bolivianos;PotCust;0;0;0;0;0;;0.00;;0;;;;
;Boston Enterprises;PotCust;0;0;0;0;0;;0.00;;0;;;;
;Borinquen Air;PotCust;0;0;0;0;0;;0.00;;0;;;;
;Bopper Airways;PotCust;0;0;0;0;0;;0.00;;0;;;;
;Budapest Aircraft Services;PotCust;0;0;0;0;0;;0.00;;0;;;;
;(Duplicate) Braathens International Airways;NonCust;0;0;0;0;0;;0.00;;0;;;;
;Brisair;PotCust;0;0;0;0;0;;0.00;;0;;;;
;Banco Safra;PotCust;0;0;0;0;0;;0.00;;0;;;;
;Bauchi State Government;PotCust;0;0;0;0;0;;0.00;;0;;;;
;Business Aero;Quarantine;0;0;0;0;0;;0.00;;0;;;;
;airBaltic;NonCust;0;0;0;0;0;03/27/2026 00:00:00;0.00;;0;;;;
;Calspan;PotCust;0;0;0;0;0;;0.00;;0;;;;
;Boutique Air;PotCust;0;0;0;0;0;;0.00;;0;;;;
;Butler Aircraft;PotCust;0;0;0;0;0;;0.00;;0;;;;
;Bul Air;PotCust;0;0;0;0;0;;0.00;;0;;;;
;ASL (Netherlands);PotCust;0;0;0;0;0;;0.00;;0;;;;
;Baron Aviation Services;PotCust;0;0;0;0;0;;0.00;;0;;;;
;Cayman Bellawings Jet;PotCust;0;0;0;0;0;;0.00;;0;;;;
;Aviation Marketing Group;PotCust;0;0;0;0;0;;0.00;;0;;;;
;(Duplicate) TUI Airways;NonCust;0;0;0;0;0;;0.00;;0;;;;
;Falcon Aviation;PotCust;0;0;0;0;0;;0.00;;0;;;;
;State Aviation Operator;PotCust;0;0;0;0;0;;0.00;;0;;;;
;Atlantic Air Cargo;PotCust;0;0;0;0;0;;0.00;;0;;;;
;Cascade Air;PotCust;0;0;0;0;0;;0.00;;0;;;;
;Catalina Flying Boats;PotCust;0;0;0;0;0;;0.00;;0;;;;
;Casbah AG Aviation;PotCust;0;0;0;0;0;;0.00;;0;;;;
;Air Atlanta Europe;PotCust;0;0;0;0;0;;0.00;;0;;;;
;CC2B (United States of America);PotCust;0;0;0;0;0;;0.00;;0;;;;
;COCO Bahama Seaplanes;PotCust;0;0;0;0;0;;0.00;;0;;;;
;CCC Consolidated Contractors;PotCust;0;0;0;0;0;;0.00;;0;;;;
;Charter Express;PotCust;0;0;0;0;0;;0.00;;0;;;;
;Carter’s Country Aviation;PotCust;0;0;0;0;0;;0.00;;0;;;;
;RAL Capital;PotCust;0;0;0;0;0;;0.00;;0;;;;
;Cranfield University;PotCust;0;0;0;0;0;;0.00;;0;;;;
;Pacific Air Charters;PotCust;0;0;0;0;0;;0.00;;0;;;;
;Royal Canadian Air Force;PotCust;0;0;0;0;0;;0.00;;0;;;;
;Craig Air;PotCust;0;0;0;0;0;;0.00;;0;;;;
;CGG Aviation Canada;PotCust;0;0;0;0;0;;0.00;;0;;;;
;Bringer Air Cargo Táxi Aéreo;PotCust;0;0;0;0;0;;0.00;;0;;;;
;Bemidji Aviation Services;PotCust;0;0;0;0;0;;0.00;;0;;;;
;223rd Flight Unit;Quarantine;0;0;0;0;0;;0.00;;0;;;;
;(Duplicate) CHC Helicopters International;NonCust;0;0;0;0;0;;0.00;;0;;;;
;(Duplicate) Custom Helicopters;NonCust;0;0;0;0;0;;0.00;;0;;;;
;Chair Airlines;PotCust;0;0;0;0;0;;0.00;;0;;;;
;ChevronTexaco Aircraft Operations;PotCust;0;0;0;0;0;;0.00;;0;;;;
;CIACA Airlines;PotCust;0;0;0;0;0;;0.00;;0;;;;
;Lufthansa CityLine;PotCust;0;0;0;0;0;;0.00;;0;;;;
;Collier Mosquito Control District;PotCust;0;0;0;0;0;;0.00;;0;;;;
;Cummins;PotCust;0;0;0;0;0;;0.00;;0;;;;
;Comeravia;PotCust;0;0;0;0;0;;0.00;;0;;;;
;Armada Nacional de Colombia;PotCust;0;0;0;0;0;;0.00;;0;;;;
;Canair;PotCust;0;0;0;0;0;;0.00;;0;;;;
;Chaunceyjet Charter;PotCust;0;0;0;0;0;;0.00;;0;;;;
;Completion Air;PotCust;0;0;0;0;0;;0.00;;0;;;;
;Charlie Papa Ops;PotCust;0;0;0;0;0;;0.00;;0;;;;
;Compass Air;PotCust;0;0;0;0;0;;0.00;;0;;;;
;Congo Presidential Flight;PotCust;0;0;0;0;0;;0.00;;0;;;;
;Corporate Air (United States of America);PotCust;0;0;0;0;0;;0.00;;0;;;;
;Copper Valley Air Service;PotCust;0;0;0;0;0;;0.00;;0;;;;
;Charterlines;PotCust;0;0;0;0;0;;0.00;;0;;;;
;The Flying Bulls;PotCust;0;0;0;0;0;;0.00;;0;;;;
;CSI Aviation Services;PotCust;0;0;0;0;0;;0.00;;0;;;;
;Cosmos Air Cargo;PotCust;0;0;0;0;0;;0.00;;0;;;;
;Central Air Southwest;PotCust;0;0;0;0;0;;0.00;;0;;;;
;Cruzeiro Taxi Aéreo;PotCust;0;0;0;0;0;;0.00;;0;;;;
;Cougar Helicopters (Canada);PotCust;0;0;0;0;0;;0.00;;0;;;;
;Coulson Aviation (Canada);PotCust;0;0;0;0;0;;0.00;;0;;;;
;Caverton Helicopters;PotCust;0;0;0;0;0;;0.00;;0;;;;
;CAE Aviation;PotCust;0;0;0;0;0;;0.00;;0;;;;
;Aerocaribe (Venezuela);PotCust;0;0;0;0;0;;0.00;;0;;;;
;(Duplicate) Conexia Aviation;NonCust;0;0;0;0;0;;0.00;;0;;;;
;CHEXAIR (Bolivia);PotCust;0;0;0;0;0;;0.00;;0;;;;
;Czech Air Force;PotCust;0;0;0;0;0;;0.00;;0;;;;
;Leonardo Aircraft;PotCust;0;0;0;0;0;;0.00;;0;;;;
;Sunrise Dominicana;PotCust;0;0;0;0;0;;0.00;;0;;;;
;LD Services;PotCust;0;0;0;0;0;;0.00;;0;;;;
;Helicopteros Personales;PotCust;0;0;0;0;0;;0.00;;0;;;;
;Carrier Airways;PotCust;0;0;0;0;0;;0.00;;0;;;;
;Lufthansa City Airlines;PotCust;0;0;0;0;0;;0.00;;0;;;;
;Rotec Industries;PotCust;0;0;0;0;0;;0.00;;0;;;;
;(Duplicate) Libyan Express;NonCust;0;0;0;0;0;;0.00;;0;;;;
;D & D Aviation;PotCust;0;0;0;0;0;;0.00;;0;;;;
;Hoahi;PotCust;0;0;0;0;0;;0.00;;0;;;;
;Sundance Air (United States of America);PotCust;0;0;0;0;0;;0.00;;0;;;;
;Ultimate Jet;PotCust;0;0;0;0;0;;0.00;;0;;;;
;Bridges Air Malta;PotCust;0;0;0;0;0;;0.00;;0;;;;
;Skyline Express Airline;PotCust;0;0;0;0;0;;0.00;;0;;;;
;Seafly;PotCust;0;0;0;0;0;;0.00;;0;;;;
;BRA - Braathens Regional Airways;PotCust;0;0;0;0;0;;0.00;;0;;;;
;Zara Airways;PotCust;0;0;0;0;0;;0.00;;0;;;;
;Domestic Airways;PotCust;0;0;0;0;0;;0.00;;0;;;;
;Dash Air Shuttle;PotCust;0;0;0;0;0;;0.00;;0;;;;
;Delcar Express;PotCust;0;0;0;0;0;;0.00;;0;;;;
;Desert Air;PotCust;0;0;0;0;0;;0.00;;0;;;;
;Skydive Deland;PotCust;0;0;0;0;0;;0.00;;0;;;;
;Desert Eagle;PotCust;0;0;0;0;0;;0.00;;0;;;;
;Diamond Aviation (Pennsylvania);PotCust;0;0;0;0;0;;0.00;;0;;;;
;Airbus Defence and Space;PotCust;0;0;0;0;0;;0.00;;0;;;;
;DGA Essais en vol;PotCust;0;0;0;0;0;;0.00;;0;;;;
;Servicios Aéreos de los Andes;PotCust;0;0;0;0;0;;0.00;;0;;;;
;DHL Air (Austria);PotCust;0;0;0;0;0;;0.00;;0;;;;
;De Havilland Aircraft of Canada;PotCust;0;0;0;0;0;;0.00;;0;;;;
;Aerodiana;PotCust;0;0;0;0;0;;0.00;;0;;;;
;Force Aérienne du Djibouti;PotCust;0;0;0;0;0;;0.00;;0;;;;
;DJT Operations;PotCust;0;0;0;0;0;;0.00;;0;;;;
;Dec Linhas Aereas;PotCust;0;0;0;0;0;;0.00;;0;;;;
;Pegasus II;PotCust;0;0;0;0;0;;0.00;;0;;;;
;Domus Airways;PotCust;0;0;0;0;0;;0.00;;0;;;;
;Diamond Aviation;PotCust;0;0;0;0;0;;0.00;;0;;;;
;Air Demerara;PotCust;0;0;0;0;0;;0.00;;0;;;;
;Kingdom Heir Aviation;PotCust;0;0;0;0;0;;0.00;;0;;;;
;Mega Jam Aviation;PotCust;0;0;0;0;0;;0.00;;0;;;;
;Daniel Piraino;PotCust;0;0;0;0;0;;0.00;;0;;;;
;N1 (United States of America);PotCust;0;0;0;0;0;;0.00;;0;;;;
;Gateway Jet;PotCust;0;0;0;0;0;;0.00;;0;;;;
;Dream Flight;PotCust;0;0;0;0;0;;0.00;;0;;;;
;Delbitur;PotCust;0;0;0;0;0;;0.00;;0;;;;
;Air Metro;PotCust;0;0;0;0;0;;0.00;;0;;;;
;Dunview;PotCust;0;0;0;0;0;;0.00;;0;;;;
;W A B Consulting;PotCust;0;0;0;0;0;;0.00;;0;;;;
;Aviation Dynamics;PotCust;0;0;0;0;0;;0.00;;0;;;;
;Backcountry Aviation;PotCust;0;0;0;0;0;;0.00;;0;;;;
;E-3A Component;PotCust;0;0;0;0;0;;0.00;;0;;;;
;Nordic Sky (Malta);PotCust;0;0;0;0;0;;0.00;;0;;;;
;Mirada Manager;PotCust;0;0;0;0;0;;0.00;;0;;;;
;Clic (Colombia);PotCust;0;0;0;0;0;;0.00;;0;;;;
;(Duplicate) Flying Whales Quebec;NonCust;0;0;0;0;0;;0.00;;0;;;;
;LR60-296 Florida Holdings;PotCust;0;0;0;0;0;;0.00;;0;;;;
;247 Service;PotCust;0;0;0;0;0;;0.00;;0;;;;
;Advanta Aviation 3500;PotCust;0;0;0;0;0;;0.00;;0;;;;
;EADS-CASA;PotCust;0;0;0;0;0;;0.00;;0;;;;
;EAA Airventure Museum;PotCust;0;0;0;0;0;;0.00;;0;;;;
;AerSale;PotCust;0;0;0;0;0;;0.00;;0;;;;
;CL Leasing;PotCust;0;0;0;0;0;;0.00;;0;;;;
;Ejército del Aire;PotCust;0;0;0;0;0;;0.00;;0;;;;
;East Coast Flight Services;PotCust;0;0;0;0;0;;0.00;;0;;;;
;Eagle Executive Charter;PotCust;0;0;0;0;0;;0.00;;0;;;;
;Reeve Air Alaska;PotCust;0;0;0;0;0;;0.00;;0;;;;
;Egyptian Air Force;PotCust;0;0;0;0;0;;0.00;;0;;;;
;ETF Airways;PotCust;0;0;0;0;0;;0.00;;0;;;;
;Esercito Italiano;PotCust;0;0;0;0;0;;0.00;;0;;;;
;Aer Lingus (United Kingdom);PotCust;0;0;0;0;0;;0.00;;0;;;;
;New England Airlines;PotCust;0;0;0;0;0;;0.00;;0;;;;
;NetJets Aviation;PotCust;0;0;0;0;0;;0.00;;0;;;;
;EP Aviation;PotCust;0;0;0;0;0;;0.00;;0;;;;
;4 Airways;PotCust;0;0;0;0;0;;0.00;;0;;;;
;Erickson Aviation;PotCust;0;0;0;0;0;;0.00;;0;;;;
;Aeromaster Airways;PotCust;0;0;0;0;0;;0.00;;0;;;;
;ASES - Aero Servicios Especializados;PotCust;0;0;0;0;0;;0.00;;0;;;;
;(Duplicate) Ethiopian Airlines;NonCust;0;0;0;0;0;;0.00;;0;;;;
;Fitzell Aviation Holdings;PotCust;0;0;0;0;0;;0.00;;0;;;;
;Jet Elite MX;PotCust;0;0;0;0;0;;0.00;;0;;;;
;Everett Aviation (Mozambique);PotCust;0;0;0;0;0;;0.00;;0;;;;
;Exploits Valley Air Services (EVAS);PotCust;0;0;0;0;0;;0.00;;0;;;;
;Eurowings Europe (Malta);PotCust;0;0;0;0;0;;0.00;;0;;;;
;Guyane Express Fly;PotCust;0;0;0;0;0;;0.00;;0;;;;
;Exodus Aircraft;PotCust;0;0;0;0;0;;0.00;;0;;;;
;Total Express;PotCust;0;0;0;0;0;;0.00;;0;;;;
;Prime Getaways;PotCust;0;0;0;0;0;;0.00;;0;;;;
;FlyOne (Romania);PotCust;0;0;0;0;0;;0.00;;0;;;;
;João Carlos Ribeiro;PotCust;0;0;0;0;0;;0.00;;0;;;;
;Citation 560;PotCust;0;0;0;0;0;;0.00;;0;;;;
;Fly Air41 Airways;PotCust;0;0;0;0;0;;0.00;;0;;;;
;Century International;PotCust;0;0;0;0;0;;0.00;;0;;;;
;Wings Air;PotCust;0;0;0;0;0;;0.00;;0;;;;
;N44AF;PotCust;0;0;0;0;0;;0.00;;0;;;;
;Gulf Aircraft Sales;PotCust;0;0;0;0;0;;0.00;;0;;;;
;Gary-Williams Company;PotCust;0;0;0;0;0;;0.00;;0;;;;
;ERS Aviation;PotCust;0;0;0;0;0;;0.00;;0;;;;
;Red River Aircraft Leasing;PotCust;0;0;0;0;0;;0.00;;0;;;;
;Executive Travel Air LLC;PotCust;0;0;0;0;0;;0.00;;0;;;;
;Fuerza Aérea de Chile;PotCust;0;0;0;0;0;;0.00;;0;;;;
;Armée de l'Air;PotCust;0;0;0;0;0;;0.00;;0;;;;
;Fuerza Aérea Colombiana;PotCust;0;0;0;0;0;;0.00;;0;;;;
;Fuerza Aérea Mexicana;PotCust;0;0;0;0;0;;0.00;;0;;;;
;Force Aérienne Royale Marocaine;PotCust;0;0;0;0;0;;0.00;;0;;;;
;Fuerza Aérea Uruguaya;PotCust;0;0;0;0;0;;0.00;;0;;;;
;Fabick Cat;PotCust;0;0;0;0;0;;0.00;;0;;;;
;Air Katanga;PotCust;0;0;0;0;0;;0.00;;0;;;;
;Fly-CD;PotCust;0;0;0;0;0;;0.00;;0;;;;
;Federal Customs Service;Quarantine;0;0;0;0;0;;0.00;;0;;;;
;Atlantic Airlines (United States of America);PotCust;0;0;0;0;0;;0.00;;0;;;;
;Fly Eagle;PotCust;0;0;0;0;0;;0.00;;0;;;;
;Fuerza Aérea Ecuatoriana;PotCust;0;0;0;0;0;;0.00;;0;;;;
;Flugfélag Íslands;PotCust;0;0;0;0;0;;0.00;;0;;;;
;Fuerzas Armadas de Guinea Ecuatorial;PotCust;0;0;0;0;0;;0.00;;0;;;;
;FGI Associates;PotCust;0;0;0;0;0;;0.00;;0;;;;
;Flamingo Air;PotCust;0;0;0;0;0;;0.00;;0;;;;
;AirGate Aviation;PotCust;0;0;0;0;0;;0.00;;0;;;;
;Freebird Airlines Europe;PotCust;0;0;0;0;0;;0.00;;0;;;;
;Friday Harbor Seaplanes;PotCust;0;0;0;0;0;;0.00;;0;;;;
;Ferreteria & Implementos San Francisco;PotCust;0;0;0;0;0;;0.00;;0;;;;
;Florida Air Cargo;PotCust;0;0;0;0;0;;0.00;;0;;;;
;Florida Air Transport;PotCust;0;0;0;0;0;;0.00;;0;;;;
;FlyMex;PotCust;0;0;0;0;0;;0.00;;0;;;;
;Finnish Border Guard;PotCust;0;0;0;0;0;;0.00;;0;;;;
;Fuerza Aérea del Perú;PotCust;0;0;0;0;0;;0.00;;0;;;;
;Ford Motor Company;PotCust;0;0;0;0;0;;0.00;;0;;;;
;(Duplicate) Challenge Airlines BE;NonCust;0;0;0;0;0;;0.00;;0;;;;
;Malta Air;PotCust;0;0;0;0;0;;0.00;;0;;;;
;RCM Aviation;PotCust;0;0;0;0;0;;0.00;;0;;;;
;Flightstar;PotCust;0;0;0;0;0;;0.00;;0;;;;
;Fresh Air Aviation;PotCust;0;0;0;0;0;;0.00;;0;;;;
;FlightWorks;PotCust;0;0;0;0;0;;0.00;;0;;;;
;(Duplicate) Flightexec;NonCust;0;0;0;0;0;;0.00;;0;;;;
;Freedom Airline Express (Somalia);PotCust;0;0;0;0;0;;0.00;;0;;;;
;Força Aérea Nacional Angolana;PotCust;0;0;0;0;0;;0.00;;0;;;;
;Go2Sky;PotCust;0;0;0;0;0;;0.00;;0;;;;
;GOL Linhas Aéreas Inteligentes;PotCust;0;0;0;0;0;;0.00;;0;;;;
;Air Cargo Masters;PotCust;0;0;0;0;0;;0.00;;0;;;;
;AirLink Express;PotCust;0;0;0;0;0;;0.00;;0;;;;
;(Duplicate) Airco Aircraft Charters;NonCust;0;0;0;0;0;;0.00;;0;;;;
;Northern Air (Canada);PotCust;0;0;0;0;0;;0.00;;0;;;;
;Marvin Lumber & Cedar;PotCust;0;0;0;0;0;;0.00;;0;;;;
;(Duplicate) Latitude Air Ambulance;NonCust;0;0;0;0;0;;0.00;;0;;;;
;Barrick Goldstrike Mines;PotCust;0;0;0;0;0;;0.00;;0;;;;
;Rescue 383;PotCust;0;0;0;0;0;;0.00;;0;;;;
;Hawker Beechcraft Services;PotCust;0;0;0;0;0;;0.00;;0;;;;
;Lake Clark Air;PotCust;0;0;0;0;0;;0.00;;0;;;;
;PACC Air;PotCust;0;0;0;0;0;;0.00;;0;;;;
;Alaska Air Taxi;PotCust;0;0;0;0;0;;0.00;;0;;;;
;Eastern Air Express (Florida);PotCust;0;0;0;0;0;;0.00;;0;;;;
;SkyDive4Fun;PotCust;0;0;0;0;0;;0.00;;0;;;;
;Aerodynamics Worldwide;PotCust;0;0;0;0;0;;0.00;;0;;;;
;Chilean Army Aero Club;PotCust;0;0;0;0;0;;0.00;;0;;;;
;Big Island Air;PotCust;0;0;0;0;0;;0.00;;0;;;;
;Sky Atlantic US;PotCust;0;0;0;0;0;;0.00;;0;;;;
;Ghenus Air;PotCust;0;0;0;0;0;;0.00;;0;;;;
;Inter Drop Zone;PotCust;0;0;0;0;0;;0.00;;0;;;;
;Savi Air;PotCust;0;0;0;0;0;;0.00;;0;;;;
;SKYhigh Dominicana;PotCust;0;0;0;0;0;;0.00;;0;;;;
;Global Aviation Operations;PotCust;0;0;0;0;0;;0.00;;0;;;;
;Force Aérienne de Burkina Faso;PotCust;0;0;0;0;0;;0.00;;0;;;;
;GlobalX;PotCust;0;0;0;0;0;;0.00;;0;;;;
;Solenta Aviation Gabon;PotCust;0;0;0;0;0;;0.00;;0;;;;
;Gulf Coast Airways;PotCust;0;0;0;0;0;;0.00;;0;;;;
;Guyana Defence Force;PotCust;0;0;0;0;0;;0.00;;0;;;;
;G4 Enterprises;PotCust;0;0;0;0;0;;0.00;;0;;;;
;Lufthansa Cargo;PotCust;0;0;0;0;0;;0.00;;0;;;;
;GreenTech de Venezuela;PotCust;0;0;0;0;0;;0.00;;0;;;;
;Minera del Altiplano;PotCust;0;0;0;0;0;;0.00;;0;;;;
;Bath & Body Works;PotCust;0;0;0;0;0;;0.00;;0;;;;
;Ghana Air Force;PotCust;0;0;0;0;0;;0.00;;0;;;;
;Amentum;PotCust;0;0;0;0;0;;0.00;;0;;;;
;My Flight;PotCust;0;0;0;0;0;;0.00;;0;;;;
;Air Ghana;PotCust;0;0;0;0;0;;0.00;;0;;;;
;WestAir Charter;PotCust;0;0;0;0;0;;0.00;;0;;;;
;Yakovlev;Quarantine;0;0;0;0;0;;0.00;;0;;;;
;Air Cahana;PotCust;0;0;0;0;0;;0.00;;0;;;;
;Global Jet Aruba;PotCust;0;0;0;0;0;;0.00;;0;;;;
;Critical Care Transport Services;PotCust;0;0;0;0;0;;0.00;;0;;;;
;Elit'Avia International;PotCust;0;0;0;0;0;;0.00;;0;;;;
;Taxis Aéreos AeroRex;PotCust;0;0;0;0;0;;0.00;;0;;;;
;(Duplicate) Discover Airlines;NonCust;0;0;0;0;0;;0.00;;0;;;;
;(Duplicate) Gulf Island Seaplanes;NonCust;0;0;0;0;0;;0.00;;0;;;;
;JetSMART Colombia;PotCust;0;0;0;0;0;;0.00;;0;;;;
;General Motors;PotCust;0;0;0;0;0;;0.00;;0;;;;
;Aeroservicios Gama;PotCust;0;0;0;0;0;;0.00;;0;;;;
;Nortom Corporation;PotCust;0;0;0;0;0;;0.00;;0;;;;
;Force Aérienne Gabonaise;PotCust;0;0;0;0;0;;0.00;;0;;;;
;Escadrille Nationale du Niger;PotCust;0;0;0;0;0;;0.00;;0;;;;
;SIM Air;PotCust;0;0;0;0;0;;0.00;;0;;;;
;Fly Galápagos;PotCust;0;0;0;0;0;;0.00;;0;;;;
;SwiftPac;PotCust;0;0;0;0;0;;0.00;;0;;;;
;Redding Jet Center;PotCust;0;0;0;0;0;;0.00;;0;;;;
;Gulfstar Air Charters;PotCust;0;0;0;0;0;;0.00;;0;;;;
;CM Air;PotCust;0;0;0;0;0;;0.00;;0;;;;
;(Duplicate) Great Slave Helicopters;NonCust;0;0;0;0;0;;0.00;;0;;;;
;Citadel Group;PotCust;0;0;0;0;0;;0.00;;0;;;;
;Global SuperTanker Services;PotCust;0;0;0;0;0;;0.00;;0;;;;
;(Duplicate) Geotech Aviation;NonCust;0;0;0;0;0;;0.00;;0;;;;
;G Jets;PotCust;0;0;0;0;0;;0.00;;0;;;;
;Mach Point Private Air;PotCust;0;0;0;0;0;;0.00;;0;;;;
;Golden Wings Charter (Bahamas);PotCust;0;0;0;0;0;;0.00;;0;;;;
;GlobalX Colombia;PotCust;0;0;0;0;0;;0.00;;0;;;;
;Air Guyana;PotCust;0;0;0;0;0;;0.00;;0;;;;
;Guyana Airways;PotCust;0;0;0;0;0;;0.00;;0;;;;
;Hellenic Air Force;PotCust;0;0;0;0;0;;0.00;;0;;;;
;Halliburton Group;PotCust;0;0;0;0;0;;0.00;;0;;;;
;Howe Bros Enterprises;PotCust;0;0;0;0;0;;0.00;;0;;;;
;Helicópteros de Guatemala;PotCust;0;0;0;0;0;;0.00;;0;;;;
;Helicol;PotCust;0;0;0;0;0;;0.00;;0;;;;
;Hi Fly Malta;PotCust;0;0;0;0;0;;0.00;;0;;;;
;Papillon Airways;PotCust;0;0;0;0;0;;0.00;;0;;;;
;Hilcorp Alaska;PotCust;0;0;0;0;0;;0.00;;0;;;;
;Superior Aviation;PotCust;0;0;0;0;0;;0.00;;0;;;;
;Hawk Air;PotCust;0;0;0;0;0;;0.00;;0;;;;
;Inversiones Hucaven;PotCust;0;0;0;0;0;;0.00;;0;;;;
;Gelix Airlines;Quarantine;0;0;0;0;0;;0.00;;0;;;;
;Helicopter Operations Mexico;PotCust;0;0;0;0;0;;0.00;;0;;;;
;CM Airlines;PotCust;0;0;0;0;0;;0.00;;0;;;;
;Hopscotch Air;PotCust;0;0;0;0;0;;0.00;;0;;;;
;Air Charter;PotCust;0;0;0;0;0;;0.00;;0;;;;
;(Duplicate) HiSky Europe;NonCust;0;0;0;0;0;;0.00;;0;;;;
;U.S. Jet Aviation (Pennsylvania);PotCust;0;0;0;0;0;;0.00;;0;;;;
;Historic Flight Foundation;PotCust;0;0;0;0;0;;0.00;;0;;;;
;HiSky;PotCust;0;0;0;0;0;;0.00;;0;;;;
;Helitec;PotCust;0;0;0;0;0;;0.00;;0;;;;
;Hualalai II;PotCust;0;0;0;0;0;;0.00;;0;;;;
;HW Aviation;PotCust;0;0;0;0;0;;0.00;;0;;;;
;Trans North Aviation;PotCust;0;0;0;0;0;;0.00;;0;;;;
;Holiday Air (Costa Rica);PotCust;0;0;0;0;0;;0.00;;0;;;;
;Alpha Aircraft;PotCust;0;0;0;0;0;;0.00;;0;;;;
;Island Air Express;PotCust;0;0;0;0;0;;0.00;;0;;;;
;Aquarius Aviation II;PotCust;0;0;0;0;0;;0.00;;0;;;;
;CalvinAir Helicopters;PotCust;0;0;0;0;0;;0.00;;0;;;;
;Island Air Charters;PotCust;0;0;0;0;0;;0.00;;0;;;;
;Aeronautica Militare Italiana;PotCust;0;0;0;0;0;;0.00;;0;;;;
;International Air Response;PotCust;0;0;0;0;0;;0.00;;0;;;;
;(Duplicate) Iberia;NonCust;0;0;0;0;0;;0.00;;0;;;;
;International Bank of Commerce;PotCust;0;0;0;0;0;;0.00;;0;;;;
;Iberojet (Dominican Republic);PotCust;0;0;0;0;0;;0.00;;0;;;;
;Landhelgisgaezlan;PotCust;0;0;0;0;0;;0.00;;0;;;;
;Agilis Leasing;PotCust;0;0;0;0;0;;0.00;;0;;;;
;Icar Air;PotCust;0;0;0;0;0;;0.00;;0;;;;
;IDG (Cayman Islands);PotCust;0;0;0;0;0;;0.00;;0;;;;
;IFG Properties;PotCust;0;0;0;0;0;;0.00;;0;;;;
;i-Fly Air;PotCust;0;0;0;0;0;;0.00;;0;;;;
;Guardia Costiera;PotCust;0;0;0;0;0;;0.00;;0;;;;
;(Duplicate) Alpine Lakes Air;NonCust;0;0;0;0;0;;0.00;;0;;;;
;MWWMMWM;PotCust;0;0;0;0;0;;0.00;;0;;;;
;Inter Island Charters (Bahamas);PotCust;0;0;0;0;0;;0.00;;0;;;;
;Air Inter Island;PotCust;0;0;0;0;0;;0.00;;0;;;;
;Ikar (Russian Federation);Quarantine;0;0;0;0;0;;0.00;;0;;;;
;Armée de l'Air de la République du Congo;PotCust;0;0;0;0;0;;0.00;;0;;;;
;Ilyushin Design Bureau;Quarantine;0;0;0;0;0;;0.00;;0;;;;
;Imetame Group;PotCust;0;0;0;0;0;;0.00;;0;;;;
;Airborne Imaging;PotCust;0;0;0;0;0;;0.00;;0;;;;
;Zimex Aviation Austria;PotCust;0;0;0;0;0;;0.00;;0;;;;
;Inversiones Manduca;PotCust;0;0;0;0;0;;0.00;;0;;;;
;Irmãos Passaúra;PotCust;0;0;0;0;0;;0.00;;0;;;;
;(Duplicate) Inland Air Charters;NonCust;0;0;0;0;0;;0.00;;0;;;;
;Celso Fries;PotCust;0;0;0;0;0;;0.00;;0;;;;
;Island Air (Cayman Islands);PotCust;0;0;0;0;0;;0.00;;0;;;;
;Island Airways;PotCust;0;0;0;0;0;;0.00;;0;;;;
;Aire Express;PotCust;0;0;0;0;0;;0.00;;0;;;;
;CITGO Petroleum;PotCust;0;0;0;0;0;;0.00;;0;;;;
;FLITE Air Taxi;PotCust;0;0;0;0;0;;0.00;;0;;;;
;Indiana University Foundation;PotCust;0;0;0;0;0;;0.00;;0;;;;
;Fogelman Properties;PotCust;0;0;0;0;0;;0.00;;0;;;;
;Cloud Eleven;PotCust;0;0;0;0;0;;0.00;;0;;;;
;Izhavia;Quarantine;0;0;0;0;0;;0.00;;0;;;;
;Vivid Aviation;PotCust;0;0;0;0;0;;0.00;;0;;;;
;Crown Air;PotCust;0;0;0;0;0;;0.00;;0;;;;
;AM & JB Corp;PotCust;0;0;0;0;0;;0.00;;0;;;;
;HTG Falcon;PotCust;0;0;0;0;0;;0.00;;0;;;;
;Piers Acquisitions;PotCust;0;0;0;0;0;;0.00;;0;;;;
;North Star Trust Company;PotCust;0;0;0;0;0;;0.00;;0;;;;
;Tait Aviation;PotCust;0;0;0;0;0;;0.00;;0;;;;
;SRPB (United States of America);PotCust;0;0;0;0;0;;0.00;;0;;;;
;Northwestern Air;PotCust;0;0;0;0;0;;0.00;;0;;;;
;Airjet Services;PotCust;0;0;0;0;0;;0.00;;0;;;;
;Cabo Express (Delaware);PotCust;0;0;0;0;0;;0.00;;0;;;;
;330AM Holding;PotCust;0;0;0;0;0;;0.00;;0;;;;
;(Duplicate) Buffalo Airways;NonCust;0;0;0;0;0;;0.00;;0;;;;
;Namedropper Aviation;PotCust;0;0;0;0;0;;0.00;;0;;;;
;Map Transport;PotCust;0;0;0;0;0;;0.00;;0;;;;
;Greenstone Acquisitions;PotCust;0;0;0;0;0;;0.00;;0;;;;
;CCCNJ F2000-169;PotCust;0;0;0;0;0;;0.00;;0;;;;
;Alaska Seaplanes;PotCust;0;0;0;0;0;;0.00;;0;;;;
;AV13 (United States of America);PotCust;0;0;0;0;0;;0.00;;0;;;;
;BLM Aviation;PotCust;0;0;0;0;0;;0.00;;0;;;;
;KA Equipment Leasing;PotCust;0;0;0;0;0;;0.00;;0;;;;
;Wetzel Aviation;PotCust;0;0;0;0;0;;0.00;;0;;;;
;Capital Holdings 133;PotCust;0;0;0;0;0;;0.00;;0;;;;
;Artis 1;PotCust;0;0;0;0;0;;0.00;;0;;;;
;Acme International Services;PotCust;0;0;0;0;0;;0.00;;0;;;;
;MT 7 Aircraft;PotCust;0;0;0;0;0;;0.00;;0;;;;
;Kelby Acquisitions;PotCust;0;0;0;0;0;;0.00;;0;;;;
;Valo Acquisitions;PotCust;0;0;0;0;0;;0.00;;0;;;;
;Cégep Édouard-Montpetit;PotCust;0;0;0;0;0;;0.00;;0;;;;
;Higher Cause;PotCust;0;0;0;0;0;;0.00;;0;;;;
;Hedy Acquisitions;PotCust;0;0;0;0;0;;0.00;;0;;;;
;Kito Acquisitions;PotCust;0;0;0;0;0;;0.00;;0;;;;
;Jerry Conway;PotCust;0;0;0;0;0;;0.00;;0;;;;
;SF1 Group;PotCust;0;0;0;0;0;;0.00;;0;;;;
;Zulu Lima;PotCust;0;0;0;0;0;;0.00;;0;;;;
;Sagar Acquisitions;PotCust;0;0;0;0;0;;0.00;;0;;;;
;Blitzen Air 238;PotCust;0;0;0;0;0;;0.00;;0;;;;
;JEM Investments;PotCust;0;0;0;0;0;;0.00;;0;;;;
;H4T (United States of America);PotCust;0;0;0;0;0;;0.00;;0;;;;
;307PS (United States of America);PotCust;0;0;0;0;0;;0.00;;0;;;;
;DRL Enterprises;PotCust;0;0;0;0;0;;0.00;;0;;;;
;Schweizer Luftwaffe;PotCust;0;0;0;0;0;;0.00;;0;;;;
;Junkanoo Air;PotCust;0;0;0;0;0;;0.00;;0;;;;
;FirstMerit Credit Services;PotCust;0;0;0;0;0;;0.00;;0;;;;
;Johnson Controls;PotCust;0;0;0;0;0;;0.00;;0;;;;
;Lance Toland Associates;PotCust;0;0;0;0;0;;0.00;;0;;;;
;SundAir;Customer via;0;0;0;0;0;12/06/2025 00:00:00;0.00;;0;;;;
;Joss (Aruba);PotCust;0;0;0;0;0;;0.00;;0;;;;
;Applied N America Insurance Brokerage;PotCust;0;0;0;0;0;;0.00;;0;;;;
;Channic;PotCust;0;0;0;0;0;;0.00;;0;;;;
;P & G Investments;PotCust;0;0;0;0;0;;0.00;;0;;;;
;Key Bank;PotCust;0;0;0;0;0;;0.00;;0;;;;
;Aviation Material & Support;PotCust;0;0;0;0;0;;0.00;;0;;;;
;JR Motorsports;PotCust;0;0;0;0;0;;0.00;;0;;;;
;JRW Aviation;PotCust;0;0;0;0;0;;0.00;;0;;;;
;JetSMART Perú;PotCust;0;0;0;0;0;;0.00;;0;;;;
;Waterside Aircraft Sales;PotCust;0;0;0;0;0;;0.00;;0;;;;
;Tennessee Jet Aircraft Sales;PotCust;0;0;0;0;0;;0.00;;0;;;;
;Dassault Air;PotCust;0;0;0;0;0;;0.00;;0;;;;
;Jetlite Air;PotCust;0;0;0;0;0;;0.00;;0;;;;
;Jato Aerotáxi;PotCust;0;0;0;0;0;;0.00;;0;;;;
;Jubba Airways;PotCust;0;0;0;0;0;;0.00;;0;;;;
;Juliet Romeo Aviation;PotCust;0;0;0;0;0;;0.00;;0;;;;
;Parker Aircraft Sales;PotCust;0;0;0;0;0;;0.00;;0;;;;
;Zipline Express;PotCust;0;0;0;0;0;;0.00;;0;;;;
;Dalila Aero;PotCust;0;0;0;0;0;;0.00;;0;;;;
;interCaribbean Airways (Dominican Republic);PotCust;0;0;0;0;0;;0.00;;0;;;;
;TAECA Cargo;PotCust;0;0;0;0;0;;0.00;;0;;;;
;Falcon 146 Holding;PotCust;0;0;0;0;0;;0.00;;0;;;;
;Sitrex Comercio e Representacao Comercial;PotCust;0;0;0;0;0;;0.00;;0;;;;
;Easton Flying Partners;PotCust;0;0;0;0;0;;0.00;;0;;;;
;Bolla Aircraft;PotCust;0;0;0;0;0;;0.00;;0;;;;
;University of Notre Dame du Lac;PotCust;0;0;0;0;0;;0.00;;0;;;;
;C.A.H. Aircraft Sales;PotCust;0;0;0;0;0;;0.00;;0;;;;
;Custom Home Aviation;PotCust;0;0;0;0;0;;0.00;;0;;;;
;Clyde Federal Savings and Loan Association;PotCust;0;0;0;0;0;;0.00;;0;;;;
;Taquan Air;PotCust;0;0;0;0;0;;0.00;;0;;;;
;Mellon National Leasing;PotCust;0;0;0;0;0;;0.00;;0;;;;
;Standard Fittings;PotCust;0;0;0;0;0;;0.00;;0;;;;
;Don Tidwell Aircraft Sales;PotCust;0;0;0;0;0;;0.00;;0;;;;
;Arkansas Aviation Sales;PotCust;0;0;0;0;0;;0.00;;0;;;;
;(Duplicate) Kamaka Air;NonCust;0;0;0;0;0;;0.00;;0;;;;
;Kapowsin Air Sports;PotCust;0;0;0;0;0;;0.00;;0;;;;
;Provincia de Santiago del Estero;PotCust;0;0;0;0;0;;0.00;;0;;;;
;Avia Carriers (USA);PotCust;0;0;0;0;0;;0.00;;0;;;;
;Blue Heron Aviation (United States of America);PotCust;0;0;0;0;0;;0.00;;0;;;;
;Kustbevakningsflyget;PotCust;0;0;0;0;0;;0.00;;0;;;;
;Private Jet Charter;PotCust;0;0;0;0;0;;0.00;;0;;;;
;20319;PotCust;0;0;0;0;0;;0.00;;0;;;;
;Kenya Air Force;PotCust;0;0;0;0;0;;0.00;;0;;;;
;FlyCemAir Canada;PotCust;0;0;0;0;0;;0.00;;0;;;;
;ACLC (United States of America);PotCust;0;0;0;0;0;;0.00;;0;;;;
;Alexa Air Charters;PotCust;0;0;0;0;0;;0.00;;0;;;;
;Allworld Aviation International;PotCust;0;0;0;0;0;;0.00;;0;;;;
;American Aircraft International Sales;PotCust;0;0;0;0;0;;0.00;;0;;;;
;Klaret Aviation;PotCust;0;0;0;0;0;;0.00;;0;;;;
;Bakers MF;PotCust;0;0;0;0;0;;0.00;;0;;;;
;Armada de Chile;PotCust;0;0;0;0;0;;0.00;;0;;;;
;Alaska Central Express;PotCust;0;0;0;0;0;;0.00;;0;;;;
;Catbird Acquisitions;PotCust;0;0;0;0;0;;0.00;;0;;;;
;KrasAvia;Quarantine;0;0;0;0;0;;0.00;;0;;;;
;Air Kasai;PotCust;0;0;0;0;0;;0.00;;0;;;;
;(Duplicate) Kisik Aerial Survey;NonCust;0;0;0;0;0;;0.00;;0;;;;
;SAEP (Colombia);PotCust;0;0;0;0;0;;0.00;;0;;;;
;Kata Air;PotCust;0;0;0;0;0;;0.00;;0;;;;
;Omnijet Jet Trading;PotCust;0;0;0;0;0;;0.00;;0;;;;
;Sky Team Aviator;PotCust;0;0;0;0;0;;0.00;;0;;;;
;Delaware Challenger Operations;PotCust;0;0;0;0;0;;0.00;;0;;;;
;EA Aircraft Sales & Exchanges;PotCust;0;0;0;0;0;;0.00;;0;;;;
;SkyBus Cargo Charters;PotCust;0;0;0;0;0;;0.00;;0;;;;
;Easy Leasing;PotCust;0;0;0;0;0;;0.00;;0;;;;
;EPC Aircraft Sales;PotCust;0;0;0;0;0;;0.00;;0;;;;
;Evergreen Trading Falcon 900EX S-N 110;PotCust;0;0;0;0;0;;0.00;;0;;;;
;Evergreen Trading Falcon 900EX S-N 013;PotCust;0;0;0;0;0;;0.00;;0;;;;
;Executive Jets of Pty;PotCust;0;0;0;0;0;;0.00;;0;;;;
;Falco Industries;PotCust;0;0;0;0;0;;0.00;;0;;;;
;Falcon 2000EX 101;PotCust;0;0;0;0;0;;0.00;;0;;;;
;Falcon 55;PotCust;0;0;0;0;0;;0.00;;0;;;;
;Falcon Aircraft Acquisitions;PotCust;0;0;0;0;0;;0.00;;0;;;;
;Falcon Flyer 379;PotCust;0;0;0;0;0;;0.00;;0;;;;
;Falcon Jet Leasing;PotCust;0;0;0;0;0;;0.00;;0;;;;
;Falcon N426ST;PotCust;0;0;0;0;0;;0.00;;0;;;;
;Fifth Avenue Aviation;PotCust;0;0;0;0;0;;0.00;;0;;;;
;DHL de Guatemala;PotCust;0;0;0;0;0;;0.00;;0;;;;
;Freja Acquisitions;PotCust;0;0;0;0;0;;0.00;;0;;;;
;GavCorp;PotCust;0;0;0;0;0;;0.00;;0;;;;
;L3Harris Technologies;PotCust;0;0;0;0;0;;0.00;;0;;;;
;Gent Acquisitions;PotCust;0;0;0;0;0;;0.00;;0;;;;
;GT Services;PotCust;0;0;0;0;0;;0.00;;0;;;;
;Ozark Air Lines;PotCust;0;0;0;0;0;;0.00;;0;;;;
;(Duplicate) Air Antilles;NonCust;0;0;0;0;0;;0.00;;0;;;;
;KM Malta Airlines;PotCust;0;0;0;0;0;;0.00;;0;;;;
;Hines Hill Aviation;PotCust;0;0;0;0;0;;0.00;;0;;;;
;Ivory Coast Air Force;PotCust;0;0;0;0;0;;0.00;;0;;;;
;Bristow US;PotCust;0;0;0;0;0;;0.00;;0;;;;
;Yute Commuter Service;PotCust;0;0;0;0;0;;0.00;;0;;;;
;Jones Girls;PotCust;0;0;0;0;0;;0.00;;0;;;;
;LASER Aéro Colombia;PotCust;0;0;0;0;0;;0.00;;0;;;;
;Lee County Mosquito Control District;PotCust;0;0;0;0;0;;0.00;;0;;;;
;LC3 Falcon;PotCust;0;0;0;0;0;;0.00;;0;;;;
;Laparkan Airlines;PotCust;0;0;0;0;0;;0.00;;0;;;;
;Leading Edge Aviation Services;PotCust;0;0;0;0;0;;0.00;;0;;;;
;Liberty Falcon;PotCust;0;0;0;0;0;;0.00;;0;;;;
;Libyan Air Force;PotCust;0;0;0;0;0;;0.00;;0;;;;
;Bouloc Skydive;PotCust;0;0;0;0;0;;0.00;;0;;;;
;MS Falcon;PotCust;0;0;0;0;0;;0.00;;0;;;;
;Life Air;PotCust;0;0;0;0;0;;0.00;;0;;;;
;Los Villes Ranch;PotCust;0;0;0;0;0;;0.00;;0;;;;
;Mach Acquisitions;PotCust;0;0;0;0;0;;0.00;;0;;;;
;Maverick Air;PotCust;0;0;0;0;0;;0.00;;0;;;;
;MB Aircraft Acquisitions;PotCust;0;0;0;0;0;;0.00;;0;;;;
;Medford Leasing;PotCust;0;0;0;0;0;;0.00;;0;;;;
;Light Flight Airlines;PotCust;0;0;0;0;0;;0.00;;0;;;;
;(Duplicate) Fly Lili;NonCust;0;0;0;0;0;;0.00;;0;;;;
;MFS International of Nebraska;PotCust;0;0;0;0;0;;0.00;;0;;;;
;MFW Aeronautics;PotCust;0;0;0;0;0;;0.00;;0;;;;
;Link Air Charter;PotCust;0;0;0;0;0;;0.00;;0;;;;
;Mid-States Leasing;PotCust;0;0;0;0;0;;0.00;;0;;;;
;Midwest Aircraft Sales;PotCust;0;0;0;0;0;;0.00;;0;;;;
;ARALL - Aerolíneas Llaneras;PotCust;0;0;0;0;0;;0.00;;0;;;;
;Corporate Air;PotCust;0;0;0;0;0;;0.00;;0;;;;
;Aereo Transporte La Montana;PotCust;0;0;0;0;0;;0.00;;0;;;;
;Lanhsa Airlines;PotCust;0;0;0;0;0;;0.00;;0;;;;
;Landry's;PotCust;0;0;0;0;0;;0.00;;0;;;;
;LIMA NY;PotCust;0;0;0;0;0;;0.00;;0;;;;
;My Air Holdings;PotCust;0;0;0;0;0;;0.00;;0;;;;
;N115KG;PotCust;0;0;0;0;0;;0.00;;0;;;;
;Logistic Air;PotCust;0;0;0;0;0;;0.00;;0;;;;
;LATAM Airlines Perú;PotCust;0;0;0;0;0;;0.00;;0;;;;
;National Leasing Company;PotCust;0;0;0;0;0;;0.00;;0;;;;
;CanaryFly (Duplet);PotCust;0;0;0;0;0;;0.00;;0;;;;
;Lionel Air;PotCust;0;0;0;0;0;;0.00;;0;;;;
;Nighthawk Aviation;PotCust;0;0;0;0;0;;0.00;;0;;;;
;(Duplicate) Liard Air;NonCust;0;0;0;0;0;;0.00;;0;;;;
;Oxley Acquisitions;PotCust;0;0;0;0;0;;0.00;;0;;;;
;LaPerù;PotCust;0;0;0;0;0;;0.00;;0;;;;
;LASSA - Linea de Aeroservicios;PotCust;0;0;0;0;0;;0.00;;0;;;;
;Alticor Aviation;PotCust;0;0;0;0;0;;0.00;;0;;;;
;Blue Airlines (Argentina);PotCust;0;0;0;0;0;;0.00;;0;;;;
;Potrico;PotCust;0;0;0;0;0;;0.00;;0;;;;
;(Duplicate) LEVEL;NonCust;0;0;0;0;0;;0.00;;0;;;;
;Las Vegas Sands;PotCust;0;0;0;0;0;;0.00;;0;;;;
;Air Peace Caribbean;PotCust;0;0;0;0;0;;0.00;;0;;;;
;Regions Commercial Equipment Finance;PotCust;0;0;0;0;0;;0.00;;0;;;;
;Swiss;PotCust;0;0;0;0;0;;0.00;;0;;;;
;LatinX;PotCust;0;0;0;0;0;;0.00;;0;;;;
;RJH Wings;PotCust;0;0;0;0;0;;0.00;;0;;;;
;Roberts Trading;PotCust;0;0;0;0;0;;0.00;;0;;;;
;Roston Aviation;PotCust;0;0;0;0;0;;0.00;;0;;;;
;Maersk Air Cargo UK;PotCust;0;0;0;0;0;;0.00;;0;;;;
;Liz Aviation;PotCust;0;0;0;0;0;;0.00;;0;;;;
;Sigma Equity;PotCust;0;0;0;0;0;;0.00;;0;;;;
;Sunrise Airlines Millon Ex;PotCust;0;0;0;0;0;;0.00;;0;;;;
;Kenmore Air;PotCust;0;0;0;0;0;;0.00;;0;;;;
;UJS - Universal Jet Sales;PotCust;0;0;0;0;0;;0.00;;0;;;;
;Viva (Mexico);PotCust;0;0;0;0;0;;0.00;;0;;;;
;Vance & Engles Aircraft Brokers;PotCust;0;0;0;0;0;;0.00;;0;;;;
;Volare Acquisitions;PotCust;0;0;0;0;0;;0.00;;0;;;;
;Weiss Special Operations;PotCust;0;0;0;0;0;;0.00;;0;;;;
;Dena’ina Air;PotCust;0;0;0;0;0;;0.00;;0;;;;
;Sky Aviation (United States of America);PotCust;0;0;0;0;0;;0.00;;0;;;;
;Mali Air Force;PotCust;0;0;0;0;0;;0.00;;0;;;;
;Airmax Cargo;PotCust;0;0;0;0;0;;0.00;;0;;;;
;AeroCaribe Air Charter;PotCust;0;0;0;0;0;;0.00;;0;;;;
;Sunshine Air Costa Rica;PotCust;0;0;0;0;0;;0.00;;0;;;;
;Motor Sich Airlines;PotCust;0;0;0;0;0;;0.00;;0;;;;
;MAG Aerospace;PotCust;0;0;0;0;0;;0.00;;0;;;;
;MP Aviation;PotCust;0;0;0;0;0;;0.00;;0;;;;
;Opel Investments;PotCust;0;0;0;0;0;;0.00;;0;;;;
;Minera Barrick Misquichilca;PotCust;0;0;0;0;0;;0.00;;0;;;;
;Marbyia Investments;PotCust;0;0;0;0;0;;0.00;;0;;;;
;(Duplicate) Trans Caribbean Air;NonCust;0;0;0;0;0;;0.00;;0;;;;
;Mauritius Coast Guard;PotCust;0;0;0;0;0;;0.00;;0;;;;
;MCHS Rossii;Quarantine;0;0;0;0;0;;0.00;;0;;;;
;Air Evac Lifeteam;PotCust;0;0;0;0;0;;0.00;;0;;;;
;Med-Trans Air Medical Transport;PotCust;0;0;0;0;0;;0.00;;0;;;;
;REACH Air Medical Services;PotCust;0;0;0;0;0;;0.00;;0;;;;
;Eagle Air Med;PotCust;0;0;0;0;0;;0.00;;0;;;;
;Hawaii Life Flight;PotCust;0;0;0;0;0;;0.00;;0;;;;
;Gallup Med Flight;PotCust;0;0;0;0;0;;0.00;;0;;;;
;Valley Med Flight;PotCust;0;0;0;0;0;;0.00;;0;;;;
;McNeely Charter Service;PotCust;0;0;0;0;0;;0.00;;0;;;;
;Alaska Regional LifeFlight;PotCust;0;0;0;0;0;;0.00;;0;;;;
;MountainStar AirCare;PotCust;0;0;0;0;0;;0.00;;0;;;;
;Wiregrass Life Flight;PotCust;0;0;0;0;0;;0.00;;0;;;;
;Merlin Airways;PotCust;0;0;0;0;0;;0.00;;0;;;;
;Misty Fjords Air;PotCust;0;0;0;0;0;;0.00;;0;;;;
;Missionary Flights International;PotCust;0;0;0;0;0;;0.00;;0;;;;
;Mizzou Aviation;PotCust;0;0;0;0;0;;0.00;;0;;;;
;Crystopher Fries;PotCust;0;0;0;0;0;;0.00;;0;;;;
;Magyar Légiero;PotCust;0;0;0;0;0;;0.00;;0;;;;
;MHI RJ Aviation;PotCust;0;0;0;0;0;;0.00;;0;;;;
;Aerodiva;PotCust;0;0;0;0;0;;0.00;;0;;;;
;Cutter Southwest Aircraft Sales;PotCust;0;0;0;0;0;;0.00;;0;;;;
;Maritime Helicopters;PotCust;0;0;0;0;0;;0.00;;0;;;;
;Aero - Mapiex Aero;PotCust;0;0;0;0;0;;0.00;;0;;;;
;Air Majoro;PotCust;0;0;0;0;0;;0.00;;0;;;;
;MidAmerica Jet;PotCust;0;0;0;0;0;;0.00;;0;;;;
;Transpotes Aeronauticos Del Bajio;PotCust;0;0;0;0;0;;0.00;;0;;;;
;McKee Foods Transportation;PotCust;0;0;0;0;0;;0.00;;0;;;;
;Makers Air;PotCust;0;0;0;0;0;;0.00;;0;;;;
;Markz Jet;PotCust;0;0;0;0;0;;0.00;;0;;;;
;AAR Airlift;PotCust;0;0;0;0;0;;0.00;;0;;;;
;Manaus Aerotáxi;PotCust;0;0;0;0;0;;0.00;;0;;;;
;Aeroamanacer;PotCust;0;0;0;0;0;;0.00;;0;;;;
;MAP Linhas Aéreas;PotCust;0;0;0;0;0;;0.00;;0;;;;
;Ontario MNR Aviation Services;PotCust;0;0;0;0;0;;0.00;;0;;;;
;Montserrat Airways;PotCust;0;0;0;0;0;;0.00;;0;;;;
;Million Air Interlink;PotCust;0;0;0;0;0;;0.00;;0;;;;
;Dione Air;PotCust;0;0;0;0;0;;0.00;;0;;;;
;Martinaire Aviation;PotCust;0;0;0;0;0;;0.00;;0;;;;
;Minera San Cristóbal;PotCust;0;0;0;0;0;;0.00;;0;;;;
;MSP Recovery Aviation Ops;PotCust;0;0;0;0;0;;0.00;;0;;;;
;Missinippi Airways;PotCust;0;0;0;0;0;;0.00;;0;;;;
;Metrojets (United States of America);PotCust;0;0;0;0;0;;0.00;;0;;;;
;Aeromet;PotCust;0;0;0;0;0;;0.00;;0;;;;
;Montex Drilling;PotCust;0;0;0;0;0;;0.00;;0;;;;
;ST Air Services;PotCust;0;0;0;0;0;;0.00;;0;;;;
;Mavi Gök Airlines;PotCust;0;0;0;0;0;;0.00;;0;;;;
;Movil Air;PotCust;0;0;0;0;0;;0.00;;0;;;;
;Maya Island Air;PotCust;0;0;0;0;0;;0.00;;0;;;;
;FlyFast;PotCust;0;0;0;0;0;;0.00;;0;;;;
;Aero Jomacha;PotCust;0;0;0;0;0;;0.00;;0;;;;
;Ft. Mitchell Construction;PotCust;0;0;0;0;0;;0.00;;0;;;;
;Ministry of Internal Affairs (Russian Federation);Quarantine;0;0;0;0;0;;0.00;;0;;;;
;SmartLynx Airlines Estonia;PotCust;0;0;0;0;0;;0.00;;0;;;;
;Equipment Financing;PotCust;0;0;0;0;0;;0.00;;0;;;;
;Servicio Aeronaval de la Marina Peruana;PotCust;0;0;0;0;0;;0.00;;0;;;;
;Naysa;PotCust;0;0;0;0;0;;0.00;;0;;;;
;Chrono Aviation;PotCust;0;0;0;0;0;;0.00;;0;;;;
;Round Room;PotCust;0;0;0;0;0;;0.00;;0;;;;
;Jet Support Services;PotCust;0;0;0;0;0;;0.00;;0;;;;
;(Duplicate) Xejet;NonCust;0;0;0;0;0;;0.00;;0;;;;
;Anglo American Mining;PotCust;0;0;0;0;0;;0.00;;0;;;;
;Northrop Grumman;PotCust;0;0;0;0;0;;0.00;;0;;;;
;Nigerian Air Force;PotCust;0;0;0;0;0;;0.00;;0;;;;
;(Duplicate) Nakina Air;NonCust;0;0;0;0;0;;0.00;;0;;;;
;Nella Airlines Bolivia;PotCust;0;0;0;0;0;;0.00;;0;;;;
;Neos Air;PotCust;0;0;0;0;0;;0.00;;0;;;;
;Nord Aviation;PotCust;0;0;0;0;0;;0.00;;0;;;;
;(Duplicate) Air Nootka;NonCust;0;0;0;0;0;;0.00;;0;;;;
;Norwegian Air Shuttle AOC;PotCust;0;0;0;0;0;;0.00;;0;;;;
;Northpark Aviation;PotCust;0;0;0;0;0;;0.00;;0;;;;
;Norwegian Air Sweden AOC;PotCust;0;0;0;0;0;;0.00;;0;;;;
;NordStar;Quarantine;0;0;0;0;0;;0.00;;0;;;;
;Northern Thunderbird Air;PotCust;0;0;0;0;0;;0.00;;0;;;;
;Hum Air 33;PotCust;0;0;0;0;0;;0.00;;0;;;;
;Servicio Nacional Aeronaval;PotCust;0;0;0;0;0;;0.00;;0;;;;
;Finnish Air Force;PotCust;0;0;0;0;0;;0.00;;0;;;;
;Northway Aviation;PotCust;0;0;0;0;0;;0.00;;0;;;;
;Inter American Exportadora Overseas;PotCust;0;0;0;0;0;;0.00;;0;;;;
;Next Century Air;PotCust;0;0;0;0;0;;0.00;;0;;;;
;Internac;PotCust;0;0;0;0;0;;0.00;;0;;;;
;JSM (United States of America);PotCust;0;0;0;0;0;;0.00;;0;;;;
;(Duplicate) Magnifica Air;NonCust;0;0;0;0;0;;0.00;;0;;;;
;Kinleyco Ventures;PotCust;0;0;0;0;0;;0.00;;0;;;;
;UAC United Aircraft Corporation;Quarantine;0;0;0;0;0;;0.00;;0;;;;
;Iberojet (Portugal);PotCust;0;0;0;0;0;;0.00;;0;;;;
;Primero Transportes Aéreos;PotCust;0;0;0;0;0;;0.00;;0;;;;
;Occidental Petroleum;PotCust;0;0;0;0;0;;0.00;;0;;;;
;Lauda Europe;PotCust;0;0;0;0;0;;0.00;;0;;;;
;Leyna Fries;PotCust;0;0;0;0;0;;0.00;;0;;;;
;Orbis;PotCust;0;0;0;0;0;;0.00;;0;;;;
;Plane Aviaton;PotCust;0;0;0;0;0;;0.00;;0;;;;
;flyOriole;PotCust;0;0;0;0;0;;0.00;;0;;;;
;Maria Gertrudes Fries;PotCust;0;0;0;0;0;;0.00;;0;;;;
;Coptervision;PotCust;0;0;0;0;0;;0.00;;0;;;;
;Osprey Wings;PotCust;0;0;0;0;0;;0.00;;0;;;;
;Applied Medical Technology;PotCust;0;0;0;0;0;;0.00;;0;;;;
;Mireylle Fries;PotCust;0;0;0;0;0;;0.00;;0;;;;
;Yuri A. Gagarin Cosmonaut Training Center;Quarantine;0;0;0;0;0;;0.00;;0;;;;
;Nelvo Fries;PotCust;0;0;0;0;0;;0.00;;0;;;;
;Phenom Holdings 495;PotCust;0;0;0;0;0;;0.00;;0;;;;
;Priority Air Charter;PotCust;0;0;0;0;0;;0.00;;0;;;;
;Policía Nacional Colombiana;PotCust;0;0;0;0;0;;0.00;;0;;;;
;(Duplicate) ConocoPhillips Aviation Alaska;NonCust;0;0;0;0;0;;0.00;;0;;;;
;Paradigm Jet Management;PotCust;0;0;0;0;0;;0.00;;0;;;;
;ConocoPhillips Aviation;PotCust;0;0;0;0;0;;0.00;;0;;;;
;Parachutisme Adrénaline;PotCust;0;0;0;0;0;;0.00;;0;;;;
;PDVSA - Petróleos de Venezuela;PotCust;0;0;0;0;0;;0.00;;0;;;;
;Penobscot Island Air;PotCust;0;0;0;0;0;;0.00;;0;;;;
;Petroecuador;PotCust;0;0;0;0;0;;0.00;;0;;;;
;Guardia National;PotCust;0;0;0;0;0;;0.00;;0;;;;
;Pro Flight Air;PotCust;0;0;0;0;0;;0.00;;0;;;;
;Pathfinder Aviation;PotCust;0;0;0;0;0;;0.00;;0;;;;
;Policía Federal Argentina;PotCust;0;0;0;0;0;;0.00;;0;;;;
;Pacifica de Aviación;PotCust;0;0;0;0;0;;0.00;;0;;;;
;R.J. Grad Aviation;PotCust;0;0;0;0;0;;0.00;;0;;;;
;Pegasus Air;PotCust;0;0;0;0;0;;0.00;;0;;;;
;Pharmair;PotCust;0;0;0;0;0;;0.00;;0;;;;
;Duncan Aviation;PotCust;0;0;0;0;0;;0.00;;0;;;;
;Phoenix Air Transport;PotCust;0;0;0;0;0;;0.00;;0;;;;
;Pineapple Air;PotCust;0;0;0;0;0;;0.00;;0;;;;
;Air Saint-Pierre;PotCust;0;0;0;0;0;;0.00;;0;;;;
;Sierra West Airlines;PotCust;0;0;0;0;0;;0.00;;0;;;;
;Placar Linhas Aéreas;PotCust;0;0;0;0;0;;0.00;;0;;;;
;Aero Perú;PotCust;0;0;0;0;0;;0.00;;0;;;;
;Polar Airlines;Quarantine;0;0;0;0;0;;0.00;;0;;;;
;Playboy;PotCust;0;0;0;0;0;;0.00;;0;;;;
;Tropic Air;PotCust;0;0;0;0;0;;0.00;;0;;;;
;Riester;PotCust;0;0;0;0;0;;0.00;;0;;;;
;Planemasters;PotCust;0;0;0;0;0;;0.00;;0;;;;
;(Duplicate) Polar Air Cargo;NonCust;0;0;0;0;0;;0.00;;0;;;;
;Parallel Express;PotCust;0;0;0;0;0;;0.00;;0;;;;
;SkyUp MT;PotCust;0;0;0;0;0;;0.00;;0;;;;
;Priority Air;PotCust;0;0;0;0;0;;0.00;;0;;;;
;Prescott Support;PotCust;0;0;0;0;0;;0.00;;0;;;;
;Parachute School of Toronto;PotCust;0;0;0;0;0;;0.00;;0;;;;
;Path Corporation;PotCust;0;0;0;0;0;;0.00;;0;;;;
;Povitryani Syly Ukrayiny;PotCust;0;0;0;0;0;;0.00;;0;;;;
;St. Barth Commuter;PotCust;0;0;0;0;0;;0.00;;0;;;;
;Privaira;PotCust;0;0;0;0;0;;0.00;;0;;;;
;(Duplicate) Private Wings;NonCust;0;0;0;0;0;;0.00;;0;;;;
;Polska Wojska Lotnicze i Obrony Powietrznej;PotCust;0;0;0;0;0;;0.00;;0;;;;
;Pecotox-Air;Customer via;0;0;0;0;0;08/03/2026 00:00:00;0.00;;0;;;;
;PuppySpot Aviation;PotCust;0;0;0;0;0;;0.00;;0;;;;
;Aeropanamericano;PotCust;0;0;0;0;0;;0.00;;0;;;;
;LATAM Airlines Paraguay;PotCust;0;0;0;0;0;;0.00;;0;;;;
;40-Mile Air;PotCust;0;0;0;0;0;;0.00;;0;;;;
;BJU Educational Group;PotCust;0;0;0;0;0;;0.00;;0;;;;
;Conquest Air Cargo;PotCust;0;0;0;0;0;;0.00;;0;;;;
;Queen Bee Air Specialties;PotCust;0;0;0;0;0;;0.00;;0;;;;
;Air Class Líneas Aéreas;PotCust;0;0;0;0;0;;0.00;;0;;;;
;Global Airways;PotCust;0;0;0;0;0;;0.00;;0;;;;
;Volo Airways Dominicana;PotCust;0;0;0;0;0;;0.00;;0;;;;
;Moskowitz Law Group;PotCust;0;0;0;0;0;;0.00;;0;;;;
;(Duplicate) Hungary Airlines;NonCust;0;0;0;0;0;;0.00;;0;;;;
;(Duplicate) Ascend Airways;NonCust;0;0;0;0;0;;0.00;;0;;;;
;avianca cargo;PotCust;0;0;0;0;0;;0.00;;0;;;;
;(Duplicate) FLYYO;NonCust;0;0;0;0;0;;0.00;;0;;;;
;Texas Industries;PotCust;0;0;0;0;0;;0.00;;0;;;;
;Sony Corporation of America;PotCust;0;0;0;0;0;;0.00;;0;;;;
;AHSC - American Hospital Supply Corporation;PotCust;0;0;0;0;0;;0.00;;0;;;;
;Ambassador College;PotCust;0;0;0;0;0;;0.00;;0;;;;
;Island Aviation (United States of America);PotCust;0;0;0;0;0;;0.00;;0;;;;
;Eastern Air Express (Texas);PotCust;0;0;0;0;0;;0.00;;0;;;;
;(Duplicate) Air Master;NonCust;0;0;0;0;0;;0.00;;0;;;;
;(Duplicate) Kangala Air Express;NonCust;0;0;0;0;0;;0.00;;0;;;;
;Jet Sky Airways;PotCust;0;0;0;0;0;;0.00;;0;;;;
;Camejo Táxi Aéreo;PotCust;0;0;0;0;0;;0.00;;0;;;;
;UrbanX;PotCust;0;0;0;0;0;;0.00;;0;;;;
;Lynx Medical Transport;PotCust;0;0;0;0;0;;0.00;;0;;;;
;Comercial Aerea;PotCust;0;0;0;0;0;;0.00;;0;;;;
;Santo Domingo de Aviación (SADOAVI);PotCust;0;0;0;0;0;;0.00;;0;;;;
;Ward Transformer;PotCust;0;0;0;0;0;;0.00;;0;;;;
;Tam Taxi Aereo Marilia;PotCust;0;0;0;0;0;;0.00;;0;;;;
;Raeford Aviation;PotCust;0;0;0;0;0;;0.00;;0;;;;
;Remote Area Medical;PotCust;0;0;0;0;0;;0.00;;0;;;;
;Rio Branco Taxi Aéreo;PotCust;0;0;0;0;0;;0.00;;0;;;;
;Air Cape Cod;PotCust;0;0;0;0;0;;0.00;;0;;;;
;Republica de Guinea Ecuatorial;PotCust;0;0;0;0;0;;0.00;;0;;;;
;Roscosmos;Quarantine;0;0;0;0;0;;0.00;;0;;;;
;Rada Airlines;PotCust;0;0;0;0;0;;0.00;;0;;;;
;République du Mali;PotCust;0;0;0;0;0;;0.00;;0;;;;
;Red Air;PotCust;0;0;0;0;0;;0.00;;0;;;;
;Great West Steel;PotCust;0;0;0;0;0;;0.00;;0;;;;
;Butler Gas Products;PotCust;0;0;0;0;0;;0.00;;0;;;;
;Sersan Taxi Aéreo;PotCust;0;0;0;0;0;;0.00;;0;;;;
;Voyennaya Transportnaya Aviatsiya;Quarantine;0;0;0;0;0;;0.00;;0;;;;
;Republic Flight Lines;PotCust;0;0;0;0;0;;0.00;;0;;;;
;(Duplicate) Cygnus Air;NonCust;0;0;0;0;0;;0.00;;0;;;;
;Rogers Helicopters;PotCust;0;0;0;0;0;;0.00;;0;;;;
;IRHE - Instituto de Recursos Hidráulicos y Electrificación;PotCust;0;0;0;0;0;;0.00;;0;;;;
;J & L Properties;PotCust;0;0;0;0;0;;0.00;;0;;;;
;RusJet;Quarantine;0;0;0;0;0;;0.00;;0;;;;
;OneClick Airways;PotCust;0;0;0;0;0;;0.00;;0;;;;
;UrbanLink;PotCust;0;0;0;0;0;;0.00;;0;;;;
;Zoom!;PotCust;0;0;0;0;0;;0.00;;0;;;;
;Amas Brasil;PotCust;0;0;0;0;0;;0.00;;0;;;;
;Rocky Mountain Airways;PotCust;0;0;0;0;0;;0.00;;0;;;;
;Royal Netherlands Air Force;PotCust;0;0;0;0;0;;0.00;;0;;;;
;Airborne Services Global;PotCust;0;0;0;0;0;;0.00;;0;;;;
;Robinson Air Crane;PotCust;0;0;0;0;0;;0.00;;0;;;;
;Air Care;PotCust;0;0;0;0;0;;0.00;;0;;;;
;Air Canada rouge;PotCust;0;0;0;0;0;;0.00;;0;;;;
;Proimport Brasil;PotCust;0;0;0;0;0;;0.00;;0;;;;
;Renaissance Res;PotCust;0;0;0;0;0;;0.00;;0;;;;
;Royal Pacific Air;PotCust;0;0;0;0;0;;0.00;;0;;;;
;AerCaribe Perú;PotCust;0;0;0;0;0;;0.00;;0;;;;
;Rep-Air Aviation;PotCust;0;0;0;0;0;;0.00;;0;;;;
;Aerocord;PotCust;0;0;0;0;0;;0.00;;0;;;;
;SLO Rossiya;Quarantine;0;0;0;0;0;;0.00;;0;;;;
;Russair;Quarantine;0;0;0;0;0;;0.00;;0;;;;
;RWB Aviation;PotCust;0;0;0;0;0;;0.00;;0;;;;
;Royal Canadian Airlines;PotCust;0;0;0;0;0;;0.00;;0;;;;
;Ryanair UK;PotCust;0;0;0;0;0;;0.00;;0;;;;
;SANSA - Servicios Aéreos Nacionales;PotCust;0;0;0;0;0;;0.00;;0;;;;
;Ritz-Carlton Grand Cayman;PotCust;0;0;0;0;0;;0.00;;0;;;;
;Native American Air Ambulance;PotCust;0;0;0;0;0;;0.00;;0;;;;
;Juan Gerardo Rodriguez Garcia;PotCust;0;0;0;0;0;;0.00;;0;;;;
;Adventure Air;PotCust;0;0;0;0;0;;0.00;;0;;;;
;D.A. (Mexico);PotCust;0;0;0;0;0;;0.00;;0;;;;
;San Antonio AirLIFE;PotCust;0;0;0;0;0;;0.00;;0;;;;
;(Duplicate) Skydive Arizona;NonCust;0;0;0;0;0;;0.00;;0;;;;
;Suburban Air Freight;PotCust;0;0;0;0;0;;0.00;;0;;;;
;Seaborne Virgin Islands;NonCust;0;0;0;0;0;;0.00;;0;;;07/10/2025 00:00:00;Bankruptcy
;Scaife - Flight Operations;PotCust;0;0;0;0;0;;0.00;;0;;;;
;Sécurité Civile;PotCust;0;0;0;0;0;;0.00;;0;;;;
;Sunshine Coast Air;PotCust;0;0;0;0;0;;0.00;;0;;;;
;Sky Air (Chad);PotCust;0;0;0;0;0;;0.00;;0;;;;
;TAR México;PotCust;0;0;0;0;0;;0.00;;0;;;;
;Sundance Helicopters;PotCust;0;0;0;0;0;;0.00;;0;;;;
;SADELCA - Sociedad Aérea del Caqueta;PotCust;0;0;0;0;0;;0.00;;0;;;;
;Skydive Elsinore;PotCust;0;0;0;0;0;;0.00;;0;;;;
;SELVA - Servicios Aéreos del Vaupes;PotCust;0;0;0;0;0;;0.00;;0;;;;
;Star Dynamics Aviation;PotCust;0;0;0;0;0;;0.00;;0;;;;
;SEB Investments;PotCust;0;0;0;0;0;;0.00;;0;;;;
;Seair Seaplanes;PotCust;0;0;0;0;0;;0.00;;0;;;;
;(Duplicate) Suncor Energy;NonCust;0;0;0;0;0;;0.00;;0;;;;
;Starflite International;PotCust;0;0;0;0;0;;0.00;;0;;;;
;SAFIRE;PotCust;0;0;0;0;0;;0.00;;0;;;;
;SITM (Bermuda);PotCust;0;0;0;0;0;;0.00;;0;;;;
;(Duplicate) Starlink Aviation;NonCust;0;0;0;0;0;;0.00;;0;;;;
;SkyWay Enterprises;PotCust;0;0;0;0;0;;0.00;;0;;;;
;Sandy Lake Seaplane Service;PotCust;0;0;0;0;0;;0.00;;0;;;;
;Solenta Aviation Côte d'Ivoire;PotCust;0;0;0;0;0;;0.00;;0;;;;
;Samaritan's Purse;PotCust;0;0;0;0;0;;0.00;;0;;;;
;Snowshoe Air;PotCust;0;0;0;0;0;;0.00;;0;;;;
;Línea Aérea SINAMI;PotCust;0;0;0;0;0;;0.00;;0;;;;
;Solinair Ltd.;PotCust;0;0;0;0;0;;0.00;;0;;;;
;Thompson SPE;PotCust;0;0;0;0;0;;0.00;;0;;;;
;Aero Specialists;PotCust;0;0;0;0;0;;0.00;;0;;;;
;SPS Air;PotCust;0;0;0;0;0;;0.00;;0;;;;
;Star Air (South Africa);PotCust;0;0;0;0;0;;0.00;;0;;;;
;St Tammany Parish Mosquito Abatement District;PotCust;0;0;0;0;0;;0.00;;0;;;;
;SASCA - Servicios Aeronauticos Sucre;PotCust;0;0;0;0;0;;0.00;;0;;;;
;Slovak Government Flying Service;PotCust;0;0;0;0;0;;0.00;;0;;;;
;Stratolaunch Systems;PotCust;0;0;0;0;0;;0.00;;0;;;;
;SANTA Línea Aérea;PotCust;0;0;0;0;0;;0.00;;0;;;;
;Steele Aviation;PotCust;0;0;0;0;0;;0.00;;0;;;;
;Starling Aviation;PotCust;0;0;0;0;0;;0.00;;0;;;;
;Aviair Aviation;PotCust;0;0;0;0;0;;0.00;;0;;;;
;Skydive Venezuela;PotCust;0;0;0;0;0;;0.00;;0;;;;
;Swiflite Aircraft;PotCust;0;0;0;0;0;;0.00;;0;;;;
;Swala Aviation;PotCust;0;0;0;0;0;;0.00;;0;;;;
;SETE Táxi Aéreo;PotCust;0;0;0;0;0;;0.00;;0;;;;
;AvA Airways (Sint Maarten);PotCust;0;0;0;0;0;;0.00;;0;;;;
;Sioux Narrows Airways;PotCust;0;0;0;0;0;;0.00;;0;;;;
;SXM Airways;PotCust;0;0;0;0;0;;0.00;;0;;;;
;Sanya Airways;PotCust;0;0;0;0;0;;0.00;;0;;;;
;Slate Falls Airways;PotCust;0;0;0;0;0;;0.00;;0;;;;
;Skydive Sebastian;PotCust;0;0;0;0;0;;0.00;;0;;;;
;Skywings;PotCust;0;0;0;0;0;;0.00;;0;;;;
;Tunisavia;PotCust;0;0;0;0;0;;0.00;;0;;;;
;(Duplicate) ASL Airlines Belgium;NonCust;0;0;0;0;0;;0.00;;0;;;;
;TBM (United States of America);PotCust;0;0;0;0;0;;0.00;;0;;;;
;Transporte Aéreo de Colombia;PotCust;0;0;0;0;0;;0.00;;0;;;;
;Coastal Air Transport;PotCust;0;0;0;0;0;;0.00;;0;;;;
;Aerotecnica;PotCust;0;0;0;0;0;;0.00;;0;;;;
;Aerotucán;PotCust;0;0;0;0;0;;0.00;;0;;;;
;Tupolev Design Bureau;Quarantine;0;0;0;0;0;;0.00;;0;;;;
;Dnamic;PotCust;0;0;0;0;0;;0.00;;0;;;;
;Air Tejas;PotCust;0;0;0;0;0;;0.00;;0;;;;
;TUI fly (Netherlands);PotCust;0;0;0;0;0;;0.00;;0;;;;
;Aeropacifico;PotCust;0;0;0;0;0;;0.00;;0;;;;
COM14638;Tanzania Government Flight Agency (TGFA);Testing;0;0;0;0;0;;0.00;;0;;;;
;Transport Canada;PotCust;0;0;0;0;0;;0.00;;0;;;;
;Trans Guyana Airways;PotCust;0;0;0;0;0;;0.00;;0;;;;
;Force Aérienne Tchadienne;PotCust;0;0;0;0;0;;0.00;;0;;;;
;Trans Island Airways;PotCust;0;0;0;0;0;;0.00;;0;;;;
;Thalair;PotCust;0;0;0;0;0;;0.00;;0;;;;
;Talkeetna Air Taxi;PotCust;0;0;0;0;0;;0.00;;0;;;;
;Transmandu;PotCust;0;0;0;0;0;;0.00;;0;;;;
;Tranaca;PotCust;0;0;0;0;0;;0.00;;0;;;;
;TransNorthern Aviation;PotCust;0;0;0;0;0;;0.00;;0;;;;
;(Duplicate) Tropic Ocean Airways;NonCust;0;0;0;0;0;;0.00;;0;;;;
;Tofino Air Lines;PotCust;0;0;0;0;0;;0.00;;0;;;;
;Talos Aviation;PotCust;0;0;0;0;0;;0.00;;0;;;;
;Tropix-Air;PotCust;0;0;0;0;0;;0.00;;0;;;;
;(Duplicate) TAP Air Portugal;NonCust;0;0;0;0;0;;0.00;;0;;;;
;Transaer Peru;PotCust;0;0;0;0;0;;0.00;;0;;;;
;SAETA Servicios Aereos Tarapoto;PotCust;0;0;0;0;0;;0.00;;0;;;;
;GBA Holdings;PotCust;0;0;0;0;0;;0.00;;0;;;;
;Transportes San Francisco;PotCust;0;0;0;0;0;;0.00;;0;;;;
;Intensive Air Ambulance;PotCust;0;0;0;0;0;;0.00;;0;;;;
;Tropical Transport Services;PotCust;0;0;0;0;0;;0.00;;0;;;;
;224th Flight Unit;Quarantine;0;0;0;0;0;;0.00;;0;;;;
;Tudor Investment;PotCust;0;0;0;0;0;;0.00;;0;;;;
;TUI fly Nordic;PotCust;0;0;0;0;0;;0.00;;0;;;;
;Türk Hava Kuvvetleri;PotCust;0;0;0;0;0;;0.00;;0;;;;
;Türk Deniz Kuvvetleri;PotCust;0;0;0;0;0;;0.00;;0;;;;
;Smartwings (Slovakia);PotCust;0;0;0;0;0;;0.00;;0;;;;
;Titan Aviation San Marino;PotCust;0;0;0;0;0;;0.00;;0;;;;
;Air Caraibes;PotCust;0;0;0;0;0;;0.00;;0;;;;
;ASTA - America do Sul Táxi Aéreo;PotCust;0;0;0;0;0;;0.00;;0;;;;
;Taxi Aéreo de Caldas;PotCust;0;0;0;0;0;;0.00;;0;;;;
;Textron Aviation;PotCust;0;0;0;0;0;;0.00;;0;;;;
;Toyota de Venezuela;PotCust;0;0;0;0;0;;0.00;;0;;;;
;Rainbow Air;PotCust;0;0;0;0;0;;0.00;;0;;;;
;Jetco (United States of America);PotCust;0;0;0;0;0;;0.00;;0;;;;
;Aircraft Investments;PotCust;0;0;0;0;0;;0.00;;0;;;;
;(Duplicate) easyJet Europe;NonCust;0;0;0;0;0;;0.00;;0;;;;
;easyJet UK;PotCust;0;0;0;0;0;;0.00;;0;;;;
;Universal Air;PotCust;0;0;0;0;0;;0.00;;0;;;;
;UPS Flight Forward;PotCust;0;0;0;0;0;;0.00;;0;;;;
;(Duplicate) Auric Air;NonCust;0;0;0;0;0;;0.00;;0;;;;
;Utility Aviation;PotCust;0;0;0;0;0;;0.00;;0;;;;
;Ukraine Air Alliance;PotCust;0;0;0;0;0;;0.00;;0;;;;
;United States National Nuclear Security Administration;PotCust;0;0;0;0;0;;0.00;;0;;;;
;CJet Aviation;PotCust;0;0;0;0;0;;0.00;;0;;;;
;United States Air Force;PotCust;0;0;0;0;0;;0.00;;0;;;;
;United States Forest Service Aviation;PotCust;0;0;0;0;0;;0.00;;0;;;;
;USGlobal Airways;PotCust;0;0;0;0;0;;0.00;;0;;;;
;United States Department of Homeland Security;PotCust;0;0;0;0;0;;0.00;;0;;;;
;United States Department of Justice;PotCust;0;0;0;0;0;;0.00;;0;;;;
;Usal (Bermuda);PotCust;0;0;0;0;0;;0.00;;0;;;;
;United States Navy;PotCust;0;0;0;0;0;;0.00;;0;;;;
;United States Department of State;PotCust;0;0;0;0;0;;0.00;;0;;;;
;United States Special Operations Command;PotCust;0;0;0;0;0;;0.00;;0;;;;
;United States Air Force Special Operations Command;PotCust;0;0;0;0;0;;0.00;;0;;;;
;(duplicate) Air Austral;NonCust;0;0;0;0;0;;0.00;;0;;;;
;Conviasa Regional;PotCust;0;0;0;0;0;;0.00;;0;;;;
;Vivarella Adminstração e Participações;PotCust;0;0;0;0;0;;0.00;;0;;;;
;Vensecar Internacional;PotCust;0;0;0;0;0;;0.00;;0;;;;
;Tiger Jet Sales & Leasing;PotCust;0;0;0;0;0;;0.00;;0;;;;
;Lock Haven Aircraft Sales;PotCust;0;0;0;0;0;;0.00;;0;;;;
;N865ND;PotCust;0;0;0;0;0;;0.00;;0;;;;
;William T. Pascoe III;PotCust;0;0;0;0;0;;0.00;;0;;;;
;Iliamna Air Taxi;PotCust;0;0;0;0;0;;0.00;;0;;;;
;VFS Financing;PotCust;0;0;0;0;0;;0.00;;0;;;;
;BS Airlines Supply;PotCust;0;0;0;0;0;;0.00;;0;;;;
;Vale (Brazil);PotCust;0;0;0;0;0;;0.00;;0;;;;
;August B. Doppes;PotCust;0;0;0;0;0;;0.00;;0;;;;
;(Duplicate) Sterling Airways;NonCust;0;0;0;0;0;;0.00;;0;;;;
;Jet Source;PotCust;0;0;0;0;0;;0.00;;0;;;;
;Vieques Air Link;PotCust;0;0;0;0;0;;0.00;;0;;;;
;Vegas Jet;PotCust;0;0;0;0;0;;0.00;;0;;;;
;Volaris Guatemala;PotCust;0;0;0;0;0;;0.00;;0;;;;
;Aviac;PotCust;0;0;0;0;0;;0.00;;0;;;;
;Indy Jet Partners;PotCust;0;0;0;0;0;;0.00;;0;;;;
;VI Airlink;PotCust;0;0;0;0;0;;0.00;;0;;;;
;Mercantile-Safe Deposit & Trust;PotCust;0;0;0;0;0;;0.00;;0;;;;
;Valletta Airlines;PotCust;0;0;0;0;0;;0.00;;0;;;;
;VLU (Mexico);PotCust;0;0;0;0;0;;0.00;;0;;;;
;Voyenno-Morskoy Flot Rossii;Quarantine;0;0;0;0;0;;0.00;;0;;;;
;Vee Neal Aviation;PotCust;0;0;0;0;0;;0.00;;0;;;;
;Vive Perú;PotCust;0;0;0;0;0;;0.00;;0;;;;
;Vera Cruz Táxi Aéreo;PotCust;0;0;0;0;0;;0.00;;0;;;;
;Verseil Jet;PotCust;0;0;0;0;0;;0.00;;0;;;;
;Delta November;PotCust;0;0;0;0;0;;0.00;;0;;;;
;Air Bravo;PotCust;0;0;0;0;0;;0.00;;0;;;;
;Via Única Linhas Aéreas;PotCust;0;0;0;0;0;;0.00;;0;;;;
;Skydive Midwest;PotCust;0;0;0;0;0;;0.00;;0;;;;
;Voyenno-Vozdushnye Sily Rossii;Quarantine;0;0;0;0;0;;0.00;;0;;;;
;Frontera Flight Holdings;PotCust;0;0;0;0;0;;0.00;;0;;;;
;Sea & Air Sales;PotCust;0;0;0;0;0;;0.00;;0;;;;
;Ramla Acquisitions;PotCust;0;0;0;0;0;;0.00;;0;;;;
;AC Sales & Investments;PotCust;0;0;0;0;0;;0.00;;0;;;;
;World 2 Fly;PotCust;0;0;0;0;0;;0.00;;0;;;;
;World2Fly (Portugal);PotCust;0;0;0;0;0;;0.00;;0;;;;
;Pro Aviation;PotCust;0;0;0;0;0;;0.00;;0;;;;
;Aircraft Sales International;PotCust;0;0;0;0;0;;0.00;;0;;;;
;Southeast Jet Sales;PotCust;0;0;0;0;0;;0.00;;0;;;;
;Albatross Aircraft Sales;PotCust;0;0;0;0;0;;0.00;;0;;;;
;Yola Trading;PotCust;0;0;0;0;0;;0.00;;0;;;;
;Western Air Express;PotCust;0;0;0;0;0;;0.00;;0;;;;
;Western Airways;PotCust;0;0;0;0;0;;0.00;;0;;;;
;Isleña Airlines;PotCust;0;0;0;0;0;;0.00;;0;;;;
;Weltall-Avia;Quarantine;0;0;0;0;0;;0.00;;0;;;;
;ECSL III;PotCust;0;0;0;0;0;;0.00;;0;;;;
;Rodney Robertson;PotCust;0;0;0;0;0;;0.00;;0;;;;
;Alianza Inversora;PotCust;0;0;0;0;0;;0.00;;0;;;;
;Wings Airways;PotCust;0;0;0;0;0;;0.00;;0;;;;
;Wiggins Airways;PotCust;0;0;0;0;0;;0.00;;0;;;;
;White;PotCust;0;0;0;0;0;;0.00;;0;;;;
;Venezolana de Coberturas;PotCust;0;0;0;0;0;;0.00;;0;;;;
;Robert Wayne Spears;PotCust;0;0;0;0;0;;0.00;;0;;;;
;San Juan Airlines;PotCust;0;0;0;0;0;;0.00;;0;;;;
;Chase Lincoln First Bank;PotCust;0;0;0;0;0;;0.00;;0;;;;
;Express Messenger Systems;PotCust;0;0;0;0;0;;0.00;;0;;;;
;Allan Gardiner;PotCust;0;0;0;0;0;;0.00;;0;;;;
;Security Pacific;PotCust;0;0;0;0;0;;0.00;;0;;;;
;Bankamerica;PotCust;0;0;0;0;0;;0.00;;0;;;;
;Alpha One Flight Service;PotCust;0;0;0;0;0;;0.00;;0;;;;
;Ec13 Producoes;PotCust;0;0;0;0;0;;0.00;;0;;;;
;Wilderness Seaplanes;PotCust;0;0;0;0;0;;0.00;;0;;;;
;Westlock Holdings;PotCust;0;0;0;0;0;;0.00;;0;;;;
;ER Patrimonio Activo;PotCust;0;0;0;0;0;;0.00;;0;;;;
;J.R. Tompkinson;PotCust;0;0;0;0;0;;0.00;;0;;;;
;(Duplicate) Waltzing Matilda Aviation;NonCust;0;0;0;0;0;;0.00;;0;;;;
;Franks Casing Crew & Rental;PotCust;0;0;0;0;0;;0.00;;0;;;;
;Wrangell Mountain Air;PotCust;0;0;0;0;0;;0.00;;0;;;;
;Banco del Buen Ayre;PotCust;0;0;0;0;0;;0.00;;0;;;;
;S.P.X.;PotCust;0;0;0;0;0;;0.00;;0;;;;
;W.D. 2 Associates;PotCust;0;0;0;0;0;;0.00;;0;;;;
;BMC (United States of America);PotCust;0;0;0;0;0;;0.00;;0;;;;
;Michael Fromstein;PotCust;0;0;0;0;0;;0.00;;0;;;;
;Eagle Asphalt;PotCust;0;0;0;0;0;;0.00;;0;;;;
;Amarillo National Bank;PotCust;0;0;0;0;0;;0.00;;0;;;;
;Mealey Acquisitions;PotCust;0;0;0;0;0;;0.00;;0;;;;
;Igreja Apostólica Plenitude do Trono de Deus;PotCust;0;0;0;0;0;;0.00;;0;;;;
;JWM Acquisition Associates;PotCust;0;0;0;0;0;;0.00;;0;;;;
;Wings over Kississing;PotCust;0;0;0;0;0;;0.00;;0;;;;
;Commandair;PotCust;0;0;0;0;0;;0.00;;0;;;;
;Randy S. Robinson;PotCust;0;0;0;0;0;;0.00;;0;;;;
;Quake Group;PotCust;0;0;0;0;0;;0.00;;0;;;;
;First National Bank of Boston;PotCust;0;0;0;0;0;;0.00;;0;;;;
;747JB (United States of America);PotCust;0;0;0;0;0;;0.00;;0;;;;
;Windrose Airlines;PotCust;0;0;0;0;0;;0.00;;0;;;;
;Ward Air;PotCust;0;0;0;0;0;;0.00;;0;;;;
;One Aviation;PotCust;0;0;0;0;0;;0.00;;0;;;;
;Les Schwab Warehouse Center;PotCust;0;0;0;0;0;;0.00;;0;;;;
;Seguranca Taxi Aéreo;PotCust;0;0;0;0;0;;0.00;;0;;;;
;Tristar Aviation Management Nevada;PotCust;0;0;0;0;0;;0.00;;0;;;;
;P & M Leasing;PotCust;0;0;0;0;0;;0.00;;0;;;;
;KRN Aviation;PotCust;0;0;0;0;0;;0.00;;0;;;;
;World Travel;PotCust;0;0;0;0;0;;0.00;;0;;;;
;Antonio Velazquez Cruz;PotCust;0;0;0;0;0;;0.00;;0;;;;
;Western Aviators;PotCust;0;0;0;0;0;;0.00;;0;;;;
;Mana Participações;PotCust;0;0;0;0;0;;0.00;;0;;;;
;Centennial Holdings Capital;PotCust;0;0;0;0;0;;0.00;;0;;;;
;Messenger International;PotCust;0;0;0;0;0;;0.00;;0;;;;
;Trigon Services;PotCust;0;0;0;0;0;;0.00;;0;;;;
;Benjamin Trapero Bustamente;PotCust;0;0;0;0;0;;0.00;;0;;;;
;Rod Davis;PotCust;0;0;0;0;0;;0.00;;0;;;;
;Direccion General De Aeronautica Civil (Chile);PotCust;0;0;0;0;0;;0.00;;0;;;;
;Drug Plastics & Glass;PotCust;0;0;0;0;0;;0.00;;0;;;;
;Edward C. Allred;PotCust;0;0;0;0;0;;0.00;;0;;;;
;Cuencana Airlines;PotCust;0;0;0;0;0;;0.00;;0;;;;
;Felix Air;PotCust;0;0;0;0;0;;0.00;;0;;;;
;Empresa Geral de Obras;PotCust;0;0;0;0;0;;0.00;;0;;;;
;Tangará Importação e Exportação;PotCust;0;0;0;0;0;;0.00;;0;;;;
;Humming Airways;PotCust;0;0;0;0;0;;0.00;;0;;;;
;(Duplicate) Walya Airways;NonCust;0;0;0;0;0;;0.00;;0;;;;
;Richard M. Davis;PotCust;0;0;0;0;0;;0.00;;0;;;;
;Robert W. Moore;PotCust;0;0;0;0;0;;0.00;;0;;;;
;P. Mark Moore;PotCust;0;0;0;0;0;;0.00;;0;;;;
;Canadian Department of Transport;PotCust;0;0;0;0;0;;0.00;;0;;;;
;(Duplicate) Wizz Air Malta;NonCust;0;0;0;0;0;;0.00;;0;;;;
;Jetran - Flight Service;PotCust;0;0;0;0;0;;0.00;;0;;;;
;McGriff Seibels & Williams;PotCust;0;0;0;0;0;;0.00;;0;;;;
;Raythom Aviation;PotCust;0;0;0;0;0;;0.00;;0;;;;
;Michael Dawson;PotCust;0;0;0;0;0;;0.00;;0;;;;
;Banco General de Negocios;PotCust;0;0;0;0;0;;0.00;;0;;;;
;Steel Warehouse;PotCust;0;0;0;0;0;;0.00;;0;;;;
;Federal Judicial Policia;PotCust;0;0;0;0;0;;0.00;;0;;;;
;Benjamin B. Bustamente;PotCust;0;0;0;0;0;;0.00;;0;;;;
;(Duplicate) Avion Express Malta;NonCust;0;0;0;0;0;;0.00;;0;;;;
;(Duplicate) Max Aviation;NonCust;0;0;0;0;0;;0.00;;0;;;;
;Aviaprom Enterprises;Quarantine;0;0;0;0;0;;0.00;;0;;;;
;Corendon Airlines Europe;PotCust;0;0;0;0;0;;0.00;;0;;;;
;Air Excursions;PotCust;0;0;0;0;0;;0.00;;0;;;;
;Xfly (Estonia);PotCust;0;0;0;0;0;;0.00;;0;;;;
;Flytec;PotCust;0;0;0;0;0;;0.00;;0;;;;
;AirSF;PotCust;0;0;0;0;0;;0.00;;0;;;;
;Wells Fargo Equipment Finance;PotCust;0;0;0;0;0;;0.00;;0;;;;
;Home Office;PotCust;0;0;0;0;0;;0.00;;0;;;;
;Volaris Costa Rica;PotCust;0;0;0;0;0;;0.00;;0;;;;
;Volaris El Salvador;PotCust;0;0;0;0;0;;0.00;;0;;;;
;T R E C Investments;PotCust;0;0;0;0;0;;0.00;;0;;;;
;Jory Management;PotCust;0;0;0;0;0;;0.00;;0;;;;
;DRG Challenge;PotCust;0;0;0;0;0;;0.00;;0;;;;
;FTH Acquisition Corp VII;PotCust;0;0;0;0;0;;0.00;;0;;;;
;Jetmanager Servicos Aeronauticos;PotCust;0;0;0;0;0;;0.00;;0;;;;
;SM 680 (United States of America);PotCust;0;0;0;0;0;;0.00;;0;;;;
;DA330 AM Holding;PotCust;0;0;0;0;0;;0.00;;0;;;;
;LHAM3 (United States of America);PotCust;0;0;0;0;0;;0.00;;0;;;;
;Gulf Ramro Pegasus;PotCust;0;0;0;0;0;;0.00;;0;;;;
;Top Flight Aero-Services;PotCust;0;0;0;0;0;;0.00;;0;;;;
;Sun Splash Aviation;PotCust;0;0;0;0;0;;0.00;;0;;;;
;Yakovlev Aircraft Corporation;Quarantine;0;0;0;0;0;;0.00;;0;;;;
;(Duplicate) McMurray Aviation;NonCust;0;0;0;0;0;;0.00;;0;;;;
;Levanter Negocios Corporativos e Administradora de Participacoes;PotCust;0;0;0;0;0;;0.00;;0;;;;
;Superior Airways;PotCust;0;0;0;0;0;;0.00;;0;;;;
;Yucaipa;PotCust;0;0;0;0;0;;0.00;;0;;;;
;UVT aero;Quarantine;0;0;0;0;0;;0.00;;0;;;;
;Vancouver Island Air;PotCust;0;0;0;0;0;;0.00;;0;;;;
;Irish Air Corps;PotCust;0;0;0;0;0;;0.00;;0;;;;
;Z Air;PotCust;0;0;0;0;0;;0.00;;0;;;;
;VOARE Táxi Aéreo;PotCust;0;0;0;0;0;;0.00;;0;;;;
;MBG One Third;PotCust;0;0;0;0;0;;0.00;;0;;;;
;Promech Air;PotCust;0;0;0;0;0;;0.00;;0;;;;
;(Duplicate) Zambia Airways;NonCust;0;0;0;0;0;;0.00;;0;;;;
;Zephyr;PotCust;0;0;0;0;0;;0.00;;0;;;;
;Gordon Air;PotCust;0;0;0;0;0;;0.00;;0;;;;
;ZeroAvia;PotCust;0;0;0;0;0;;0.00;;0;;;;
;NATA - North American Tactical Aviation;PotCust;0;0;0;0;0;;0.00;;0;;;;
;A-Liner-8-Aviation;PotCust;0;0;0;0;0;;0.00;;0;;;;
;United States Army;PotCust;0;0;0;0;0;;0.00;;0;;;;
;Sunrider;PotCust;0;0;0;0;0;;0.00;;0;;;;
;GNG (United States of America);PotCust;0;0;0;0;0;;0.00;;0;;;;
;Armada de México;PotCust;0;0;0;0;0;;0.00;;0;;;;
;Trans Anguilla Airways;PotCust;0;0;0;0;0;;0.00;;0;;;;
;MONACAIR;PotCust;0;0;0;0;0;;0.00;;0;;;;
;OdinJets;PotCust;0;0;0;0;0;;0.00;;0;;;;
;Simply Jet;PotCust;0;0;0;0;0;;0.00;;0;;;;
COM14565;FlyJet LLP;PotCust;0;0;0;0;0;;0.00;;0;;;;
;Easy Flight;PotCust;0;0;0;0;0;;0.00;;0;;;;
;Aeropuerto Ecologico de Galapagos;PotCust;0;0;0;0;0;;0.00;;0;;;;
COM14567;San Marino Executive Aviation;PotCust;0;0;0;0;0;;0.00;;0;;;;
;Air Moana;Customer via;0;0;0;0;0;10/16/2025 00:00:00;0.00;;0;;;;
;PANSA - Polish Air Navigation Services Agency;NonCust;0;0;0;0;0;;0.00;;0;;;;
;TruNorth Consulting;NonCust;0;0;0;0;0;;0.00;;0;;;;
;ANAC Niger;PotCust;0;0;0;0;0;;0.00;;0;;;;
;TopJet Executive;PotCust;0;0;0;0;0;;0.00;;0;;;;
;PAFCA - Professional Airline Flight Control Association;NonCust;0;0;0;0;0;;0.00;;0;;;;
;FRALDA - FRench AirLine Dispatcher Association;NonCust;0;0;0;0;0;;0.00;;0;;;;
;Agile Aerosystems;NonCust;0;0;0;0;0;;0.00;;0;;;;
;FliteX;NonCust;0;0;0;0;0;;0.00;;0;;;;
;Spidertracks (vellox group);NonCust;0;0;0;0;0;;0.00;;0;;;;
COM14572;EWA AIR;PotCust;0;0;0;0;0;;0.00;;0;;;;
;Agilia Center;NonCust;0;0;0;0;0;;0.00;;0;;;;
;(Duplicate) meteomatics;NonCust;0;0;0;0;0;;0.00;;0;;;;
;NATS;PotCust;0;0;0;0;0;;0.00;;0;;;;
;"FLUGHAFENGESELLSCHAFT
FLUGHAFENGESEAFENGESELLSCHAFT";PotCust;0;0;0;0;0;;0.00;;0;;;;
;Caribbean Aircraft Handling Co.;PotCust;0;0;0;0;0;;0.00;;0;;;;
;Aerodrom Ljubljana D.D.;PotCust;0;0;0;0;0;;0.00;;0;;;;
;NAVCHINA - China Aviation Navigation Data;PotCust;0;0;0;0;0;;0.00;;0;;;;
;North Shore Aero club;PotCust;0;0;0;0;0;;0.00;;0;;;;
;Mountain Flyers;PotCust;0;0;0;0;0;;0.00;;0;;;;
;Kales Airline Services;PotCust;0;0;0;0;0;;0.00;;0;;;;
;Samson Aviation Services;PotCust;0;0;0;0;0;;0.00;;0;;;;
;Multiflight;PotCust;0;0;0;0;0;;0.00;;0;;;;
;Ukrainian State Air Traffic Services Enterprise (UkSATSE);PotCust;0;0;0;0;0;;0.00;;0;;;;
;Talon Air Jets;PotCust;0;0;0;0;0;;0.00;;0;;;;
;London Air Services (LAS);PotCust;0;0;0;0;0;;0.00;;0;;;;
COM14569;This Way Aviation;PotCust;0;0;0;0;0;;0.00;;0;;;;
COM14571;Fly Europe;Pending Delivery;0;0;0;0;0;08/19/2026 00:00:00;8.00;;0;;;;
COM14592;Sin-Kung Airways Sdn. Bhd. (formerly known as Prima Air Sdn. Bhd.);Customer;1;0;2;2;0;09/21/2025 00:00:00;8.00;;0;;;;
;Aireon;NonCust;0;0;0;0;0;;0.00;;0;;;;
;Metro Aviation Inc;PotCust;0;0;0;0;0;;0.00;;0;;;;
;Ops-Analytics;NonCust;0;0;0;0;0;;0.00;;0;;;;
;Dutch Police;PotCust;0;0;0;0;0;;0.00;;0;;;;
;Mercury Aviation;PotCust;0;0;0;0;0;;0.00;;0;;;;
;SAF AEROGROUP;PotCust;0;0;0;0;0;;0.00;;0;;;;
;C-Astral Aerospace;NonCust;0;0;0;0;0;;0.00;;0;;;;
;Slate Aviation Services;PotCust;0;0;0;0;0;;0.00;;0;;;;
COM14609;North American Flight Control (NAFC);Customer;0;0;0;0;0;12/19/2025 00:00:00;0.00;;0;;;;
;DEA Specialised Airborne Operations;PotCust;0;0;0;0;0;;0.00;;0;;;;
;Annex Business Media (Wings Magazine);NonCust;0;0;0;0;0;;0.00;;0;;;;
;IATA (Redactive - Press Media);NonCust;0;0;0;0;0;;0.00;;0;;;;
;Valnet Inc (simpleflying.com);NonCust;0;0;0;0;0;;0.00;;0;;;;
;MHM Publishing (Skies);PotCust;0;0;0;0;0;;0.00;;0;;;;
COM14573;Afrijet Sahara;PotCust;0;0;0;0;0;;0.00;;0;;;;
COM14574;Asia Union Airlines;PotCust;0;0;0;0;0;;0.00;;0;;;;
COM14578;Lin Aviation Services;PotCust;2;0;0;0;0;;0.00;;0;;;;
;FINNHEMS OY;PotCust;0;0;0;0;0;;0.00;;0;;;;
COM14580;Sky7 Aviation FZE;Customer;0;0;0;0;0;08/22/2025 00:00:00;8.00;;0;;;;
COM14581;Pyramids Airlines;Customer;0;1;1;1;0;02/20/2026 00:00:00;8.00;;0;;;;
;Holiday Lines Group;PotCust;0;0;0;0;0;;0.00;;0;;;;
;TUS IL;PotCust;0;0;0;0;0;;0.00;;0;;;;
COM14582;Ibex Air Charter;PotCust;0;0;0;0;0;;0.00;;0;;;;
COM14593;CKD Aviation;PotCust;0;0;0;0;0;;0.00;;0;;;;
COM14583;Auric Air;PotCust;0;0;0;0;0;;0.00;;0;;;;
;McCain;PotCust;0;0;0;0;0;;0.00;;0;;;;
;Kroger;PotCust;0;0;0;0;0;;0.00;;0;;;;
COM14618;Isles of Scilly Skybus;PotCust;0;0;0;0;0;;0.00;;0;;;;
;HHL LLC;PotCust;0;0;0;0;0;;0.00;;0;;;;
;Coca-Cola;PotCust;0;0;0;0;0;;0.00;;0;;;;
;Lowes;PotCust;0;0;0;0;0;;0.00;;0;;;;
;Disney Aviation;PotCust;0;0;0;0;0;;0.00;;0;;;;
;Warner Bros. Pictures;PotCust;0;0;0;0;0;;0.00;;0;;;;
;Discovery Communications LLC;PotCust;0;0;0;0;0;;0.00;;0;;;;
COM14594;Chingis Airlines Unity;Customer;1;1;1;1;1;01/05/2026 00:00:00;8.00;;0;;;;
;NEXUS JET (SOUTH KOREA);PotCust;1;0;0;0;0;;0.00;;0;;;;
;Ronnie Ochama Uganda (temporary name);PotCust;0;0;0;0;0;;0.00;;0;;;;
COM14585;ZAV Aviation;PotCust;1;0;0;0;0;;0.00;;0;;;;
;Skyhop Aviation;PotCust;0;0;0;0;0;;0.00;;0;;;;
COM14586;Atlanta Aviation;PotCust;0;0;0;0;0;;0.00;;0;;;;
;Air Bonanza Express;PotCust;0;0;0;0;0;;0.00;;0;;;;
COM14587;JETBASE;PotCust;0;0;0;0;0;;0.00;;0;;;;
;Asante Avation;PotCust;0;0;0;0;0;;0.00;;0;;;;
;TCS Air;PotCust;1;0;0;0;0;;0.00;;0;;;;
COM14589;OpsPoint Aviation;PotCust;0;0;0;0;0;;0.00;;0;;;;
;Meandair;PotCust;0;0;0;0;0;;0.00;;0;;;;
;JETSON AVIATION;PotCust;0;0;0;0;0;;0.00;;0;;;;
;Aero Nusantara Cargo;PotCust;0;0;0;0;0;;0.00;;0;;;;
;MedAire, an Internaltional SOS company;NonCust;0;0;0;0;0;;0.00;;0;;;;
;Infinity Flight Service;PotCust;0;0;0;0;0;;0.00;;0;;;;
;Avionord;PotCust;0;0;0;0;0;;0.00;;0;;;;
;Hyundai Motor Company (Aviation Operation Team);Customer via;1;0;0;0;0;08/28/2025 00:00:00;0.00;;0;;;;
COM14652;IBS Software Europe Limited;NonCust;0;0;0;0;0;;0.00;;0;;;;
;TeamViewer;NonCust;0;0;0;0;0;;0.00;;0;;;;
;AeroTech Advisory LLC;NonCust;0;0;0;0;0;;0.00;;0;;;;
;AVIOSKY Academy;Quarantine;0;0;0;0;0;;0.00;;0;;;;
;Polskie Porty Lotnicze S.A.;PotCust;0;0;0;0;0;;0.00;;0;;;;
;Romanian Air Traffic Services Administration ROMATSA RA;PotCust;0;0;0;0;0;;0.00;;0;;;;
COM14590;EGYPT AIR TAXI;PotCust;0;0;0;0;0;;0.00;;0;;;;
;AIR ONE AVIATION LIMITED;PotCust;0;0;0;0;0;;0.00;;0;;;;
;(Duplicate) KLM Cityhopper;NonCust;0;0;0;0;0;;0.00;;0;;;;
;AIR AMB CO., LTD.;PotCust;0;0;0;0;0;;0.00;;0;;;;
COM14595;TUCANO AVIATION;PotCust;0;0;0;0;0;;0.00;;0;;;;
COM14596;Jet Care;PotCust;0;0;0;0;0;;0.00;;0;;;;
COM14602;Skyline Flight Academy;Customer;3;0;0;0;0;01/13/2026 00:00:00;8.00;;0;;;;
;Procrastinar AIR;PotCust;0;1;0;0;0;;0.00;;0;;;;
COM14597;Aviation & Marine Alliance;PotCust;3;0;0;0;0;;0.00;;0;;;;
;Access Oslo;PotCust;0;0;0;0;0;;0.00;;0;;;;
;Swiss Private Jet;PotCust;0;0;0;0;0;;0.00;;0;;;;
;PNR GO;PotCust;0;0;0;0;0;;0.00;;0;;;;
;Canadian Aviator;NonCust;0;0;0;0;0;;0.00;;0;;;;
COM14605;SG Ferry Services Ltd.;Pending Closure;0;0;0;0;0;11/13/2024 00:00:00;8.00;01/31/2028 00:00:00;0;Avoidable;CEO very disstaisfied with functionality;06/24/2026 00:00:00;Lack of payment
;Setair;PotCust;0;0;0;0;0;;0.00;;0;;;;
;Diamond Jet;PotCust;0;0;0;0;0;;0.00;;0;;;;
;Corporate Aviation;PotCust;0;0;0;0;0;;0.00;;0;;;;
;ASESA;PotCust;0;0;0;0;0;;0.00;;0;;;;
;Brook Aero;PotCust;2;0;0;0;0;;0.00;;0;;;;
COM14598;Eclipse Air;PotCust;0;0;0;0;0;;0.00;;0;;;;
COM14604;Skyplus Aviation Services;PotCust;3;0;0;0;0;;0.00;;0;;;;
COM14599;Sky Alps Europe;Pending Delivery;0;2;2;0;0;01/29/2026 00:00:00;8.00;;0;;;;
;Brommaflyg;Customer via;3;0;0;0;0;08/26/2026 00:00:00;0.00;;0;;;;
;JetCortex;NonCust;0;0;0;0;0;;0.00;;0;;;;
;Aer Arann Islands;PotCust;0;0;0;0;0;;0.00;;0;;;;
;DSV x Schenker;PotCust;0;0;0;0;0;;0.00;;0;;;;
;BearingPoint;NonCust;0;0;0;0;0;;0.00;;0;;;;
COM14607;Samana Special Mission;PotCust;0;0;0;0;0;;0.00;;0;;;;
COM14608;CNA Aviation;PotCust;0;0;0;0;3;;0.00;;0;;;;
;Aboitiz Aviation;PotCust;1;0;0;0;0;;0.00;;0;;;;
;Cathay Technologies;NonCust;0;0;0;0;0;;0.00;;0;;;;
;Panorama Jets;PotCust;0;0;0;0;0;;0.00;;0;;;;
;FlightPath;PotCust;0;0;0;0;0;;0.00;;0;;;;
;SINAR;PotCust;0;0;0;0;0;;0.00;;0;;;;
;TomTom;NonCust;0;0;0;0;0;;0.00;;0;;;;
;Dreamix;NonCust;0;0;0;0;0;;0.00;;0;;;;
;Kremenchuk Flight College KhNUIA;NonCust;0;0;0;0;0;;0.00;;0;;;;
;Amazon Air Cargo;PotCust;0;0;0;0;0;;0.00;;0;;;;
;Air bp;PotCust;0;0;0;0;0;;0.00;;0;;;;
COM14616;NG Eagle Limited;Customer;0;2;0;0;0;01/06/2026 00:00:00;8.00;;0;;;;
;POLITI PADBORG;PotCust;0;0;0;0;0;;0.00;;0;;;;
;Wilken Aviation;PotCust;0;0;0;0;0;;0.00;;0;;;;
;RayMach Technologies;NonCust;0;0;0;0;0;;0.00;;0;;;;
;RIVC-Pulkovo;NonCust;0;0;0;0;0;;0.00;;0;;;;
;Elaralabs;NonCust;0;0;0;0;0;;0.00;;0;;;;
;Bombardier;NonCust;0;0;0;0;0;;0.00;;0;;;;
COM14615;The Network Plan;Pending Delivery;3;0;0;0;0;04/30/2026 00:00:00;0.00;;0;;;;
;JAVIER TRUJILLO ARDILA;NonCust;0;0;0;0;0;;0.00;;0;;;;
;Aileen Group;PotCust;0;0;0;0;0;;0.00;;0;;;;
;Columbia Helicopters;PotCust;0;0;0;0;0;;0.00;;0;;;;
;Fuel Matrix;NonCust;0;0;0;0;0;;0.00;;0;;;;
COM14628;AeroVista Aviation Services;Customer;3;0;0;0;0;01/15/2026 00:00:00;8.00;;0;;;;
COM14619;AMAZONE AIRLINES;Customer;3;2;0;0;0;08/13/2025 00:00:00;8.00;;0;;;;Reopened due to partial payment
;BDB.ai;NonCust;0;0;0;0;0;;0.00;;0;;;;
;Air Navigation Services of the Chech Republic;PotCust;0;0;0;0;0;;0.00;;0;;;;
;Irish Aviation Authority;PotCust;0;0;0;0;0;;0.00;;0;;;;
;Canon Air;PotCust;0;0;0;0;0;;0.00;;0;;;;
COM14620;IATA;PotCust;0;0;0;0;0;;0.00;;0;;;;
;Jetxbit;NonCust;0;0;0;0;0;;0.00;;0;;;;
COM14665;Jayam Aviation;PotCust;3;0;0;0;0;;0.00;;0;;;;
;EVAS;PotCust;0;0;0;0;0;;0.00;;0;;;;
;Fireside Partners;PotCust;0;0;0;0;0;;0.00;;0;;;;
;Airways Flight Support;PotCust;3;0;0;0;0;;0.00;;0;;;;
COM14623;AERCOMMERCE;PotCust;0;0;0;0;0;;0.00;;0;;;;
COM14624;PARAGON AVIATION SERVICES FZE;Quarantine;0;3;0;0;0;12/23/2025 00:00:00;8.00;06/09/2026 00:00:00;0;Unavoidable;"BU Shames and Paragon aviation service merged with Klyova, and all flight are dispatched via Klyova per June 2026. BU Shames and Paragon Aviation services are subsequently closed and churned.
ARR awill remain with AIR SUPPORT and therefore are the churn value set to 0.";06/09/2026 00:00:00;Lack of payment
;Elangeni GmbH;PotCust;2;0;0;0;0;;0.00;;0;;;;
COM14625;FLY CHAM;Customer;0;5;0;0;0;01/02/2026 00:00:00;8.00;;0;;;;
;Web Manuals;NonCust;0;0;0;0;0;;0.00;;0;;;;
;AeroAdapt;PotCust;2;0;0;0;0;;0.00;;0;;;;
COM14626;Pelicano Aviation Corporation;PotCust;0;0;0;0;0;;0.00;;0;;;;
;SkyPath;NonCust;0;0;0;0;0;;0.00;;0;;;;
;PSI AIRLINES;PotCust;0;1;0;1;0;;0.00;;0;;;;
COM14627;BWO Systems AG (Swiss AF);Customer;0;6;6;4;6;06/09/2026 00:00:00;0.00;;0;;;;
;KTZ Air Cargo;PotCust;0;0;0;0;0;;0.00;;0;;;;
;FlyBeirut;PotCust;0;0;0;0;0;;0.00;;0;;;;
;Stratos Freight;PotCust;0;0;0;0;0;;0.00;;0;;;;
;South Air;PotCust;1;0;0;0;0;;0.00;;0;;;;
COM14630;VICTOR SKY;PotCust;0;0;0;0;0;;0.00;;0;;;;
;Silver Stream Aviation;PotCust;0;0;0;0;0;;0.00;;0;;;;
COM14631;Aerogate;PotCust;0;0;0;0;0;;0.00;;0;;;;
COM14632;Libyan United Airlines;PotCust;1;0;0;0;0;;0.00;;0;;;;
;FCC Aviation Ltd.;NonCust;0;0;0;0;0;;0.00;;0;;;;
;Safe Flight School of Aeronautics;PotCust;3;0;0;0;0;;0.00;;0;;;;
;FOS Global (startup);PotCust;0;0;0;0;0;;0.00;;0;;;;
;Quantum Avitech;PotCust;3;0;0;0;0;;0.00;;0;;;;
COM14634;FlyX Aero;PotCust;0;0;0;0;0;;0.00;;0;;;;
COM14662;THAI CARGO AIRLINES;PotCust;2;2;0;2;0;;0.00;;0;;;;
COM14635;Aeroglobe Aviation Services;Customer;0;0;0;0;0;03/31/2026 00:00:00;8.00;;0;;;;
;Bromma Air Maintenance;PotCust;0;0;0;0;0;;0.00;;0;;;;
COM14636;AriyaX LLC FZ;PotCust;0;0;0;0;0;;0.00;;0;;;;
COM14642;iNsudan Africa;PotCust;0;0;0;0;0;;0.00;;0;;;;
;Estefeta Carga Aerea;PotCust;0;0;0;0;0;;0.00;;0;;;;
COM14640;AERO STATES SERVICES;Customer;0;0;0;0;1;04/15/2026 00:00:00;8.00;;0;;;;
;TwinStar Aviation;PotCust;0;0;0;0;0;;0.00;;0;;;;
COM14643;Enugu Air;Customer;3;5;0;0;6;03/23/2026 00:00:00;8.00;;0;;;;
;Aby;PotCust;0;0;0;0;0;;0.00;;0;;;;
;Global Aviation;PotCust;0;0;0;0;0;;0.00;;0;;;;
COM14658;TIRRENAIR;Customer;0;0;0;0;0;04/30/2026 00:00:00;8.00;;0;;;07/30/2026 00:00:00;Has been put on HOLD until they have their aircrafts
;Danfe Airlines;PotCust;2;0;0;0;0;;0.00;;0;;;;
;AG Airlines;PotCust;0;0;0;0;0;;0.00;;0;;;;
;Yun Freight;PotCust;3;0;0;0;0;;0.00;;0;;;;
;Flyboyguya;PotCust;0;0;0;0;0;;0.00;;0;;;;
COM14656;Caliphate Air;PotCust;0;0;0;0;0;;0.00;;0;;;;
;Emerald Aviation;PotCust;3;0;0;0;0;;0.00;;0;;;;
COM14657;Benbojet;PotCust;0;0;0;0;0;;0.00;;0;;;;
;Inertial Flight Support;PotCust;3;0;0;0;0;;0.00;;0;;;;
;RAIJETS AVIATION;PotCust;0;0;0;0;0;;0.00;;0;;;;
;Maghreb Jet;PotCust;0;0;0;0;0;;0.00;;0;;;;
;REC Aviation;Customer via;0;0;0;0;0;08/25/2026 00:00:00;0.00;;0;;;;
;Axis Aviation AG;PotCust;0;0;0;0;0;;0.00;;0;;;;
;Transair FBO;PotCust;0;0;0;0;0;;0.00;;0;;;;
COM14659;NIMBUSJET;Customer;0;1;0;0;0;04/09/2026 00:00:00;0.00;;0;;;;
COM14660;Alfa Jet Aviation;Customer via;0;0;0;0;0;08/25/2026 00:00:00;0.00;;0;;;;
;The French Aerospace Lab - Onera;PotCust;0;0;0;0;0;;0.00;;0;;;;
;Flight Wings Aviation;PotCust;0;0;0;0;0;;0.00;;0;;;;
;Astra Aviation;PotCust;0;0;0;0;0;;0.00;;0;;;;
COM14663;Airvan;PotCust;3;0;0;0;0;04/27/2026 00:00:00;8.00;;0;;;;
;Aerios Ltd;NonCust;0;0;0;0;0;;0.00;;0;;;;
;Rithwik Green Power and Aviations;PotCust;3;0;0;0;0;;0.00;;0;;;;
COM14664;Aerojet Aviations;PotCust;0;0;0;0;0;;0.00;;0;;;;
COM14686;FlyBeena;PotCust;0;0;0;0;0;;0.00;;0;;;;
COM14666;ArrowAvia;PotCust;0;0;0;0;0;;0.00;;0;;;;
COM14667;L.A Aviation;PotCust;0;0;0;0;0;;0.00;;0;;;;
;Meteoblue;NonCust;0;0;0;0;0;;0.00;;0;;;;
;Highway Aviation;PotCust;3;0;0;0;0;;0.00;;0;;;;
;Sutherland Global Services, Inc;NonCust;0;0;0;0;0;;0.00;;0;;;;
;Varun Beverages;PotCust;2;0;0;0;0;;0.00;;0;;;;
COM14669;ACF AeroServices;PotCust;0;0;0;0;0;;0.00;;0;;;;
;MENA Airline;PotCust;0;0;0;0;0;;0.00;;0;;;;
;NV JETS;PotCust;3;0;0;0;0;;0.00;;0;;;;
;Air Century;PotCust;0;0;0;0;0;;0.00;;0;;;;
;IAG (International Airlines Group);PotCust;1;0;0;0;0;;0.00;;0;;;;
COM14670;PrivatPort;PotCust;0;0;0;0;0;;0.00;;0;;;;
;Beijing Yihang Zhixing Network Technology Co., Ltd.;NonCust;0;0;0;0;0;;0.00;;0;;;;
COM14676;A.M.A;PotCust;0;0;0;0;0;;0.00;;0;;;;
;Great North Airlines;PotCust;0;0;0;0;0;;0.00;;0;;;;
COM14671;Xen Aviation;PotCust;0;0;0;0;0;;0.00;;0;;;;
;Manny Aviation;PotCust;0;0;0;0;0;;0.00;;0;;;;
;Sapphire Airlines (SAPL);PotCust;0;0;3;0;0;;0.00;;0;;;;
;Northwood Aviation Agency;PotCust;2;0;0;0;0;;0.00;;0;;;;
;BATOT AIR;Customer via;0;0;0;0;0;08/03/2026 00:00:00;0.00;;0;;;;
;Selective Sky;PotCust;0;0;0;0;0;;0.00;;0;;;;
COM14693;Fly Diamond;Pending Delivery;0;0;0;0;0;08/19/2026 00:00:00;8.00;;0;;;;
;DERICHEBOURG Multiservices;PotCust;0;0;0;0;0;;0.00;;0;;;;
COM14680;Avra Aviation;PotCust;0;0;0;0;0;;0.00;;0;;;;
COM14690;Flycheck;PotCust;0;0;0;0;0;;0.00;;0;;;;
COM14683;EuropeCair;PotCust;0;0;0;0;0;;0.00;;0;;;;
;Air Corporate SRL;PotCust;0;0;0;0;0;;0.00;;0;;;;
COM14687;CRYSTAL BAY AIRLINES;PotCust;1;1;1;0;0;;0.00;;0;;;;
;Bahrain Royal Flight;PotCust;0;0;0;0;0;;0.00;;0;;;;
;Iraqi Presidential Flight;PotCust;0;0;0;0;0;;0.00;;0;;;;
;Royal Jordanian Air Force;PotCust;0;0;0;0;0;;0.00;;0;;;;
;Santai Seaplane;PotCust;0;0;0;0;0;;0.00;;0;;;;
;Fly Bali Heliport;PotCust;0;0;0;0;0;;0.00;;0;;;;
;SOS International Ambulance Service A.S;Customer via;0;0;0;0;0;07/01/2026 00:00:00;0.00;;0;;;;
;Asento Digital ApS;NonCust;0;0;0;0;0;10/01/2020 00:00:00;0.00;;0;;;;
;SKYLIGHT CARGO LLC;PotCust;0;0;0;0;0;;0.00;;0;;;;
;Students (various aviation schools);NonCust;0;0;0;0;0;;0.00;;0;;;;
;AirNav;NonCust;0;0;0;0;0;;0.00;;0;;;;
;Altius Bahari;PotCust;0;0;0;0;0;;0.00;;0;;;;
;Bunaken Air;PotCust;0;0;0;0;0;;0.00;;0;;;;
;Skyrouting Aviation Services;PotCust;0;0;0;0;0;;0.00;;0;;;;
COM14689;Bluedot Charters and Air Ambulance LLC;PotCust;0;0;0;0;0;;0.00;;0;;;;
COM14688;Global Flight Control;PotCust;0;0;0;0;0;;0.00;;0;;;;
;Volanteus;PotCust;0;0;0;0;0;;0.00;;0;;;;
;Anchoita Aviaciones Aruba;PotCust;0;0;0;0;0;;0.00;;0;;;;
;EKONDI AND MAK;PotCust;0;0;0;0;0;;0.00;;0;;;;
;Safran Electronics & Defense;NonCust;0;0;0;0;0;;0.00;;0;;;;
COM14694;FINAA;PotCust;0;0;0;0;0;;0.00;;0;;;;
COM14695;Tahseen Aviation Services FZO;Customer;0;0;0;0;0;08/24/2026 00:00:00;0.00;;0;;;;
COM14697;Skyfolk Aviation;PotCust;0;0;0;0;0;;0.00;;0;;;;
;Stellavia Airlines;PotCust;0;0;0;0;0;;0.00;;0;;;;
;MQL Companies (without a valid company name in Lime);PotCust;0;0;0;0;0;;0.00;;0;;;;
;Hong Kong Airlines;PotCust;1;0;0;0;0;;0.00;;0;;;;
;HeliAir Sweden AB;PotCust;0;0;0;0;0;;0.00;;0;;;;
;Skyguide - Swiss Air Navigation Services Ltd;NonCust;0;0;0;0;0;;0.00;;0;;;;
;AirAlliance GmbH (Air Alliance);PotCust;0;0;0;0;0;;0.00;;0;;;;
;Hop-A-Jet Worldwide Jet Charter, INC;PotCust;0;0;0;0;0;;0.00;;0;;;;
;WESTERN AIR INTERNATIONAL;PotCust;0;0;0;0;0;;0.00;;0;;;;
;Jets & Helicoptors;PotCust;0;0;0;0;0;;0.00;;0;;;;
;Westwind Helicopters, Inc.;PotCust;0;0;0;0;0;;0.00;;0;;;;
;BJA Air;PotCust;0;0;0;0;0;;0.00;;0;;;;
;Hillsboro Aero Academy;PotCust;0;0;0;0;0;;0.00;;0;;;;
;Argentum Airways;PotCust;0;0;0;0;0;;0.00;;0;;;;
;Skyserv Handling Services;PotCust;0;0;0;0;0;;0.00;;0;;;;
;Tahseen Group;PotCust;0;0;0;0;0;;0.00;;0;;;;
;Tahseen Aviation;PotCust;0;0;0;0;0;;0.00;;0;;;;
;Aerosky Services Corporation;PotCust;0;0;0;0;0;;0.00;;0;;;;
;ArcticSky Airline;PotCust;0;0;0;0;0;;0.00;;0;;;;
;AeroTrade;PotCust;0;0;0;0;0;;0.00;;0;;;;
;Searca Vuelos Charter;PotCust;0;0;0;0;0;;0.00;;0;;;;
COM14698;Alex Jet;PotCust;0;0;0;0;0;;0.00;;0;;;;
;JOY;PotCust;0;0;0;0;0;;0.00;;0;;;;
;;;0;0;0;390;277;;;;0;;;;
