CustomerNr;NavCustomerNo;CompanyName;CustomerStatus;PriorityCustomer;TailsOnPPS;TailsFlightWatchTerrestrial;TailsFlightWatchSatellite;TailsNotamMonitoring;CustomerSince;PriceEscalation;Terminationdate;ChurnValue;ChurnReportedDate;ChurnReason;BlockedDate;BlockedReason;Country;Balance;FleetSize;Last12Months;YearToDate;LastYearToDate;LastFinancialYear;NavCustomerName;NavCountry;NavBlocked;Turnover2017;Turnover2018;Turnover2019;Turnover2020;Turnover2021;Turnover2022;Turnover2023;Turnover2024;Turnover2025;Turnover2026;Dev1718;Dev1819;Dev1920;Dev2021;Dev2122;Dev2223;Dev2324;Dev2425;Dev2526
COM11003;COM11003;ABELAG AVIATION S.A. (Part of Luxaviation Group);Customer;3;1,00;0,00;0,00;0;1997-07-01;0,00;NULL;0,00;NULL;NULL;NULL;NULL;Belgium - BE - Europe;2,519.00;1;30,209.00;17,627.00;17,600.00;30,182.00;ABELAG AVIATION S.A.;BE;0;355399,27;278009,29;245339,65;220172,60;238370,71;247222,21;108985,02;37395,25;30182,50;20146,03;-22;-12;-10;8;4;-56;-66;-19;-33
COM11038;COM11038;Austrian Air Force;Customer;3;3,00;0,00;0,00;0;2001-12-01;8,00;NULL;0,00;NULL;NULL;NULL;NULL;Austria - AT - Europe;0.00;3;78,557.00;0.00;0.00;78,557.00;Bundesminister für Landesverteidigung;AT;0;78323,34;105202,94;81878,02;86364,51;86242,73;64162,12;67919,27;102961,19;110338,73;0,00;34;-22;5;0;-26;6;52;7;-100
COM11084;COM11084;EFS European Flight Service AB;Customer;2;7,00;0,00;0,00;0;2014-11-01;8,00;NULL;0,00;NULL;NULL;NULL;NULL;Sweden - SE - Europe;0.00;7;208,622.00;126,508.00;116,374.00;198,488.00;EFS European Flight Service AB;SE;0;107278,14;205386,23;178173,04;193169,41;209664,68;247732,57;256713,62;201988,95;198488,06;126507,53;91;-13;8;9;18;4;-21;-2;-36
COM11127;COM11127;JETFLITE OY;Customer;3;3,00;0,00;0,00;0;1997-01-01;8,00;NULL;0,00;NULL;NULL;NULL;NULL;Finland - FI - Europe;0.00;3;87,145.00;52,468.00;48,508.00;83,185.00;JETFLITE OY;FI;0;86025,15;91376,48;103367,70;131573,61;108837,14;107842,25;81578,88;77776,53;83185,46;52467,53;6;13;27;-17;-1;-24;-5;7;-37
COM11151;NULL;NULL;NULL;NULL;NULL;NULL;NULL;NULL;NULL;NULL;NULL;NULL;NULL;NULL;NULL;NULL;NULL;NULL;NULL;NULL;NULL;NULL;NULL;NIGHTEXPRESS;DE;3;41727,82;0,00;0,00;0,00;0,00;0,00;0,00;0,00;0,00;0,00;-100;NULL;NULL;NULL;NULL;NULL;NULL;NULL;NULL
COM11161;COM11161;QUICK AIR JET CHARTER GmbH;Customer;3;6,00;0,00;0,00;0;1995-07-01;8,00;NULL;0,00;NULL;NULL;NULL;NULL;Germany - DE - Europe;0.00;11;95,912.00;55,627.00;51,429.00;91,714.00;QUICK AIR JET CHARTER GmbH;DE;0;234838,90;190600,80;199898,30;89721,14;87692,75;103838,69;109861,56;162783,03;91714,09;56958,51;-19;5;-55;-2;18;6;48;-44;-38
COM11181;COM11181;SUN AIR OF SCANDINAVIA A/S (SUN-AIR Aviation Group);Customer;2;5,00;5,00;0,00;0;1990-12-01;8,00;NULL;0,00;NULL;NULL;NULL;NULL;Denmark - DK - Europe;0.00;7;171,160.00;106,644.00;97,085.00;161,601.00;SUN AIR OF SCANDINAVIA A/S;DK;0;225153,90;18578,64;310167,06;150159,62;93852,24;133223,22;158751,09;142477,61;161600,67;106644,32;-92;1569;-52;-37;42;19;-10;13;-34
COM11230;COM11230;(Duplicate) Falcon Jet Aviation;NonCust;NULL;0,00;0,00;0,00;0;NULL;0,00;NULL;0,00;NULL;NULL;NULL;NULL;United Arab Emirates - AE - Asia;0.00;0;0.00;0.00;0.00;0.00;Falcon Jet Aviation;AE;0;0,00;0,00;0,00;6331,97;0,00;0,00;0,00;0,00;0,00;0,00;NULL;NULL;NULL;-100;NULL;NULL;NULL;NULL;NULL
COM11345;COM11345;EASTERN AIRWAYS (UK) Ltd.;NonCust;2;10,00;0,00;0,00;0;2013-07-01;8,00;2025-10-31;429.318,00;2025-10-31;account reopened upon request from customer;NULL;Bankruptcy;United Kingdom of Great Britain and Northern Ireland - GB - Europe;0.00;17;94,383.00;0.00;261,192.00;355,575.00;EASTERN AIRWAYS (UK) Ltd.;GB;3;558004,26;594669,74;478822,73;345010,62;285950,46;252417,62;294480,18;402488,15;354157,05;0,00;7;-19;-28;-17;-12;17;37;-12;-100
COM11417;COM11417;ACT AIRLINES;PotCust;NULL;0,00;0,00;0,00;0;2022-06-20;0,00;2024-11-30;271.553,00;2024-11-30;CUS used PPS as a backup system. We did not manage to win them.;NULL;Reopened by OW;Turkey - TR - Asia;0.00;5;0.00;0.00;0.00;0.00;ACT AIRLINES;TR;0;0,00;0,00;0,00;0,00;0,00;10559,83;274158,22;250358,41;0,00;0,00;NULL;NULL;NULL;NULL;NULL;2496;-9;-100;NULL
COM11427;COM11427;VistaJet GmbH (Air Hamburg);Customer;2;34,00;37,00;0,00;0;2007-11-01;8,00;NULL;0,00;NULL;NULL;NULL;NULL;Germany - DE - Europe;40,372.00;41;471,638.00;283,629.00;262,992.00;451,001.00;VistaJet GmbH;DE;0;481478,00;558126,84;339165,73;400216,47;374626,88;844282,60;780403,80;678044,46;451000,81;283629,48;16;-39;18;-6;125;-8;-13;-33;-37
COM11556;COM11556;AVFUEL & AVPLAN - PACIFIC COAST FORECASTING Corporation 2;Customer;3;0,00;0,00;0,00;0;2009-02-13;100,00;NULL;0,00;NULL;NULL;NULL;NULL;United States of America - US - Americas;0.00;0;50,343.00;25,920.00;23,978.00;48,401.00;AVFUEL & AVPLAN - PACIFIC COAST FORECASTING Corpor;US;0;34910,70;45674,96;32724,23;36795,26;36907,47;38585,58;51778,24;44829,32;48400,85;25920,29;31;-28;12;0;5;34;-13;8;-46
COM11622;COM11622;Panaviatic Ltd;Customer;3;3,00;0,00;0,00;0;2012-08-01;8,00;NULL;0,00;NULL;NULL;NULL;NULL;Estonia - EE - Europe;5,678.00;5;73,161.00;41,008.00;38,418.00;70,571.00;Panaviatic Ltd;EE;0;60389,70;68320,02;54728,94;82240,42;98857,03;52136,37;44492,38;45875,78;70571,12;42782,24;13;-20;50;20;-47;-15;3;54;-39
COM11682;COM11682;Dana Airlines Limited;PotCust;NULL;0,00;0,00;0,00;0;2021-06-04;0,00;NULL;0,00;NULL;NULL;NULL;NULL;Nigeria - NG - Africa;0.00;0;0.00;0.00;0.00;0.00;Dana Airlines Limited;NG;0;NULL;NULL;NULL;NULL;NULL;NULL;NULL;NULL;NULL;NULL;NULL;NULL;NULL;NULL;NULL;NULL;NULL;NULL;NULL
COM11797;COM11797;Flexjet Operations Ltd;PotCust;NULL;0,00;0,00;0,00;0;2009-11-01;0,00;NULL;0,00;NULL;NULL;2021-04-08;Notice of termination was announced in Jan2021, unfortunately it was confirmed 15-02-2021 and will be closed April 1st 2021;United Kingdom of Great Britain and Northern Ireland - GB - Europe;0.00;0;0.00;0.00;0.00;0.00;Flexjet Operations Ltd;GB;3;78476,44;108128,22;124774,95;122769,65;23347,55;0,00;0,00;0,00;0,00;0,00;38;15;-2;-81;-100;NULL;NULL;NULL;NULL
COM11856;NULL;NULL;NULL;NULL;NULL;NULL;NULL;NULL;NULL;NULL;NULL;NULL;NULL;NULL;NULL;NULL;NULL;NULL;NULL;NULL;NULL;NULL;NULL;CELLO AVIATION LIMITED;GB;3;59667,05;51499,02;0,00;0,00;0,00;0,00;0,00;0,00;0,00;0,00;-14;-100;NULL;NULL;NULL;NULL;NULL;NULL;NULL
COM11888;COM11888;Jetflight Aviation Ltd.;Customer;NULL;0,00;0,00;0,00;0;2013-12-01;8,00;NULL;0,00;NULL;NULL;NULL;NULL;Cyprus - C1 - Asia;107,347.00;0;500,900.00;320,442.00;243,707.00;424,164.00;Jetflight Aviation Ltd.;C1;0;238472,64;272625,79;217380,02;223281,90;348500,43;406227,60;417713,65;369780,50;424164,21;320442,29;14;-20;3;56;17;3;-11;15;-24
COM12034;COM12034;Air X Charter (Germany) GmbH & Co KG;PotCust;NULL;0,00;0,00;0,00;0;2011-01-01;0,00;NULL;0,00;NULL;NULL;2021-02-15;Contract terminated;Germany - DE - Europe;0.00;0;0.00;0.00;0.00;0.00;Air X Charter (Germany) GmbH & Co KG;DE;3;85329,25;74215,56;74308,65;79279,14;2920,66;0,00;0,00;0,00;0,00;0,00;-13;0;7;-96;-100;NULL;NULL;NULL;NULL
COM12035;NULL;NULL;NULL;NULL;NULL;NULL;NULL;NULL;NULL;NULL;NULL;NULL;NULL;NULL;NULL;NULL;NULL;NULL;NULL;NULL;NULL;NULL;NULL;e-OPS S.A.R.L.;FR;3;40215,10;38885,57;29858,28;0,00;0,00;0,00;0,00;0,00;0,00;0,00;-3;-23;-100;NULL;NULL;NULL;NULL;NULL;NULL
COM12212;COM12212;Sardinian Sky Services s.r.l;Customer;3;2,00;0,00;0,00;0;2012-01-01;8,00;NULL;0,00;NULL;NULL;NULL;NULL;Italy - IT - Europe;8,532.00;3;33,477.00;17,062.00;23,656.00;40,071.00;Sardinian Sky Services s.r.l;IT;0;38715,79;47084,03;42655,26;46901,92;49942,51;52573,34;41786,61;53877,04;44014,62;17061,86;22;-9;10;6;5;-21;29;-18;-61
COM12309;COM12309;ROSENXT Holding AG;Customer;3;1,00;0,00;0,00;0;2013-07-01;8,00;NULL;0,00;NULL;NULL;NULL;NULL;Switzerland - CH - Europe;0.00;1;29,649.00;17,851.00;16,504.00;28,302.00;Rosenxt Holding AG;CH;0;21456,00;23255,35;21500,81;28675,12;29479,36;28612,66;24410,60;26375,99;28301,69;19045,22;8;-8;33;3;-3;-15;8;7;-33
COM12369;COM12369;SKY EXPRESS S.A.;PotCust;NULL;0,00;0,00;0,00;0;2016-12-01;0,00;NULL;0,00;NULL;NULL;2021-03-08;Termination of agreement;Greece - GR - Europe;0.00;22;0.00;0.00;0.00;0.00;SKY EXPRESS S.A.;GR;3;85138,23;176754,01;241180,58;254581,86;41507,10;0,00;0,00;0,00;0,00;0,00;108;36;6;-84;-100;NULL;NULL;NULL;NULL
COM12411;COM12411;Spire Flight Solutions WFS;Customer, on hold;NULL;0,00;0,00;0,00;0;2013-01-01;8,00;NULL;0,00;NULL;NULL;NULL;NULL;United States of America - US - Americas;0.00;0;34,797.00;0.00;60,311.00;95,108.00;Spire Flight Solutions;US;0;61499,01;72500,44;145001,80;117275,10;185927,82;219561,77;168307,93;114955,42;95108,38;0,00;18;100;-19;59;18;-23;-32;-17;-100
COM12429;COM12429;Premium Jet AG;PotCust;NULL;0,00;0,00;0,00;0;2012-10-01;0,00;NULL;24.533,00;2023-02-28;No Activity;2023-10-02;Contract terminated;Switzerland - CH - Europe;0.00;1;0.00;0.00;0.00;0.00;Premium Jet AG;CH;3;35313,00;37101,00;37131,88;37083,57;37031,28;24540,45;0,00;0,00;0,00;0,00;5;0;0;0;-34;-100;NULL;NULL;NULL
COM12437;NULL;NULL;NULL;NULL;NULL;NULL;NULL;NULL;NULL;NULL;NULL;NULL;NULL;NULL;NULL;NULL;NULL;NULL;NULL;NULL;NULL;NULL;NULL;ADRIA AIRWAYS;SI;3;314998,67;416005,48;284710,92;0,00;0,00;0,00;0,00;0,00;0,00;0,00;32;-32;-100;NULL;NULL;NULL;NULL;NULL;NULL
COM12486;COM12486;AEROVIAS DAP;Customer;NULL;11,00;0,00;0,00;0;2013-05-01;8,00;NULL;0,00;NULL;NULL;NULL;NULL;Chile - CL - Americas;20,358.00;13;231,845.00;139,071.00;151,710.00;244,484.00;AEROVIAS DAP;CL;0;104724,65;145695,01;123725,43;105274,34;105364,15;131156,04;180041,28;219803,06;244484,01;159428,41;39;-15;-15;0;24;37;22;11;-35
COM12508;COM12508;SKYBRIDGE;Customer;3;0,00;0,00;0,00;0;2016-10-01;8,00;NULL;0,00;NULL;NULL;NULL;NULL;Serbia - RS - Europe;0.00;2;13,792.00;8,304.00;7,677.00;13,166.00;Skybridge International Balkan DOO;RS;0;0,00;8719,18;63598,64;27667,41;12226,04;10995,52;11355,84;12270,19;13165,66;8304,08;NULL;629;-56;-56;-10;3;8;7;-37
COM12528;COM12528;LINK CONNECTION AEREA, Tarmexico;Customer;NULL;4,00;0,00;0,00;0;2013-11-01;8,00;NULL;0,00;NULL;NULL;NULL;NULL;Mexico - MX - Americas;0.00;4;81,017.00;43,382.00;62,045.00;99,679.00;LINK CONNECTION AEREA SA DE CV / LCA111018A27;MX;0;149596,00;167972,55;163234,33;128407,76;113455,50;89183,73;95690,41;98997,15;99679,39;43382,49;12;-3;-21;-12;-21;7;3;1;-56
COM12530;COM12530;Air X Charter Ltd;Customer;3;0,00;0,00;0,00;0;2013-05-01;8,00;NULL;0,00;NULL;NULL;2024-02-06;NULL;Malta - MT - Europe;1,356.00;19;15,763.00;9,490.00;8,774.00;15,046.00;Air X Charter Ltd;MT;0;189985,80;216261,75;233549,41;257559,49;284226,87;357850,62;184533,95;14009,14;15046,47;10846,57;14;8;10;10;26;-48;-92;7;-28
COM12546;NULL;NULL;NULL;NULL;NULL;NULL;NULL;NULL;NULL;NULL;NULL;NULL;NULL;NULL;NULL;NULL;NULL;NULL;NULL;NULL;NULL;NULL;NULL;Anpartsselskabet af 1.1.2012;DK;3;25143,75;0,00;0,00;0,00;0,00;0,00;0,00;0,00;0,00;0,00;-100;NULL;NULL;NULL;NULL;NULL;NULL;NULL;NULL
COM12586;COM12586;Jet Commerce OU, Litavio;NonCust;3;0,00;0,00;0,00;0;2013-09-01;8,00;NULL;0,00;NULL;NULL;2026-05-05;Closed because of the war in Ukraine;Estonia - EE - Europe;0.00;0;0.00;0.00;0.00;0.00;Jet Commerce OU;EE;3;41833,99;26917,70;11644,54;14494,58;12226,04;2068,64;0,00;0,00;0,00;0,00;-36;-57;24;-16;-83;-100;NULL;NULL;NULL
COM12618;COM12618;NAS CORPORATION LTD;Customer;3;0,00;0,00;0,00;0;2014-07-24;8,00;NULL;0,00;NULL;NULL;2023-06-08;NULL;United Kingdom of Great Britain and Northern Ireland - GB - Europe;0.00;0;49,531.00;29,818.00;27,568.00;47,281.00;NAS CORPORATION LTD;GB;0;13633,50;16896,60;76055,21;0,00;0,00;0,00;17038,15;42944,03;45579,75;28823,69;24;350;-100;NULL;NULL;NULL;152;6;-37
COM12632;COM12632;ROYAL JET;Customer;NULL;31,00;0,00;0,00;0;2019-03-01;8,00;NULL;0,00;NULL;NULL;NULL;NULL;United Arab Emirates - AE - Asia;0.00;93;964,352.00;964,352.00;-138,993.00;-138,993.00;Royal Jet;AE;0;0,00;0,00;2578885,03;1719225,98;856480,30;986703,88;1786027,69;1060077,52;1939431,51;1038748,45;NULL;NULL;-33;-50;15;81;-41;83;-46
COM12708;COM12708;AVIASERVIS;Quarantine;NULL;0,00;0,00;0,00;0;2014-09-01;0,00;NULL;0,00;NULL;NULL;2022-03-09;Discontinue of service - Russia;Russian Federation - RU - Europe;0.00;0;0.00;0.00;0.00;0.00;AVIASERVIS;RU;3;109595,09;134690,97;130610,58;138488,37;132575,24;34942,34;0,00;0,00;0,00;0,00;23;-3;6;-4;-74;-100;NULL;NULL;NULL
COM12728;NULL;NULL;NULL;NULL;NULL;NULL;NULL;NULL;NULL;NULL;NULL;NULL;NULL;NULL;NULL;NULL;NULL;NULL;NULL;NULL;NULL;NULL;NULL;AERO SURVEYS LIMITED;GH;3;30954,75;6369,75;0,00;0,00;0,00;0,00;0,00;0,00;0,00;0,00;-79;-100;NULL;NULL;NULL;NULL;NULL;NULL;NULL
COM12771;NULL;NULL;NULL;NULL;NULL;NULL;NULL;NULL;NULL;NULL;NULL;NULL;NULL;NULL;NULL;NULL;NULL;NULL;NULL;NULL;NULL;NULL;NULL;AHS Aviation Services (PVT) Ltd.;AE;3;31498,60;29446,89;15303,37;0,00;0,00;0,00;0,00;0,00;0,00;0,00;-7;-48;-100;NULL;NULL;NULL;NULL;NULL;NULL
COM12787;NULL;NULL;NULL;NULL;NULL;NULL;NULL;NULL;NULL;NULL;NULL;NULL;NULL;NULL;NULL;NULL;NULL;NULL;NULL;NULL;NULL;NULL;NULL;UAB “Grand Cru Airlines”;LT;3;172400,08;13607,05;0,00;0,00;0,00;0,00;0,00;0,00;0,00;0,00;-92;-100;NULL;NULL;NULL;NULL;NULL;NULL;NULL
COM12809;COM12809;Primeslot;Customer;2;6,00;0,00;0,00;0;2018-12-01;8,00;NULL;0,00;NULL;NULL;NULL;NULL;Portugal - PT - Europe;22,592.00;0;177,149.00;109,854.00;111,511.00;178,806.00;Primeslot;PT;0;0,00;0,00;75795,17;27990,89;53853,61;49850,18;86828,86;174645,74;178806,29;109854,01;NULL;NULL;-63;92;-7;74;101;2;-39
COM12845;COM12845;Air Inuit Hydro Quebec div.;Customer;1;4,00;0,00;0,00;0;2015-06-01;8,00;NULL;0,00;NULL;NULL;NULL;NULL;Canada - CA - Americas;8,137.00;4;94,577.00;56,942.00;52,644.00;90,279.00;Air Inuit Hydro Quebec div.;CA;0;80772,90;57475,09;53304,09;56257,38;56132,71;58473,81;61786,53;74087,44;90278,80;65079,44;-29;-7;6;0;4;6;20;22;-28
COM12848;COM12848;Comfort Jet Services, SA;PotCust;NULL;0,00;0,00;0,00;0;2015-05-01;0,00;NULL;0,00;NULL;NULL;2020-11-02;Company shut down on Sept. 25th, 2020.;Togo - TG - Africa;0.00;0;0.00;0.00;0.00;0.00;Comfort Jet Services, SA;TG;3;57141,50;53174,31;25831,08;21067,02;0,00;0,00;0,00;0,00;0,00;0,00;-7;-51;-18;-100;NULL;NULL;NULL;NULL;NULL
COM12909;NULL;NULL;NULL;NULL;NULL;NULL;NULL;NULL;NULL;NULL;NULL;NULL;NULL;NULL;NULL;NULL;NULL;NULL;NULL;NULL;NULL;NULL;NULL;Al Naser Wings;IQ;3;48544,20;49391,72;12167,53;0,00;0,00;0,00;0,00;0,00;0,00;0,00;2;-75;-100;NULL;NULL;NULL;NULL;NULL;NULL
COM12929;COM12929;airCreebec;Customer;2;21,00;0,00;0,00;0;2016-07-01;8,00;NULL;0,00;NULL;NULL;NULL;NULL;Canada - CA - Americas;0.00;20;458,961.00;299,843.00;233,134.00;392,251.00;airCreebec;CA;0;244561,86;442997,79;474688,55;387333,84;382030,53;474313,88;328523,59;360557,36;392251,38;346128,56;81;7;-18;-1;24;-31;10;9;-12
COM12952;COM12952;BAA Training;PotCust;NULL;0,00;0,00;0,00;0;NULL;0,00;NULL;0,00;NULL;NULL;NULL;NULL;Lithuania - LT - Europe;0.00;0;0.00;0.00;0.00;0.00;BAA Training;LT;0;NULL;NULL;NULL;NULL;NULL;NULL;NULL;NULL;NULL;NULL;NULL;NULL;NULL;NULL;NULL;NULL;NULL;NULL;NULL
COM12994;NULL;NULL;NULL;NULL;NULL;NULL;NULL;NULL;NULL;NULL;NULL;NULL;NULL;NULL;NULL;NULL;NULL;NULL;NULL;NULL;NULL;NULL;NULL;canaryFly;ES;3;72172,25;107717,08;28274,80;0,00;0,00;0,00;0,00;0,00;0,00;0,00;49;-74;-100;NULL;NULL;NULL;NULL;NULL;NULL
COM13000;COM13000;YUZMASHAVIA;PotCust;NULL;0,00;0,00;0,00;0;2017-02-17;0,00;NULL;0,00;NULL;NULL;2020-10-28;No more flights, - No Re-opening fee until 31.12.2020;Ukraine - UA - Europe;0.00;0;0.00;0.00;0.00;0.00;YUZMASHAVIA;UA;3;23169,50;58831,96;64860,77;28949,08;0,00;0,00;0,00;0,00;0,00;0,00;154;10;-55;-100;NULL;NULL;NULL;NULL;NULL
COM13011;NULL;NULL;NULL;NULL;NULL;NULL;NULL;NULL;NULL;NULL;NULL;NULL;NULL;NULL;NULL;NULL;NULL;NULL;NULL;NULL;NULL;NULL;NULL;ECC Flight Support LLC;US;3;3463,20;0,00;0,00;0,00;0,00;0,00;0,00;0,00;0,00;0,00;-100;NULL;NULL;NULL;NULL;NULL;NULL;NULL;NULL
COM13040;COM13040;Aircompany Armenia LLC (Air Dilijans LLC);NonCust;NULL;0,00;0,00;0,00;0;2016-09-01;0,00;2024-09-11;35.797,00;2024-09-11;No aircraft left.;2024-10-02;No aircraft left.;Armenia - AM - Asia;0.00;1;0.00;0.00;0.00;0.00;Air Dilijans LLC;AM;3;22856,60;29394,53;33327,36;42955,69;54555,84;59114,65;51861,34;21012,46;0,00;0,00;29;13;29;27;8;-12;-59;-100;NULL
COM13058;COM13058;Cemair;Customer;1;32,00;0,00;0,00;0;2018-06-01;8,00;NULL;0,00;NULL;NULL;2024-02-13;NULL;South Africa - ZA - Africa;55,059.00;25;678,147.00;384,037.00;412,421.00;706,531.00;Cemair;ZA;0;0,00;178328,90;84567,19;189354,94;244273,63;414179,34;730766,13;724651,16;710552,83;422234,30;NULL;-53;124;29;70;76;-1;-2;-41
COM13093;COM13093;DORNIER AVIATION Nigeria AIEP (DANA);Customer;3;4,00;0,00;0,00;0;2017-03-01;8,00;NULL;0,00;NULL;NULL;NULL;NULL;Nigeria - NG - Africa;18,651.00;7;75,973.00;40,891.00;39,265.00;74,347.00;DORNIER AVIATION Nigeria AIEP;NG;0;80219,70;60112,23;66737,05;44102,20;67567,94;61784,92;66958,01;85442,75;78139,95;40891,36;-25;11;-34;53;-9;8;28;-9;-48
COM13104;COM13104;Fly Easy;NonCust;NULL;0,00;0,00;0,00;0;2018-04-12;0,00;2024-03-22;0,00;2024-03-31;Closing the company. All activities transfered to existing PPS customer with a FPL binding date.;2024-04-04;Closing the company;Tunisia - TN - Africa;0.00;0;0.00;0.00;0.00;0.00;Fly Easy;TN;3;0,00;125856,86;200648,11;378116,86;270194,75;251602,99;287278,80;35433,84;0,00;0,00;NULL;59;88;-29;-7;14;-88;-100;NULL
COM13125;COM13125;Fly Baghdad;Quarantine;NULL;1,00;0,00;0,00;0;2017-07-01;8,00;2024-02-23;302.100,00;2024-02-28;sanctions removed in 2025, reopened;2026-08-18;Lack of payment;Iraq - IQ - Asia;58,234.00;8;57,243.00;57,243.00;54,429.00;54,429.00;FlyBaghdad;IQ;0;84015,90;76334,37;87514,93;120729,91;107662,08;222662,04;298728,93;0,00;54429,46;57242,53;-9;15;38;-11;107;34;-100;NULL;5
COM13155;NULL;NULL;NULL;NULL;NULL;NULL;NULL;NULL;NULL;NULL;NULL;NULL;NULL;NULL;NULL;NULL;NULL;NULL;NULL;NULL;NULL;NULL;NULL;WENXT AVIATION (FZC);AE;3;17682,30;0,00;0,00;0,00;0,00;0,00;0,00;0,00;0,00;0,00;-100;NULL;NULL;NULL;NULL;NULL;NULL;NULL;NULL
COM13165;COM13165;Abu Dhabi Aviation;Customer;NULL;9,00;2,00;2,00;0;2018-03-01;8,00;NULL;0,00;NULL;NULL;2024-02-06;NULL;United Arab Emirates - AE - Asia;23,173.00;11;290,318.00;165,384.00;214,925.00;339,859.00;Abu Dhabi Aviation;AE;0;0,00;71571,01;82326,02;100413,54;98108,34;198885,70;265229,95;320369,32;392305,35;215432,41;NULL;15;22;-2;103;33;21;22;-45
COM13207;NULL;NULL;NULL;NULL;NULL;NULL;NULL;NULL;NULL;NULL;NULL;NULL;NULL;NULL;NULL;NULL;NULL;NULL;NULL;NULL;NULL;NULL;NULL;V1 Aviation Services;AE;3;9590,40;19489,49;0,00;0,00;0,00;0,00;0,00;0,00;0,00;0,00;103;-100;NULL;NULL;NULL;NULL;NULL;NULL;NULL
COM13211;COM13211;WINGS OF LEBANON;PotCust;NULL;0,00;0,00;0,00;0;2017-12-01;0,00;NULL;0,00;NULL;NULL;2021-07-06;Out of business;Lebanon - LB - Asia;0.00;0;0.00;0.00;0.00;0.00;WINGS OF LEBANON;LB;3;0,00;52249,85;54077,20;28153,76;0,00;0,00;0,00;0,00;0,00;0,00;NULL;3;-48;-100;NULL;NULL;NULL;NULL;NULL
COM13225;COM13225;CAE AVIATION Luxembourg;NonCust;NULL;0,00;0,00;0,00;0;NULL;0,00;NULL;0,00;NULL;NULL;NULL;NULL;Luxembourg - LU - Europe;0.00;0;0.00;0.00;0.00;0.00;CAE AVIATION Luxembourg;LU;0;NULL;NULL;NULL;NULL;NULL;NULL;NULL;NULL;NULL;NULL;NULL;NULL;NULL;NULL;NULL;NULL;NULL;NULL;NULL
COM13254;COM13254;GETJET AIRLINES;Customer;1;18,00;18,00;2,00;18;2018-01-01;4,00;NULL;0,00;NULL;NULL;NULL;NULL;Lithuania - LT - Europe;0.00;12;948,189.00;578,886.00;427,932.00;797,234.00;GETJET AIRLINES;LT;0;0,00;217697,69;423546,01;325289,50;351015,16;627626,39;686647,62;737360,13;797234,38;578886,44;NULL;95;-23;8;79;9;7;8;-27
COM13287;NULL;NULL;NULL;NULL;NULL;NULL;NULL;NULL;NULL;NULL;NULL;NULL;NULL;NULL;NULL;NULL;NULL;NULL;NULL;NULL;NULL;NULL;NULL;SAHA AIRLINES;IR;3;0,00;5140,50;0,00;0,00;0,00;0,00;0,00;0,00;0,00;0,00;NULL;-100;NULL;NULL;NULL;NULL;NULL;NULL;NULL
COM13300;NULL;NULL;NULL;NULL;NULL;NULL;NULL;NULL;NULL;NULL;NULL;NULL;NULL;NULL;NULL;NULL;NULL;NULL;NULL;NULL;NULL;NULL;NULL;FANair Limited Trust Distribution;UA;3;0,00;37832,19;0,00;0,00;0,00;0,00;0,00;0,00;0,00;0,00;NULL;-100;NULL;NULL;NULL;NULL;NULL;NULL;NULL
COM13340;NULL;NULL;NULL;NULL;NULL;NULL;NULL;NULL;NULL;NULL;NULL;NULL;NULL;NULL;NULL;NULL;NULL;NULL;NULL;NULL;NULL;NULL;NULL;AVIANET24 d.o.o.;MK;3;0,00;62415,14;47323,86;0,00;0,00;0,00;0,00;0,00;0,00;0,00;NULL;-24;-100;NULL;NULL;NULL;NULL;NULL;NULL
COM13365;COM13365;Advanced Air Support International;PotCust;NULL;0,00;0,00;0,00;0;2018-09-01;0,00;NULL;0,00;NULL;NULL;2021-12-13;Requested termination Oct 15., account will be closed on Nov 30th, 2021. Ceasing OPS service;France - FR - Europe;0.00;1;0.00;0.00;0.00;0.00;Advanced Air Support International;FR;3;0,00;19338,89;35831,20;37653,99;34439,78;0,00;0,00;0,00;0,00;0,00;NULL;85;5;-9;-100;NULL;NULL;NULL;NULL
COM13371;COM13371;ELLINAIR S.A.;PotCust;NULL;0,00;0,00;0,00;0;2019-05-01;0,00;NULL;0,00;NULL;NULL;2021-10-13;Closed due to missing payment and communication;Greece - GR - Europe;0.00;0;0.00;0.00;0.00;0.00;ELLINAIR S.A.;GR;3;0,00;0,00;77988,44;51859,29;39331,34;0,00;0,00;0,00;0,00;0,00;NULL;NULL;-34;-24;-100;NULL;NULL;NULL;NULL
COM13378;COM13378;Georgian Wings (TCA LLC);Quarantine;NULL;0,00;0,00;0,00;0;2021-02-18;8,00;2024-12-31;22.758,00;2024-09-30;No AC, No flights, no use of PPS;2025-08-20;No AC, No flights, no use of PPS. No communiation. No payment;Georgia - GE - Asia;0.00;1;0.00;0.00;25,153.00;25,153.00;TCA LLC;GE;3;0,00;0,00;0,00;0,00;14427,51;22139,70;23449,37;25336,91;25153,45;0,00;NULL;NULL;NULL;NULL;53;6;8;-1;-100
COM13402;COM13402;UR AIRLINES;Customer;NULL;0,00;0,00;0,00;0;2019-02-01;8,00;NULL;0,00;NULL;NULL;2024-02-07;NULL;Iraq - IQ - Asia;0.00;2;48,634.00;31,072.00;36,976.00;54,538.00;UR AIRLINES;IQ;0;0,00;0,00;84381,51;54152,41;80466,24;92228,48;47045,10;53470,00;54537,71;33895,17;NULL;NULL;-36;49;15;-49;14;2;-38
COM13408;COM13408;MALETH AERO;Quarantine;NULL;0,00;0,00;0,00;0;2020-09-01;8,00;2025-05-27;80.033,00;2025-05-30;See blocked reason;2025-05-27;No payment, no communication;Malta - MT - Europe;0.00;1;0.00;0.00;27,129.00;27,129.00;MALETH AERO;MT;3;0,00;0,00;0,00;198212,46;385214,17;361495,56;380569,93;219603,28;27129,10;0,00;NULL;NULL;NULL;94;-6;5;-42;-88;-100
COM13416;COM13416;COBRA JET AVIATION;PotCust;NULL;0,00;0,00;0,00;0;2021-06-24;0,00;NULL;0,00;NULL;NULL;2022-09-27;Missing payment and communication;Egypt - EG - Africa;0.00;0;0.00;0.00;0.00;0.00;COBRA JET AVIATION;EG;3;0,00;0,00;0,00;0,00;10060,72;29868,34;0,00;0,00;0,00;0,00;NULL;NULL;NULL;NULL;197;-100;NULL;NULL;NULL
COM13431;COM13431;EFPL SUPPORT PRIVATE LIMITED;PotCust;NULL;0,00;0,00;0,00;0;2019-05-01;0,00;NULL;0,00;NULL;NULL;2021-05-28;Have not lived up to the agreements made about payments etc. his account is now closed until we get a commitment of paying the debt;India - IN - Asia;0.00;0;0.00;0.00;0.00;0.00;EFPL SUPPORT PRIVATE LIMITED;IN;3;0,00;0,00;128083,96;147306,69;48992,32;0,00;0,00;0,00;0,00;0,00;NULL;NULL;15;-67;-100;NULL;NULL;NULL;NULL
COM13436;COM13436;ALLIED AIR;PotCust;NULL;0,00;0,00;0,00;0;2019-04-01;0,00;NULL;170.433,00;2023-03-28;Missing payment;NULL;renewed interest LN;Nigeria - NG - Africa;0.00;4;0.00;0.00;0.00;0.00;ALLIED AIR;NG;0;0,00;0,00;76639,00;247907,80;150326,17;170435,70;0,00;0,00;0,00;0,00;NULL;NULL;223;-39;13;-100;NULL;NULL;NULL
COM13494;COM13494;KlasJet;Customer;1;12,00;0,00;0,00;0;2019-07-01;8,00;NULL;0,00;NULL;NULL;2023-06-26;NULL;Lithuania - LT - Europe;57,930.00;11;483,370.00;275,255.00;334,553.00;542,668.00;UAB KlasJet;LT;0;0,00;0,00;53624,19;146012,43;125978,61;140692,01;290663,23;460655,17;542668,18;275254,57;NULL;NULL;172;-14;12;107;58;18;-49
COM13509;NULL;NULL;NULL;NULL;NULL;NULL;NULL;NULL;NULL;NULL;NULL;NULL;NULL;NULL;NULL;NULL;NULL;NULL;NULL;NULL;NULL;NULL;NULL;AVIATIS;RU;3;0,00;0,00;25654,09;22581,24;0,00;0,00;0,00;0,00;0,00;0,00;NULL;NULL;-12;-100;NULL;NULL;NULL;NULL;NULL
COM13565;COM13565;Air Botswana;PotCust;2;0,00;0,00;0,00;0;NULL;8,00;NULL;0,00;NULL;NULL;NULL;NULL;Botswana - BW - Africa;0.00;0;0.00;0.00;0.00;0.00;Air Botswana Corporation;BW;0;NULL;NULL;NULL;NULL;NULL;NULL;NULL;NULL;NULL;NULL;NULL;NULL;NULL;NULL;NULL;NULL;NULL;NULL;NULL
COM13583;COM13583;Kommunalförbundet Svenskt Ambulansflyg (KSA);NonCust;NULL;0,00;0,00;0,00;0;NULL;0,00;NULL;0,00;NULL;NULL;NULL;NULL;Sweden - SE - Europe;0.00;0;0.00;0.00;0.00;0.00;Kommunalförbundet Svenskt Ambulansflyg;SE;0;NULL;NULL;NULL;NULL;NULL;NULL;NULL;NULL;NULL;NULL;NULL;NULL;NULL;NULL;NULL;NULL;NULL;NULL;NULL
COM13618;COM13618;WHITE AIRWAYS;Customer;2;0,00;0,00;0,00;0;2025-05-21;0,00;NULL;0,00;NULL;NULL;NULL;NULL;Portugal - PT - Europe;0.00;3;24,298.00;24,298.00;24,258.00;24,258.00;WHITE AIRWAYS;PT;0;0,00;0,00;0,00;0,00;0,00;0,00;0,00;0,00;24258,29;24297,64;NULL;NULL;NULL;NULL;NULL;NULL;NULL;NULL;0
COM13631;COM13631;Aquiline Int'l Corp LTD;PotCust;NULL;0,00;0,00;0,00;0;NULL;0,00;NULL;0,00;NULL;NULL;2020-12-01;Have a signed agreement, but never received the impl payment. No comm therefore closing account.;United Arab Emirates - AE - Asia;0.00;0;0.00;0.00;0.00;0.00;Aquiline Int'l Corp LTD;AE;3;NULL;NULL;NULL;NULL;NULL;NULL;NULL;NULL;NULL;NULL;NULL;NULL;NULL;NULL;NULL;NULL;NULL;NULL;NULL
COM13646;COM13646;SUNCLASS AIRLINES;PotCust;1;0,00;0,00;0,00;0;2020-09-01;0,00;NULL;0,00;NULL;NULL;NULL;NULL;Denmark - DK - Europe;0.00;13;0.00;0.00;0.00;0.00;SUNCLASS AIRLINES;DK;0;0,00;0,00;0,00;0,00;356518,22;431141,16;527143,94;47899,42;0,00;0,00;NULL;NULL;NULL;NULL;21;22;-91;-100;NULL
COM13653;COM13653;Deutsches Zentrum für Luft- und Raumfahrt e.V. (DLR);Customer;2;7,00;0,00;0,00;0;2021-01-18;8,00;NULL;0,00;NULL;NULL;NULL;NULL;Germany - DE - Europe;0.00;7;255,634.00;155,200.00;140,052.00;240,486.00;Deutsches Zentrum für Luft- und Raumfahrt e.V.;DE;0;0,00;0,00;0,00;0,00;110264,54;165512,14;217051,37;223519,71;240485,70;155199,56;NULL;NULL;NULL;NULL;50;31;3;8;-35
COM13671;COM13671;Falcon Jet Aviation;PotCust;NULL;0,00;0,00;0,00;0;2020-09-01;0,00;NULL;0,00;NULL;NULL;2022-04-06;Agreement determintated;United Arab Emirates - AE - Asia;0.00;0;0.00;0.00;0.00;0.00;Falcon Jet Aviation;AE;3;0,00;0,00;0,00;9675,90;30490,97;7432,56;0,00;0,00;0,00;0,00;NULL;NULL;NULL;215;-76;-100;NULL;NULL;NULL
COM13712;COM13712;Heston Airlines (Heston Aviation);Customer;1;16,00;16,00;1,00;0;2021-01-11;8,00;NULL;0,00;NULL;NULL;NULL;NULL;Lithuania - LT - Europe;0.00;15;892,847.00;548,134.00;421,895.00;766,608.00;Heston Airlines (Heston Aviation);LT;0;0,00;0,00;0,00;0,00;50796,97;267289,01;693299,22;617575,78;840964,94;558109,50;NULL;NULL;NULL;NULL;426;159;-11;36;-34
COM13723;COM13723;(Duplicate) United Airlines;NonCust;NULL;0,00;0,00;0,00;0;NULL;0,00;NULL;0,00;NULL;NULL;NULL;NULL;United States of America - US - Americas;0.00;0;0.00;0.00;0.00;0.00;United Airlines Inc;US;0;NULL;NULL;NULL;NULL;NULL;NULL;NULL;NULL;NULL;NULL;NULL;NULL;NULL;NULL;NULL;NULL;NULL;NULL;NULL
COM13849;COM13849;GIANAIR;Customer;3;1,00;0,00;0,00;0;2021-03-15;8,00;NULL;0,00;NULL;NULL;NULL;NULL;Ghana - GH - Africa;0.00;2;14,361.00;8,658.00;8,417.00;14,120.00;Gianair Ltd;GH;0;0,00;0,00;0,00;0,00;12474,68;24825,31;25465,40;25218,54;14120,19;8657,99;NULL;NULL;NULL;NULL;99;3;-1;-44;-39
COM13918;COM13918;Prime Trip Support;Customer;NULL;0,00;0,00;0,00;0;2021-10-01;8,00;NULL;0,00;NULL;NULL;NULL;NULL;United Arab Emirates - AE - Asia;0.00;0;135,387.00;82,199.00;78,505.00;131,693.00;Prime Trip Support DMCC;AE;0;0,00;0,00;0,00;0,00;16612,07;123814,40;132173,75;130259,99;131693,39;82198,81;NULL;NULL;NULL;NULL;645;7;-1;1;-38
COM13954;COM13954;AIR CARGO GLOBAL;NonCust;NULL;0,00;0,00;0,00;0;NULL;0,00;NULL;0,00;NULL;NULL;NULL;NULL;Slovakia - SK - Europe;0.00;0;0.00;0.00;0.00;0.00;AIR CARGO GLOBAL;SK;0;NULL;NULL;NULL;NULL;NULL;NULL;NULL;NULL;NULL;NULL;NULL;NULL;NULL;NULL;NULL;NULL;NULL;NULL;NULL
COM13978;COM13978;AMS Aero (billing company for HCAA);Customer;3;1,00;0,00;0,00;0;2021-12-22;8,00;NULL;0,00;NULL;NULL;NULL;NULL;Greece - GR - Europe;0.00;1;36,807.00;0.00;0.00;36,807.00;Aerospace Management and Support PCC;GR;0;0,00;0,00;0,00;0,00;26584,42;31441,27;31511,44;34040,88;36807,04;0,00;NULL;NULL;NULL;NULL;18;0;8;8;-100
COM13981;COM13981;Celeste Air;Customer via;NULL;0,00;0,00;0,00;0;2025-12-07;0,00;NULL;0,00;NULL;NULL;NULL;NULL;France - FR - Europe;0.00;0;0.00;0.00;0.00;0.00;Celeste Air;FR;0;NULL;NULL;NULL;NULL;NULL;NULL;NULL;NULL;NULL;NULL;NULL;NULL;NULL;NULL;NULL;NULL;NULL;NULL;NULL
COM13995;COM13995;Fly Fast Airlines;Quarantine;NULL;0,00;0,00;0,00;0;NULL;0,00;NULL;0,00;NULL;NULL;NULL;NULL;Russian Federation - RU - Europe;0.00;0;0.00;0.00;0.00;0.00;Fly Fast Airlines;RU;0;NULL;NULL;NULL;NULL;NULL;NULL;NULL;NULL;NULL;NULL;NULL;NULL;NULL;NULL;NULL;NULL;NULL;NULL;NULL
COM14001;COM14001;Holiday Europe;NonCust;NULL;0,00;0,00;0,00;0;2022-02-04;0,00;NULL;0,00;NULL;NULL;2023-12-13;Holiday Europe is now Jetsky Airways - new customer;Bulgaria - BG - Europe;0.00;1;0.00;0.00;0.00;0.00;Holiday Europe Ltd.;BG;3;0,00;0,00;0,00;0,00;0,00;78676,09;20655,43;0,00;0,00;0,00;NULL;NULL;NULL;NULL;NULL;-74;-100;NULL;NULL
COM14008;COM14008;Falcon Wings Aviation Academy;Customer;NULL;0,00;0,00;0,00;0;2026-01-02;0,00;NULL;0,00;NULL;NULL;NULL;NULL;Saudi Arabia - SA - Asia;0.00;0;0.00;0.00;0.00;0.00;Falcon Wings Aviation Academy;SA;0;NULL;NULL;NULL;NULL;NULL;NULL;NULL;NULL;NULL;NULL;NULL;NULL;NULL;NULL;NULL;NULL;NULL;NULL;NULL
COM14016;COM14016;AIR CONNECT;Customer via;NULL;0,00;0,00;0,00;0;2024-04-09;0,00;NULL;0,00;NULL;NULL;NULL;NULL;Romania - RO - Europe;0.00;0;0.00;0.00;0.00;0.00;AIR CONNECT;RO;0;NULL;NULL;NULL;NULL;NULL;NULL;NULL;NULL;NULL;NULL;NULL;NULL;NULL;NULL;NULL;NULL;NULL;NULL;NULL
COM14046;COM14046;Adriyatik Aviation;Customer;NULL;0,00;0,00;0,00;0;2022-08-01;8,00;NULL;0,00;NULL;NULL;NULL;NULL;Turkey - TR - Asia;0.00;0;49,531.00;29,818.00;27,568.00;47,281.00;Adriyatik Tasimacilik Dis Ticaret;TR;0;0,00;0,00;0,00;0,00;0,00;16140,07;40863,16;44077,81;47281,43;34078,47;NULL;NULL;NULL;NULL;NULL;153;8;7;-28
COM14056;COM14056;SKYWINGS;Customer;NULL;0,00;0,00;0,00;0;2022-06-17;8,00;NULL;0,00;NULL;NULL;2023-09-03;NULL;United Arab Emirates - AE - Asia;17,044.00;0;49,531.00;29,818.00;27,568.00;47,281.00;Skywings FZC;AE;0;0,00;0,00;0,00;0,00;0,00;16140,07;37457,09;44077,81;47281,43;29817,50;NULL;NULL;NULL;NULL;NULL;132;18;7;-37
COM14086;COM14086;Sky Vision Airlines B Finance;Customer;3;7,00;0,00;0,00;0;2022-10-01;8,00;NULL;0,00;NULL;NULL;NULL;NULL;Switzerland - CH - Europe;25,324.00;6;268,362.00;166,996.00;135,499.00;236,865.00;Sky Vision airlines;CH;0;0,00;0,00;0,00;0,00;0,00;11046,17;71295,17;148836,20;236865,36;166995,71;NULL;NULL;NULL;NULL;NULL;545;109;59;-29
COM14098;COM14098;Flight Ops International;Customer;NULL;0,00;0,00;0,00;0;2022-12-01;8,00;NULL;0,00;NULL;NULL;NULL;NULL;United States of America - US - Americas;5,994.00;0;82,435.00;49,298.00;36,463.00;69,600.00;Flight Ops International LLc;US;0;0,00;0,00;0,00;0,00;0,00;9761,78;78953,33;60206,14;69599,84;49298,27;NULL;NULL;NULL;NULL;NULL;709;-24;16;-29
COM14115;COM14115;ARMENIAN AIRLINES;Quarantine;NULL;0,00;0,00;0,00;0;2022-11-08;8,00;2025-09-16;61.579,00;2025-09-30;Missing payment;2025-09-16;No payment, no communication;Armenia - AM - Asia;0.00;2;1,366.00;0.00;31,597.00;32,963.00;Armenian Airlines LLC;AM;3;0,00;0,00;0,00;0,00;0,00;3681,07;63137,71;82902,53;32962,94;0,00;NULL;NULL;NULL;NULL;NULL;1615;31;-60;-100
COM14137;COM14137;Executive Aircraft Services;NonCust;NULL;0,00;0,00;0,00;0;2023-01-02;0,00;2024-09-30;22.540,00;2024-09-30;Account frozen on request from Customer. Reason is war in the area. RAIM cancelled.;2025-05-08;Account frozen on request from Customer. Reason is war in the area. RAIM cancelled.;Lebanon - LB - Asia;0.00;0;0.00;0.00;0.00;0.00;Executive Aircraft Services S.A.L;LB;3;0,00;0,00;0,00;0,00;0,00;0,00;21123,40;15062,60;0,00;0,00;NULL;NULL;NULL;NULL;NULL;NULL;-29;-100;NULL
COM14185;COM14185;Global Aviation LTD;Customer;NULL;2,00;2,00;2,00;0;2023-02-07;8,00;NULL;0,00;NULL;NULL;NULL;Lack of payment;Iraq - IQ - Asia;0.00;2;163,576.00;98,485.00;91,052.00;156,143.00;Global Aviation LTD;IQ;0;0,00;0,00;0,00;0,00;0,00;0,00;0,00;86494,25;156142,91;98485,21;NULL;NULL;NULL;NULL;NULL;NULL;NULL;81;-37
COM14246;COM14246;UMZA Air services Ltd;Customer;3;4,00;0,00;0,00;0;2024-02-06;8,00;NULL;0,00;NULL;NULL;NULL;NULL;Nigeria - NG - Africa;0.00;3;66,291.00;35,560.00;16,353.00;47,083.00;UMZA AVIATION SERVICES LTD;NG;0;0,00;0,00;0,00;0,00;0,00;0,00;0,00;50293,16;47083,46;35560,46;NULL;NULL;NULL;NULL;NULL;NULL;NULL;-6;-24
COM14255;COM14255;Alpha Sky LLP;Customer via;NULL;0,00;0,00;0,00;0;2026-06-25;0,00;NULL;0,00;NULL;NULL;NULL;NULL;Kazakhstan - KZ - Asia;0.00;4;0.00;0.00;0.00;0.00;Alpha Sky;KZ;0;NULL;NULL;NULL;NULL;NULL;NULL;NULL;NULL;NULL;NULL;NULL;NULL;NULL;NULL;NULL;NULL;NULL;NULL;NULL
COM14269;COM14269;SG Aviation Services;NonCust;NULL;0,00;0,00;0,00;0;2024-11-14;8,00;2025-10-01;0,00;2025-09-30;All activities transfered to new customer, with PPS contract;NULL;NULL;Ireland - IE - Europe;0.00;1;6,445.00;0.00;38,654.00;45,100.00;SG Aviation Services Ltd;IE;3;0,00;0,00;0,00;0,00;0,00;0,00;0,00;0,00;60684,22;0,00;NULL;NULL;NULL;NULL;NULL;NULL;NULL;NULL;-100
COM14272;COM14272;Cambodia Airways Co. Ltd.;PotCust;NULL;0,00;4,00;0,00;0;2023-11-02;0,00;2024-11-01;31.566,00;2024-10-31;Existing provide has extended coverage, no need for FW. dont want to pay for 2 systems.;2026-06-19;Existing provider has extended coverage, no need for FW. dont want to pay for 2 systems.;Cambodia - KH - Asia;0.00;4;0.00;0.00;0.00;0.00;Cambodia Airways Co., Ltd.;KH;3;0,00;0,00;0,00;0,00;0,00;0,00;1928,98;31708,47;0,00;0,00;NULL;NULL;NULL;NULL;NULL;NULL;1544;-100;NULL
COM14327;COM14327;Air Tahiti S.A.;Customer;NULL;0,00;0,00;0,00;0;2026-02-18;0,00;NULL;0,00;NULL;NULL;NULL;NULL;French Polynesia - PF - Oceania;0.00;0;32,888.00;32,888.00;0.00;0.00;Air Tahiti S.A.;PF;0;0,00;0,00;0,00;0,00;0,00;0,00;0,00;0,00;0,00;49331,92;NULL;NULL;NULL;NULL;NULL;NULL;NULL;NULL;NULL
COM14345;COM14345;SK Telecom;PotCust;NULL;0,00;0,00;0,00;0;2024-01-25;0,00;NULL;0,00;NULL;NULL;2024-05-10;Interrupted Coorporation from Customer;Korea, Republic of - KR - Asia;0.00;0;0.00;0.00;0.00;0.00;SK Telecom Co., Ltd;KR;3;NULL;NULL;NULL;NULL;NULL;NULL;NULL;NULL;NULL;NULL;NULL;NULL;NULL;NULL;NULL;NULL;NULL;NULL;NULL
COM14368;COM14368;1FLT;Customer;NULL;0,00;0,00;0,00;0;2024-03-28;8,00;NULL;0,00;NULL;NULL;NULL;NULL;United Arab Emirates - AE - Asia;9,113.00;0;55,372.00;34,538.00;29,142.00;49,976.00;1FLT Aviation DMCC;AE;0;0,00;0,00;0,00;0,00;0,00;0,00;0,00;35696,86;49975,76;39094,55;NULL;NULL;NULL;NULL;NULL;NULL;NULL;40;-22
COM14437;COM14437;Cronos Airlines Benin;NonCust;3;1,00;0,00;0,00;0;2025-08-13;8,00;2026-05-31;0,00;2026-05-31;Missing payment, activities taken over by amazone, new customer. No finansiel loss to AS.;2026-05-06;Charged to loss, HEH;Benin - BJ - Africa;0.00;1;8,599.00;0.00;5,571.00;14,170.00;CRONOS AIRLINES BENIN;BJ;3;0,00;0,00;0,00;0,00;0,00;0,00;0,00;0,00;18472,51;0,00;NULL;NULL;NULL;NULL;NULL;NULL;NULL;NULL;-100
COM14485;COM14485;Global Aero Tech (FZE);Pending Closure;NULL;0,00;0,00;0,00;0;2024-10-02;8,00;2026-08-30;62.541,00;2026-07-31;New account created at other PPS Customer. Churn value set to 0, See Lime history 03/08/2026;NULL;NULL;United Arab Emirates - AE - Asia;-31,006.00;NULL;73,411.00;48,375.00;37,506.00;62,541.00;Global Aero Tech (FZE);AE;0;0,00;0,00;0,00;0,00;0,00;0,00;0,00;9346,00;62540,89;48375,36;NULL;NULL;NULL;NULL;NULL;NULL;NULL;569;-23
COM14493;COM14493;Jetvue Aviation;Customer;NULL;0,00;0,00;0,00;0;2026-04-10;8,00;NULL;0,00;NULL;NULL;NULL;NULL;India - IN - Asia;5,448.00;0;14,875.00;14,875.00;0.00;0.00;JETVUE AVIATION;IN;0;0,00;0,00;0,00;0,00;0,00;0,00;0,00;0,00;0,00;26860,37;NULL;NULL;NULL;NULL;NULL;NULL;NULL;NULL;NULL
COM14509;COM14509;AnimaWings;Customer;2;8,00;8,00;0,00;0;2024-12-05;4,00;NULL;0,00;NULL;NULL;NULL;NULL;Romania - RO - Europe;70,415.00;5;306,666.00;198,978.00;106,283.00;213,972.00;AnimaWings Aviation S.A.;RO;0;0,00;0,00;0,00;0,00;0,00;0,00;0,00;0,00;213971,98;234380,01;NULL;NULL;NULL;NULL;NULL;NULL;NULL;NULL;10
COM14536;COM14536;FastJet (Zimbabwe);Customer;2;3,00;0,00;0,00;0;2025-06-02;8,00;NULL;0,00;NULL;NULL;NULL;NULL;Zimbabwe - ZW - Africa;13,096.00;NULL;154,645.00;91,369.00;26,354.00;89,630.00;FastJet Zimbabwe Limited;ZW;0;0,00;0,00;0,00;0,00;0,00;0,00;0,00;0,00;89629,85;93858,13;NULL;NULL;NULL;NULL;NULL;NULL;NULL;NULL;5
COM14563;COM14563;Basra Airline;PotCust;NULL;0,00;0,00;0,00;0;NULL;0,00;NULL;0,00;NULL;NULL;NULL;NULL;Iraq - IQ - Asia;0.00;NULL;0.00;0.00;0.00;0.00;Basra Airline;IQ;0;NULL;NULL;NULL;NULL;NULL;NULL;NULL;NULL;NULL;NULL;NULL;NULL;NULL;NULL;NULL;NULL;NULL;NULL;NULL
COM14599;COM14599;Sky Alps Europe;Pending Delivery;NULL;2,00;2,00;0,00;0;2026-01-29;8,00;NULL;0,00;NULL;NULL;NULL;NULL;Slovakia - SK - Europe;12,464.00;2;49,835.00;49,835.00;0.00;0.00;Sky Alps Europe s. r. o.;SK;0;0,00;0,00;0,00;0,00;0,00;0,00;0,00;0,00;0,00;49834,90;NULL;NULL;NULL;NULL;NULL;NULL;NULL;NULL;NULL
COM14627;COM14627;BWO Systems AG (Swiss AF);Customer;NULL;6,00;6,00;4,00;6;2026-06-09;0,00;NULL;0,00;NULL;NULL;NULL;NULL;Switzerland - CH - Europe;0.00;37;1,131,661.00;1,131,661.00;0.00;0.00;BWO Systems AG;CH;0;0,00;0,00;0,00;0,00;0,00;0,00;0,00;0,00;0,00;1131660,76;NULL;NULL;NULL;NULL;NULL;NULL;NULL;NULL;NULL
COM14645;COM14645;AVIOVISION N.V. (AVIOBOOK);NonCust;NULL;0,00;0,00;0,00;0;NULL;0,00;NULL;0,00;NULL;NULL;NULL;NULL;Belgium - BE - Europe;0.00;0;0.00;0.00;0.00;0.00;AVIOVISION N.V.;BE;0;NULL;NULL;NULL;NULL;NULL;NULL;NULL;NULL;NULL;NULL;NULL;NULL;NULL;NULL;NULL;NULL;NULL;NULL;NULL
COM14654;COM14654;Lido Flight Planning Solutions (Lufthansa Systems);NonCust;NULL;0,00;0,00;0,00;0;NULL;0,00;NULL;0,00;NULL;NULL;NULL;NULL;Switzerland - CH - Europe;0.00;0;0.00;0.00;0.00;0.00;Lufthansa Systems FlightNav AG;CH;0;NULL;NULL;NULL;NULL;NULL;NULL;NULL;NULL;NULL;NULL;NULL;NULL;NULL;NULL;NULL;NULL;NULL;NULL;NULL
COM11045;NULL;NULL;NULL;NULL;NULL;NULL;NULL;NULL;NULL;NULL;NULL;NULL;NULL;NULL;NULL;NULL;NULL;NULL;NULL;NULL;NULL;NULL;NULL;BenAir Norway A/S;NO;3;7829,95;8300,79;8643,23;0,00;0,00;0,00;0,00;0,00;0,00;0,00;6;4;-100;NULL;NULL;NULL;NULL;NULL;NULL
COM11058;COM11058;BUSINESSWINGS;Customer;3;3,00;3,00;0,00;0;1995-02-01;8,00;NULL;0,00;NULL;NULL;NULL;NULL;Germany - DE - Europe;6,487.00;4;77,208.00;45,393.00;43,239.00;75,054.00;Businesswings Luftfahrtunternehmen GmbH;DE;0;46629,55;49521,31;51780,11;55315,64;55374,41;68192,86;146657,87;1570,75;75054,30;45392,63;6;5;7;0;23;115;-99;4678;-40
COM11136;NULL;NULL;NULL;NULL;NULL;NULL;NULL;NULL;NULL;NULL;NULL;NULL;NULL;NULL;NULL;NULL;NULL;NULL;NULL;NULL;NULL;NULL;NULL;LIONS AIR AG;CH;3;9016,59;0,00;0,00;0,00;0,00;0,00;0,00;0,00;0,00;0,00;-100;NULL;NULL;NULL;NULL;NULL;NULL;NULL;NULL
COM11190;COM11190;Swiss Air Force;Customer via;1;6,00;1,00;4,00;0;2003-11-01;8,00;NULL;0,00;NULL;NULL;NULL;NULL;Switzerland - CH - Europe;0.00;5;141,839.00;0.00;0.00;141,839.00;Swiss Air Force;CH;0;662893,01;790279,92;1255541,83;1403099,18;820056,88;1062101,42;1022682,68;1241942,42;141838,66;0,00;19;59;12;-42;30;-4;21;-89;-100
COM11196;COM11196;TYROL AIR AMBULANCE GmbH;Customer;2;5,00;0,00;0,00;0;2001-12-01;8,00;NULL;0,00;NULL;NULL;2024-02-06;NULL;Austria - AT - Europe;8,831.00;5;112,871.00;62,792.00;70,051.00;120,130.00;TYROL AIR AMBULANCE GmbH;AT;0;161286,91;236731,35;100861,19;102782,08;95726,19;90336,90;100285,46;110608,02;118428,23;61798,37;47;-57;2;-7;-6;11;10;7;-48
COM11259;COM11259;RusAero Open JSC (CCAS);Quarantine;NULL;0,00;0,00;0,00;0;2007-10-01;0,00;NULL;0,00;NULL;NULL;2022-03-09;Discontinue of service - Russia;Russian Federation - RU - Europe;0.00;1;0.00;0.00;0.00;0.00;"""CCAS ""RusAero"" Open JSC";RU;3;93518,36;87602,29;90564,03;82402,37;95747,36;0,00;0,00;0,00;0,00;0,00;-6;3;-9;16;-100;NULL;NULL;NULL;NULL
COM11340;COM11340;NAC Nordic Aviation Capital;PotCust;NULL;0,00;0,00;0,00;0;2018-04-01;0,00;NULL;0,00;NULL;NULL;2022-01-31;No more relations to NAC, if they want PPS again, they have to sign up.;Denmark - DK - Europe;0.00;0;0.00;0.00;0.00;0.00;NAC Nordic Aviation Capital;DK;3;NULL;NULL;NULL;NULL;NULL;NULL;NULL;NULL;NULL;NULL;NULL;NULL;NULL;NULL;NULL;NULL;NULL;NULL;NULL
COM11368;COM11368;Flex Flight ApS;Customer;2;2,00;3,00;0,00;0;2006-11-01;8,00;NULL;0,00;NULL;NULL;NULL;NULL;Denmark - DK - Europe;10,117.00;3;79,171.00;46,254.00;67,168.00;100,084.00;Flex Flight ApS;DK;0;63898,28;66745,24;77813,31;99392,28;99513,94;138757,63;174868,22;157405,50;96680,90;44266,84;4;17;28;0;39;26;-10;-39;-54
COM11394;COM11394;SaxonAir Charter Ltd.;PotCust;3;8,00;0,00;0,00;0;2007-06-01;8,00;2026-03-31;174.908,00;2026-03-31;changing du to EFB  and long login issues;2026-04-15;Closed pr. mail HEH;United Kingdom of Great Britain and Northern Ireland - GB - Europe;0.00;6;112,200.00;43,763.00;106,472.00;174,908.00;SaxonAir Charter Ltd.;GB;3;94322,22;114510,86;125364,39;86373,26;74122,47;165600,20;147502,58;130506,79;174908,50;43763,02;21;9;-31;-14;123;-11;-12;34;-75
COM11488;COM11488;GLOBEAIR AG;Customer;1;18,00;19,00;0,00;0;2008-09-01;8,00;NULL;0,00;NULL;NULL;NULL;NULL;Austria - AT - Europe;18,316.00;19;213,807.00;128,170.00;115,854.00;201,490.00;GLOBEAIR AG;AT;0;245592,98;115963,42;121865,63;136832,88;154088,89;173080,90;171434,95;193806,00;203951,99;128170,01;-53;5;12;13;12;-1;13;5;-37
COM11494;COM11494;Flightworx Aviation Ltd.;Customer;1;1,00;0,00;0,00;0;2008-05-01;8,00;NULL;0,00;NULL;NULL;NULL;NULL;United Kingdom of Great Britain and Northern Ireland - GB - Europe;22,992.00;1;270,762.00;165,972.00;132,151.00;236,941.00;Flightworx Aviation Ltd.;GB;0;460873,02;435446,31;475465,59;307350,10;634396,69;1066904,48;458393,12;352140,66;235239,35;164978,33;-6;9;-35;106;68;-57;-23;-33;-30
COM11595;COM11595;OLYMPIC AIR S.A.;Customer;2;19,00;0,00;0,00;0;2009-08-01;8,00;NULL;0,00;NULL;NULL;NULL;NULL;Greece - GR - Europe;0.00;17;479,715.00;479,715.00;489,092.00;489,092.00;OLYMPIC AIR S.A.;GR;0;602548,55;291518,50;295223,64;289502,80;301106,64;391931,13;426480,95;456332,55;489091,84;1152939,95;-52;1;-2;4;30;9;7;7;136
COM11650;COM11650;SEABORNE AIRLINES Inc.;Customer;NULL;3,00;0,00;0,00;0;2012-11-01;8,00;NULL;0,00;NULL;NULL;NULL;NULL;United States of America - US - Americas;18,585.00;3;101,446.00;64,025.00;55,232.00;92,653.00;SEABORNE AIRLINES Inc.;US;0;182831,94;201362,41;186416,48;188114,50;104132,18;62768,71;58263,88;80371,81;92652,88;64024,83;10;-7;1;-45;-40;-7;38;15;-31
COM11680;COM11680;GestAir;Customer;1;0,00;0,00;0,00;0;2009-06-01;8,00;NULL;0,00;NULL;NULL;NULL;NULL;Spain - ES - Europe;6,601.00;1;335,519.00;142,186.00;294,058.00;487,390.00;Gestair Services;ES;0;262495,91;346203,58;408205,78;387144,15;478652,15;497369,68;496682,16;500788,79;487390,47;142186,47;32;18;-5;24;4;0;1;-3;-71
COM11714;NULL;NULL;NULL;NULL;NULL;NULL;NULL;NULL;NULL;NULL;NULL;NULL;NULL;NULL;NULL;NULL;NULL;NULL;NULL;NULL;NULL;NULL;NULL;SOLINAIR d.o.o.;SI;3;9275,25;9614,97;0,00;0,00;0,00;0,00;0,00;0,00;0,00;0,00;4;-100;NULL;NULL;NULL;NULL;NULL;NULL;NULL
COM11724;COM11724;United Aviation Services (with EULA) aka UAS Int. Trip Support;Customer;NULL;0,00;0,00;0,00;0;2010-11-01;8,00;NULL;0,00;NULL;NULL;NULL;NULL;United Arab Emirates - AE - Asia;0.00;0;361,650.00;213,056.00;196,339.00;344,933.00;United Aviation Services;AE;0;236040,96;279995,03;154581,89;151164,80;74547,59;260582,32;326759,60;365267,05;369639,25;245893,06;19;-45;-2;-51;250;25;12;1;-33
COM11812;COM11812;Wolf Flugplanungen (VIE);Customer;3;1,00;0,00;0,00;0;2015-02-01;8,00;NULL;0,00;NULL;NULL;NULL;NULL;Austria - AT - Europe;0.00;8;27,586.00;15,422.00;17,015.00;29,179.00;Wolf Flugplanungen;AT;0;28305,53;28932,64;38384,17;34094,54;37890,64;56557,20;25170,63;27195,29;34041,54;16273,77;2;33;-11;11;49;-55;8;25;-52
COM11859;COM11859;AMJET EXECUTIVE;Quarantine;NULL;0,00;0,00;0,00;0;2012-10-01;0,00;2024-08-12;56.276,00;2024-08-12;Missing payment  - year after year.;2024-08-12;No payment, no communication.;Greece - GR - Europe;0.00;1;0.00;0.00;0.00;0.00;AMJET EXECUTIVE;GR;3;64521,84;36593,30;61113,13;157121,71;81658,99;47503,03;59931,35;30922,00;0,00;0,00;-43;67;157;-48;-42;26;-48;-100;NULL
COM11869;COM11869;ACCESS FLIGHT SUPPORT FZE;PotCust;NULL;0,00;0,00;0,00;0;2010-06-01;0,00;NULL;0,00;NULL;NULL;NULL;NULL;United Arab Emirates - AE - Asia;0.00;NULL;0.00;0.00;0.00;0.00;ACCESS FLIGHT SUPPORT FZE;AE;0;34910,70;45674,96;36867,97;36795,26;18361,46;0,00;0,00;0,00;0,00;0,00;31;-19;0;-50;-100;NULL;NULL;NULL;NULL
COM11903;COM11903;Jota Aviation Ltd;NonCust;NULL;0,00;0,00;0,00;0;2010-06-01;0,00;NULL;0,00;NULL;NULL;2022-08-23;Ceiced operations in april 22;United Kingdom of Great Britain and Northern Ireland - GB - Europe;0.00;0;0.00;0.00;0.00;0.00;Jota Aviation Ltd;GB;3;85432,88;98604,85;85676,93;100450,64;98359,41;107366,92;0,00;0,00;0,00;0,00;15;-13;17;-2;9;-100;NULL;NULL;NULL
COM11995;COM11995;AirOp Aviation Management Service;PotCust;NULL;0,00;0,00;0,00;0;NULL;0,00;NULL;0,00;NULL;NULL;NULL;No information regarding blocking;India - IN - Asia;0.00;0;0.00;0.00;0.00;0.00;AirOp Aviation Management Service;IN;3;NULL;NULL;NULL;NULL;NULL;NULL;NULL;NULL;NULL;NULL;NULL;NULL;NULL;NULL;NULL;NULL;NULL;NULL;NULL
COM12003;COM12003;FCG OPS (Flight Consulting Group);Customer;2;1,00;0,00;0,00;0;2010-07-01;8,00;NULL;0,00;NULL;NULL;NULL;NULL;Cyprus - CY - Europe;0.00;1;67,265.00;45,648.00;30,564.00;52,181.00;ACH-AVIATION CLEARING HOUSE LTD;CY;0;81067,55;186670,60;174333,03;154781,25;198278,77;206526,86;95644,06;66310,24;52180,88;46060,66;130;-7;-11;28;4;-54;-31;-21;-12
COM12105;NULL;NULL;NULL;NULL;NULL;NULL;NULL;NULL;NULL;NULL;NULL;NULL;NULL;NULL;NULL;NULL;NULL;NULL;NULL;NULL;NULL;NULL;NULL;Air Fleet Operations Ltd;GB;3;34910,70;45674,96;36867,97;5073,62;0,00;0,00;0,00;0,00;0,00;0,00;31;-19;-86;-100;NULL;NULL;NULL;NULL;NULL
COM12114;NULL;NULL;NULL;NULL;NULL;NULL;NULL;NULL;NULL;NULL;NULL;NULL;NULL;NULL;NULL;NULL;NULL;NULL;NULL;NULL;NULL;NULL;NULL;ADVANCED AIR SUPPORT SA.;FR;3;33972,00;25289,77;0,00;0,00;0,00;0,00;0,00;0,00;0,00;0,00;-26;-100;NULL;NULL;NULL;NULL;NULL;NULL;NULL
COM12152;NULL;NULL;NULL;NULL;NULL;NULL;NULL;NULL;NULL;NULL;NULL;NULL;NULL;NULL;NULL;NULL;NULL;NULL;NULL;NULL;NULL;NULL;NULL;Elitávia;SI;3;2421,25;0,00;0,00;0,00;0,00;0,00;0,00;0,00;0,00;0,00;-100;NULL;NULL;NULL;NULL;NULL;NULL;NULL;NULL
COM12225;COM12225;CARPATAIR S.A.;Customer;3;3,00;3,00;0,00;0;2012-06-01;0,00;NULL;0,00;NULL;NULL;NULL;NULL;Romania - RO - Europe;0.00;3;200,256.00;116,849.00;96,444.00;179,851.00;CARPATAIR S.A.;RO;0;53892,93;59455,16;55145,09;44168,55;45522,77;69722,21;83618,39;120538,45;179850,92;116849,29;10;-7;-20;3;53;20;44;49;-35
COM12247;COM12247;Centreline AV Ltd.;Customer;2;6,00;9,00;3,00;0;2011-12-01;8,00;NULL;0,00;NULL;NULL;NULL;NULL;United Kingdom of Great Britain and Northern Ireland - GB - Europe;0.00;6;205,980.00;74,669.00;149,114.00;280,424.00;Centreline AV Ltd.;GB;0;147384,84;165848,47;141689,43;143070,45;173998,37;141610,77;215474,22;283481,94;353921,77;74669,41;13;-15;1;22;-19;52;32;25;-79
COM12305;NULL;NULL;NULL;NULL;NULL;NULL;NULL;NULL;NULL;NULL;NULL;NULL;NULL;NULL;NULL;NULL;NULL;NULL;NULL;NULL;NULL;NULL;NULL;RAMJET flight support;AE;3;33972,00;0,00;0,00;0,00;0,00;0,00;0,00;0,00;0,00;0,00;-100;NULL;NULL;NULL;NULL;NULL;NULL;NULL;NULL
COM12330;COM12330;ICS-AERO SM S.r.l. socio unico;NonCust;3;0,00;0,00;0,00;0;2012-09-01;8,00;NULL;0,00;NULL;NULL;2026-04-30;Customer closed, HEH;San Marino - SM - Europe;0.00;0;0.00;0.00;0.00;0.00;ICS-AERO SM S.r.l. socio unico;SM;3;121549,73;125052,92;116229,92;56415,47;68662,57;19892,52;0,00;0,00;0,00;0,00;3;-7;-51;22;-71;-100;NULL;NULL;NULL
COM12362;COM12362;BULGARIA AIR;PotCust;2;0,00;0,00;0,00;0;2017-12-11;0,00;NULL;0,00;NULL;NULL;2023-01-06;Contract terminated;Bulgaria - BG - Europe;0.00;0;0.00;0.00;0.00;0.00;BULGARIA AIR;BG;3;0,00;405590,25;463616,91;312042,11;362684,44;504261,96;0,00;0,00;0,00;0,00;NULL;14;-33;16;39;-100;NULL;NULL;NULL
COM12398;COM12398;AIR TRANSPORT EUROPE, spol. s r.o. (ATE);Customer;3;1,00;0,00;0,00;0;2012-09-01;8,00;NULL;0,00;NULL;NULL;NULL;NULL;Slovakia - SK - Europe;0.00;10;29,649.00;16,746.00;16,504.00;29,407.00;AIR TRANSPORT EUROPE, spol. s r.o.;SK;0;29651,00;33914,05;32326,79;22628,17;22578,02;23158,89;24410,60;26375,99;29407,08;20401,89;14;-5;-30;0;3;5;8;11;-31
COM12424;COM12424;KARISMA BAHANA AVIASI;Customer;NULL;0,00;0,00;0,00;0;2012-11-01;8,00;NULL;0,00;NULL;NULL;NULL;NULL;Indonesia - ID - Asia;0.00;0;101,675.00;62,436.00;52,606.00;91,846.00;KARISMA BAHANA AVIASI;ID;0;81418,82;91184,44;75333,05;51182,57;107135,08;85294,03;91413,17;79809,04;91845,78;62435,75;12;-17;-32;109;-20;7;-13;15;-32
COM12456;COM12456;AEROFLIGHT SERVICES;PotCust;NULL;0,00;0,00;0,00;0;2018-06-01;0,00;NULL;0,00;NULL;NULL;NULL;NULL;United States of America - US - Americas;0.00;0;0.00;0.00;0.00;0.00;AEROFLIGHT SERVICES;US;0;NULL;NULL;NULL;NULL;NULL;NULL;NULL;NULL;NULL;NULL;NULL;NULL;NULL;NULL;NULL;NULL;NULL;NULL;NULL
COM12557;NULL;NULL;NULL;NULL;NULL;NULL;NULL;NULL;NULL;NULL;NULL;NULL;NULL;NULL;NULL;NULL;NULL;NULL;NULL;NULL;NULL;NULL;NULL;Triton Aviation Limited;NG;3;11033,45;0,00;0,00;0,00;0,00;0,00;0,00;0,00;0,00;0,00;-100;NULL;NULL;NULL;NULL;NULL;NULL;NULL;NULL
COM12630;COM12630;AIR VOLTA;PotCust;NULL;0,00;0,00;0,00;0;2014-02-01;0,00;NULL;44.489,00;2023-10-30;Going to ForeFlight for webbased solution.;2023-11-07;The customer has terminated the contract;Bulgaria - BG - Europe;0.00;1;0.00;0.00;0.00;0.00;AIR VOLTA;BG;3;41608,25;49417,62;45689,22;48207,84;48101,01;48499,89;23323,75;0,00;0,00;0,00;19;-8;6;0;1;-52;-100;NULL;NULL
COM12645;NULL;NULL;NULL;NULL;NULL;NULL;NULL;NULL;NULL;NULL;NULL;NULL;NULL;NULL;NULL;NULL;NULL;NULL;NULL;NULL;NULL;NULL;NULL;PIER SEVEN AVIATION;AE;3;23229,10;0,00;0,00;0,00;0,00;0,00;0,00;0,00;0,00;0,00;-100;NULL;NULL;NULL;NULL;NULL;NULL;NULL;NULL
COM12745;COM12745;Evo Jet Services Ltd;Customer;3;0,00;0,00;0,00;0;2014-09-01;8,00;NULL;0,00;NULL;NULL;NULL;NULL;United States of America - US - Americas;0.00;1;87,172.00;59,805.00;43,894.00;71,261.00;EVO Flight Services LLC;US;0;37280,92;45005,00;49974,19;44445,82;86205,91;86517,27;82989,63;97817,60;86849,00;59804,65;21;11;-11;94;0;-4;18;-11;-31
COM12752;COM12752;BLUEBIRD NORDIC;NonCust;NULL;0,00;0,00;0,00;0;2015-11-01;0,00;2024-05-01;234.778,00;2024-05-01;Shutting down activity. AC transfered to Air Explore.;2024-06-10;Opsagt kontrakten. Konkurs. Ført på tab;Iceland - IS - Europe;0.00;6;0.00;0.00;0.00;0.00;BLÁFUGL ehf.;IS;3;148840,57;247495,75;207606,14;167877,89;190436,08;287229,09;294230,50;87792,72;0,00;0,00;66;-16;-19;13;51;2;-70;-100;NULL
COM12769;COM12769;EAGLE AIR ICELAND;Quarantine;NULL;0,00;0,00;0,00;0;2015-11-01;0,00;2024-05-31;35.976,00;2024-08-31;Lost to FF. Exit postponed several months due to wish from customer. Account closure postponed to 30.11.2024 Rep bankrupt nov 2024;2024-12-12;Bankrupt!;Iceland - IS - Europe;0.00;2;0.00;0.00;0.00;0.00;EAGLE AIR ICELAND;IS;3;57514,00;77373,57;78464,16;58948,24;47751,26;48415,04;40621,73;32285,02;0,00;0,00;35;1;-25;-19;1;-16;-21;-100;NULL
COM12806;COM12806;Kermas Aviation;PotCust;NULL;0,00;0,00;0,00;0;2015-03-01;0,00;NULL;0,00;NULL;NULL;NULL;No flights - no payment;Malta - MT - Europe;0.00;0;0.00;0.00;0.00;0.00;Kermas Aviation;MT;3;22023,69;23915,37;18426,29;10831,12;0,00;0,00;0,00;0,00;0,00;0,00;9;-23;-41;-100;NULL;NULL;NULL;NULL;NULL
COM12871;COM12871;Tus Airways;Customer;NULL;6,00;3,00;0,00;0;2015-07-01;8,00;NULL;0,00;NULL;NULL;NULL;NULL;Cyprus - CY - Europe;-18,845.00;3;208,026.00;140,669.00;81,544.00;148,901.00;Tus Airways;CY;0;92438,11;97010,29;61850,21;26553,13;81959,59;125259,74;191797,53;146200,85;148900,69;143605,66;5;-36;-57;209;53;53;-24;2;-4
COM12881;COM12881;Lipican Aer d.o.o.;PotCust;3;3,00;0,00;0,00;0;2018-04-03;8,00;2026-01-31;60.365,00;2025-12-31;fleet sold, no more AC left. no need for flight planning software;NULL;NULL;Slovenia - SI - Europe;0.00;3;37,233.00;12,068.00;35,201.00;60,365.00;Lipican Aer d.o.o.;SI;0;0,00;24303,55;30384,00;42478,99;53246,79;34913,48;36810,36;56326,52;60364,99;18105,47;NULL;25;40;25;-34;5;53;7;-70
COM12911;COM12911;NESMA AIRLINES;Customer;2;12,00;12,00;12,00;0;2016-01-01;8,00;NULL;0,00;NULL;NULL;NULL;NULL;Egypt - EG - Africa;0.00;4;372,924.00;192,989.00;109,185.00;289,120.00;NESMA AIRLINES;EG;0;96015,60;102809,47;78298,78;58121,23;70765,92;67426,36;88380,82;102271,70;301518,36;192988,54;7;-24;-26;22;-5;31;16;195;-36
COM12941;NULL;NULL;NULL;NULL;NULL;NULL;NULL;NULL;NULL;NULL;NULL;NULL;NULL;NULL;NULL;NULL;NULL;NULL;NULL;NULL;NULL;NULL;NULL;Skytaxi Luftfahrt GmbH;AT;3;33711,25;0,00;0,00;0,00;0,00;0,00;0,00;0,00;0,00;0,00;-100;NULL;NULL;NULL;NULL;NULL;NULL;NULL;NULL
COM12973;COM12973;BBS Flight Support (RSY);Quarantine;NULL;0,00;0,00;0,00;0;2016-04-01;0,00;NULL;0,00;NULL;NULL;2022-03-09;Discontinue of service - Russia;Russian Federation - RU - Europe;0.00;1;0.00;0.00;0.00;0.00;BBS Flight Support;RU;3;100156,68;266161,38;191676,94;1023,81;32639,67;10004,65;0,00;0,00;0,00;0,00;166;-28;-99;3088;-69;-100;NULL;NULL;NULL
COM13004;COM13004;Air Mediterranean;Customer;3;1,00;0,00;0,00;0;2018-01-01;8,00;NULL;0,00;NULL;NULL;NULL;NULL;Greece - GR - Europe;4,489.00;1;52,171.00;31,411.00;40,372.00;61,132.00;Air Mediterranean;GR;0;0,00;62288,04;62235,88;76888,69;43648,31;48052,98;77420,00;79022,35;66429,10;35899,39;NULL;0;24;-43;10;61;2;-16;-46
COM13005;COM13005;ZEMAN Flugtechnik & Logistik GmbH;Customer;3;1,00;0,00;0,00;0;2016-08-01;8,00;NULL;0,00;NULL;NULL;NULL;NULL;Germany - DE - Europe;0.00;1;53,317.00;36,538.00;21,277.00;38,056.00;ZEMAN Flugtechnik & Logistik GmbH;DE;0;0,00;62424,46;27356,20;29895,20;30851,24;31364,77;31519,18;33915,37;38056,15;36538,29;NULL;-56;9;3;2;0;8;12;-4
COM13022;COM13022;iJET;PotCust;NULL;0,00;0,00;0,00;0;2017-09-01;0,00;NULL;0,00;NULL;NULL;2021-08-27;NULL;United Arab Emirates - AE - Asia;0.00;0;0.00;0.00;0.00;0.00;iJET;AE;0;9590,40;41250,97;40428,86;10865,10;0,00;0,00;0,00;0,00;0,00;0,00;330;-2;-73;-100;NULL;NULL;NULL;NULL;NULL
COM13077;NULL;NULL;NULL;NULL;NULL;NULL;NULL;NULL;NULL;NULL;NULL;NULL;NULL;NULL;NULL;NULL;NULL;NULL;NULL;NULL;NULL;NULL;NULL;Europ Star Aircraft GmbH;AT;3;79534,71;0,00;0,00;0,00;0,00;0,00;0,00;0,00;0,00;0,00;-100;NULL;NULL;NULL;NULL;NULL;NULL;NULL;NULL
COM13084;COM13084;Voepass - Linhas Aéreas;Quarantine;NULL;0,00;0,00;0,00;0;2018-10-01;8,00;2025-04-30;369.720,00;2025-04-14;Grounded by the auth. due to missing SMS and lack of compliance;2025-05-08;Grounded by the auth. due to missing SMS and lack of compliance;Brazil - BR - Americas;0.00;13;0.00;0.00;97,760.00;97,760.00;PASSAREDO TRANSPORTES AÉREOS S.A.;BR;3;0,00;47614,72;139824,68;166005,26;230461,77;314945,51;356954,40;391447,51;108245,04;0,00;NULL;194;19;39;37;13;10;-72;-100
COM13099;COM13099;FLY ONE S.R.L;Customer;2;14,00;12,00;0,00;0;2016-11-01;8,00;NULL;0,00;NULL;NULL;2022-02-01;NULL;Moldova, Republic of - MD - Europe;0.00;15;610,033.00;347,257.00;222,918.00;485,695.00;FLY ONE S.R.L;MD;0;97059,72;94454,77;111238,59;122479,00;158434,41;184884,33;221813,48;294774,35;485694,85;401845,91;-3;18;10;29;17;20;33;65;-17
COM13106;COM13106;Sleepwell Aviation ltd;PotCust;NULL;0,00;0,00;0,00;0;2016-11-01;0,00;NULL;0,00;NULL;NULL;2022-05-09;Lost customer - Rocket Route;United Kingdom of Great Britain and Northern Ireland - GB - Europe;0.00;0;0.00;0.00;0.00;0.00;Sleepwell Aviation ltd;GB;3;51852,00;21456,00;21502,94;22659,79;22575,70;46434,96;0,00;0,00;0,00;0,00;-59;0;5;0;106;-100;NULL;NULL;NULL
COM13128;NULL;NULL;NULL;NULL;NULL;NULL;NULL;NULL;NULL;NULL;NULL;NULL;NULL;NULL;NULL;NULL;NULL;NULL;NULL;NULL;NULL;NULL;NULL;SHS Antwerp Aviation NV Trading;BE;3;68824,44;102782,76;0,00;0,00;0,00;0,00;0,00;0,00;0,00;0,00;49;-100;NULL;NULL;NULL;NULL;NULL;NULL;NULL
COM13129;COM13129;Mediterranean Aviation Services;Customer;NULL;0,00;0,00;0,00;0;2017-04-01;8,00;NULL;0,00;NULL;NULL;NULL;NULL;United Arab Emirates - AE - Asia;0.00;0;57,642.00;29,279.00;18,996.00;47,359.00;Mediterranean Aviation Services;AE;0;57708,90;36832,32;40524,32;42266,05;40822,79;48278,71;63146,52;56434,38;47359,17;29279,06;-36;10;4;-3;18;31;-11;-16;-38
COM13220;COM13220;ROYAL AIR Charter Service Inc;Customer;NULL;3,00;0,00;0,00;0;2017-11-01;8,00;NULL;0,00;NULL;NULL;NULL;NULL;Philippines - PH - Asia;10,486.00;3;119,834.00;72,246.00;53,160.00;100,748.00;ROYAL AIR Charter Service Inc;PH;0;0,00;72916,95;55605,79;95540,55;104389,39;132810,29;123821,29;106928,36;100747,52;72245,56;NULL;-24;72;9;27;-7;-14;-6;-28
COM13250;COM13250;Volkswagen AirService GmbH;Customer;3;6,00;0,00;0,00;0;2014-02-01;0,00;NULL;0,00;NULL;NULL;NULL;NULL;Germany - DE - Europe;-4,888.00;6;217,696.00;151,740.00;61,006.00;126,963.00;Volkswagen AirService GmbH;DE;0;0,00;164652,76;106763,71;124524,48;185104,69;161452,55;180117,56;117944,53;126962,65;156623,36;NULL;-35;17;49;-13;12;-35;8;23
COM13269;COM13269;SkyUp Airlines;Customer;NULL;0,00;0,00;0,00;0;2018-05-01;8,00;NULL;0,00;NULL;NULL;NULL;NULL;Ukraine - UA - Europe;0.00;10;0.00;0.00;0.00;0.00;SkyUp Airlines;UA;0;0,00;103617,10;196905,65;251885,19;147538,01;12829,84;0,00;0,00;0,00;0,00;NULL;90;28;-41;-91;-100;NULL;NULL;NULL
COM13274;COM13274;Tayaran Jet JSCo;PotCust;NULL;0,00;0,00;0,00;0;2018-03-01;0,00;NULL;0,00;NULL;NULL;2021-08-24;Missing payment;Bulgaria - BG - Europe;0.00;0;0.00;0.00;0.00;0.00;Tayaran Jet JSCo;BG;3;0,00;43924,91;70576,30;56731,04;36358,63;0,00;0,00;0,00;0,00;0,00;NULL;61;-20;-36;-100;NULL;NULL;NULL;NULL
COM13299;COM13299;RAF AVIA;Customer;3;2,00;2,00;0,00;0;2021-07-01;8,00;NULL;0,00;NULL;NULL;NULL;NULL;Latvia - LV - Europe;3,064.00;3;33,692.00;21,441.00;19,586.00;31,837.00;JSC RAF-AVIA;LV;0;0,00;0,00;0,00;0,00;21269,57;46869,54;56107,63;56083,73;31836,91;21440,71;NULL;NULL;NULL;NULL;120;20;0;-43;-33
COM13314;COM13314;ROBUST ANALYTICS;PotCust;NULL;0,00;0,00;0,00;0;2017-05-01;0,00;NULL;0,00;NULL;NULL;2020-10-28;Not using the system - special deal from JA - account closed in 2020;United States of America - US - Americas;0.00;0;0.00;0.00;0.00;0.00;ROBUST ANALYTICS;US;3;0,00;7308,00;0,00;8229,24;0,00;0,00;0,00;0,00;0,00;0,00;NULL;-100;NULL;-100;NULL;NULL;NULL;NULL;NULL
COM13328;COM13328;AIR LEAP;NonCust;NULL;0,00;0,00;0,00;0;2018-09-01;0,00;NULL;0,00;NULL;NULL;2023-01-02;Closed completely on Jan. 24th 2022;Sweden - SE - Europe;0.00;0;0.00;0.00;0.00;0.00;LEAP AB;SE;3;0,00;20041,71;69785,72;104265,91;113336,36;9845,63;0,00;0,00;0,00;0,00;NULL;248;49;9;-91;-100;NULL;NULL;NULL
COM13342;COM13342;Passionair;Customer;2;4,00;0,00;0,00;0;2020-07-01;8,00;NULL;0,00;NULL;NULL;2023-11-29;NULL;Ghana - GH - Africa;32,768.00;4;127,014.00;65,541.00;45,085.00;106,557.00;Passionair;GH;0;0,00;14639,25;19560,13;74263,52;56686,53;133063,04;100653,47;126658,93;106557,30;98160,42;NULL;34;280;-24;135;-24;26;-16;-8
COM13369;COM13369;BRAVO AIR Ltd;PotCust;NULL;0,00;0,00;0,00;0;NULL;0,00;NULL;0,00;NULL;NULL;NULL;IMP invoice never settled. PPS never installed.;Georgia - GE - Asia;0.00;0;0.00;0.00;0.00;0.00;BRAVO AIR Ltd;GE;3;NULL;NULL;NULL;NULL;NULL;NULL;NULL;NULL;NULL;NULL;NULL;NULL;NULL;NULL;NULL;NULL;NULL;NULL;NULL
COM13374;COM13374;Shujaa Aviation Limited;Customer;2;13,00;0,00;0,00;0;2019-01-01;8,00;NULL;0,00;NULL;NULL;NULL;NULL;Kenya - KE - Africa;27,171.00;11;337,809.00;208,035.00;197,192.00;326,966.00;Shujaa Aviation Limited;KE;0;0,00;0,00;100507,25;26771,41;83175,10;199799,37;276376,11;439141,96;358845,19;207045,27;NULL;NULL;-73;211;140;38;59;-18;-42
COM13377;COM13377;AMREF Flying Doctors;Customer;2;5,00;5,00;5,00;0;2018-12-01;8,00;NULL;0,00;NULL;NULL;NULL;NULL;Kenya - KE - Africa;16,426.00;5;184,465.00;110,703.00;112,057.00;185,819.00;AMREF Flying Doctors;KE;0;0,00;5936,50;89186,41;66310,04;68884,74;102379,65;183582,29;221962,69;185818,88;143985,45;NULL;1402;-26;4;49;79;21;-16;-23
COM13383;NULL;NULL;NULL;NULL;NULL;NULL;NULL;NULL;NULL;NULL;NULL;NULL;NULL;NULL;NULL;NULL;NULL;NULL;NULL;NULL;NULL;NULL;NULL;Allan's Auto;DK;0;0,00;3,00;0,00;0,00;0,00;0,00;0,00;0,00;0,00;0,00;NULL;-100;NULL;NULL;NULL;NULL;NULL;NULL;NULL
COM13407;COM13407;Avimaxx W.L.L. - FSP AIRCRAFT FERRY;Customer;NULL;0,00;0,00;0,00;0;2019-02-01;8,00;NULL;0,00;NULL;NULL;NULL;NULL;Bahrain - BH - Asia;1,622.00;0;18,535.00;11,174.00;10,864.00;18,225.00;Avimaxx W.L.L.;BH;0;0,00;0,00;41070,01;11211,64;0,00;16005,34;20454,99;17782,87;18224,72;11174,50;NULL;NULL;-73;-100;NULL;28;-13;2;-39
COM13429;COM13429;Eswatini Air;Customer;2;4,00;0,00;0,00;0;2019-05-01;8,00;NULL;0,00;NULL;NULL;NULL;NULL;Eswatini - SZ - Africa;13,027.00;4;148,637.00;90,214.00;81,505.00;139,928.00;Royal Eswatini National Airways Corporation;SZ;0;0,00;0,00;42039,71;66632,35;67079,61;141548,68;120778,80;130496,28;139927,74;90214,32;NULL;NULL;58;1;111;-15;8;7;-36
COM13475;COM13475;WSI: Empire, Elite;PotCust;NULL;0,00;0,00;0,00;0;2016-08-01;0,00;NULL;0,00;NULL;NULL;2023-02-24;Ceased operations;United States of America - US - Americas;0.00;0;0.00;0.00;0.00;0.00;SDI International Corp.;US;3;0,00;0,00;962670,98;867633,00;592642,58;342180,14;0,00;0,00;0,00;0,00;NULL;NULL;-10;-32;-42;-100;NULL;NULL;NULL
COM13481;COM13481;EGT Jet Ltd.;Customer;3;5,00;0,00;0,00;0;2019-06-01;8,00;NULL;0,00;NULL;NULL;NULL;NULL;Bulgaria - BG - Europe;3,400.00;3;32,648.00;32,648.00;56,243.00;56,243.00;EGT Jet Ltd.;BG;0;0,00;0,00;22126,85;29511,47;81244,70;46036,75;97161,76;52515,04;56243,25;119308,67;NULL;NULL;33;175;-43;111;-46;7;112
COM13493;COM13493;MOZAMBIQUE EXPRESSO;PotCust;NULL;0,00;0,00;0,00;0;NULL;0,00;NULL;0,00;NULL;NULL;NULL;NULL;Mozambique - MZ - Africa;0.00;0;0.00;0.00;0.00;0.00;MOZAMBIQUE EXPRESSO;MZ;0;NULL;NULL;NULL;NULL;NULL;NULL;NULL;NULL;NULL;NULL;NULL;NULL;NULL;NULL;NULL;NULL;NULL;NULL;NULL
COM13500;NULL;NULL;NULL;NULL;NULL;NULL;NULL;NULL;NULL;NULL;NULL;NULL;NULL;NULL;NULL;NULL;NULL;NULL;NULL;NULL;NULL;NULL;NULL;Aquiline Austria GMBH;AT;3;0,00;0,00;6633,80;7022,74;0,00;0,00;0,00;0,00;0,00;0,00;NULL;NULL;6;-100;NULL;NULL;NULL;NULL;NULL
COM13533;COM13533;AVIATORS S.A.S.;NonCust;NULL;0,00;0,00;0,00;0;NULL;0,00;NULL;0,00;NULL;NULL;NULL;NULL;France - FR - Europe;0.00;0;0.00;0.00;0.00;0.00;AVIATORS S.A.S.;FR;0;NULL;NULL;NULL;NULL;NULL;NULL;NULL;NULL;NULL;NULL;NULL;NULL;NULL;NULL;NULL;NULL;NULL;NULL;NULL
COM13545;COM13545;Thai Summer Airways;Quarantine;NULL;0,00;0,00;0,00;0;NULL;0,00;NULL;0,00;NULL;NULL;NULL;NULL;Thailand - TH - Asia;0.00;0;0.00;0.00;0.00;0.00;Thai Summer Airways;TH;0;NULL;NULL;NULL;NULL;NULL;NULL;NULL;NULL;NULL;NULL;NULL;NULL;NULL;NULL;NULL;NULL;NULL;NULL;NULL
COM13558;COM13558;SPACECARGO INC;Customer via;NULL;0,00;0,00;0,00;0;2020-02-01;0,00;NULL;0,00;NULL;NULL;2021-08-30;Invoiced to Bu Shames from Aug 1st, 2021;United Arab Emirates - AE - Asia;0.00;0;0.00;0.00;0.00;0.00;SPACECARGO INC;AE;3;0,00;0,00;0,00;82117,01;72831,55;0,00;0,00;0,00;0,00;0,00;NULL;NULL;NULL;-11;-100;NULL;NULL;NULL;NULL
COM13592;COM13592;EGO AIRWAYS S.P.A.;NonCust;NULL;0,00;0,00;0,00;0;2020-09-01;0,00;NULL;0,00;NULL;NULL;2022-02-01;Missing payment and communication;Italy - IT - Europe;0.00;0;0.00;0.00;0.00;0.00;EGO AIRWAYS S.P.A.;IT;3;0,00;0,00;0,00;13862,34;31204,67;0,00;0,00;0,00;0,00;0,00;NULL;NULL;NULL;125;-100;NULL;NULL;NULL;NULL
COM13598;COM13598;ULTIMATE AIRWAYS (PTY);NonCust;NULL;0,00;0,00;0,00;0;2021-07-01;8,00;2025-03-31;25.913,00;2025-03-31;Out of business;2025-04-02;Out of business;United Arab Emirates - AE - Asia;0.00;1;0.00;0.00;8,008.00;8,008.00;Ultimate Air FZ LLC;AE;3;0,00;0,00;0,00;0,00;21635,75;66683,32;41247,92;27233,98;8008,42;0,00;NULL;NULL;NULL;NULL;208;-38;-34;-71;-100
COM13614;COM13614;AIR SUPPORT A/S;NonCust;NULL;0,00;0,00;0,00;0;NULL;0,00;NULL;0,00;NULL;NULL;NULL;NULL;Denmark - DK - Europe;0.00;0;0.00;0.00;0.00;0.00;Air Support A/S;DK;0;NULL;NULL;NULL;NULL;NULL;NULL;NULL;NULL;NULL;NULL;NULL;NULL;NULL;NULL;NULL;NULL;NULL;NULL;NULL
COM13642;COM13642;NEXTGEN AVIATION GROUP N.V.;NonCust;NULL;0,00;0,00;0,00;0;NULL;0,00;NULL;0,00;NULL;NULL;NULL;NULL;Belgium - BE - Europe;0.00;0;0.00;0.00;0.00;0.00;NEXTGEN AVIATION GROUP N.V.;BE;0;NULL;NULL;NULL;NULL;NULL;NULL;NULL;NULL;NULL;NULL;NULL;NULL;NULL;NULL;NULL;NULL;NULL;NULL;NULL
COM13657;COM13657;AJWAA AIRLINES;PotCust;NULL;0,00;0,00;0,00;0;2020-09-30;0,00;NULL;52.194,00;2023-01-24;Missing payment, no contact;2023-01-24;No payment!;Egypt - EG - Africa;0.00;0;0.00;0.00;0.00;0.00;AJWAA AIRLINES;EG;3;0,00;0,00;0,00;4121,37;37140,10;51956,89;4576,72;0,00;0,00;0,00;NULL;NULL;NULL;801;40;-91;-100;NULL;NULL
COM13674;COM13674;DELTA AIR WING;PotCust;NULL;0,00;0,00;0,00;0;2012-12-01;0,00;NULL;0,00;NULL;NULL;NULL;NULL;Pakistan - PK - Asia;0.00;0;0.00;0.00;0.00;0.00;DELTA AIR WING;PK;0;NULL;NULL;NULL;NULL;NULL;NULL;NULL;NULL;NULL;NULL;NULL;NULL;NULL;NULL;NULL;NULL;NULL;NULL;NULL
COM13682;COM13682;VALUE JET;Customer;2;10,00;7,00;0,00;0;2022-03-01;8,00;NULL;0,00;NULL;NULL;NULL;NULL;Nigeria - NG - Africa;11,790.00;4;362,308.00;247,370.00;115,011.00;229,949.00;VALUE JET;NG;0;0,00;0,00;0,00;0,00;0,00;75592,69;161227,54;185171,57;229949,17;247369,83;NULL;NULL;NULL;NULL;NULL;113;15;24;8
COM13688;COM13688;Maximus Air L.L.C;Customer;NULL;2,00;0,00;0,00;0;2020-09-23;8,00;NULL;0,00;NULL;NULL;NULL;NULL;United Arab Emirates - AE - Asia;0.00;2;180,522.00;108,687.00;100,484.00;172,318.00;Maximus Air L.L.C;AE;0;0,00;0,00;0,00;0,00;125078,77;140292,43;148475,43;160427,13;172317,87;108687,48;NULL;NULL;NULL;NULL;12;6;8;7;-37
COM13690;COM13690;IXAIR SAS;Customer;2;7,00;0,00;0,00;0;2021-05-27;8,00;NULL;0,00;NULL;NULL;NULL;NULL;France - FR - Europe;19,503.00;7;222,601.00;134,174.00;121,374.00;209,800.00;IXAIR SAS;FR;0;0,00;0,00;0,00;0,00;42371,25;157402,66;208233,83;199775,42;225500,44;134174,39;NULL;NULL;NULL;NULL;271;32;-4;13;-40
COM13696;COM13696;Fly Armenia Airways LLC (DEAD);PotCust;NULL;0,00;0,00;0,00;0;2021-05-25;0,00;NULL;0,00;NULL;NULL;2021-09-22;No payment and no communication;Armenia - AM - Asia;0.00;0;0.00;0.00;0.00;0.00;Fly Armenia Airways LLC;AM;3;0,00;0,00;0,00;0,00;5852,13;0,00;0,00;0,00;0,00;0,00;NULL;NULL;NULL;NULL;-100;NULL;NULL;NULL;NULL
COM13728;COM13728;JetStream Aviation Congo;PotCust;NULL;0,00;0,00;0,00;0;2020-12-09;0,00;NULL;0,00;NULL;NULL;2022-01-06;06-01-2022, received termination mail. It is done immediately as they do not want to pay the renewal invoice;Congo - CG - Africa;0.00;0;0.00;0.00;0.00;0.00;Jetstream aviation Congo;CG;3;0,00;0,00;0,00;0,00;104584,18;0,00;0,00;0,00;0,00;0,00;NULL;NULL;NULL;NULL;-100;NULL;NULL;NULL;NULL
COM13744;COM13744;SLS Aviation;Customer;3;0,00;0,00;0,00;0;2021-05-01;8,00;NULL;0,00;NULL;NULL;NULL;NULL;Malta - MT - Europe;0.00;0;83,169.00;49,008.00;47,026.00;81,188.00;SLS Aviation LTD;MT;0;0,00;0,00;0,00;0,00;39376,33;85894,90;78724,01;81342,89;81187,95;49007,79;NULL;NULL;NULL;NULL;118;-8;3;0;-40
COM13820;COM13820;BADR Airlines;Customer;2;5,00;0,00;0,00;0;2014-12-01;8,00;NULL;0,00;NULL;NULL;NULL;NULL;Sudan - SD - Africa;0.00;5;144,530.00;89,968.00;91,569.00;146,131.00;BADR Airlines;SD;0;0,00;0,00;0,00;0,00;264321,61;311254,46;191336,60;125221,90;146131,29;103618,65;NULL;NULL;NULL;NULL;18;-39;-35;17;-29
COM13831;COM13831;Hala Air;PotCust;NULL;0,00;0,00;0,00;0;2023-05-08;0,00;2024-02-06;51.625,00;2024-03-31;Missing payment;2024-02-06;missing payment and communication;Libya - LY - Africa;0.00;1;0.00;0.00;0.00;0.00;Hala Air;LY;3;0,00;0,00;0,00;0,00;0,00;0,00;51651,96;0,00;0,00;0,00;NULL;NULL;NULL;NULL;NULL;NULL;-100;NULL;NULL
COM13834;COM13834;ANTONOV Company;Customer;2;3,00;5,00;4,00;0;2022-09-12;8,00;NULL;0,00;NULL;NULL;NULL;NULL;Ukraine - UA - Europe;25,167.00;4;297,223.00;182,430.00;161,479.00;276,272.00;"Joint Stock Company ""ANTONOV""";UA;0;0,00;0,00;0,00;0,00;0,00;0,00;289028,98;311175,03;276271,92;182430,48;NULL;NULL;NULL;NULL;NULL;NULL;8;-11;-34
COM13873;COM13873;MIXJET;Customer;NULL;0,00;0,00;0,00;0;2024-10-03;8,00;NULL;0,00;NULL;NULL;NULL;NULL;United Arab Emirates - AE - Asia;0.00;0;44,198.00;24,951.00;26,923.00;46,169.00;MIXJET;AE;0;0,00;0,00;0,00;0,00;0,00;0,00;0,00;7339,61;46169,37;24951,31;NULL;NULL;NULL;NULL;NULL;NULL;NULL;529;-46
COM13899;COM13899;Bjarnes test company;NonCust;NULL;0,00;0,00;0,00;0;NULL;0,00;NULL;0,00;NULL;NULL;NULL;de har betalt;Denmark - DK - Europe;0.00;0;0.00;0.00;0.00;0.00;Bjarne Krog test company;DK;0;NULL;NULL;NULL;NULL;NULL;NULL;NULL;NULL;NULL;NULL;NULL;NULL;NULL;NULL;NULL;NULL;NULL;NULL;NULL
COM13905;COM13905;Bjarne Test Company 4;NonCust;NULL;0,00;0,00;0,00;0;NULL;0,00;NULL;0,00;NULL;NULL;2022-02-09;Bjarne;Denmark - DK - Europe;0.00;0;0.00;0.00;0.00;0.00;Bjarne Test Company 4;DK;3;NULL;NULL;NULL;NULL;NULL;NULL;NULL;NULL;NULL;NULL;NULL;NULL;NULL;NULL;NULL;NULL;NULL;NULL;NULL
COM13907;COM13907;Bjarne test 210707-2;NonCust;NULL;0,00;0,00;0,00;0;NULL;0,00;NULL;0,00;NULL;NULL;NULL;NULL;Denmark - DK - Europe;0.00;0;0.00;0.00;0.00;0.00;Bjarne test 210707-2;DK;0;NULL;NULL;NULL;NULL;NULL;NULL;NULL;NULL;NULL;NULL;NULL;NULL;NULL;NULL;NULL;NULL;NULL;NULL;NULL
COM13912;COM13912;MASER Aviation Services Limited;Customer;3;1,00;0,00;0,00;0;2021-08-01;8,00;NULL;0,00;NULL;NULL;NULL;NULL;Ireland - IE - Europe;0.00;1;27,491.00;16,552.00;15,302.00;26,242.00;MASER Aviation Services Limited;IE;0;0,00;0,00;0,00;0,00;6990,87;21425,52;22689,34;24515,32;26241,75;16551,68;NULL;NULL;NULL;NULL;206;6;8;7;-37
COM13920;COM13920;One Air Aviation;Customer;2;5,00;5,00;5,00;0;2022-01-05;8,00;NULL;0,00;NULL;NULL;NULL;NULL;United Kingdom of Great Britain and Northern Ireland - GB - Europe;0.00;5;333,684.00;204,855.00;200,652.00;329,481.00;One Air Aviation;GB;0;0,00;0,00;0,00;0,00;0,00;73154,46;104173,48;226083,79;329841,17;204855,21;NULL;NULL;NULL;NULL;NULL;42;117;46;-38
COM13945;COM13945;AIR GEORGIA;PotCust;NULL;0,00;0,00;0,00;0;2022-01-21;0,00;NULL;0,00;NULL;NULL;2023-02-28;No communication, no payment;Georgia - GE - Asia;0.00;0;0.00;0.00;0.00;0.00;AIR GEORGIA;GE;3;0,00;0,00;0,00;0,00;0,00;36155,27;0,00;0,00;0,00;0,00;NULL;NULL;NULL;NULL;NULL;-100;NULL;NULL;NULL
COM13950;COM13950;FSP IRM INDIA;Customer;3;1,00;0,00;0,00;0;2023-03-28;8,00;NULL;0,00;NULL;NULL;NULL;NULL;India - IN - Asia;0.00;1;42,380.00;30,582.00;16,496.00;28,294.00;IRM Pvt. Ltd.;IN;0;0,00;0,00;0,00;0,00;0,00;0,00;23214,55;26373,30;28294,22;30581,69;NULL;NULL;NULL;NULL;NULL;NULL;14;7;8
COM13959;COM13959;Compass Airways Belgium;NonCust;NULL;0,00;0,00;0,00;0;NULL;0,00;NULL;0,00;NULL;NULL;NULL;NULL;Belgium - BE - Europe;0.00;0;0.00;0.00;0.00;0.00;Compass Airways Belgium;BE;0;NULL;NULL;NULL;NULL;NULL;NULL;NULL;NULL;NULL;NULL;NULL;NULL;NULL;NULL;NULL;NULL;NULL;NULL;NULL
COM13969;COM13969;PELICAN AIR SERVICES Ltd;PotCust;NULL;0,00;0,00;0,00;0;2022-01-07;0,00;NULL;0,00;NULL;NULL;2022-06-20;Blocked. Never live;Nigeria - NG - Africa;0.00;0;0.00;0.00;0.00;0.00;PELICAN AIR SERVICES Ltd;NG;3;NULL;NULL;NULL;NULL;NULL;NULL;NULL;NULL;NULL;NULL;NULL;NULL;NULL;NULL;NULL;NULL;NULL;NULL;NULL
COM13972;COM13972;Fly LeOne;PotCust;NULL;0,00;0,00;0,00;0;2023-04-04;0,00;2024-03-01;8.257,00;2024-03-01;Missing payment;2024-02-06;missing payment and communication;Italy - IT - Europe;0.00;1;0.00;0.00;0.00;0.00;Leisure One Fly srl;IT;3;0,00;0,00;0,00;0,00;0,00;0,00;6502,83;1754,39;0,00;0,00;NULL;NULL;NULL;NULL;NULL;NULL;-73;-100;NULL
COM13986;COM13986;ASIAN AEROSPACE;PotCust;NULL;0,00;0,00;0,00;0;2022-01-06;0,00;NULL;0,00;NULL;NULL;2023-09-19;Customer unable to use the system in the Philippines;Philippines - PH - Asia;0.00;0;0.00;0.00;0.00;0.00;ASIAN AEROSPACE;PH;3;0,00;0,00;0,00;0,00;0,00;42240,58;0,00;0,00;0,00;0,00;NULL;NULL;NULL;NULL;NULL;-100;NULL;NULL;NULL
COM13987;COM13987;Aviation Horizons;Pending Closure;NULL;1,00;1,00;1,00;0;2022-01-12;8,00;2027-01-31;55.714,00;2026-07-31;AC out for long term maintenance - no operations left.;NULL;NULL;Saudi Arabia - SA - Asia;3,761.00;4;55,780.00;33,584.00;31,046.00;53,242.00;Aviation Horizons Ltd.;SA;0;0,00;0,00;0,00;0,00;0,00;131199,66;148597,77;92557,08;60316,60;35860,80;NULL;NULL;NULL;NULL;NULL;13;-38;-35;-41
COM13999;COM13999;Sriwijaya Air;Customer via;NULL;0,00;0,00;0,00;0;2024-04-29;0,00;NULL;0,00;NULL;NULL;NULL;NULL;Indonesia - ID - Asia;0.00;13;0.00;0.00;0.00;0.00;PT. Sriwijaya Air;ID;0;NULL;NULL;NULL;NULL;NULL;NULL;NULL;NULL;NULL;NULL;NULL;NULL;NULL;NULL;NULL;NULL;NULL;NULL;NULL
COM14002;COM14002;FVL AVIATION LTD;PotCust;NULL;0,00;0,00;0,00;0;NULL;0,00;NULL;0,00;NULL;NULL;NULL;NULL;United Kingdom of Great Britain and Northern Ireland - GB - Europe;0.00;0;0.00;0.00;0.00;0.00;FVL AVIATION LTD;GB;0;NULL;NULL;NULL;NULL;NULL;NULL;NULL;NULL;NULL;NULL;NULL;NULL;NULL;NULL;NULL;NULL;NULL;NULL;NULL
COM14027;COM14027;Air Seychelles;Customer;1;7,00;6,00;2,00;0;2023-01-01;5,00;NULL;0,00;NULL;NULL;NULL;NULL;Seychelles - SC - Africa;25,784.00;7;303,089.00;180,431.00;171,579.00;294,237.00;Air Seychelles Ltd.;SC;0;0,00;0,00;0,00;0,00;0,00;0,00;286745,72;287492,83;294237,23;206214,63;NULL;NULL;NULL;NULL;NULL;NULL;0;2;-30
COM14045;COM14045;MAVI GOK AVIATION (MGA Airlines);Customer;NULL;6,00;9,00;6,00;0;2022-05-11;8,00;NULL;0,00;NULL;NULL;NULL;NULL;Turkey - TR - Asia;0.00;6;647,231.00;381,868.00;426,346.00;691,709.00;Mavi Gök Havacilik A.S. Inc.;TR;0;0,00;0,00;0,00;0,00;0,00;127127,88;416196,91;743406,23;851140,14;442620,24;NULL;NULL;NULL;NULL;NULL;227;79;14;-48
COM14100;COM14100;K5 Aviation GmbH;Customer;3;0,00;7,00;6,00;0;2022-11-29;8,00;NULL;0,00;NULL;NULL;NULL;NULL;Germany - DE - Europe;0.00;5;109,701.00;70,968.00;47,631.00;86,363.00;K5 Aviation GmbH;DE;0;0,00;0,00;0,00;0,00;0,00;5592,25;67956,24;74395,21;86363,35;70968,03;NULL;NULL;NULL;NULL;NULL;1115;9;16;-18
COM14119;COM14119;Sentra Airways;PotCust;NULL;0,00;0,00;0,00;0;2023-01-01;8,00;NULL;0,00;NULL;NULL;NULL;NULL;United Kingdom of Great Britain and Northern Ireland - GB - Europe;0.00;1;0.00;0.00;0.00;0.00;Sentra Airways Ltd;GB;0;NULL;NULL;NULL;NULL;NULL;NULL;NULL;NULL;NULL;NULL;NULL;NULL;NULL;NULL;NULL;NULL;NULL;NULL;NULL
COM14120;COM14120;Berniq Airways;Testing;NULL;0,00;0,00;0,00;0;NULL;0,00;NULL;0,00;NULL;NULL;NULL;NULL;Libya - LY - Africa;0.00;4;0.00;0.00;0.00;0.00;Berniq Airways;LY;0;NULL;NULL;NULL;NULL;NULL;NULL;NULL;NULL;NULL;NULL;NULL;NULL;NULL;NULL;NULL;NULL;NULL;NULL;NULL
COM14126;COM14126;VOLOCOPTER;PotCust;NULL;0,00;0,00;0,00;0;2023-11-01;0,00;2024-07-01;14.926,00;2024-07-30;PPS dosent match VFR operations.;2024-07-30;PPS not suitable for this customer at this point.;Germany - DE - Europe;0.00;1;0.00;0.00;0.00;0.00;Volocopter Air Services GmbH;DE;3;0,00;0,00;0,00;0,00;0,00;0,00;3533,12;11392,60;0,00;0,00;NULL;NULL;NULL;NULL;NULL;NULL;222;-100;NULL
COM14153;COM14153;Bhutan Airlines;PotCust;NULL;0,00;0,00;0,00;0;2023-11-24;0,00;NULL;0,00;NULL;NULL;NULL;NULL;Bhutan - BT - Asia;0.00;2;0.00;0.00;0.00;0.00;Tashi Air Private Limited;BT;0;NULL;NULL;NULL;NULL;NULL;NULL;NULL;NULL;NULL;NULL;NULL;NULL;NULL;NULL;NULL;NULL;NULL;NULL;NULL
COM14166;COM14166;QUEENS AIR;NonCust;NULL;0,00;0,00;0,00;0;2023-01-01;8,00;2026-02-28;315.799,00;2026-02-27;Company closing down;2026-03-18;Company closing down;Jordan - JO - Asia;0.00;0;208,014.00;53,524.00;139,763.00;294,253.00;QUEENS AIR;JO;3;0,00;0,00;0,00;0,00;0,00;0,00;370804,56;417613,88;294252,80;53523,99;NULL;NULL;NULL;NULL;NULL;NULL;13;-30;-82
COM14183;COM14183;PIA - Pakistan International Airlines;PotCust;NULL;0,00;0,00;0,00;0;2022-12-15;0,00;NULL;1.135.182,00;2023-12-31;Contract not renewed - back with Navblue.  Aircraft deal with Airbus most likely in play.;2024-01-04;Only 1 year contract - not renewed!;Pakistan - PK - Asia;0.00;0;0.00;0.00;0.00;0.00;Pakistan International Airlines Corporation Ltd.;PK;3;0,00;0,00;0,00;0,00;0,00;0,00;1135181,68;0,00;0,00;0,00;NULL;NULL;NULL;NULL;NULL;NULL;-100;NULL;NULL
COM14191;COM14191;Focus.Aero;Customer;3;0,00;0,00;0,00;0;2023-03-14;8,00;NULL;0,00;NULL;NULL;NULL;NULL;Denmark - DK - Europe;0.00;0;56,716.00;31,104.00;28,314.00;53,927.00;Focus.Aero APS;DK;0;0,00;0,00;0,00;0,00;0,00;0,00;27251,23;44355,84;53926,81;31103,58;NULL;NULL;NULL;NULL;NULL;NULL;63;22;-42
COM14196;COM14196;HISKY EUROPE;Customer;2;8,00;8,00;0,00;0;2023-01-06;8,00;NULL;0,00;NULL;NULL;NULL;NULL;Romania - RO - Europe;68,823.00;8;399,962.00;240,807.00;222,631.00;381,786.00;S.C. HiSky Europe S.R.L.;RO;0;0,00;0,00;0,00;0,00;0,00;0,00;212195,39;354219,83;381786,17;240806,95;NULL;NULL;NULL;NULL;NULL;NULL;67;8;-37
COM14324;COM14324;SUPERNOVA AIRLINES;Customer;3;1,00;0,00;0,00;0;2023-12-19;8,00;NULL;0,00;NULL;NULL;NULL;NULL;Ukraine - UA - Europe;11,132.00;1;127,158.00;77,899.00;50,983.00;100,242.00;Supernova Airlines LLC;UA;0;0,00;0,00;0,00;0,00;0,00;0,00;0,00;43212,83;102988,60;77899,18;NULL;NULL;NULL;NULL;NULL;NULL;NULL;138;-24
COM14349;COM14349;FlySBS Aviation;Customer via;3;0,00;0,00;0,00;0;2024-04-29;0,00;NULL;0,00;NULL;NULL;NULL;NULL;India - IN - Asia;0.00;NULL;0.00;0.00;0.00;0.00;FlySBS Aviation Private Ltd;IN;0;NULL;NULL;NULL;NULL;NULL;NULL;NULL;NULL;NULL;NULL;NULL;NULL;NULL;NULL;NULL;NULL;NULL;NULL;NULL
COM14375;COM14375;Fox Aviation;Pending Closure;3;2,00;0,00;0,00;0;2024-03-01;8,00;2027-01-31;59.471,00;2026-05-30;wish to have webbased solution.  Hosting will be too expensive for them see comments below from LN. (HEH13.05.2026);NULL;NULL;Slovenia - SI - Europe;0.00;4;59,393.00;32,847.00;32,926.00;59,471.00;Fox Aviation;SI;0;0,00;0,00;0,00;0,00;0,00;0,00;0,00;30893,81;59471,27;40076,40;NULL;NULL;NULL;NULL;NULL;NULL;NULL;93;-33
COM14394;COM14394;B2C Airways;Customer, on hold;3;1,00;0,00;0,00;0;2024-03-28;8,00;NULL;0,00;NULL;NULL;NULL;NULL;Spain - ES - Europe;0.00;1;28,967.00;0.00;67,545.00;96,512.00;B2C Airways S.L.U.;ES;0;0,00;0,00;0,00;0,00;0,00;0,00;0,00;37955,00;96512,00;0,00;NULL;NULL;NULL;NULL;NULL;NULL;NULL;154;-100
COM14400;COM14400;Luminair;Customer;3;13,00;13,00;0,00;0;2024-06-17;8,00;NULL;0,00;NULL;NULL;NULL;NULL;Germany - DE - Europe;0.00;3;274,438.00;208,067.00;56,626.00;122,998.00;Luminair GmbH;DE;0;0,00;0,00;0,00;0,00;0,00;0,00;0,00;11784,26;122997,80;208066,78;NULL;NULL;NULL;NULL;NULL;NULL;NULL;944;69
COM14420;COM14420;Havacilik Planlama servisleri A.S;Quarantine;NULL;0,00;0,00;0,00;0;2024-05-16;0,00;2024-10-31;14.679,00;2024-10-31;CUS had FPL binding date 10/30/2027. Company closed.;2024-11-04;No payment, no need for system.;Turkey - TR - Asia;0.00;0;0.00;0.00;0.00;0.00;Havacilik Planlama servisleri A.S;TR;3;0,00;0,00;0,00;0,00;0,00;0,00;0,00;14678,97;0,00;0,00;NULL;NULL;NULL;NULL;NULL;NULL;NULL;-100;NULL
COM14424;COM14424;AIR 65;Quarantine;NULL;0,00;0,00;0,00;0;2024-08-06;8,00;2025-02-21;27.231,00;2025-02-21;out of business;2025-02-24;Out of business - bankrupt;France - FR - Europe;0.00;1;0.00;0.00;-2,718.00;-2,718.00;Air 65;FR;3;0,00;0,00;0,00;0,00;0,00;0,00;0,00;29931,12;2719,83;0,00;NULL;NULL;NULL;NULL;NULL;NULL;NULL;-91;-100
COM14446;COM14446;Hungary Airlines;Customer;3;2,00;2,00;1,00;0;2024-11-04;8,00;NULL;0,00;NULL;NULL;NULL;NULL;Hungary - HU - Europe;28,553.00;1;205,159.00;142,076.00;88,496.00;151,579.00;Hungary Airlines Ltd.;HU;0;0,00;0,00;0,00;0,00;0,00;0,00;0,00;0,00;151578,51;142076,08;NULL;NULL;NULL;NULL;NULL;NULL;NULL;NULL;-6
COM11008;COM11008;Aero-Dienst GmbH;PotCust;NULL;0,00;0,00;0,00;0;1996-06-01;0,00;2024-05-31;82.583,00;2024-03-31;Lost to FF.;2024-06-03;Lost to FF.;Germany - DE - Europe;0.00;5;0.00;0.00;0.00;0.00;Aero-Dienst GmbH;DE;3;108545,01;219325,02;135428,43;130240,47;184410,33;180688,15;82583,42;0,00;0,00;0,00;102;-38;-4;42;-2;-54;-100;NULL;NULL
COM11018;COM11018;AIR GREENLAND;Customer;1;9,00;9,00;1,00;9;2001-05-01;5,00;NULL;0,00;NULL;NULL;NULL;NULL;Greenland - GL - Americas;0.00;30;586,080.00;339,507.00;135,938.00;382,510.00;Air Greenland AS;GL;0;185352,28;204428,00;625628,83;302336,73;300782,81;323248,18;452891,58;486139,60;1336884,59;386809,99;10;206;-52;-1;7;40;7;175;-71
COM11021;COM11021;AIR OPS International GmbH;Customer;2;0,00;0,00;0,00;0;2007-01-01;8,00;NULL;0,00;NULL;NULL;NULL;NULL;Germany - DE - Europe;0.00;0;472,144.00;208,867.00;197,163.00;460,441.00;AIR OPS International GmbH;DE;0;379562,60;560276,48;510056,14;345762,02;423107,97;481926,47;377758,79;382573,38;460879,18;208866,84;48;-9;-32;22;14;-22;1;20;-55
COM11036;COM11036;ATSD Air Tasking Service;Customer;2;7,00;0,00;0,00;0;2003-07-01;8,00;NULL;0,00;NULL;NULL;NULL;NULL;Germany - DE - Europe;29,443.00;7;292,620.00;186,933.00;152,921.00;258,607.00;ATSD Air Tasking Service;DE;0;602117,57;434327,21;328347,49;274699,39;242153,59;354628,04;242835,25;283269,56;258607,19;186933,02;-28;-24;-16;-12;46;-32;17;-9;-28
COM11044;COM11044;BenAir A/S;NonCust;NULL;0,00;0,00;0,00;0;1991-12-01;0,00;NULL;15.823,00;2023-02-02;No activity. See customer since - very old customer.;2023-02-06;AOC closed;Denmark - DK - Europe;0.00;0;0.00;0.00;0.00;0.00;BenAir A/S;DK;3;91947,90;31030,84;21943,90;20266,20;23210,00;15622,29;4062,98;0,00;0,00;0,00;-66;-29;-8;15;-33;-74;-100;NULL;NULL
COM11070;COM11070;Copenhagen AirTaxi;PotCust;NULL;0,00;0,00;0,00;0;2024-06-13;0,00;NULL;0,00;NULL;NULL;NULL;NULL;Denmark - DK - Europe;0.00;0;0.00;0.00;0.00;0.00;Copenhagen AirTaxi A/S;DK;0;57014,85;0,00;0,00;0,00;0,00;0,00;0,00;0,00;0,00;0,00;-100;NULL;NULL;NULL;NULL;NULL;NULL;NULL;NULL
COM11096;COM11096;FAI rent-a-jet;PotCust;NULL;0,00;0,00;0,00;0;1996-11-01;0,00;2024-11-01;201.975,00;2024-06-01;Going to Unknown competitor;NULL;NULL;Germany - DE - Europe;0.00;18;0.00;0.00;0.00;0.00;FAI rent-a-jet GmbH;DE;0;303663,49;172123,31;196475,74;206724,55;224292,07;220313,49;201975,28;0,00;0,00;0,00;-43;14;5;8;-2;-8;-100;NULL;NULL
COM11124;COM11124;JET AVIATION Business Jets;PotCust;NULL;0,00;0,00;0,00;0;1995-01-01;0,00;2024-02-29;30.203,00;2024-02-29;Going to different provider;2024-03-04;Churn feb24 iflg. HEH;Germany - DE - Europe;0.00;1;0.00;0.00;0.00;0.00;JET AVIATION Business Jets;DE;3;32899,20;36461,74;33774,19;35535,25;28445,63;28485,53;29999,10;5399,29;0,00;0,00;11;-7;5;-20;0;5;-82;-100;NULL
COM11147;NULL;NULL;NULL;NULL;NULL;NULL;NULL;NULL;NULL;NULL;NULL;NULL;NULL;NULL;NULL;NULL;NULL;NULL;NULL;NULL;NULL;NULL;NULL;Catreus Limited;GB;3;116127,62;66842,52;0,00;0,00;0,00;0,00;0,00;0,00;0,00;0,00;-42;-100;NULL;NULL;NULL;NULL;NULL;NULL;NULL
COM11209;COM11209;NORWEGIAN AIR SHUTTLE ASA;PotCust;NULL;0,00;0,00;0,00;0;2005-11-01;0,00;NULL;0,00;NULL;NULL;2021-10-26;All accounts blocked, not customer;Norway - NO - Europe;0.00;0;0.00;0.00;0.00;0.00;NORWEGIAN AIR SHUTTLE ASA;NO;3;1292247,20;2367472,27;1254216,32;37640,08;0,00;0,00;0,00;0,00;0,00;0,00;83;-47;-97;-100;NULL;NULL;NULL;NULL;NULL
COM11219;COM11219;BAE Systems Corporate Air Travel Ltd.;PotCust;NULL;0,00;0,00;0,00;0;2005-02-01;0,00;NULL;0,00;NULL;NULL;NULL;NULL;United Kingdom of Great Britain and Northern Ireland - GB - Europe;0.00;0;0.00;0.00;0.00;0.00;BAE Systems Corporate Air Travel Ltd.;GB;0;76839,30;77894,27;55369,67;47844,76;23112,69;0,00;0,00;0,00;0,00;0,00;1;-29;-14;-52;-100;NULL;NULL;NULL;NULL
COM11228;COM11228;Falcon Wings;PotCust;NULL;0,00;0,00;0,00;0;2013-08-01;0,00;2024-01-02;80.134,00;2024-01-30;contract terminated;2024-01-02;Contract terminated;United Arab Emirates - AE - Asia;0.00;0;0.00;0.00;0.00;0.00;Falcon Wings;AE;3;0,00;0,00;3898,44;74684,82;76702,52;95221,23;80116,83;0,00;0,00;0,00;NULL;NULL;1816;3;24;-16;-100;NULL;NULL
COM11288;COM11288;Avinode AB;NonCust;NULL;0,00;0,00;0,00;0;NULL;0,00;NULL;0,00;NULL;NULL;NULL;NULL;Sweden - SE - Europe;0.00;0;0.00;0.00;0.00;0.00;Avinode AB;SE;0;NULL;NULL;NULL;NULL;NULL;NULL;NULL;NULL;NULL;NULL;NULL;NULL;NULL;NULL;NULL;NULL;NULL;NULL;NULL
COM11328;COM11328;HADID Int. services Ltd.;Customer;NULL;0,00;0,00;0,00;0;2009-11-01;100,00;NULL;0,00;NULL;NULL;NULL;NULL;United Arab Emirates - AE - Asia;0.00;0;68,318.00;30,273.00;37,300.00;75,345.00;HADID Int. services Ltd.;AE;0;56174,49;93749,53;119052,30;39716,69;53582,61;56516,04;57368,58;67337,27;75344,52;30273,44;67;27;-67;35;5;2;17;12;-60
COM11333;NULL;NULL;NULL;NULL;NULL;NULL;NULL;NULL;NULL;NULL;NULL;NULL;NULL;NULL;NULL;NULL;NULL;NULL;NULL;NULL;NULL;NULL;NULL;ChallengeLine LS GmbH;DE;3;20637,99;0,00;7373,99;0,00;0,00;0,00;0,00;0,00;0,00;0,00;-100;NULL;-100;NULL;NULL;NULL;NULL;NULL;NULL
COM11413;COM11413;Air Baltic;Customer;2;0,00;55,00;5,00;0;2023-08-23;8,00;NULL;0,00;NULL;NULL;2022-09-21;NULL;Latvia - LV - Europe;29,202.00;50;331,279.00;203,523.00;177,786.00;305,543.00;AIR BALTIC;LV;0;0,00;0,00;0,00;0,00;0,00;0,00;109252,58;293341,63;305543,18;261899,99;NULL;NULL;NULL;NULL;NULL;NULL;168;4;-14
COM11423;COM11423;ABC Bedarfsflug GmbH;Customer;3;4,00;4,00;0,00;0;2007-08-01;8,00;NULL;0,00;NULL;NULL;NULL;NULL;Austria - AT - Europe;0.00;10;96,349.00;57,010.00;55,028.00;94,367.00;ABC Bedarfsflug GmbH;AT;0;142922,66;92430,12;88090,25;82989,58;78219,89;82238,36;99748,52;84546,41;94367,32;65168,47;-35;-5;-6;-6;5;21;-15;12;-31
COM11469;COM11469;Signum Aviation;Customer;2;2,00;0,00;0,00;1;2012-05-01;8,00;NULL;0,00;NULL;NULL;NULL;NULL;United Kingdom of Great Britain and Northern Ireland - GB - Europe;27,776.00;1;388,446.00;210,077.00;349,069.00;527,438.00;Signum Aviation (OpCo) Ltd;GB;0;218716,36;288740,67;277877,82;315996,64;407397,30;479848,94;459776,83;609889,50;527438,00;210076,53;32;-4;14;29;18;-4;33;-14;-60
COM11502;COM11502;Air Charter Scotland Ltd.;Customer;2;9,00;0,00;0,00;0;2008-07-01;8,00;2026-07-31;0,00;2026-04-30;One stop shop.  Cheaper price with FF.   Unchurned 12.08.2026. PSO route with JS31 next 5 years. FF unable to FPL on this type;NULL;NULL;United Kingdom of Great Britain and Northern Ireland - GB - Europe;0.00;9;161,261.00;90,706.00;131,814.00;202,368.00;Air Charter Scotland Ltd.;GB;0;108448,16;165634,59;158271,68;135280,24;181028,16;158601,01;211650,91;238480,14;200666,61;89712,46;53;-4;-15;34;-12;33;13;-16;-55
COM11626;NULL;NULL;NULL;NULL;NULL;NULL;NULL;NULL;NULL;NULL;NULL;NULL;NULL;NULL;NULL;NULL;NULL;NULL;NULL;NULL;NULL;NULL;NULL;Sky Work Airlines AG;CH;3;98139,60;108417,62;0,00;0,00;0,00;0,00;0,00;0,00;0,00;0,00;10;-100;NULL;NULL;NULL;NULL;NULL;NULL;NULL
COM11707;NULL;NULL;NULL;NULL;NULL;NULL;NULL;NULL;NULL;NULL;NULL;NULL;NULL;NULL;NULL;NULL;NULL;NULL;NULL;NULL;NULL;NULL;NULL;FAIR AIR GmbH;DE;3;83877,32;40099,92;37017,88;24025,55;0,00;0,00;0,00;0,00;0,00;0,00;-52;-8;-35;-100;NULL;NULL;NULL;NULL;NULL
COM11743;COM11743;PETRO AIR;Customer;3;6,00;0,00;0,00;0;2013-11-01;8,00;NULL;0,00;NULL;NULL;NULL;NULL;Libya - LY - Africa;0.00;5;106,403.00;60,155.00;44,004.00;90,252.00;PETRO AIR;LY;0;163304,00;274553,62;100328,05;104271,31;147134,86;146411,77;88241,25;101725,57;92445,32;60155,17;68;-63;4;41;0;-40;15;-9;-35
COM11974;NULL;NULL;NULL;NULL;NULL;NULL;NULL;NULL;NULL;NULL;NULL;NULL;NULL;NULL;NULL;NULL;NULL;NULL;NULL;NULL;NULL;NULL;NULL;AEROCARDAL;CL;3;6112,73;0,00;0,00;0,00;0,00;0,00;0,00;0,00;0,00;0,00;-100;NULL;NULL;NULL;NULL;NULL;NULL;NULL;NULL
COM12010;COM12010;HQ Flight & Operations Support GmbH;Customer;3;0,00;0,00;0,00;0;2011-06-01;100,00;NULL;0,00;NULL;NULL;NULL;NULL;Germany - DE - Europe;0.00;0;194,601.00;94,991.00;141,600.00;241,211.00;HQ Flight & Operations Support GmbH;DE;0;195195,96;258597,74;186246,58;120221,95;149777,82;181481,41;174659,18;186431,22;331908,81;146088,57;32;-28;-35;25;21;-4;7;78;-56
COM12174;COM12174;Alliance Executive Jets Ltd, Orion (Malta) Ltd.;PotCust;NULL;0,00;0,00;0,00;0;2013-09-01;0,00;NULL;0,00;NULL;NULL;2020-12-02;Moved all activities to Alliance Flight Support, no need for own account anymore.;Malta - MT - Europe;0.00;0;0.00;0.00;0.00;0.00;Alliance Executive Jets Ltd.;MT;3;45996,30;53233,91;47595,36;28003,85;0,00;0,00;0,00;0,00;0,00;0,00;16;-11;-41;-100;NULL;NULL;NULL;NULL;NULL
COM12249;COM12249;NOVAIR Test;NonCust;NULL;0,00;0,00;0,00;0;NULL;0,00;NULL;0,00;NULL;NULL;NULL;NOVAIR closed and terminated;NULL;0.00;0;0.00;0.00;0.00;0.00;NOVAIR Test;;3;24966,07;0,00;0,00;0,00;0,00;0,00;0,00;0,00;0,00;0,00;-100;NULL;NULL;NULL;NULL;NULL;NULL;NULL;NULL
COM12319;COM12319;SKAN SERVICE APS (CB WX only);Customer;3;0,00;0,00;0,00;0;2012-01-01;0,00;NULL;0,00;NULL;NULL;NULL;NULL;Denmark - DK - Europe;0.00;0;2,975.00;2,975.00;2,973.00;2,973.00;SKAN SERVICE APS;DK;0;2346,75;2462,97;2468,69;2469,48;2458,67;2567,46;2677,97;2776,84;2972,78;2975,01;5;0;0;0;4;4;4;7;0
COM12339;COM12339;AMAC Corporate Jet AG;Customer;3;0,00;0,00;0,00;0;2012-04-01;8,00;NULL;0,00;NULL;NULL;NULL;NULL;Switzerland - CH - Europe;2,002.00;1;23,269.00;14,010.00;12,952.00;22,211.00;AMAC Corporate Jet AG;CH;0;17880,00;17887,92;17916,34;18872,83;18829,89;19640,35;20565,70;22195,53;22211,45;16011,61;0;0;5;0;4;5;8;0;-28
COM12353;COM12353;ARKIA;PotCust;NULL;0,00;0,00;0,00;0;2013-05-01;0,00;NULL;0,00;NULL;NULL;NULL;Closed correctly;Israel - IL - Asia;0.00;0;0.00;0.00;0.00;0.00;ARKIA ISRAELI AIRLINES LTD.;IL;3;14222,05;0,00;0,00;0,00;0,00;0,00;0,00;0,00;0,00;0,00;-100;NULL;NULL;NULL;NULL;NULL;NULL;NULL;NULL
COM12370;COM12370;TRADE AIR d.o.o.;Customer;2;5,00;5,00;5,00;0;2012-12-01;8,00;NULL;0,00;NULL;NULL;NULL;NULL;Croatia - HR - Europe;0.00;5;241,417.00;152,888.00;101,924.00;190,453.00;TRADE AIR d.o.o.;HR;0;67511,90;71692,41;77142,13;88706,68;111596,47;196200,61;204546,87;238439,25;190452,78;152888,22;6;8;15;26;76;4;17;-20;-20
COM12379;COM12379;AIRJETSUL;PotCust;NULL;0,00;0,00;0,00;0;2017-04-01;0,00;NULL;0,00;NULL;NULL;2021-08-17;Closed due to missing payment;Portugal - PT - Europe;0.00;0;0.00;0.00;0.00;0.00;AIRJETSUL;PT;3;61970,22;78131,49;81116,13;73816,88;27179,04;0,00;0,00;0,00;0,00;0,00;26;4;-9;-63;-100;NULL;NULL;NULL;NULL
COM12380;COM12380;MHS Aviation GmbH;Customer;2;9,00;0,00;0,00;0;2012-12-01;8,00;NULL;0,00;NULL;NULL;NULL;NULL;Germany - DE - Europe;17,223.00;14;233,674.00;131,291.00;172,304.00;274,688.00;MHS Aviation GmbH;DE;0;193692,55;218492,14;179700,24;203525,89;182140,82;201031,08;206429,25;252509,41;274687,60;131291,22;13;-18;13;-11;10;3;22;9;-52
COM12393;COM12393;METIS Aviation Limited;Customer;3;0,00;0,00;0,00;0;2012-07-01;8,00;NULL;0,00;NULL;NULL;NULL;NULL;United Kingdom of Great Britain and Northern Ireland - GB - Europe;0.00;1;50,951.00;30,678.00;28,672.00;48,946.00;METIS Aviation Limited;GB;0;36440,56;40705,75;37436,70;38699,77;60787,88;44815,17;46459,74;46727,87;48945,62;30678,24;12;-8;3;57;-26;4;1;5;-37
COM12400;COM12400;ICARUS AMC inc;Customer;NULL;0,00;0,00;0,00;0;2012-09-01;8,00;NULL;0,00;NULL;NULL;2022-06-15;NULL;United States of America - US - Americas;4,269.00;0;49,625.00;29,874.00;15,788.00;35,539.00;ICARUS AMC inc;US;0;34182,09;47045,35;43955,88;39051,63;25046,55;27866,55;41251,20;44224,59;47378,46;29873,99;38;-7;-11;-36;11;48;7;7;-37
COM12405;COM12405;BASe Airlines Zrt;Customer;3;3,00;0,00;0,00;0;2012-10-01;8,00;NULL;0,00;NULL;NULL;NULL;NULL;Hungary - HU - Europe;0.00;3;103,027.00;64,588.00;49,576.00;88,016.00;BASe Airlines Zrt;HU;0;42554,40;46211,07;46292,99;46176,53;46182,32;47961,92;50631,87;54703,03;88015,54;73874,25;9;0;0;0;4;6;8;61;-16
COM12413;COM12413;AIRBUS TRANSPORT INT. (FR89383474814);PotCust;NULL;0,00;0,00;0,00;0;2012-11-01;0,00;NULL;0,00;NULL;NULL;2020-11-11;Terminated agreement end 2020.;France - FR - Europe;0.00;0;0.00;0.00;0.00;0.00;AIRBUS SAS (FR89383474814);FR;3;119952,45;177449,06;125802,12;132660,99;0,00;0,00;0,00;0,00;0,00;0,00;48;-29;5;-100;NULL;NULL;NULL;NULL;NULL
COM12418;COM12418;Skyblue Aero Singapore Pte. Ltd.;Customer;NULL;0,00;0,00;0,00;0;2012-11-01;8,00;NULL;0,00;NULL;NULL;2022-02-11;NULL;Singapore - SG - Asia;16,610.00;0;246,136.00;128,955.00;109,131.00;226,312.00;Skyblue Aero Singapore Pte. Ltd.;SG;0;119086,76;108515,90;88647,66;68572,43;199543,75;184811,26;178374,42;165816,31;226311,50;128954,87;-9;-18;-23;191;-7;-3;-7;36;-43
COM12451;NULL;NULL;NULL;NULL;NULL;NULL;NULL;NULL;NULL;NULL;NULL;NULL;NULL;NULL;NULL;NULL;NULL;NULL;NULL;NULL;NULL;NULL;NULL;CLASSICA AIR;MD;3;6190,95;0,00;0,00;0,00;0,00;0,00;0,00;0,00;0,00;0,00;-100;NULL;NULL;NULL;NULL;NULL;NULL;NULL;NULL
COM12491;COM12491;Avinor Flysikring AS;PotCust;NULL;0,00;0,00;0,00;0;2013-09-01;0,00;NULL;0,00;NULL;NULL;2020-12-31;Termination received: 16-11-2020, no need due to re-organization in Avinor.;Norway - NO - Europe;0.00;1;0.00;0.00;0.00;0.00;Avinor Flysikring AS;NO;3;0,00;119680,86;41801,72;37653,99;0,00;0,00;0,00;0,00;0,00;0,00;NULL;-65;-10;-100;NULL;NULL;NULL;NULL;NULL
COM12496;COM12496;BILEN AIR SERVICES;Customer;NULL;1,00;0,00;0,00;0;2013-04-01;8,00;NULL;0,00;NULL;NULL;NULL;NULL;Turkey - TR - Asia;21,632.00;1;280,442.00;149,612.00;170,843.00;301,673.00;BILEN AIR SERVICES;TR;0;250408,28;132797,95;92164,49;167216,83;241202,35;170343,82;157806,32;227132,87;301673,02;149612,15;-47;-31;81;44;-29;-7;44;33;-50
COM12524;COM12524;JETFLY AVIATION S.A.;Customer;1;50,00;49,00;0,00;46;2013-06-01;8,00;NULL;0,00;NULL;NULL;NULL;NULL;Luxembourg - LU - Europe;70,448.00;46;815,848.00;486,854.00;487,490.00;816,484.00;JETFLY AVIATION S.A.;LU;0;222938,27;250256,73;243780,21;317794,51;510229,53;515019,40;770940,51;774500,90;1044779,41;570672,99;12;-3;30;61;1;50;0;35;-45
COM12550;NULL;NULL;NULL;NULL;NULL;NULL;NULL;NULL;NULL;NULL;NULL;NULL;NULL;NULL;NULL;NULL;NULL;NULL;NULL;NULL;NULL;NULL;NULL;Projet GMBH;DE;3;57625,75;46665,02;12782,24;0,00;0,00;0,00;0,00;0,00;0,00;0,00;-19;-73;-100;NULL;NULL;NULL;NULL;NULL;NULL
COM12572;COM12572;Fighter Wing SKP;Customer;3;11,00;0,00;0,00;0;2014-02-01;8,00;NULL;0,00;NULL;NULL;NULL;NULL;Denmark - DK - Europe;-8,079.00;33;236,953.00;181,110.00;111,634.00;167,478.00;Flyvestation Skrydstrup;DK;0;199138,50;206611,71;206864,66;206554,19;206140,47;154631,86;258107,85;278964,23;167477,89;241500,24;4;0;0;0;-25;67;8;-40;44
COM12579;COM12579;Evolem Aviation;NonCust;NULL;0,00;0,00;0,00;0;2014-01-01;0,00;NULL;27.734,00;2023-01-02;Company closed, no activity.;2023-01-02;Company closed;France - FR - Europe;0.00;0;0.00;0.00;0.00;0.00;Evolem Aviation;FR;3;38851,75;31160,51;29281,41;31861,85;30909,25;27733,52;0,00;0,00;0,00;0,00;-20;-6;9;-3;-10;-100;NULL;NULL;NULL
COM12589;COM12589;Montenegro Airlines;PotCust;NULL;0,00;0,00;0,00;0;2019-11-01;0,00;NULL;0,00;NULL;NULL;2021-08-13;Closed, now ToMontenegro;Montenegro - ME - Europe;0.00;0;0.00;0.00;0.00;0.00;Montenegro Airlines;ME;3;0,00;0,00;17525,79;122772,05;3428,46;0,00;0,00;0,00;0,00;0,00;NULL;NULL;601;-97;-100;NULL;NULL;NULL;NULL
COM12658;COM12658;US-Bangla Airlines;Customer;NULL;15,00;0,00;0,00;0;2014-06-01;8,00;NULL;0,00;NULL;NULL;NULL;NULL;Bangladesh - BD - Asia;0.00;13;414,990.00;256,519.00;204,177.00;362,648.00;US-Bangla Airlines;BD;0;126985,25;154305,74;162180,04;198654,36;222344,76;325665,03;346787,20;370815,35;362647,86;256518,59;22;5;22;12;46;6;7;-2;-29
COM12676;COM12676;Moonjet;Customer;NULL;0,00;0,00;0,00;0;2015-02-01;8,00;NULL;0,00;NULL;NULL;NULL;NULL;United Arab Emirates - AE - Asia;0.00;0;107,854.00;67,635.00;42,101.00;82,321.00;Moonjet;AE;0;56994,36;41424,25;37253,47;39337,39;55493,23;54141,25;51343,00;65147,89;82320,59;69899,09;-27;-10;6;41;-2;-5;27;26;-15
COM12680;COM12680;AVIATION ONE PTE LTD;Customer;2;0,00;0,00;0,00;0;2014-08-01;8,00;NULL;0,00;NULL;NULL;NULL;NULL;Singapore - SG - Asia;-7,473.00;2;110,868.00;67,253.00;56,691.00;100,306.00;AONE TRIP SUPPORT PTE LTD;SG;0;68794,42;87578,30;61475,22;44747,87;48940,49;90764,72;78992,43;92950,54;100305,60;76070,49;27;-30;-27;9;85;-13;18;8;-24
COM12691;COM12691;Avedeq Ltd.;PotCust;NULL;0,00;0,00;0,00;0;2011-06-01;0,00;NULL;0,00;NULL;NULL;2022-11-03;Out of business;United Kingdom of Great Britain and Northern Ireland - GB - Europe;0.00;0;0.00;0.00;0.00;0.00;Continental Management Limited;GB;3;21629,21;23464,07;21688,41;22759,61;22686,30;19355,11;0,00;0,00;0,00;0,00;8;-8;5;0;-15;-100;NULL;NULL;NULL
COM12698;COM12698;SOS INTERNATIONAL;PotCust;NULL;0,00;0,00;0,00;0;2014-11-01;0,00;NULL;0,00;NULL;NULL;2022-06-01;No need for PPS any longer;Denmark - DK - Europe;0.00;1;0.00;0.00;0.00;0.00;SOS INTERNATIONAL;DK;3;33972,00;38609,92;35834,68;37653,99;37570,55;16145,19;0,00;0,00;0,00;0,00;14;-7;5;0;-57;-100;NULL;NULL;NULL
COM12740;COM12740;Excellent Air GmbH, Air Allgaeu;Customer;2;12,00;0,00;0,00;0;2015-02-01;8,00;NULL;0,00;NULL;NULL;NULL;NULL;Germany - DE - Europe;0.00;13;211,918.00;126,456.00;136,321.00;221,783.00;Excellent Air GmbH;DE;0;132163,00;127932,93;116535,88;115153,76;151968,09;174803,26;197101,72;208373,95;237450,80;125462,15;-3;-9;-1;32;15;13;6;14;-47
COM12785;NULL;NULL;NULL;NULL;NULL;NULL;NULL;NULL;NULL;NULL;NULL;NULL;NULL;NULL;NULL;NULL;NULL;NULL;NULL;NULL;NULL;NULL;NULL;Airstream j.s.c;CZ;3;0,00;37575,68;29934,76;0,00;0,00;0,00;0,00;0,00;0,00;0,00;NULL;-20;-100;NULL;NULL;NULL;NULL;NULL;NULL
COM12839;COM12839;Air-Taxi Europe Gmbh;Quarantine;3;4,00;0,00;0,00;0;2015-05-01;8,00;2025-12-18;67.682,00;2025-12-31;see history;2025-12-16;No communication, no payment;Germany - DE - Europe;0.00;4;22,699.00;0.00;39,692.00;62,391.00;Air-Taxi Europe Gmbh;DE;3;60792,00;69992,87;72921,44;77476,17;71426,30;73926,44;70191,64;69797,34;62390,98;0,00;15;4;6;-8;4;-5;-1;-11;-100
COM12879;NULL;NULL;NULL;NULL;NULL;NULL;NULL;NULL;NULL;NULL;NULL;NULL;NULL;NULL;NULL;NULL;NULL;NULL;NULL;NULL;NULL;NULL;NULL;ROUTE AVIATION FZE;AE;3;96015,60;126848,90;56778,12;0,00;0,00;0,00;0,00;0,00;0,00;0,00;32;-55;-100;NULL;NULL;NULL;NULL;NULL;NULL
COM12897;COM12897;AEROTRANSCARGO FZE (24 hrs OPS - Aerotranscargo Moldova / Air Igor);Customer;1;3,00;0,00;0,00;3;2015-08-01;0,00;NULL;0,00;NULL;NULL;NULL;NULL;United Arab Emirates - AE - Asia;12,111.00;3;165,156.00;91,387.00;78,769.00;152,538.00;AEROTRANSCARGO FZE;AE;0;90807,68;164624,95;102591,37;141674,35;254021,55;269782,64;246064,77;241757,69;157575,97;103497,72;81;-38;38;79;6;-9;-2;-35;-34
COM12902;COM12902;Smart Cargo S.A.;Customer;3;0,00;0,00;0,00;0;2015-09-01;8,00;NULL;0,00;NULL;NULL;NULL;NULL;Luxembourg - LU - Europe;1,877.00;0;21,815.00;13,134.00;12,143.00;20,823.00;Smart Cargo S.A.;LU;0;16986,00;18409,02;18437,43;17889,46;17848,24;18836,60;18944,90;19823,83;20823,23;13134,01;8;0;-3;0;6;1;5;5;-37
COM12904;NULL;NULL;NULL;NULL;NULL;NULL;NULL;NULL;NULL;NULL;NULL;NULL;NULL;NULL;NULL;NULL;NULL;NULL;NULL;NULL;NULL;NULL;NULL;Cham Wings Airlines;SY;3;68733,70;59436,10;0,00;0,00;0,00;0,00;0,00;0,00;0,00;0,00;-14;-100;NULL;NULL;NULL;NULL;NULL;NULL;NULL
COM12922;NULL;NULL;NULL;NULL;NULL;NULL;NULL;NULL;NULL;NULL;NULL;NULL;NULL;NULL;NULL;NULL;NULL;NULL;NULL;NULL;NULL;NULL;NULL;Flairjet Ltd.;GB;3;25394,58;35715,01;6444,46;0,00;0,00;0,00;0,00;0,00;0,00;0,00;41;-82;-100;NULL;NULL;NULL;NULL;NULL;NULL
COM12957;COM12957;SILVER CLOUD AIR GmbH;Customer;3;5,00;0,00;0,00;0;2001-04-01;8,00;NULL;0,00;NULL;NULL;NULL;NULL;Germany - DE - Europe;10,573.00;5;118,268.00;70,828.00;61,682.00;109,123.00;SILVER CLOUD AIR GmbH;DE;0;92398,18;89258,56;70772,47;81338,83;99832,09;129949,76;108225,00;120024,77;109122,51;70827,54;-3;-21;15;23;30;-17;11;-9;-35
COM12964;COM12964;Global Service Solution FZCO;Customer;NULL;0,00;0,00;0,00;0;2016-11-01;8,00;NULL;0,00;NULL;NULL;NULL;NULL;United Arab Emirates - AE - Asia;0.00;0;110,356.00;59,465.00;62,396.00;113,287.00;Global Service Solution FZCO;AE;0;159675,85;181452,85;139523,73;64868,32;125700,17;58374,38;62190,61;102732,58;113287,01;59464,59;14;-23;-54;94;-54;7;65;10;-48
COM13003;NULL;NULL;NULL;NULL;NULL;NULL;NULL;NULL;NULL;NULL;NULL;NULL;NULL;NULL;NULL;NULL;NULL;NULL;NULL;NULL;NULL;NULL;NULL;Debah Aviation Services;SA;3;45874,08;44198,78;0,00;0,00;0,00;0,00;0,00;0,00;0,00;0,00;-4;-100;NULL;NULL;NULL;NULL;NULL;NULL;NULL
COM13008;COM13008;Simplifly Aviation Solutions LLC;PotCust;NULL;0,00;0,00;0,00;0;2017-06-01;0,00;NULL;0,00;NULL;NULL;2021-03-19;Missing payment, several notifications send, still no payment. Account can only be opened by proof of payment;United States of America - US - Americas;0.00;1;0.00;0.00;0.00;0.00;Simplifly Aviation Solutions LLC;US;3;31777,52;46779,21;54743,77;46105,20;7235,11;0,00;0,00;0,00;0,00;0,00;47;17;-16;-84;-100;NULL;NULL;NULL;NULL
COM13048;COM13048;JET TEAM Ltd;Customer;3;0,00;0,00;0,00;0;2016-08-01;8,00;NULL;0,00;NULL;NULL;NULL;NULL;United Kingdom of Great Britain and Northern Ireland - GB - Europe;0.00;0;50,259.00;25,611.00;23,682.00;48,329.00;JET TEAM Ltd;GB;0;39586,32;51010,60;44961,89;53422,74;101099,27;109162,65;114778,68;75882,15;60828,42;25611,17;29;-12;19;89;8;5;-34;-20;-58
COM13056;NULL;NULL;NULL;NULL;NULL;NULL;NULL;NULL;NULL;NULL;NULL;NULL;NULL;NULL;NULL;NULL;NULL;NULL;NULL;NULL;NULL;NULL;NULL;“ Aviator+ ” LLC;GE;3;10728,00;0,00;0,00;0,00;0,00;0,00;0,00;0,00;0,00;0,00;-100;NULL;NULL;NULL;NULL;NULL;NULL;NULL;NULL
COM13085;NULL;NULL;NULL;NULL;NULL;NULL;NULL;NULL;NULL;NULL;NULL;NULL;NULL;NULL;NULL;NULL;NULL;NULL;NULL;NULL;NULL;NULL;NULL;Trtoagency Ltd;MT;3;31498,97;61460,48;1842,91;0,00;0,00;0,00;0,00;0,00;0,00;0,00;95;-97;-100;NULL;NULL;NULL;NULL;NULL;NULL
COM13122;NULL;NULL;NULL;NULL;NULL;NULL;NULL;NULL;NULL;NULL;NULL;NULL;NULL;NULL;NULL;NULL;NULL;NULL;NULL;NULL;NULL;NULL;NULL;AERONET LTD;AE;3;65783,50;84378,70;0,00;0,00;0,00;0,00;0,00;0,00;0,00;0,00;28;-100;NULL;NULL;NULL;NULL;NULL;NULL;NULL
COM13127;NULL;NULL;NULL;NULL;NULL;NULL;NULL;NULL;NULL;NULL;NULL;NULL;NULL;NULL;NULL;NULL;NULL;NULL;NULL;NULL;NULL;NULL;NULL;ERNEST S.P.A.;IT;3;46501,41;74598,91;101519,28;23728,28;0,00;0,00;0,00;0,00;0,00;0,00;60;36;-77;-100;NULL;NULL;NULL;NULL;NULL
COM13145;NULL;NULL;NULL;NULL;NULL;NULL;NULL;NULL;NULL;NULL;NULL;NULL;NULL;NULL;NULL;NULL;NULL;NULL;NULL;NULL;NULL;NULL;NULL;ACEJETS AB;SE;3;5647,85;0,00;0,00;0,00;0,00;0,00;0,00;0,00;0,00;0,00;-100;NULL;NULL;NULL;NULL;NULL;NULL;NULL;NULL
COM13152;COM13152;sprouts GmbH;Customer;2;0,00;0,00;0,00;0;2017-08-01;8,00;NULL;0,00;NULL;NULL;NULL;NULL;Germany - DE - Europe;36,757.00;0;466,992.00;255,418.00;239,330.00;450,904.00;sprouts GmbH;DE;0;19867,29;100450,73;200046,82;186375,97;252085,28;336679,11;449177,72;418815,57;450904,30;255417,69;406;99;-7;35;34;33;-7;8;-43
COM13157;COM13157;FLYADEAL;Customer;NULL;47,00;0,00;0,00;0;2017-08-01;8,00;NULL;0,00;NULL;NULL;NULL;NULL;Saudi Arabia - SA - Asia;0.00;40;1,803,367.00;1,116,738.00;966,168.00;1,652,797.00;FLYADEAL;SA;0;70862,40;276856,35;439148,05;436987,11;519557,10;970990,87;1172827,21;1432846,09;1652797,16;1116738,15;291;59;0;19;87;21;22;15;-32
COM13203;COM13203;Jetbee Czech s.r.o.;Customer;3;5,00;5,00;0,00;0;2017-09-01;8,00;NULL;0,00;NULL;NULL;NULL;NULL;Czechia - CZ - Europe;13,158.00;4;125,604.00;79,307.00;64,815.00;111,112.00;Jetbee Czech s.r.o.;CZ;0;21125,22;82085,29;72171,05;52054,09;74141,69;73996,39;80536,79;106369,04;111111,74;79307,04;289;-12;-28;42;0;9;32;4;-29
COM13245;COM13245;Longtail Aviation International Ltd.;PotCust;NULL;0,00;1,00;1,00;0;2024-11-22;8,00;2026-08-05;29,11;2026-08-30;previously churned 31/01/2024 due to missing payment.  value (47.833).    New contract breach, FPL via Flightworx.;NULL;NULL;Bermuda - BM - Americas;6,553.00;1;29,114.00;21,419.00;4,111.00;11,806.00;Longtail Aviation International Ltd.;BM;0;0,00;0,00;0,00;0,00;8389,27;194405,17;47433,42;0,00;16444,53;21418,79;NULL;NULL;NULL;NULL;2217;-76;-100;NULL;30
COM13276;NULL;NULL;NULL;NULL;NULL;NULL;NULL;NULL;NULL;NULL;NULL;NULL;NULL;NULL;NULL;NULL;NULL;NULL;NULL;NULL;NULL;NULL;NULL;Ravn Air Group;US;3;0,00;0,00;322647,99;0,00;0,00;0,00;0,00;0,00;0,00;0,00;NULL;NULL;-100;NULL;NULL;NULL;NULL;NULL;NULL
COM13310;COM13310;JSC UVT AERO;Quarantine;NULL;0,00;0,00;0,00;0;2019-03-01;0,00;NULL;0,00;NULL;NULL;2022-03-09;Discontinue of service - Russia;Russian Federation - RU - Europe;0.00;0;0.00;0.00;0.00;0.00;JSC UVT AERO;RU;3;0,00;0,00;108091,94;137468,82;143113,40;26832,79;0,00;0,00;0,00;0,00;NULL;NULL;27;4;-81;-100;NULL;NULL;NULL
COM13321;COM13321;LAM MOZAMBIQUE;Quarantine;2;1,00;8,00;0,00;0;2019-06-01;8,00;NULL;0,00;NULL;NULL;2026-06-02;Lack of payment;Mozambique - MZ - Africa;27,894.00;8;45,737.00;28,389.00;60,517.00;77,866.00;LAM MOZAMBIQUE;MZ;0;0,00;0,00;24185,13;36674,40;44121,69;63215,81;89010,23;125274,68;77865,60;32229,25;NULL;NULL;52;20;43;41;41;-38;-59
COM13323;NULL;NULL;NULL;NULL;NULL;NULL;NULL;NULL;NULL;NULL;NULL;NULL;NULL;NULL;NULL;NULL;NULL;NULL;NULL;NULL;NULL;NULL;NULL;Aero One Aviation FZE;AE;3;0,00;15791,78;0,00;0,00;0,00;0,00;0,00;0,00;0,00;0,00;NULL;-100;NULL;NULL;NULL;NULL;NULL;NULL;NULL
COM13330;NULL;NULL;NULL;NULL;NULL;NULL;NULL;NULL;NULL;NULL;NULL;NULL;NULL;NULL;NULL;NULL;NULL;NULL;NULL;NULL;NULL;NULL;NULL;Attibco FZC;AE;3;0,00;9834,00;0,00;0,00;0,00;0,00;0,00;0,00;0,00;0,00;NULL;-100;NULL;NULL;NULL;NULL;NULL;NULL;NULL
COM13345;NULL;NULL;NULL;NULL;NULL;NULL;NULL;NULL;NULL;NULL;NULL;NULL;NULL;NULL;NULL;NULL;NULL;NULL;NULL;NULL;NULL;NULL;NULL;ANDA AIR LLC;UA;3;0,00;30197,68;0,00;0,00;0,00;0,00;0,00;0,00;0,00;0,00;NULL;-100;NULL;NULL;NULL;NULL;NULL;NULL;NULL
COM13351;NULL;NULL;NULL;NULL;NULL;NULL;NULL;NULL;NULL;NULL;NULL;NULL;NULL;NULL;NULL;NULL;NULL;NULL;NULL;NULL;NULL;NULL;NULL;DREAM WIND AIRLINES LLC;UA;3;0,00;21642,01;48203,27;0,00;0,00;0,00;0,00;0,00;0,00;0,00;NULL;123;-100;NULL;NULL;NULL;NULL;NULL;NULL
COM13382;COM13382;STAR AVIATION SPA;Customer;2;10,00;0,00;0,00;0;2018-10-01;8,00;NULL;0,00;NULL;NULL;NULL;NULL;Algeria - DZ - Africa;120,750.00;12;149,221.00;78,305.00;76,580.00;147,495.00;STAR AVIATION SPA;DZ;0;0,00;30311,46;117535,49;123252,98;152962,26;158188,16;180121,47;175527,76;193789,78;78305,48;NULL;288;5;24;3;14;-3;10;-60
COM13398;COM13398;Emirates Flight Training Academy;Customer;NULL;32,00;0,00;0,00;0;2020-01-01;8,00;NULL;0,00;NULL;NULL;NULL;NULL;United Arab Emirates - AE - Asia;18,401.00;31;207,804.00;127,612.00;112,328.00;192,520.00;Emirates Flight Training Academy;AE;0;0,00;0,00;0,00;107798,63;91301,27;95477,47;198712,47;161436,55;192520,13;196846,60;NULL;NULL;NULL;-15;5;108;-19;19;2
COM13404;COM13404;AEREO CALAFIA;Quarantine;NULL;0,00;0,00;0,00;0;2019-03-29;0,00;2025-01-21;39.417,00;2025-01-30;NO Comm, No payment;2025-01-21;No payment, no communication;Mexico - MX - Americas;0.00;1;0.00;0.00;0.00;0.00;AEREO CALAFIA;MX;3;0,00;0,00;86524,36;66422,44;34081,50;27746,05;21543,15;36712,64;0,00;0,00;NULL;NULL;-23;-49;-19;-22;70;-100;NULL
COM13426;COM13426;Great Dane Airlines A/S;NonCust;NULL;0,00;0,00;0,00;0;2019-02-01;0,00;NULL;0,00;NULL;NULL;2024-02-13;MB: 02-11-2021, bankrupt, account open until further notice, to assist them in this difficult time.;Denmark - DK - Europe;0.00;0;0.00;0.00;0.00;0.00;Great Dane Airlines A/S;DK;3;0,00;0,00;27954,60;52497,72;49326,67;0,00;0,00;0,00;0,00;0,00;NULL;NULL;88;-6;-100;NULL;NULL;NULL;NULL
COM13438;COM13438;Aviagreene Solutions Ltd;Customer;3;0,00;0,00;0,00;0;2024-04-30;8,00;NULL;0,00;NULL;NULL;NULL;NULL;Nigeria - NG - Africa;13,326.00;0;48,358.00;29,111.00;26,923.00;46,169.00;Aviagreene Solutions Ltd;NG;0;0,00;0,00;0,00;0,00;0,00;0,00;0,00;30826,76;46169,37;29111,37;NULL;NULL;NULL;NULL;NULL;NULL;NULL;50;-37
COM13505;COM13505;VSR Aviation;Customer via;NULL;0,00;0,00;0,00;0;2024-04-29;0,00;NULL;0,00;NULL;NULL;NULL;NULL;India - IN - Asia;0.00;0;0.00;0.00;0.00;0.00;VSR VENTURES PVT LTD;IN;0;NULL;NULL;NULL;NULL;NULL;NULL;NULL;NULL;NULL;NULL;NULL;NULL;NULL;NULL;NULL;NULL;NULL;NULL;NULL
COM13519;COM13519;AIR BOURGOGNE;NonCust;NULL;0,00;0,00;0,00;0;NULL;0,00;NULL;0,00;NULL;NULL;NULL;NULL;France - FR - Europe;0.00;0;0.00;0.00;0.00;0.00;AIR BOURGOGNE;FR;0;NULL;NULL;NULL;NULL;NULL;NULL;NULL;NULL;NULL;NULL;NULL;NULL;NULL;NULL;NULL;NULL;NULL;NULL;NULL
COM13532;COM13532;LEGEND OF THE NILE;PotCust;NULL;0,00;0,00;0,00;0;2021-03-03;0,00;NULL;0,00;NULL;NULL;NULL;NULL;Egypt - EG - Africa;0.00;2;0.00;0.00;0.00;0.00;LEGEND OF THE NILE;EG;0;NULL;NULL;NULL;NULL;NULL;NULL;NULL;NULL;NULL;NULL;NULL;NULL;NULL;NULL;NULL;NULL;NULL;NULL;NULL
COM13539;COM13539;SKYX AIRWAYS;NonCust;NULL;0,00;0,00;0,00;0;NULL;0,00;NULL;0,00;NULL;NULL;2020-10-30;Closed due to lack of payment and communication;Slovenia - SI - Europe;0.00;0;0.00;0.00;0.00;0.00;SKYX AIRWAYS;SI;3;0,00;0,00;12713,32;13603,88;0,00;0,00;0,00;0,00;0,00;0,00;NULL;NULL;7;-100;NULL;NULL;NULL;NULL;NULL
COM13561;COM13561;Snild ehf;NonCust;NULL;0,00;0,00;0,00;0;NULL;0,00;NULL;0,00;NULL;NULL;NULL;NULL;Iceland - IS - Europe;0.00;0;0.00;0.00;0.00;0.00;Snild ehf;IS;0;NULL;NULL;NULL;NULL;NULL;NULL;NULL;NULL;NULL;NULL;NULL;NULL;NULL;NULL;NULL;NULL;NULL;NULL;NULL
COM13585;COM13585;UNIVERSAL TRIP SUPPORT PVT LTD;PotCust;NULL;0,00;0,00;0,00;0;2020-03-01;0,00;NULL;0,00;NULL;NULL;NULL;NULL;India - IN - Asia;0.00;0;0.00;0.00;0.00;0.00;UNIVERSAL TRIP SUPPORT PVT LTD;IN;0;NULL;NULL;NULL;NULL;NULL;NULL;NULL;NULL;NULL;NULL;NULL;NULL;NULL;NULL;NULL;NULL;NULL;NULL;NULL
COM13591;COM13591;KiteAir;NonCust;NULL;0,00;0,00;0,00;0;NULL;0,00;NULL;0,00;NULL;NULL;NULL;NULL;Viet Nam - VN - Asia;0.00;0;0.00;0.00;0.00;0.00;Thien Minh Aviation JSC;VN;0;NULL;NULL;NULL;NULL;NULL;NULL;NULL;NULL;NULL;NULL;NULL;NULL;NULL;NULL;NULL;NULL;NULL;NULL;NULL
COM13628;COM13628;UPLINK OPERATIONS;NonCust;NULL;0,00;0,00;0,00;0;NULL;0,00;NULL;0,00;NULL;NULL;NULL;NULL;United Kingdom of Great Britain and Northern Ireland - GB - Europe;0.00;0;0.00;0.00;0.00;0.00;UPLINK OPERATIONS;GB;0;NULL;NULL;NULL;NULL;NULL;NULL;NULL;NULL;NULL;NULL;NULL;NULL;NULL;NULL;NULL;NULL;NULL;NULL;NULL
COM13635;COM13635;WOW AIR;NonCust;NULL;0,00;0,00;0,00;0;NULL;0,00;NULL;0,00;NULL;NULL;2021-08-13;Old potCust;Iceland - IS - Europe;0.00;0;0.00;0.00;0.00;0.00;WOW AIR;IS;3;NULL;NULL;NULL;NULL;NULL;NULL;NULL;NULL;NULL;NULL;NULL;NULL;NULL;NULL;NULL;NULL;NULL;NULL;NULL
COM13651;COM13651;BRAATHENS REGIONAL AIRWAYS;Customer;1;15,00;15,00;0,00;0;2010-02-01;8,00;NULL;0,00;NULL;NULL;NULL;NULL;Sweden - SE - Europe;-4,857.00;17;807,969.00;437,075.00;609,290.00;980,183.00;BRAATHENS REGIONAL AIRWAYS;SE;0;0,00;0,00;0,00;39155,42;306008,69;412524,45;701247,50;962930,05;980182,74;437075,48;NULL;NULL;NULL;682;35;70;37;2;-55
COM13727;COM13727;Panellenic Airlines;Customer;3;3,00;3,00;0,00;0;2021-01-12;4,00;NULL;0,00;NULL;NULL;NULL;NULL;Greece - GR - Europe;5,619.00;3;66,304.00;39,317.00;37,559.00;64,545.00;Panellenic Airlines;GR;0;0,00;0,00;0,00;0,00;20172,21;26357,27;43925,66;60332,29;64545,21;39317,30;NULL;NULL;NULL;NULL;31;67;37;7;-39
COM13752;COM13752;Emerald Airlines;Customer;1;22,00;22,00;0,00;0;2022-03-01;4,00;NULL;0,00;NULL;NULL;NULL;NULL;Ireland - IE - Europe;0.00;21;725,217.00;436,910.00;363,920.00;652,226.00;Emerald Airlines Ireland Limited;IE;0;0,00;0,00;0,00;0,00;6313,33;277097,41;483392,77;527522,22;652226,47;436910,50;NULL;NULL;NULL;NULL;4289;74;9;24;-33
COM13798;COM13798;RAYA AIRWAYS;PotCust;NULL;0,00;0,00;0,00;0;2022-01-01;0,00;2024-11-01;310.095,00;2024-12-30;Unknown.  Unfortenatnately sequence of event in handling the termination notice.  FPL Binding date was 04/30/2025;2024-12-03;HEH- please add reason!;Malaysia - MY - Asia;0.00;7;0.00;0.00;0.00;0.00;Raya Airways Sdn Bhd;MY;3;0,00;0,00;0,00;0,00;0,00;146625,42;290619,21;286959,22;0,00;0,00;NULL;NULL;NULL;NULL;NULL;98;-1;-100;NULL
COM13814;COM13814;Masterjet (Luxaviation Portugal - Part of Luxaviation Group);PotCust;NULL;0,00;0,00;0,00;0;NULL;0,00;NULL;0,00;NULL;NULL;2023-09-12;Never went live;Portugal - PT - Europe;0.00;0;0.00;0.00;0.00;0.00;Luxaviation Portugal;PT;3;NULL;NULL;NULL;NULL;NULL;NULL;NULL;NULL;NULL;NULL;NULL;NULL;NULL;NULL;NULL;NULL;NULL;NULL;NULL
COM13827;COM13827;SHIRAK AVIA LLC;Customer;NULL;3,00;0,00;0,00;0;2021-02-09;8,00;NULL;0,00;NULL;NULL;NULL;NULL;Armenia - AM - Asia;0.00;3;134,490.00;80,973.00;74,861.00;128,379.00;SHIRAK AVIA LLC;AM;0;0,00;0,00;0,00;0,00;27486,64;45535,63;84255,86;90409,35;128378,60;80972,67;NULL;NULL;NULL;NULL;66;85;7;42;-37
COM13846;COM13846;Southern Air Charter;PotCust;NULL;0,00;0,00;0,00;0;2021-04-29;0,00;NULL;0,00;NULL;NULL;NULL;NULL;Bahamas - BS - Americas;0.00;0;0.00;0.00;0.00;0.00;Southern Air Charter;BS;0;NULL;NULL;NULL;NULL;NULL;NULL;NULL;NULL;NULL;NULL;NULL;NULL;NULL;NULL;NULL;NULL;NULL;NULL;NULL
COM13846;COM13846;Southern Air Charter;PotCust;NULL;0,00;0,00;0,00;0;2021-04-29;0,00;NULL;0,00;NULL;NULL;NULL;NULL;Bahamas - BS - Americas;0.00;0;0.00;0.00;0.00;0.00;Southern Air Charter;BS;0;NULL;NULL;NULL;NULL;NULL;NULL;NULL;NULL;NULL;NULL;NULL;NULL;NULL;NULL;NULL;NULL;NULL;NULL;NULL
COM13857;COM13857;PLATOON AVIATION;Customer;3;12,00;0,00;0,00;0;2021-04-01;8,00;NULL;0,00;NULL;NULL;NULL;NULL;Germany - DE - Europe;0.00;10;215,136.00;133,150.00;101,429.00;183,414.00;PLATOON AVIATION GmbH & Co KG;DE;0;0,00;0,00;0,00;0,00;34593,78;70495,54;97698,73;138800,19;183414,06;133150,33;NULL;NULL;NULL;NULL;104;39;42;32;-27
COM13871;COM13871;G-OPS;PotCust;NULL;0,00;0,00;0,00;0;2021-05-04;0,00;2024-03-01;69.324,00;2024-03-31;No further need for a flight planning tool.;2024-04-17;No further need for a flight planning tool.;France - FR - Europe;0.00;0;0.00;0.00;0.00;0.00;G-OPS;FR;3;0,00;0,00;0,00;0,00;0,00;59437,37;75333,06;19593,22;0,00;0,00;NULL;NULL;NULL;NULL;NULL;27;-74;-100;NULL
COM13911;COM13911;Air Falcon Pvt Ltd;PotCust;NULL;0,00;0,00;0,00;0;2021-10-29;0,00;NULL;0,00;NULL;NULL;2022-06-20;Blocked. Never live;Pakistan - PK - Asia;0.00;0;0.00;0.00;0.00;0.00;Air Falcon Pvt Ltd;PK;3;NULL;NULL;NULL;NULL;NULL;NULL;NULL;NULL;NULL;NULL;NULL;NULL;NULL;NULL;NULL;NULL;NULL;NULL;NULL
COM13928;COM13928;Norse Atlantic Airways;Pending Closure;NULL;11,00;11,00;0,00;0;2022-06-01;8,00;2027-06-30;692.836,00;2024-05-31;They have outsourced dispatch due to lack off staff at arendal.  However, despite NORSE acknowled contract lenght they refuse to pay remaining contract. Refused settlemet offer. Lawsuit via KR ongoing;NULL;NULL;Norway - NO - Europe;1,409,339.00;11;538,670.00;324,320.00;315,930.00;530,280.00;Norse Atlantic Airways AS;NO;0;0,00;0,00;0,00;0,00;0,00;336446,84;676278,34;666767,86;577123,17;324319,59;NULL;NULL;NULL;NULL;NULL;101;-1;-13;-44
COM13931;COM13931;FLYTAG FLIGHT SUPPORT;Customer;3;0,00;0,00;0,00;0;2021-09-21;8,00;NULL;0,00;NULL;NULL;NULL;NULL;Pakistan - PK - Asia;4,857.00;0;55,514.00;33,465.00;32,545.00;54,595.00;FLYTAG FLIGHT SUPPORT SDN BHD;PK;0;0,00;0,00;0,00;0,00;5360,88;34761,35;33761,04;42975,22;54594,91;33464,56;NULL;NULL;NULL;NULL;548;-3;27;27;-39
COM13944;COM13944;GELIX AERO;Quarantine;NULL;0,00;0,00;0,00;0;NULL;0,00;NULL;0,00;NULL;NULL;NULL;NULL;Russian Federation - RU - Europe;0.00;0;0.00;0.00;0.00;0.00;GELIX AERO;RU;0;NULL;NULL;NULL;NULL;NULL;NULL;NULL;NULL;NULL;NULL;NULL;NULL;NULL;NULL;NULL;NULL;NULL;NULL;NULL
COM13960;COM13960;NEXUS INDIA;Customer;NULL;0,00;0,00;0,00;0;2022-01-05;8,00;NULL;0,00;NULL;NULL;NULL;NULL;India - IN - Asia;24,055.00;0;206,849.00;119,327.00;120,342.00;207,863.00;NEXUS Flight Operations India Pvt. Ltd;IN;0;0,00;0,00;0,00;0,00;0,00;117328,55;135168,98;249595,46;207863,21;119327,06;NULL;NULL;NULL;NULL;NULL;15;85;-17;-43
COM13968;COM13968;Natireva (Air Moana);Customer;NULL;4,00;4,00;3,00;0;2022-02-20;8,00;NULL;0,00;NULL;NULL;NULL;NULL;French Polynesia - PF - Oceania;-11,790.00;3;194,179.00;119,842.00;81,828.00;156,165.00;SAS Natireva;PF;0;0,00;0,00;0,00;0,00;0,00;71518,59;126300,24;135443,74;156165,05;119841,77;NULL;NULL;NULL;NULL;NULL;77;7;15;-23
COM13973;COM13973;KNMI – EMADDC;NonCust;NULL;0,00;0,00;0,00;0;2021-12-12;0,00;NULL;0,00;NULL;NULL;NULL;NULL;Netherlands - NL - Europe;0.00;0;0.00;0.00;0.00;0.00;Ministerie van Infrastructuur en Waterstaat;NL;0;NULL;NULL;NULL;NULL;NULL;NULL;NULL;NULL;NULL;NULL;NULL;NULL;NULL;NULL;NULL;NULL;NULL;NULL;NULL
COM13985;COM13985;Airstream;PotCust;NULL;0,00;0,00;0,00;0;2018-01-03;0,00;2024-01-31;83.069,00;2024-01-31;Changing to a provider who is a friend of their CEO.;2024-02-20;Churned iflg. HEH mail 20.02.2024;Czechia - CZ - Europe;0.00;6;0.00;0.00;0.00;0.00;Airstream a.s. Ltd;CZ;3;0,00;0,00;0,00;0,00;0,00;45763,86;83068,79;6903,78;0,00;0,00;NULL;NULL;NULL;NULL;NULL;82;-92;-100;NULL
COM13990;COM13990;Mountain Air Cargo;Customer;NULL;24,00;0,00;0,00;24;2016-04-01;8,00;NULL;0,00;NULL;NULL;NULL;NULL;United States of America - US - Americas;39,709.00;23;497,003.00;289,377.00;304,946.00;512,572.00;Mountain Air Cargo;US;0;0,00;0,00;0,00;0,00;0,00;319312,42;454437,46;538832,33;512571,84;296432,08;NULL;NULL;NULL;NULL;NULL;42;19;-5;-42
COM14014;COM14014;VistaJet (Malta);Customer;2;0,00;20,00;20,00;0;2022-09-13;8,00;NULL;0,00;NULL;NULL;NULL;NULL;Malta - MT - Europe;32,540.00;20;378,213.00;227,712.00;210,525.00;361,026.00;VistaJet Ltd.;MT;0;0,00;0,00;0,00;0,00;0,00;162323,75;319405,48;360766,84;361025,63;227712,17;NULL;NULL;NULL;NULL;NULL;97;13;0;-37
COM14020;COM14020;Wiseway Cargo Airlines;Quarantine;NULL;0,00;0,00;0,00;0;2022-10-01;0,00;NULL;213.994,00;2023-01-24;Missing payment. New CEO will not recognize contract.;2023-01-24;No payment;Australia - AU - Oceania;0.00;0;0.00;0.00;0.00;0.00;Wiseway Cargo Airlines PTY Ltd;AU;3;0,00;0,00;0,00;0,00;0,00;49578,61;0,00;0,00;0,00;0,00;NULL;NULL;NULL;NULL;NULL;-100;NULL;NULL;NULL
COM14026;COM14026;MAKSIM SYRYTSA;PotCust;NULL;0,00;0,00;0,00;0;2022-03-16;0,00;NULL;31.983,00;2023-01-13;Missing Payment;2023-01-13;Mising payment!;Poland - PL - Europe;0.00;1;0.00;0.00;0.00;0.00;Maksim Syrytsa;PL;3;0,00;0,00;0,00;0,00;0,00;43594,70;0,00;0,00;0,00;0,00;NULL;NULL;NULL;NULL;NULL;-100;NULL;NULL;NULL
COM14038;COM14038;Alpha Star Aviation Services/ Infinity Aviation Academy;Customer;NULL;0,00;0,00;0,00;0;2022-06-21;8,00;NULL;0,00;NULL;NULL;2023-09-27;NULL;Saudi Arabia - SA - Asia;54,328.00;12;54,583.00;54,583.00;46,664.00;46,664.00;Alpha Star Aviation Services;SA;0;0,00;0,00;0,00;0,00;0,00;42055,15;43282,38;47489,67;46664,05;54583,35;NULL;NULL;NULL;NULL;NULL;3;10;-2;17
COM14043;COM14043;FTC CONSULTING;NonCust;NULL;0,00;0,00;0,00;0;2022-04-19;0,00;NULL;0,00;NULL;NULL;NULL;NULL;Switzerland - CH - Europe;0.00;1;0.00;0.00;0.00;0.00;FTC Consulting AG;CH;0;0,00;0,00;0,00;0,00;0,00;31607,76;62572,16;30972,06;0,00;0,00;NULL;NULL;NULL;NULL;NULL;98;-51;-100;NULL
COM14067;COM14067;JetMate Aviation;Customer;NULL;0,00;0,00;0,00;0;2025-03-18;8,00;NULL;0,00;NULL;NULL;NULL;NULL;United Arab Emirates - AE - Asia;4,160.00;0;48,358.00;29,111.00;11,538.00;30,784.00;JetMate Aviation – FZE;AE;0;0,00;0,00;0,00;0,00;0,00;0,00;0,00;0,00;30784,27;29111,37;NULL;NULL;NULL;NULL;NULL;NULL;NULL;NULL;-5
COM14112;COM14112;Ivory Jet Services;PotCust;NULL;0,00;0,00;0,00;0;2023-03-07;0,00;NULL;0,00;NULL;NULL;NULL;NULL;Djibouti - DJ - Africa;0.00;0;0.00;0.00;0.00;0.00;Ivory Jet Services;DJ;0;NULL;NULL;NULL;NULL;NULL;NULL;NULL;NULL;NULL;NULL;NULL;NULL;NULL;NULL;NULL;NULL;NULL;NULL;NULL
COM14182;COM14182;Al-Murjan aviation Co.Ltd;Customer;NULL;1,00;0,00;0,00;0;2023-01-17;8,00;NULL;0,00;NULL;NULL;NULL;NULL;Saudi Arabia - SA - Asia;1,128.00;1;50,688.00;0.00;0.00;50,688.00;Al-Murjan Aviation Co.Ltd;SA;0;0,00;0,00;0,00;0,00;0,00;0,00;83870,08;46711,54;50687,54;0,00;NULL;NULL;NULL;NULL;NULL;NULL;-44;9;-100
COM14190;COM14190;Fly Beond;Customer;NULL;2,00;2,00;2,00;2;2024-08-09;8,00;NULL;0,00;NULL;NULL;NULL;NULL;United Arab Emirates - AE - Asia;20,390.00;2;127,600.00;71,341.00;97,209.00;153,468.00;Arabesque Aviation DWC LLC;AE;0;0,00;0,00;0,00;0,00;0,00;0,00;0,00;41422,60;153467,84;81535,82;NULL;NULL;NULL;NULL;NULL;NULL;NULL;270;-47
COM14204;COM14204;Nauru Airlines;Customer;NULL;0,00;9,00;8,00;0;2023-02-26;8,00;NULL;0,00;NULL;NULL;NULL;NULL;Australia - AU - Oceania;0.00;10;172,572.00;97,149.00;113,577.00;189,000.00;Nauru Airlines;AU;0;0,00;0,00;0,00;0,00;0,00;0,00;116923,51;201317,54;189000,02;97148,84;NULL;NULL;NULL;NULL;NULL;NULL;72;-6;-49
COM14206;COM14206;Your Flight Support (YFS);Customer;3;0,00;1,00;1,00;0;2023-02-16;8,00;NULL;0,00;NULL;NULL;NULL;NULL;Estonia - EE - Europe;6,023.00;0;67,253.00;42,149.00;36,211.00;61,314.00;YFS OÜ Dba Your Flight Support;EE;0;0,00;0,00;0,00;0,00;0,00;0,00;39457,71;43404,26;61314,36;42149,14;NULL;NULL;NULL;NULL;NULL;NULL;10;41;-31
COM14239;COM14239;FSP JETPLUS AVIATION SERVICE;Customer;NULL;0,00;0,00;0,00;0;2023-03-24;8,00;NULL;0,00;NULL;NULL;NULL;NULL;United Arab Emirates - AE - Asia;4,261.00;3;49,531.00;29,818.00;27,568.00;47,281.00;JETPLUS AVIATION SERVICE LLC;AE;0;0,00;0,00;0,00;0,00;0,00;0,00;24554,80;44077,81;47281,43;29817,50;NULL;NULL;NULL;NULL;NULL;NULL;80;7;-37
COM14310;COM14310;Delta World Charter;NonCust;NULL;0,00;0,00;0,00;0;NULL;0,00;NULL;0,00;NULL;NULL;NULL;NULL;United Arab Emirates - AE - Asia;0.00;1;0.00;0.00;0.00;0.00;Delta World Charter;AE;0;NULL;NULL;NULL;NULL;NULL;NULL;NULL;NULL;NULL;NULL;NULL;NULL;NULL;NULL;NULL;NULL;NULL;NULL;NULL
COM14323;COM14323;Tennor International Services;PotCust;NULL;0,00;0,00;0,00;0;NULL;0,00;NULL;0,00;NULL;NULL;NULL;NULL;Germany - DE - Europe;0.00;NULL;0.00;0.00;0.00;0.00;Tennor International Services B.V. (Berlin branch);DE;0;NULL;NULL;NULL;NULL;NULL;NULL;NULL;NULL;NULL;NULL;NULL;NULL;NULL;NULL;NULL;NULL;NULL;NULL;NULL
COM14350;COM14350;Atlantic Air Solutions;Customer;3;1,00;1,00;0,00;0;2024-04-09;8,00;NULL;0,00;NULL;NULL;NULL;NULL;Spain - ES - Europe;0.00;1;40,774.00;28,440.00;16,845.00;29,179.00;Atlantic Air Solutions SL;ES;0;0,00;0,00;0,00;0,00;0,00;0,00;0,00;0,00;31892,24;31185,99;NULL;NULL;NULL;NULL;NULL;NULL;NULL;NULL;-2
COM14352;COM14352;DAT LT (former Danish Air Transport);Customer;1;21,00;0,00;0,00;0;1991-12-01;8,00;NULL;0,00;NULL;NULL;NULL;NULL;Lithuania - LT - Europe;0.00;24;482,773.00;0.00;0.00;482,773.00;UAB DAT LT;LT;0;0,00;0,00;0,00;0,00;0,00;0,00;447565,67;471032,96;482773,01;0,00;NULL;NULL;NULL;NULL;NULL;NULL;5;2;-100
COM14364;COM14364;Al Haya Aviation;NonCust;NULL;0,00;0,00;0,00;0;2024-08-05;0,00;NULL;0,00;NULL;NULL;NULL;NULL;Iraq - IQ - Asia;0.00;NULL;0.00;0.00;0.00;0.00;Al Haya Aviation;IQ;0;NULL;NULL;NULL;NULL;NULL;NULL;NULL;NULL;NULL;NULL;NULL;NULL;NULL;NULL;NULL;NULL;NULL;NULL;NULL
COM14382;COM14382;ElioJet;Customer;3;3,00;0,00;0,00;0;2024-05-08;8,00;NULL;0,00;NULL;NULL;NULL;NULL;Czechia - CZ - Europe;3,834.00;2;55,178.00;39,265.00;16,877.00;32,790.00;Elio Jet a.s.;CZ;0;0,00;0,00;0,00;0,00;0,00;0,00;0,00;20489,89;35680,09;41337,22;NULL;NULL;NULL;NULL;NULL;NULL;NULL;74;16
COM14396;COM14396;Asman Airlines;Customer;NULL;3,00;0,00;0,00;0;2024-08-01;8,00;NULL;0,00;NULL;NULL;NULL;NULL;Kyrgyzstan - KG - Asia;8,142.00;3;91,502.00;56,096.00;43,145.00;78,551.00;Asman Airlines Air Company LLC;KG;0;0,00;0,00;0,00;0,00;0,00;0,00;0,00;26947,31;78550,64;64237,27;NULL;NULL;NULL;NULL;NULL;NULL;NULL;191;-18
COM14433;COM14433;Alhind Air;Quarantine;2;1,00;0,00;0,00;0;2024-12-16;8,00;2026-06-30;62.923,00;2026-06-30;Missing payment, no contact for months, online search indicate the company is out of business.;2026-01-27;No payment!;India - IN - Asia;20,044.00;1;3,669.00;0.00;0.00;3,669.00;Alhind Air Private Limited;IN;2;0,00;0,00;0,00;0,00;0,00;0,00;0,00;0,00;7268,61;0,00;NULL;NULL;NULL;NULL;NULL;NULL;NULL;NULL;-100
COM14451;COM14451;DC Aviation (MALTA);Customer;3;0,00;2,00;2,00;0;2024-06-25;8,00;NULL;0,00;NULL;NULL;NULL;NULL;Malta - MT - Europe;0.00;2;42,399.00;24,925.00;13,579.00;31,053.00;DC Aviation Ltd.;MT;0;0,00;0,00;0,00;0,00;0,00;0,00;0,00;11636,87;32223,74;30622,19;NULL;NULL;NULL;NULL;NULL;NULL;NULL;177;-5
COM14460;COM14460;ACMI Solution DWC-LLC;Customer;NULL;1,00;0,00;0,00;0;2022-04-19;8,00;NULL;0,00;NULL;NULL;NULL;NULL;United Arab Emirates - AE - Asia;5,980.00;0;69,590.00;41,850.00;42,579.00;70,320.00;ACMI Solution DWC-LLC;AE;0;0,00;0,00;0,00;0,00;0,00;0,00;0,00;32511,31;70319,55;47830,38;NULL;NULL;NULL;NULL;NULL;NULL;NULL;116;-32
COM14481;COM14481;FLY LILI;Customer;3;3,00;0,00;0,00;0;2025-03-24;8,00;NULL;0,00;NULL;NULL;NULL;NULL;Romania - RO - Europe;29,671.00;3;174,717.00;105,004.00;54,849.00;124,563.00;Fly LILI SRL;RO;0;0,00;0,00;0,00;0,00;0,00;0,00;0,00;0,00;124562,73;105241,19;NULL;NULL;NULL;NULL;NULL;NULL;NULL;NULL;-16
COM14490;COM14490;LEON Software;NonCust;NULL;0,00;0,00;0,00;0;NULL;0,00;NULL;0,00;NULL;NULL;NULL;NULL;Poland - PL - Europe;0.00;0;0.00;0.00;0.00;0.00;Leon Software sp. z o.o.;PL;0;NULL;NULL;NULL;NULL;NULL;NULL;NULL;NULL;NULL;NULL;NULL;NULL;NULL;NULL;NULL;NULL;NULL;NULL;NULL
COM14495;COM14495;STELLAER 212;Customer;3;4,00;0,00;0,00;0;2024-12-06;8,00;NULL;0,00;NULL;NULL;NULL;NULL;Ireland - IE - Europe;5,365.00;2;44,550.00;30,082.00;15,783.00;30,250.00;STELLAER 212;IE;0;0,00;0,00;0,00;0,00;0,00;0,00;0,00;1515,50;30250,26;30081,99;NULL;NULL;NULL;NULL;NULL;NULL;NULL;1896;-1
COM14532;COM14532;USC;Customer;3;5,00;4,00;0,00;4;2025-03-04;8,00;NULL;0,00;NULL;NULL;NULL;NULL;Germany - DE - Europe;0.00;4;264,899.00;180,922.00;61,020.00;144,996.00;USC GmbH;DE;0;0,00;0,00;0,00;0,00;0,00;0,00;0,00;0,00;144996,12;180922,46;NULL;NULL;NULL;NULL;NULL;NULL;NULL;NULL;25
COM14619;COM14619;AMAZONE AIRLINES;Customer;3;2,00;0,00;0,00;0;2025-08-13;8,00;NULL;0,00;NULL;NULL;NULL;Reopened due to partial payment;Benin - BJ - Africa;6,720.00;2;61,212.00;47,028.00;0.00;14,184.00;AMAZONE AIRLINES S.A.;BJ;0;0,00;0,00;0,00;0,00;0,00;0,00;0,00;0,00;14183,61;56451,74;NULL;NULL;NULL;NULL;NULL;NULL;NULL;NULL;298
COM14624;COM14624;PARAGON AVIATION SERVICES FZE;Quarantine;NULL;3,00;0,00;0,00;0;2025-12-23;8,00;2026-06-09;0,00;2026-06-30;BU Shames and Paragon aviation service merged with Klyova, and all flight are dispatched via Klyova per June 2026. BU Shames and Paragon Aviation services are subsequently closed and churned. ARR awill remain with AIR SUPPORT and therefore are the churn value set to 0.;2026-06-09;Lack of payment;United Arab Emirates - AE - Asia;-17,752.00;2;48,577.00;48,577.00;0.00;0.00;PARAGON AVIATION SERVICES FZE;AE;3;0,00;0,00;0,00;0,00;0,00;0,00;0,00;0,00;0,00;48577,05;NULL;NULL;NULL;NULL;NULL;NULL;NULL;NULL;NULL
COM14649;COM14649;FL3XX;NonCust;2;0,00;0,00;0,00;0;NULL;0,00;NULL;0,00;NULL;NULL;NULL;NULL;Austria - AT - Europe;0.00;0;0.00;0.00;0.00;0.00;FL3XX;AT;0;NULL;NULL;NULL;NULL;NULL;NULL;NULL;NULL;NULL;NULL;NULL;NULL;NULL;NULL;NULL;NULL;NULL;NULL;NULL
COM14651;COM14651;Global Aviation Data A/S (Globalog);NonCust;NULL;0,00;0,00;0,00;0;NULL;0,00;NULL;0,00;NULL;NULL;NULL;NULL;Denmark - DK - Europe;0.00;NULL;0.00;0.00;0.00;0.00;Global Aviation Data A/S;DK;0;NULL;NULL;NULL;NULL;NULL;NULL;NULL;NULL;NULL;NULL;NULL;NULL;NULL;NULL;NULL;NULL;NULL;NULL;NULL
COM14658;COM14658;TIRRENAIR;Customer;NULL;0,00;0,00;0,00;0;2026-04-30;8,00;NULL;0,00;NULL;NULL;2026-07-30;Has been put on HOLD until they have their aircrafts;France - FR - Europe;-8,258.00;1;-8,258.00;-8,258.00;0.00;0.00;ALTOR;FR;3;0,00;0,00;0,00;0,00;0,00;0,00;0,00;0,00;0,00;5902,61;NULL;NULL;NULL;NULL;NULL;NULL;NULL;NULL;NULL
COM14670;COM14670;PrivatPort;PotCust;NULL;0,00;0,00;0,00;0;NULL;0,00;NULL;0,00;NULL;NULL;NULL;NULL;United Arab Emirates - AE - Asia;9,385.00;0;0.00;0.00;0.00;0.00;PrivatPort FZCO;AE;0;NULL;NULL;NULL;NULL;NULL;NULL;NULL;NULL;NULL;NULL;NULL;NULL;NULL;NULL;NULL;NULL;NULL;NULL;NULL
COM14520;COM14520;RANO AIR;Customer;3;4,00;0,00;0,00;0;2025-01-31;8,00;NULL;0,00;NULL;NULL;NULL;Payment received;Nigeria - NG - Africa;1,562.00;4;182,934.00;182,934.00;178,709.00;178,709.00;Rano Air Ltd.;NG;0;0,00;0,00;0,00;0,00;0,00;0,00;0,00;0,00;178708,99;182933,52;NULL;NULL;NULL;NULL;NULL;NULL;NULL;NULL;2
COM14533;COM14533;Kapajet;Customer;3;1,00;1,00;0,00;0;2025-02-27;8,00;NULL;0,00;NULL;NULL;NULL;NULL;Greece - GR - Europe;0.00;1;-11.00;-6.00;8,486.00;8,481.00;Kapajet SA;GR;0;0,00;0,00;0,00;0,00;0,00;0,00;0,00;0,00;42491,05;31692,82;NULL;NULL;NULL;NULL;NULL;NULL;NULL;NULL;-25
COM14541;COM14541;Ralex Aviation;Customer;NULL;0,00;0,00;0,00;0;2026-08-04;0,00;NULL;0,00;NULL;NULL;NULL;NULL;United Arab Emirates - AE - Asia;0.00;NULL;0.00;0.00;0.00;0.00;RALEX SERVICES CO.LD;AE;0;NULL;NULL;NULL;NULL;NULL;NULL;NULL;NULL;NULL;NULL;NULL;NULL;NULL;NULL;NULL;NULL;NULL;NULL;NULL
COM14581;COM14581;Pyramids Airlines;Customer;NULL;1,00;1,00;1,00;0;2026-02-20;8,00;NULL;0,00;NULL;NULL;NULL;NULL;Egypt - EG - Africa;9,985.00;1;49,442.00;49,442.00;0.00;0.00;Pyramids Airlines;EG;0;0,00;0,00;0,00;0,00;0,00;0,00;0,00;0,00;0,00;49441,57;NULL;NULL;NULL;NULL;NULL;NULL;NULL;NULL;NULL
COM14588;COM14588;Apogee;Customer;NULL;0,00;0,00;0,00;0;2026-03-30;0,00;NULL;0,00;NULL;NULL;NULL;NULL;United Arab Emirates - AE - Asia;0.00;0;18,763.00;18,763.00;0.00;0.00;Apogee;AE;0;0,00;0,00;0,00;0,00;0,00;0,00;0,00;0,00;0,00;22988,47;NULL;NULL;NULL;NULL;NULL;NULL;NULL;NULL;NULL
COM14603;COM14603;FLY4 AIRLINES;Customer;NULL;0,00;4,00;4,00;4;2025-10-03;8,00;NULL;0,00;NULL;NULL;NULL;NULL;Ireland - IE - Europe;0.00;4;74,953.00;53,666.00;0.00;21,287.00;Fly4 Airlines Green Ltd;IE;0;0,00;0,00;0,00;0,00;0,00;0,00;0,00;0,00;21286,65;53665,85;NULL;NULL;NULL;NULL;NULL;NULL;NULL;NULL;152
COM14611;COM14611;AeroElite Aviation;Customer;3;0,00;0,00;0,00;0;2025-11-02;8,00;NULL;0,00;NULL;NULL;NULL;NULL;India - IN - Asia;11,547.00;0;38,163.00;38,163.00;0.00;0.00;Aeroelite Aviation Services Pvt Ltd;IN;0;0,00;0,00;0,00;0,00;0,00;0,00;0,00;0,00;0,00;52722,92;NULL;NULL;NULL;NULL;NULL;NULL;NULL;NULL;NULL
COM14641;COM14641;Daallo Airlines;Testing;NULL;0,00;0,00;0,00;0;NULL;0,00;NULL;0,00;NULL;NULL;NULL;NULL;Djibouti - DJ - Africa;0.00;4;0.00;0.00;0.00;0.00;Daallo Airlines;DJ;0;NULL;NULL;NULL;NULL;NULL;NULL;NULL;NULL;NULL;NULL;NULL;NULL;NULL;NULL;NULL;NULL;NULL;NULL;NULL
COM14648;COM14648;Bytron Aviation Systems;NonCust;NULL;0,00;0,00;0,00;0;NULL;0,00;NULL;0,00;NULL;NULL;NULL;NULL;United Kingdom of Great Britain and Northern Ireland - GB - Europe;0.00;0;0.00;0.00;0.00;0.00;Bytron Aviation Systems;GB;0;NULL;NULL;NULL;NULL;NULL;NULL;NULL;NULL;NULL;NULL;NULL;NULL;NULL;NULL;NULL;NULL;NULL;NULL;NULL
COM14663;COM14663;Airvan;PotCust;3;0,00;0,00;0,00;0;2026-04-27;8,00;NULL;0,00;NULL;NULL;NULL;NULL;Kenya - KE - Africa;26,161.00;NULL;0.00;0.00;0.00;0.00;Airvan;KE;0;NULL;NULL;NULL;NULL;NULL;NULL;NULL;NULL;NULL;NULL;NULL;NULL;NULL;NULL;NULL;NULL;NULL;NULL;NULL
COM14687;COM14687;CRYSTAL BAY AIRLINES;PotCust;1;1,00;1,00;0,00;0;NULL;0,00;NULL;0,00;NULL;NULL;NULL;NULL;Viet Nam - VN - Asia;82,820.00;NULL;0.00;0.00;0.00;0.00;CRYSTAL BAY AIRLINES JOINT STOCK COMPANY;VN;0;NULL;NULL;NULL;NULL;NULL;NULL;NULL;NULL;NULL;NULL;NULL;NULL;NULL;NULL;NULL;NULL;NULL;NULL;NULL
COM14693;COM14693;Fly Diamond;Pending Delivery;NULL;0,00;0,00;0,00;0;2026-08-19;8,00;NULL;0,00;NULL;NULL;NULL;NULL;Libya - LY - Africa;0.00;NULL;0.00;0.00;0.00;0.00;Fly Diamond;LY;0;NULL;NULL;NULL;NULL;NULL;NULL;NULL;NULL;NULL;NULL;NULL;NULL;NULL;NULL;NULL;NULL;NULL;NULL;NULL
COM11002;COM11002;ABS Jets, a. s.;Customer;2;3,00;0,00;0,00;0;2004-05-01;8,00;NULL;0,00;NULL;NULL;NULL;NULL;Czechia - CZ - Europe;0.00;4;561,398.00;357,236.00;269,625.00;473,788.00;ABS Jets, a. s.;CZ;0;420135,67;271628,80;239379,26;241780,74;339118,18;368310,42;373580,54;472122,36;473788,16;357235,50;-35;-12;1;40;9;1;26;0;-25
COM11007;COM11007;AEGEAN AIRLINES S.A.;Customer;1;0,00;95,00;0,00;0;2023-04-26;8,00;NULL;0,00;NULL;NULL;NULL;NULL;Greece - GR - Europe;36,569.00;82;387,025.00;229,356.00;220,553.00;378,222.00;AEGEAN AIRLINES S.A.;GR;0;0,00;0,00;0,00;0,00;0,00;0,00;209572,07;281851,87;409732,77;265925,29;NULL;NULL;NULL;NULL;NULL;NULL;34;45;-35
COM11012;COM11012;AEROWEST GmbH.;Customer;2;13,00;14,00;0,00;0;1998-08-01;8,00;NULL;0,00;NULL;NULL;NULL;NULL;Germany - DE - Europe;0.00;13;333,628.00;312,734.00;240,088.00;260,983.00;AEROWEST GmbH.;DE;0;105493,49;115744,69;117289,13;126907,28;131737,60;180165,84;199192,28;223060,42;260982,65;596285,73;10;1;8;4;37;11;12;17;128
COM11022;NULL;NULL;NULL;NULL;NULL;NULL;NULL;NULL;NULL;NULL;NULL;NULL;NULL;NULL;NULL;NULL;NULL;NULL;NULL;NULL;NULL;NULL;NULL;AIR TRAFFIC Euro Charter GmbH;DE;3;11953,15;13256,67;4085,88;0,00;0,00;0,00;0,00;0,00;0,00;0,00;11;-69;-100;NULL;NULL;NULL;NULL;NULL;NULL
COM11082;COM11082;HUMMINGBIRD AVIATION SERVICES;Quarantine;3;3,00;0,00;0,00;0;2014-09-01;8,00;2026-01-31;66.259,00;2026-01-31;No contact, Company seem to be vanished from the earth.;2025-12-17;No communication, no payment;Sweden - SE - Europe;0.00;4;22,136.00;0.00;38,708.00;60,844.00;HUMMINGBIRD AVIATION SERVICES;SE;3;100656,95;104428,82;89656,93;66722,12;58252,12;51138,92;63796,17;68075,25;60843,52;0,00;4;-14;-26;-13;-12;25;7;-11;-100
COM11095;NULL;NULL;NULL;NULL;NULL;NULL;NULL;NULL;NULL;NULL;NULL;NULL;NULL;NULL;NULL;NULL;NULL;NULL;NULL;NULL;NULL;NULL;NULL;EXECUTIVE AVIATION;GB;3;39294,65;75095,52;4552,67;0,00;0,00;0,00;0,00;0,00;0,00;0,00;91;-94;-100;NULL;NULL;NULL;NULL;NULL;NULL
COM11100;COM11100;GIESERS STAHLBAU GmbH;PotCust;NULL;0,00;0,00;0,00;0;2002-08-01;8,00;2025-07-31;8.054,00;2025-02-28;Will no longer do flight planning inhouse. (outsourced);2025-07-31;Will no longer do flight planning inhouse. (outsourced);Germany - DE - Europe;0.00;1;0.00;0.00;0.00;0.00;GIESERS STAHLBAU GmbH;DE;3;27714,00;16092,00;8066,20;8048,81;8031,20;8034,34;8043,19;8054,10;0,00;0,00;-42;-50;0;0;0;0;0;-100;NULL
COM11121;COM11121;International Jet Management;PotCust;NULL;0,00;0,00;0,00;0;2015-05-01;0,00;NULL;0,00;NULL;NULL;NULL;NULL;Austria - AT - Europe;0.00;0;0.00;0.00;0.00;0.00;International Jet Management;AT;0;371109,46;557931,37;429768,92;127748,65;0,00;0,00;0,00;0,00;0,00;0,00;50;-23;-70;-100;NULL;NULL;NULL;NULL;NULL
COM11178;COM11178;STAR-LINE;PotCust;NULL;0,00;0,00;0,00;0;NULL;0,00;NULL;0,00;NULL;NULL;NULL;NULL;Denmark - DK - Europe;0.00;0;0.00;0.00;0.00;0.00;STAR-LINE;DK;0;NULL;NULL;NULL;NULL;NULL;NULL;NULL;NULL;NULL;NULL;NULL;NULL;NULL;NULL;NULL;NULL;NULL;NULL;NULL
COM11193;COM11193;Jet Executive International;Customer;3;4,00;5,00;0,00;0;1997-10-01;8,00;NULL;0,00;NULL;NULL;NULL;NULL;Germany - DE - Europe;0.00;4;49,057.00;30,671.00;25,723.00;44,109.00;Jet Executive;DE;0;117045,46;133791,94;129826,71;162667,11;127623,72;121857,64;127172,05;136978,63;56233,08;30670,83;14;-3;25;-22;-5;4;8;-59;-45
COM11223;COM11223;BLUE AIR;PotCust;NULL;0,00;0,00;0,00;0;2015-05-01;0,00;NULL;0,00;NULL;NULL;NULL;NULL;Romania - RO - Europe;0.00;0;0.00;0.00;0.00;0.00;Blue Air Aviation S.A.;RO;0;NULL;NULL;NULL;NULL;NULL;NULL;NULL;NULL;NULL;NULL;NULL;NULL;NULL;NULL;NULL;NULL;NULL;NULL;NULL
COM11231;COM11231;WX Support ApS;NonCust;NULL;0,00;0,00;0,00;0;NULL;0,00;NULL;0,00;NULL;NULL;NULL;NULL;Denmark - DK - Europe;0.00;0;0.00;0.00;0.00;0.00;WX Support ApS;DK;0;0,00;0,00;0,00;0,00;0,00;0,00;0,00;0,00;0,00;0,00;NULL;NULL;NULL;NULL;NULL;NULL;NULL;NULL;NULL
COM11255;COM11255;Aviation Services Management FZE (ASM);Customer;NULL;1,00;0,00;0,00;0;2012-11-01;8,00;NULL;0,00;NULL;NULL;NULL;NULL;United Arab Emirates - AE - Asia;16,620.00;2;140,210.00;81,926.00;86,371.00;144,655.00;Aviation Services Management FZE;AE;0;50256,21;47371,00;49166,39;45625,21;73338,87;79281,88;84540,89;117424,23;144654,89;81926,07;-6;4;-7;61;8;7;39;23;-43
COM11404;COM11404;SAAB AB;Customer;3;12,00;0,00;0,00;0;2008-03-01;8,00;NULL;0,00;NULL;NULL;NULL;NULL;Sweden - SE - Europe;0.00;12;124,230.00;0.00;0.00;124,230.00;SAAB AB;SE;0;103145,25;107187,32;118730,28;121831,63;130515,63;100912,56;152274,97;161686,55;124230,21;0,00;4;11;3;7;-23;51;6;-23;-100
COM11424;COM11424;Bel Air Aviation A/S;PotCust;NULL;0,00;0,00;0,00;0;NULL;0,00;NULL;0,00;NULL;NULL;NULL;NULL;Denmark - DK - Europe;0.00;0;0.00;0.00;0.00;0.00;Bel Air Aviation A/S;DK;0;NULL;NULL;NULL;NULL;NULL;NULL;NULL;NULL;NULL;NULL;NULL;NULL;NULL;NULL;NULL;NULL;NULL;NULL;NULL
COM11526;NULL;NULL;NULL;NULL;NULL;NULL;NULL;NULL;NULL;NULL;NULL;NULL;NULL;NULL;NULL;NULL;NULL;NULL;NULL;NULL;NULL;NULL;NULL;G-JET s.r.o.;CZ;3;24763,80;30014,63;26420,65;11906,80;0,00;0,00;0,00;0,00;0,00;0,00;21;-12;-55;-100;NULL;NULL;NULL;NULL;NULL
COM11538;COM11538;UNITED AVIATION;PotCust;NULL;0,00;0,00;0,00;0;2019-04-01;0,00;NULL;0,00;NULL;NULL;2023-09-18;No contact, no payment;Libya - LY - Africa;0.00;1;0.00;0.00;0.00;0.00;UNITED AVIATION;LY;3;0,00;0,00;55899,42;29511,47;0,00;0,00;0,00;0,00;0,00;0,00;NULL;NULL;-47;-100;NULL;NULL;NULL;NULL;NULL
COM11550;NULL;NULL;NULL;NULL;NULL;NULL;NULL;NULL;NULL;NULL;NULL;NULL;NULL;NULL;NULL;NULL;NULL;NULL;NULL;NULL;NULL;NULL;NULL;WALTAIR EUROPE AB;SE;3;63958,25;0,00;0,00;0,00;0,00;0,00;0,00;0,00;0,00;0,00;-100;NULL;NULL;NULL;NULL;NULL;NULL;NULL;NULL
COM11555;NULL;NULL;NULL;NULL;NULL;NULL;NULL;NULL;NULL;NULL;NULL;NULL;NULL;NULL;NULL;NULL;NULL;NULL;NULL;NULL;NULL;NULL;NULL;FDS OPS Sp. z o.o.;PL;3;114858,89;188177,67;157733,06;43173,94;0,00;0,00;0,00;0,00;0,00;0,00;64;-16;-73;-100;NULL;NULL;NULL;NULL;NULL
COM11571;COM11571;EUROJET SERVIS sB.r.o.;Customer;3;0,00;0,00;0,00;0;2008-10-01;8,00;NULL;0,00;NULL;NULL;NULL;NULL;Czechia - CZ - Europe;4,269.00;0;52,755.00;30,032.00;29,621.00;52,344.00;EUROJET SERVIS sB.r.o.;CZ;0;171302,32;136249,46;56105,46;41556,74;45802,75;45548,89;42514,62;46006,72;52344,33;30032,08;-20;-59;-26;10;-1;-7;8;14;-43
COM11619;COM11619;Goldeck-Flug GmbH;NonCust;NULL;0,00;0,00;0,00;0;2016-03-08;0,00;NULL;0,00;NULL;NULL;NULL;NULL;Austria - AT - Europe;0.00;0;0.00;0.00;0.00;0.00;Goldeck-Flug GmbH;AT;0;96376,93;90271,86;56107,90;76936,06;19606,51;0,00;0,00;0,00;0,00;0,00;-6;-38;37;-75;-100;NULL;NULL;NULL;NULL
COM11637;COM11637;EastUnion CJSC;Quarantine;NULL;0,00;0,00;0,00;0;2009-04-01;0,00;NULL;0,00;NULL;NULL;2022-03-09;Discontinue of service - Russia;Russian Federation - RU - Europe;0.00;1;0.00;0.00;0.00;0.00;EastUnion CJSC;RU;3;79544,02;81206,86;84878,36;78130,87;63193,26;12517,76;0,00;0,00;0,00;0,00;2;5;-8;-19;-80;-100;NULL;NULL;NULL
COM11653;COM11653;West Atlantic UK Ltd.;Customer;1;11,00;11,00;0,00;13;2010-01-01;8,00;NULL;0,00;NULL;NULL;NULL;NULL;United Kingdom of Great Britain and Northern Ireland - GB - Europe;55,712.00;20;695,704.00;421,158.00;394,428.00;668,974.00;West Atlantic UK Ltd.;GB;0;1086839,53;1304011,95;846250,71;909336,10;886758,28;786670,81;727850,51;729069,58;691228,55;424246,16;20;-35;7;-2;-11;-7;0;-5;-39
COM11744;NULL;NULL;NULL;NULL;NULL;NULL;NULL;NULL;NULL;NULL;NULL;NULL;NULL;NULL;NULL;NULL;NULL;NULL;NULL;NULL;NULL;NULL;NULL;AERO VISION S.a.r.l.;FR;3;186049,60;97864,69;0,00;0,00;0,00;0,00;0,00;0,00;0,00;0,00;-47;-100;NULL;NULL;NULL;NULL;NULL;NULL;NULL
COM11806;COM11806;ELITAVIA;Customer;2;14,00;0,00;0,00;0;2011-07-01;8,00;NULL;0,00;NULL;NULL;NULL;NULL;Malta - MT - Europe;27,124.00;14;316,618.00;182,902.00;204,883.00;338,600.00;ELITAVIA MALTA Ltd;MT;0;178822,35;178250,19;399854,88;621715,68;429485,20;339631,57;365292,19;369782,57;413483,51;272678,08;0;124;55;-31;-21;8;1;12;-34
COM11939;COM11939;Continental Jet Services;Customer;NULL;0,00;0,00;0,00;0;2012-05-01;8,00;NULL;0,00;NULL;NULL;NULL;NULL;United Arab Emirates - AE - Asia;315.00;0;49,625.00;29,874.00;27,628.00;47,378.00;Continental Jet Services;AE;0;33972,00;38609,92;35834,68;37653,99;37570,55;38744,48;40930,22;44224,59;47378,46;29873,99;14;-7;5;0;3;6;8;7;-37
COM12038;COM12038;SMART AVIATION;Customer;3;7,00;0,00;0,00;0;2018-10-01;0,00;NULL;0,00;NULL;NULL;NULL;NULL;Egypt - EG - Africa;0.00;6;109,009.00;55,799.00;51,123.00;104,333.00;SMART AVIATION;EG;0;0,00;16676,23;84146,27;86765,80;85679,42;105205,41;94082,09;107872,30;104332,70;57846,44;NULL;405;3;-1;23;-11;15;-3;-45
COM12084;COM12084;SUDAN AIRWAYS;Customer;1;1,00;1,00;0,00;0;2016-11-01;8,00;NULL;0,00;NULL;NULL;NULL;NULL;Sudan - SD - Africa;0.00;2;52,720.00;27,387.00;23,386.00;48,719.00;SUDAN AIRWAYS;SD;0;88220,40;38593,98;84428,55;44614,35;44482,45;65293,10;40401,75;43655,13;48718,99;27386,91;-56;119;-47;0;47;-38;8;12;-44
COM12109;COM12109;CTR Atmospherica Aviation a.s.;Customer;3;9,00;9,00;0,00;0;2013-07-01;8,00;NULL;0,00;NULL;NULL;NULL;NULL;Czechia - CZ - Europe;0.00;7;198,024.00;121,075.00;80,821.00;157,771.00;CTR Atmospherica Aviation a.s.;CZ;0;33244,88;69246,10;79481,94;66073,36;87820,11;93732,48;114150,25;116332,37;157770,54;121075,08;108;15;-17;33;7;22;2;36;-23
COM12180;COM12180;FlyLease GmbH (SuissePromotion Immobiliare S.A.  S.A.);PotCust;NULL;0,00;0,00;0,00;0;2011-07-01;0,00;NULL;0,00;NULL;NULL;2021-07-02;Owner past away in 2020 and they have now sold the aircraft, will not need a FPL system anymore as the flt dep is shutdown.;Switzerland - CH - Europe;0.00;0;0.00;0.00;0.00;0.00;FlyLease GmbH;CH;3;21456,00;23255,35;21500,81;22628,17;11288,63;0,00;0,00;0,00;0,00;0,00;8;-8;5;-50;-100;NULL;NULL;NULL;NULL
COM12181;COM12181;ELILOMBARDA S. R. L.;Customer;3;1,00;0,00;0,00;0;2011-09-01;8,00;NULL;0,00;NULL;NULL;NULL;NULL;Italy - IT - Europe;88,675.00;1;88,673.00;88,673.00;81,529.00;81,529.00;ELILOMBARDA S. R. L.;IT;0;50344,12;53303,26;55691,89;59365,92;59236,08;65455,66;70304,35;75728,08;81529,36;88672,62;6;4;7;0;10;7;8;8;9
COM12186;COM12186;Jet Story Sp. z o. o., Bluejet;PotCust;NULL;0,00;0,00;0,00;0;2018-12-01;0,00;NULL;238.795,00;2023-02-02;Going to jeppesen. Plates related;2023-02-02;Cancellation of services;Poland - PL - Europe;0.00;0;0.00;0.00;0.00;0.00;Jet Story Sp. z o. o.;PL;3;26761,89;50437,99;140365,64;223409,65;216153,63;276961,82;20672,43;0,00;0,00;0,00;88;178;59;-3;28;-93;-100;NULL;NULL
COM12257;COM12257;FLYBE;PotCust;NULL;0,00;0,00;0,00;0;NULL;0,00;NULL;0,00;NULL;NULL;2024-02-13;Cleaning up - never live;United Kingdom of Great Britain and Northern Ireland - GB - Europe;0.00;0;0.00;0.00;0.00;0.00;flybe Limited;GB;3;NULL;NULL;NULL;NULL;NULL;NULL;NULL;NULL;NULL;NULL;NULL;NULL;NULL;NULL;NULL;NULL;NULL;NULL;NULL
COM12301;COM12301;Omni Aviação eTecnologia SA.;PotCust;NULL;0,00;0,00;0,00;0;2012-05-01;0,00;NULL;0,00;NULL;NULL;2025-05-21;Transferred to White Airways instead. (Omni and White have parted ways, May 25);Portugal - PT - Europe;0.00;0;0.00;0.00;0.00;0.00;Omni Aviação eTecnologia SA.;PT;3;18327,00;19243,35;19285,45;19278,74;19207,19;19980,43;22070,70;22697,10;24271,63;0,00;5;0;0;0;4;10;3;7;-100
COM12350;COM12350;GLOBAL AEROSPACE LOGISTICS 06(Dispatch School);NonCust;NULL;0,00;0,00;0,00;0;NULL;0,00;NULL;0,00;NULL;NULL;NULL;x;NULL;0.00;0;0.00;0.00;0.00;0.00;GLOBAL AEROSPACE LOGISTICS 05(IMOC);;3;NULL;NULL;NULL;NULL;NULL;NULL;NULL;NULL;NULL;NULL;NULL;NULL;NULL;NULL;NULL;NULL;NULL;NULL;NULL
COM12487;NULL;NULL;NULL;NULL;NULL;NULL;NULL;NULL;NULL;NULL;NULL;NULL;NULL;NULL;NULL;NULL;NULL;NULL;NULL;NULL;NULL;NULL;NULL;Avijet Ltd.;GB;3;5937,65;0,00;0,00;0,00;0,00;0,00;0,00;0,00;0,00;0,00;-100;NULL;NULL;NULL;NULL;NULL;NULL;NULL;NULL
COM12495;NULL;NULL;NULL;NULL;NULL;NULL;NULL;NULL;NULL;NULL;NULL;NULL;NULL;NULL;NULL;NULL;NULL;NULL;NULL;NULL;NULL;NULL;NULL;Leading Brothers Company;SA;3;16092,00;0,00;0,00;0,00;0,00;0,00;0,00;0,00;0,00;0,00;-100;NULL;NULL;NULL;NULL;NULL;NULL;NULL;NULL
COM12515;COM12515;FALCON AVIATION SERVICES;Customer;NULL;10,00;0,00;0,00;0;2017-03-01;8,00;NULL;0,00;NULL;NULL;NULL;NULL;United Arab Emirates - AE - Asia;0.00;7;184,447.00;120,168.00;91,957.00;156,236.00;FALCON AVIATION SERVICES;AE;0;186466,68;194399,37;179290,17;156192,07;149576,92;184908,19;213585,20;212271,63;173270,23;125166,04;4;-8;-13;-4;24;16;-1;-18;-28
COM12527;COM12527;LITHUANIAN AIR FORCE AIRBASE;PotCust;NULL;0,00;0,00;0,00;0;2016-01-01;0,00;NULL;0,00;NULL;NULL;2023-01-02;Blocked on Dec. 31st, 2021 - updated correctly now;Lithuania - LT - Europe;0.00;0;0.00;0.00;0.00;0.00;LITHUANIAN AIR FORCE AIRBASE;LT;3;31889,73;127783,58;66635,65;66034,67;88605,81;0,00;0,00;0,00;0,00;0,00;301;-48;-1;34;-100;NULL;NULL;NULL;NULL
COM12535;COM12535;Executive Jets Asia Sdn Bhd;PotCust;NULL;0,00;0,00;0,00;0;NULL;0,00;NULL;0,00;NULL;NULL;2021-04-08;MB: Termination mail received 17-11-2020, no usage and OPS activities. Now on stdby and not terminated until further notice;Malaysia - MY - Asia;0.00;0;0.00;0.00;0.00;0.00;Executive Jets Asia Sdn Bhd;MY;3;134658,38;60918,13;57862,68;50908,84;4910,48;0,00;0,00;0,00;0,00;0,00;-55;-5;-12;-90;-100;NULL;NULL;NULL;NULL
COM12568;COM12568;AIR ICELAND CONNECT;Customer;2;6,00;6,00;6,00;0;2013-12-01;8,00;NULL;0,00;NULL;NULL;NULL;NULL;Iceland - IS - Europe;0.00;6;257,377.00;155,159.00;142,986.00;245,204.00;Icelandair ehf.;IS;0;131859,04;163644,53;139307,77;129261,73;88638,82;92414,18;178913,39;236064,66;245203,66;155159,18;24;-15;-7;-31;4;94;32;4;-37
COM12607;COM12607;ALTENRHEIN LUFTFAHRT GmbH;Customer;3;1,00;0,00;0,00;0;2013-12-01;8,00;NULL;0,00;NULL;NULL;NULL;NULL;Austria - AT - Europe;0.00;1;47,391.00;28,563.00;27,247.00;46,075.00;ALTENRHEIN LUFTFAHRT GmbH;AT;0;50622,75;55054,10;50258,14;34349,25;32904,12;35974,85;39886,24;42817,83;46075,41;33020,36;9;-9;-32;-4;9;11;7;8;-28
COM12619;COM12619;ICELANDAIR;PotCust;NULL;0,00;0,00;0,00;0;2014-02-01;0,00;NULL;0,00;NULL;NULL;2021-08-24;Closed all Icelandair related accounts, have checked with management and AN, no reason to keep them open anymore;Iceland - IS - Europe;0.00;0;0.00;0.00;0.00;0.00;ICELANDAIR;IS;3;806612,39;975814,13;891430,53;272382,26;0,00;0,00;0,00;0,00;0,00;0,00;21;-9;-69;-100;NULL;NULL;NULL;NULL;NULL
COM12655;NULL;NULL;NULL;NULL;NULL;NULL;NULL;NULL;NULL;NULL;NULL;NULL;NULL;NULL;NULL;NULL;NULL;NULL;NULL;NULL;NULL;NULL;NULL;Avjet Routing Flight;AE;3;33972,00;0,00;0,00;0,00;0,00;0,00;0,00;0,00;0,00;0,00;-100;NULL;NULL;NULL;NULL;NULL;NULL;NULL;NULL
COM12672;COM12672;Isavia ANS ehf.;Customer;3;1,00;0,00;0,00;0;2014-11-01;8,00;NULL;0,00;NULL;NULL;NULL;NULL;Iceland - IS - Europe;0.00;1;29,649.00;17,851.00;16,504.00;28,302.00;Isavia ANS ehf.;IS;0;21456,00;23255,35;21500,81;22628,17;22578,02;23210,98;24410,60;26375,99;28301,69;17850,96;8;-8;5;0;3;5;8;7;-37
COM12682;COM12682;Tatra JET s.r.o.;PotCust;NULL;0,00;0,00;0,00;0;2021-01-14;8,00;2025-06-30;71.584,00;2025-05-31;New ownership and new management, decision mad by the owners.;2025-07-01;New ownership and new management, decision mad by the owners.;Slovakia - SK - Europe;0.00;4;0.00;0.00;37,531.00;37,531.00;Tatra JET s.r.o.;SK;3;56695,99;46641,54;44799,19;72980,84;51638,94;47917,02;61786,53;68117,13;37530,72;0,00;-18;-4;63;-29;-7;29;10;-45;-100
COM12727;COM12727;FR Aviation Limited trading as (Cobham/DRAKEN EUROPE));Customer;3;10,00;0,00;0,00;0;2015-12-01;8,00;NULL;0,00;NULL;NULL;NULL;NULL;United Kingdom of Great Britain and Northern Ireland - GB - Europe;14,886.00;10;173,015.00;104,168.00;96,306.00;165,153.00;FR Aviation Limited trading as;GB;0;87493,55;134991,12;130776,13;149011,26;139408,67;134712,96;142618,68;154055,76;165152,88;104168,25;54;-3;14;-6;-3;6;8;7;-37
COM12749;NULL;NULL;NULL;NULL;NULL;NULL;NULL;NULL;NULL;NULL;NULL;NULL;NULL;NULL;NULL;NULL;NULL;NULL;NULL;NULL;NULL;NULL;NULL;Encompass Aviation, LLC;US;3;300586,19;186573,00;0,00;0,00;0,00;0,00;0,00;0,00;0,00;0,00;-38;-100;NULL;NULL;NULL;NULL;NULL;NULL;NULL
COM12836;COM12836;Nova Airways;NonCust;NULL;0,00;0,00;0,00;0;2015-05-01;0,00;NULL;23.054,00;2023-05-16;Missing payment;2023-05-16;Missing payment and communication/war in the country, bank closed, at least a year;United Arab Emirates - AE - Asia;0.00;0;0.00;0.00;0.00;0.00;Nova Airways;AE;3;72309,70;55066,62;39497,04;33672,20;33597,54;30686,05;14609,64;0,00;0,00;0,00;-24;-28;-15;0;-9;-52;-100;NULL;NULL
COM12854;NULL;NULL;NULL;NULL;NULL;NULL;NULL;NULL;NULL;NULL;NULL;NULL;NULL;NULL;NULL;NULL;NULL;NULL;NULL;NULL;NULL;NULL;NULL;AN-AVIATION SERVICES COMPANY;EG;3;8493,00;0,00;0,00;0,00;0,00;0,00;0,00;0,00;0,00;0,00;-100;NULL;NULL;NULL;NULL;NULL;NULL;NULL;NULL
COM12878;COM12878;SWIFTAIR S.A;Customer;1;51,00;53,00;0,00;0;2016-01-01;8,00;NULL;0,00;NULL;NULL;NULL;NULL;Spain - ES - Europe;0.00;47;2,024,721.00;1,223,579.00;1,076,158.00;1,877,301.00;SWIFTAIR S.A;ES;0;714292,59;813795,47;755942,21;1018780,23;1283512,81;1514705,37;1751874,76;1850724,29;2029516,75;1233269,73;14;-7;35;26;18;16;6;10;-39
COM12885;COM12885;AviaTraining Centre CJSC;NonCust;NULL;0,00;0,00;0,00;0;2015-08-01;0,00;NULL;38.902,00;2023-11-28;Moved to Fly One Armenia (COM14322) instead No need for this any longer;2023-11-28;Moved to Fly One Armenia (COM14322) instead No need for this any longer;Armenia - AM - Asia;0.00;1;0.00;0.00;0.00;0.00;"""AviaTraining Centre"" CJSC";AM;3;32720,40;33805,56;33865,10;35703,64;35610,51;36884,41;38902,05;0,00;0,00;0,00;3;0;5;0;4;5;-100;NULL;NULL
COM12920;COM12920;AIRCORSICA;Customer;1;14,00;14,00;0,00;0;2016-07-01;8,00;NULL;0,00;NULL;NULL;NULL;NULL;France - FR - Europe;64,344.00;13;689,560.00;431,254.00;357,765.00;616,071.00;AIR CORSICA;FR;0;258008,40;309001,74;320644,36;346284,89;339987,86;360502,23;455443,80;636746,00;614368,94;494604,84;20;4;8;-2;6;26;40;-4;-19
COM12945;NULL;NULL;NULL;NULL;NULL;NULL;NULL;NULL;NULL;NULL;NULL;NULL;NULL;NULL;NULL;NULL;NULL;NULL;NULL;NULL;NULL;NULL;NULL;TransLease s.a;BE;3;19817,00;0,00;0,00;0,00;0,00;0,00;0,00;0,00;0,00;0,00;-100;NULL;NULL;NULL;NULL;NULL;NULL;NULL;NULL
COM12969;COM12969;Ministerstvo vnútra SR Slovak Government;Customer;3;4,00;0,00;0,00;0;2016-10-01;8,00;NULL;0,00;NULL;NULL;NULL;NULL;Slovakia - SK - Europe;0.00;5;140,605.00;140,605.00;145,893.00;145,893.00;Ministerstvo vnútra Slovenskej republiky;SK;0;106491,79;103547,66;96162,36;101430,29;109231,28;111144,88;111859,54;112703,50;145893,33;305129,31;-3;-7;5;8;2;1;1;29;109
COM13035;NULL;NULL;NULL;NULL;NULL;NULL;NULL;NULL;NULL;NULL;NULL;NULL;NULL;NULL;NULL;NULL;NULL;NULL;NULL;NULL;NULL;NULL;NULL;D-CEMS Flug GmbH;DE;3;22601,44;9280,84;0,00;0,00;0,00;0,00;0,00;0,00;0,00;0,00;-59;-100;NULL;NULL;NULL;NULL;NULL;NULL;NULL
COM13042;COM13042;Regional Jet OU ( X-Fly / NORDICA);NonCust;1;0,00;0,00;0,00;0;2016-07-01;0,00;2024-12-31;422.382,00;2024-12-31;Bankruptcy;2025-01-07;Bankruptcy;Estonia - EE - Europe;0.00;20;0.00;0.00;0.00;0.00;Regional Jet OU;EE;3;209365,49;384732,88;395102,99;324281,02;381606,33;427322,85;580844,96;422382,42;0,00;0,00;84;3;-18;18;12;36;-27;-100;NULL
COM13057;COM13057;SAFAIR OPERATIONS (PTY) LTD;Customer;1;38,00;0,00;0,00;0;2017-09-01;8,00;NULL;0,00;NULL;NULL;NULL;NULL;South Africa - ZA - Africa;589,405.00;35;1,661,427.00;1,014,949.00;930,459.00;1,576,936.00;SAFAIR OPERATIONS (PTY) LTD;ZA;0;0,00;178906,92;838466,03;872318,53;771284,48;1081701,83;1506245,00;1746925,74;1704957,43;1029474,78;NULL;369;4;-12;40;39;16;-2;-40
COM13076;NULL;NULL;NULL;NULL;NULL;NULL;NULL;NULL;NULL;NULL;NULL;NULL;NULL;NULL;NULL;NULL;NULL;NULL;NULL;NULL;NULL;NULL;NULL;Top Jets LTD;BG;3;23103,94;25746,46;0,00;0,00;0,00;0,00;0,00;0,00;0,00;0,00;11;-100;NULL;NULL;NULL;NULL;NULL;NULL;NULL
COM13103;NULL;NULL;NULL;NULL;NULL;NULL;NULL;NULL;NULL;NULL;NULL;NULL;NULL;NULL;NULL;NULL;NULL;NULL;NULL;NULL;NULL;NULL;NULL;UAE AIR FORCE & AIR DEFENCE;AE;3;1061066,25;3073345,52;0,00;0,00;0,00;0,00;0,00;0,00;0,00;0,00;190;-100;NULL;NULL;NULL;NULL;NULL;NULL;NULL
COM13116;COM13116;Pioneers Aviation services Ltd;PotCust;NULL;0,00;0,00;0,00;0;2017-01-01;0,00;NULL;0,00;NULL;NULL;2020-11-24;MB, account closed after standby since March 22, 2020. No feedback and activities.;Saudi Arabia - SA - Asia;0.00;0;0.00;0.00;0.00;0.00;Pioneers Aviation services Ltd;SA;3;47843,16;38496,68;35834,68;9435,79;0,00;0,00;0,00;0,00;0,00;0,00;-20;-7;-74;-100;NULL;NULL;NULL;NULL;NULL
COM13136;NULL;NULL;NULL;NULL;NULL;NULL;NULL;NULL;NULL;NULL;NULL;NULL;NULL;NULL;NULL;NULL;NULL;NULL;NULL;NULL;NULL;NULL;NULL;FLIGHT DISPATCH LTD;BG;3;19105,15;0,00;0,00;0,00;0,00;0,00;0,00;0,00;0,00;0,00;-100;NULL;NULL;NULL;NULL;NULL;NULL;NULL;NULL
COM13148;NULL;NULL;NULL;NULL;NULL;NULL;NULL;NULL;NULL;NULL;NULL;NULL;NULL;NULL;NULL;NULL;NULL;NULL;NULL;NULL;NULL;NULL;NULL;SAHAND ASIA AIRLINE;IR;3;7226,10;0,00;0,00;0,00;0,00;0,00;0,00;0,00;0,00;0,00;-100;NULL;NULL;NULL;NULL;NULL;NULL;NULL;NULL
COM13226;COM13226;Air Hollandia B.V.;NonCust;NULL;0,00;0,00;0,00;0;NULL;0,00;NULL;0,00;NULL;NULL;NULL;NULL;Netherlands - NL - Europe;0.00;0;0.00;0.00;0.00;0.00;Air Hollandia B.V.;NL;0;NULL;NULL;NULL;NULL;NULL;NULL;NULL;NULL;NULL;NULL;NULL;NULL;NULL;NULL;NULL;NULL;NULL;NULL;NULL
COM13240;COM13240;ATA AIRLINES;NonCust;NULL;0,00;0,00;0,00;0;NULL;0,00;NULL;0,00;NULL;NULL;NULL;Closed due to US sanctions;Iran (Islamic Republic of) - IR - Asia;0.00;0;0.00;0.00;0.00;0.00;ATA AIRLINES;IR;3;NULL;NULL;NULL;NULL;NULL;NULL;NULL;NULL;NULL;NULL;NULL;NULL;NULL;NULL;NULL;NULL;NULL;NULL;NULL
COM13248;COM13248;PRECISION AIR SERVICES;Customer;2;6,00;6,00;0,00;0;2022-07-01;8,00;NULL;0,00;NULL;NULL;NULL;NULL;Tanzania, United Republic of - TZ - Africa;57,720.00;5;249,731.00;160,304.00;133,929.00;223,356.00;PRECISION AIR SERVICES;TZ;0;0,00;0,00;114567,58;0,00;0,00;104444,28;189598,96;202388,50;223355,56;160303,93;NULL;NULL;-100;NULL;NULL;82;7;10;-28
COM13249;COM13249;FLYBOSNIA d.o.o.;PotCust;NULL;0,00;0,00;0,00;0;2018-12-01;0,00;NULL;0,00;NULL;NULL;NULL;NULL;Bosnia and Herzegovina - BA - Europe;0.00;0;0.00;0.00;0.00;0.00;FLYBOSNIA d.o.o.;BA;0;0,00;2344,73;39840,07;23558,11;3495,81;0,00;0,00;0,00;0,00;0,00;NULL;1599;-41;-85;-100;NULL;NULL;NULL;NULL
COM13256;COM13256;VALAIR;Customer;3;3,00;0,00;0,00;0;2018-04-01;8,00;NULL;0,00;NULL;NULL;NULL;NULL;Portugal - PT - Europe;6,826.00;6;88,076.00;45,430.00;58,832.00;101,478.00;VALAIR;PT;0;0,00;47162,27;61060,78;51614,71;62468,71;72816,45;77018,72;89362,62;101477,62;45430,50;NULL;29;-15;21;17;6;16;14;-55
COM13264;NULL;NULL;NULL;NULL;NULL;NULL;NULL;NULL;NULL;NULL;NULL;NULL;NULL;NULL;NULL;NULL;NULL;NULL;NULL;NULL;NULL;NULL;NULL;BUZZ AERO SRL;RO;3;0,00;56856,96;12691,04;0,00;0,00;0,00;0,00;0,00;0,00;0,00;NULL;-78;-100;NULL;NULL;NULL;NULL;NULL;NULL
COM13272;COM13272;AVIOSTART;Customer;3;1,00;0,00;0,00;0;2020-12-16;8,00;NULL;0,00;NULL;NULL;NULL;NULL;Bulgaria - BG - Europe;0.00;3;24,676.00;14,857.00;13,736.00;23,555.00;AVIOSTART;BG;0;0,00;0,00;0,00;0,00;24950,31;27228,26;30279,40;30414,38;23554,88;16980,05;NULL;NULL;NULL;NULL;9;11;0;-23;-28
COM13294;COM13294;CHRONO JET INC.;Customer;2;2,00;0,00;0,00;0;2020-03-01;8,00;NULL;0,00;NULL;NULL;NULL;NULL;Canada - CA - Americas;0.00;2;151,336.00;90,861.00;154,090.00;214,565.00;CHRONO JET INC.;CA;0;0,00;0,00;0,00;160112,81;175656,37;238038,11;249836,04;285976,38;214565,29;90860,72;NULL;NULL;NULL;10;36;5;14;-25;-58
COM13327;COM13327;ATA CONCEPT GmbH;NonCust;NULL;0,00;0,00;0,00;0;2018-08-01;0,00;NULL;33.406,00;2023-02-28;No Activity;2023-05-10;Operations ceased;Switzerland - CH - Europe;0.00;0;0.00;0.00;0.00;0.00;ATA CONCEPT GmbH;CH;3;0,00;22946,65;68881,94;52609,69;32349,93;35160,14;11728,00;0,00;0,00;0,00;NULL;200;-24;-39;9;-67;-100;NULL;NULL
COM13332;COM13332;Alexandria Airlines;Customer via;NULL;2,00;2,00;2,00;0;NULL;0,00;NULL;0,00;NULL;NULL;NULL;Covid-19 closure. No activity, no payment;Egypt - EG - Africa;0.00;2;0.00;0.00;0.00;0.00;Alexandria Airlines;EG;3;0,00;3546,97;28363,01;26305,27;0,00;0,00;0,00;0,00;0,00;0,00;NULL;700;-7;-100;NULL;NULL;NULL;NULL;NULL
COM13354;COM13354;TEXEL AIR;Customer;NULL;11,00;11,00;11,00;0;2019-08-01;8,00;NULL;0,00;NULL;NULL;NULL;NULL;Bahrain - BH - Asia;75,409.00;11;882,083.00;531,782.00;475,615.00;825,916.00;TEXEL AIR;BH;0;0,00;0,00;37730,10;120206,96;133267,37;184030,70;359335,75;792704,39;825916,19;531781,87;NULL;NULL;219;11;38;95;121;4;-36
COM13373;COM13373;Libyan Government;PotCust;NULL;0,00;0,00;0,00;0;2019-10-01;0,00;NULL;0,00;NULL;NULL;2021-12-20;Closed due to missing payment and communication;Libya - LY - Africa;0.00;0;0.00;0.00;0.00;0.00;Libyan Government;LY;3;0,00;165293,15;90905,99;0,00;95835,17;0,00;0,00;0,00;0,00;0,00;NULL;-45;-100;NULL;-100;NULL;NULL;NULL;NULL
COM13395;COM13395;JSC NordStar Airlines;Quarantine;NULL;0,00;0,00;0,00;0;2019-10-01;0,00;NULL;0,00;NULL;NULL;2022-03-09;Discontinue of service - Russia;Russian Federation - RU - Europe;0.00;0;0.00;0.00;0.00;0.00;JSC NordStar Airlines;RU;3;0,00;0,00;0,00;509108,38;377490,84;75215,03;0,00;0,00;0,00;0,00;NULL;NULL;NULL;-26;-80;-100;NULL;NULL;NULL
COM13403;COM13403;ASTRA AIRLINES;PotCust;NULL;0,00;0,00;0,00;0;2019-07-01;0,00;NULL;0,00;NULL;NULL;2020-12-14;Account been on hold since Oct2019, no activities or communication. CH-Aviation have status as restarting for long time;Greece - GR - Europe;0.00;0;0.00;0.00;0.00;0.00;ASTRA AIRLINES;GR;3;0,00;0,00;35932,90;0,00;0,00;0,00;0,00;0,00;0,00;0,00;NULL;NULL;-100;NULL;NULL;NULL;NULL;NULL;NULL
COM13411;COM13411;AVEM AERO OÜ;Customer;3;0,00;0,00;0,00;0;2019-09-01;8,00;NULL;0,00;NULL;NULL;NULL;NULL;Estonia - EE - Europe;0.00;1;0.00;0.00;0.00;0.00;AVEM AERO OÜ;EE;0;0,00;0,00;7796,96;19483,71;123636,82;175688,04;0,00;0,00;0,00;0,00;NULL;NULL;150;535;42;-100;NULL;NULL;NULL
COM13417;COM13417;HOP!;Customer;1;36,00;41,00;0,00;0;2021-05-04;3,00;NULL;0,00;NULL;NULL;NULL;NULL;France - FR - Europe;50,736.00;39;958,278.00;463,120.00;653,412.00;1,148,569.00;HOP!;FR;0;0,00;0,00;0,00;0,00;0,00;804268,34;954489,32;1046382,86;1148569,33;463119,92;NULL;NULL;NULL;NULL;NULL;19;10;10;-60
COM13437;NULL;NULL;NULL;NULL;NULL;NULL;NULL;NULL;NULL;NULL;NULL;NULL;NULL;NULL;NULL;NULL;NULL;NULL;NULL;NULL;NULL;NULL;NULL;flYellow GmbH;DE;3;0,00;0,00;16189,68;8623,80;0,00;0,00;0,00;0,00;0,00;0,00;NULL;NULL;-47;-100;NULL;NULL;NULL;NULL;NULL
COM13460;COM13460;AOPA DMU;NonCust;NULL;0,00;0,00;0,00;0;NULL;0,00;NULL;0,00;NULL;NULL;NULL;NULL;Denmark - DK - Europe;0.00;0;0.00;0.00;0.00;0.00;AOPA DMU;DK;0;NULL;NULL;NULL;NULL;NULL;NULL;NULL;NULL;NULL;NULL;NULL;NULL;NULL;NULL;NULL;NULL;NULL;NULL;NULL
COM13471;COM13471;ARGOS VPH;PotCust;NULL;0,00;0,00;0,00;0;NULL;0,00;NULL;0,00;NULL;NULL;NULL;Old potcust, access closed;Italy - IT - Europe;0.00;0;0.00;0.00;0.00;0.00;ARGOS VPH;IT;3;NULL;NULL;NULL;NULL;NULL;NULL;NULL;NULL;NULL;NULL;NULL;NULL;NULL;NULL;NULL;NULL;NULL;NULL;NULL
COM13501;COM13501;CIAF LEASING;PotCust;NULL;0,00;0,00;0,00;0;2019-08-01;0,00;NULL;0,00;NULL;NULL;2021-12-14;Due to missing payment and communication;Egypt - EG - Africa;0.00;0;0.00;0.00;0.00;0.00;CIAF LEASING;EG;3;0,00;0,00;21840,95;108130,90;53567,42;0,00;0,00;0,00;0,00;0,00;NULL;NULL;395;-50;-100;NULL;NULL;NULL;NULL
COM13508;COM13508;SIRIUS-AERO;Quarantine;NULL;0,00;0,00;0,00;0;2019-11-01;0,00;NULL;0,00;NULL;NULL;2021-04-21;Still blocked, no activity;Russian Federation - RU - Europe;0.00;0;0.00;0.00;0.00;0.00;SIRIUS-AERO;RU;3;0,00;0,00;24973,98;34836,87;0,00;0,00;0,00;0,00;0,00;0,00;NULL;NULL;39;-100;NULL;NULL;NULL;NULL;NULL
COM13510;COM13510;WAYPOINT AVIATION;PotCust;NULL;0,00;0,00;0,00;0;2019-06-15;0,00;NULL;0,00;NULL;NULL;NULL;NULL;Brazil - BR - Americas;0.00;1;0.00;0.00;0.00;0.00;WAYPOINT AVIATION;BR;0;0,00;0,00;3410,42;0,00;0,00;0,00;0,00;0,00;0,00;0,00;NULL;NULL;-100;NULL;NULL;NULL;NULL;NULL;NULL
COM13516;COM13516;MARATHON AIRLINES;Customer;2;5,00;0,00;0,00;0;2020-08-01;8,00;NULL;0,00;NULL;NULL;NULL;NULL;Greece - GR - Europe;68,713.00;5;173,792.00;111,784.00;97,012.00;159,019.00;Marathon Airlines S.A.;GR;0;0,00;0,00;0,00;9899,81;31189,84;52832,85;152666,12;194980,11;168008,78;111784,24;NULL;NULL;NULL;215;69;189;28;-14;-33
COM13530;COM13530;DAS private jets GmbH;Customer;3;4,00;0,00;0,00;0;2022-10-01;8,00;NULL;0,00;NULL;NULL;NULL;NULL;Germany - DE - Europe;9,310.00;7;89,776.00;52,034.00;52,644.00;90,386.00;DAS private jets GmbH;DE;0;0,00;0,00;0,00;0,00;0,00;12191,24;91893,29;103932,26;90386,09;52034,29;NULL;NULL;NULL;NULL;NULL;654;13;-13;-42
COM13536;COM13536;GRYPHON AIRLINES SA;NonCust;NULL;0,00;0,00;0,00;0;NULL;0,00;NULL;0,00;NULL;NULL;NULL;NULL;South Africa - ZA - Africa;0.00;0;0.00;0.00;0.00;0.00;GRYPHON AIRLINES SA;ZA;0;NULL;NULL;NULL;NULL;NULL;NULL;NULL;NULL;NULL;NULL;NULL;NULL;NULL;NULL;NULL;NULL;NULL;NULL;NULL
COM13548;COM13548;HELLENIC CIVIL AVIATION AUTHORITY (HCAA);Customer via;NULL;0,00;0,00;0,00;0;2021-12-22;0,00;NULL;0,00;NULL;NULL;NULL;NULL;Greece - GR - Europe;0.00;1;0.00;0.00;0.00;0.00;Aerospace Management and Support PCC;GR;0;NULL;NULL;NULL;NULL;NULL;NULL;NULL;NULL;NULL;NULL;NULL;NULL;NULL;NULL;NULL;NULL;NULL;NULL;NULL
COM13564;COM13564;QUEEN AIR;PotCust;NULL;0,00;0,00;0,00;0;2019-12-01;0,00;NULL;0,00;NULL;NULL;2022-01-19;Moved account to QA Aviation s.r.o.;Czechia - CZ - Europe;0.00;0;0.00;0.00;0.00;0.00;QUEEN AIR;CZ;3;0,00;0,00;2987,88;37741,99;46130,23;0,00;0,00;0,00;0,00;0,00;NULL;NULL;1163;22;-100;NULL;NULL;NULL;NULL
COM13582;COM13582;Erofey (Lutonair);NonCust;3;1,00;0,00;0,00;0;2017-09-01;0,00;2026-07-31;47.774,00;2026-07-31;Closed by AIR SUPPORT initiative. Erofey is a Russian Company, with Russian AOC.  AC formerly VPBMH;2026-07-10;Sanctioned;Marshall Islands - MH - Oceania;0.00;1;24,819.00;0.00;22,956.00;47,774.00;Lutonair Investment Limited;MH;3;0,00;0,00;11500,70;54498,88;36937,35;38658,03;41225,54;44329,39;47774,25;0,00;NULL;NULL;374;-32;5;7;8;8;-100
COM13594;COM13594;ALLIANCE FLIGHT SUPPORT;Customer;3;0,00;0,00;0,00;0;2020-03-01;8,00;NULL;0,00;NULL;Churned JAN 2026, unchurned MAR 2026;NULL;NULL;Ireland - IE - Europe;8,538.00;0;38,352.00;17,070.00;36,820.00;58,101.00;ALLIANCE FLIGHT SUPPORT;IE;0;0,00;0,00;0,00;26411,13;37440,39;106372,41;76222,78;81252,28;58100,96;21338,48;NULL;NULL;NULL;42;184;-28;7;-28;-63
COM13606;COM13606;MAP Transportes Aéreos Ltda;PotCust;NULL;0,00;0,00;0,00;0;2020-03-01;0,00;NULL;0,00;NULL;NULL;2020-11-11;No activity, no pay.;Brazil - BR - Americas;0.00;0;0.00;0.00;0.00;0.00;MAP Transportes Aéreos Ltda;BR;3;0,00;0,00;0,00;15766,71;0,00;0,00;0,00;0,00;0,00;0,00;NULL;NULL;NULL;-100;NULL;NULL;NULL;NULL;NULL
COM13639;COM13639;BEST WINGS;NonCust;NULL;0,00;0,00;0,00;0;NULL;0,00;NULL;0,00;NULL;NULL;NULL;NULL;Croatia - HR - Europe;0.00;0;0.00;0.00;0.00;0.00;BEST WINGS;HR;0;NULL;NULL;NULL;NULL;NULL;NULL;NULL;NULL;NULL;NULL;NULL;NULL;NULL;NULL;NULL;NULL;NULL;NULL;NULL
COM13678;COM13678;PRIME AVIATION;Customer;NULL;0,00;0,00;0,00;0;2021-10-01;8,00;NULL;0,00;NULL;NULL;NULL;NULL;United Arab Emirates - AE - Asia;0.00;1;44,395.00;20,095.00;35,866.00;60,165.00;PRIME AVIATION;AE;0;0,00;0,00;0,00;0,00;11166,76;52185,05;78104,80;58868,27;60165,34;20095,42;NULL;NULL;NULL;NULL;367;50;-25;2;-67
COM13700;COM13700;United Nigeria;Customer;3;3,00;0,00;0,00;0;2021-01-14;8,00;NULL;0,00;NULL;NULL;2024-03-08;NULL;Nigeria - NG - Africa;-32,909.00;2;131,643.00;32,910.00;61,512.00;160,245.00;United Nigeria;NG;0;0,00;0,00;0,00;0,00;76887,85;93201,01;118741,47;89474,75;177839,11;32909,91;NULL;NULL;NULL;NULL;21;27;-25;99;-81
COM13708;COM13708;LUX JET AVIATION;PotCust;NULL;0,00;0,00;0,00;0;2020-10-29;0,00;NULL;0,00;NULL;NULL;NULL;Unblocked LN i relation to new sales;Morocco - MA - Africa;0.00;0;0.00;0.00;0.00;0.00;LUX JET;MA;0;0,00;0,00;0,00;0,00;17625,14;4519,80;0,00;0,00;0,00;0,00;NULL;NULL;NULL;NULL;-74;-100;NULL;NULL;NULL
COM13726;COM13726;KELSTAR AVIATION;PotCust;NULL;0,00;0,00;0,00;0;2020-12-04;0,00;NULL;0,00;NULL;NULL;2022-10-31;Never went live!;Ireland - IE - Europe;0.00;0;0.00;0.00;0.00;0.00;KELSTAR AVIATION;IE;3;NULL;NULL;NULL;NULL;NULL;NULL;NULL;NULL;NULL;NULL;NULL;NULL;NULL;NULL;NULL;NULL;NULL;NULL;NULL
COM13821;COM13821;Polar Aviation OY;NonCust;NULL;0,00;0,00;0,00;0;2021-08-01;0,00;2024-03-01;97.995,00;2024-03-01;All activities moved to new company Valo aviation. New 3 year contract signed.;2024-04-05;Konto lukket, flyttet til Valo.;Finland - FI - Europe;0.00;3;0.00;0.00;0.00;0.00;Polar Aviation OY;FI;3;0,00;0,00;0,00;0,00;23342,91;79438,09;98169,10;18134,86;0,00;0,00;NULL;NULL;NULL;NULL;240;24;-82;-100;NULL
COM13851;COM13851;AERONODO;PotCust;NULL;0,00;0,00;0,00;0;NULL;0,00;NULL;0,00;NULL;NULL;NULL;NULL;Mexico - MX - Americas;0.00;0;0.00;0.00;0.00;0.00;Aeronodo;MX;0;NULL;NULL;NULL;NULL;NULL;NULL;NULL;NULL;NULL;NULL;NULL;NULL;NULL;NULL;NULL;NULL;NULL;NULL;NULL
COM13851;COM13851;AERONODO;PotCust;NULL;0,00;0,00;0,00;0;NULL;0,00;NULL;0,00;NULL;NULL;NULL;NULL;Mexico - MX - Americas;0.00;0;0.00;0.00;0.00;0.00;Aeronodo;MX;0;NULL;NULL;NULL;NULL;NULL;NULL;NULL;NULL;NULL;NULL;NULL;NULL;NULL;NULL;NULL;NULL;NULL;NULL;NULL
COM13853;COM13853;Union Aviation;PotCust;NULL;0,00;0,00;0,00;0;NULL;0,00;NULL;0,00;NULL;NULL;NULL;NULL;Latvia - LV - Europe;0.00;0;0.00;0.00;0.00;0.00;Union Aviation;LV;0;NULL;NULL;NULL;NULL;NULL;NULL;NULL;NULL;NULL;NULL;NULL;NULL;NULL;NULL;NULL;NULL;NULL;NULL;NULL
COM13853;COM13853;Union Aviation;PotCust;NULL;0,00;0,00;0,00;0;NULL;0,00;NULL;0,00;NULL;NULL;NULL;NULL;Latvia - LV - Europe;0.00;0;0.00;0.00;0.00;0.00;Union Aviation;LV;0;NULL;NULL;NULL;NULL;NULL;NULL;NULL;NULL;NULL;NULL;NULL;NULL;NULL;NULL;NULL;NULL;NULL;NULL;NULL
COM13877;COM13877;GK AirNav Support;Quarantine;NULL;0,00;0,00;0,00;0;2021-05-26;0,00;NULL;0,00;NULL;NULL;2022-01-18;Closed due to missing payment and communicaiton;Russian Federation - RU - Europe;0.00;0;0.00;0.00;0.00;0.00;GK Air Navigation Support;RU;3;0,00;0,00;0,00;0,00;32108,00;0,00;0,00;0,00;0,00;0,00;NULL;NULL;NULL;NULL;-100;NULL;NULL;NULL;NULL
COM13882;COM13882;Cognitive Technologies and Services Srl;PotCust;NULL;0,00;0,00;0,00;0;2021-05-28;0,00;NULL;0,00;NULL;NULL;2022-08-09;Never went live.;Italy - IT - Europe;0.00;0;0.00;0.00;0.00;0.00;Cognitive Technologies and Services Srl;IT;3;NULL;NULL;NULL;NULL;NULL;NULL;NULL;NULL;NULL;NULL;NULL;NULL;NULL;NULL;NULL;NULL;NULL;NULL;NULL
COM13889;COM13889;Comair Ltd;PotCust;NULL;0,00;0,00;0,00;0;2022-04-04;0,00;NULL;0,00;NULL;NULL;2023-01-16;Company bankrupt! (never went live);South Africa - ZA - Africa;0.00;0;0.00;0.00;0.00;0.00;Comair Ltd;ZA;3;NULL;NULL;NULL;NULL;NULL;NULL;NULL;NULL;NULL;NULL;NULL;NULL;NULL;NULL;NULL;NULL;NULL;NULL;NULL
COM13893;COM13893;CPS AVIATION;PotCust;NULL;0,00;0,00;0,00;0;2022-05-10;0,00;2025-01-16;39.040,00;2025-02-28;Missing payment, no contact, account closed.;2025-01-28;Missing payment, no contact, account closed.;France - FR - Europe;0.00;1;0.00;0.00;0.00;0.00;CPS AVIATION SAS;FR;3;0,00;0,00;0,00;0,00;0,00;17761,65;56411,72;47464,63;0,00;0,00;NULL;NULL;NULL;NULL;NULL;218;-16;-100;NULL
COM13916;COM13916;HELI AIR SERVICES;Customer;3;2,00;0,00;0,00;0;2021-08-16;8,00;NULL;0,00;NULL;NULL;NULL;NULL;Bulgaria - BG - Europe;0.00;2;33,449.00;20,139.00;18,619.00;31,929.00;HELI AIR SERVICES;BG;0;0,00;0,00;0,00;0,00;5244,22;15845,96;21306,08;29865,52;31928,96;20138,82;NULL;NULL;NULL;NULL;202;34;40;7;-37
COM13923;COM13923;Luxaviation Germany (Part of Luxaviation Group);PotCust;NULL;0,00;0,00;0,00;0;2018-10-01;0,00;NULL;82.465,00;2023-09-11;Group deal - going to Flightkeys;2023-09-12;Contract terminated;Germany - DE - Europe;0.00;0;0.00;0.00;0.00;0.00;Luxaviation Germany;DE;3;0,00;0,00;0,00;0,00;31838,36;82464,61;31466,18;0,00;0,00;0,00;NULL;NULL;NULL;NULL;159;-62;-100;NULL;NULL
COM13935;COM13935;RED SEA AIRLINES;Quarantine;NULL;0,00;0,00;0,00;0;2022-01-01;8,00;2025-04-30;112.932,00;2025-04-30;FPL Binding date 08/30/2027.  Took a div. due to wrong winds prediction, no compensation. God dissatisfied.;2025-07-01;No payment, no communication.;Egypt - EG - Africa;0.00;2;0.00;0.00;48,737.00;48,737.00;RED SEA AIRLINES;EG;3;0,00;0,00;0,00;0,00;0,00;19985,91;84026,40;111575,49;48737,41;0,00;NULL;NULL;NULL;NULL;NULL;320;33;-56;-100
COM13994;COM13994;Jet Aviation;PotCust;NULL;0,00;0,00;0,00;0;2021-06-02;0,00;NULL;80.811,00;2023-09-30;Group deal - lux aviation;2023-10-04;Contract terminated;Switzerland - CH - Europe;0.00;4;0.00;0.00;0.00;0.00;Jet Aviation Business Jets AG;CH;3;0,00;0,00;0,00;0,00;18853,83;99478,10;80921,27;0,00;0,00;0,00;NULL;NULL;NULL;NULL;428;-19;-100;NULL;NULL
COM14025;COM14025;Sorens Aero;Customer;3;0,00;0,00;0,00;0;2022-05-01;8,00;NULL;0,00;NULL;NULL;NULL;NULL;Malta - MT - Europe;1,187.00;0;13,792.00;8,304.00;7,677.00;13,166.00;Sorens Aero Limited;MT;0;0,00;0,00;0,00;0,00;0,00;65718,13;54403,07;12270,19;13165,66;8304,08;NULL;NULL;NULL;NULL;NULL;-17;-77;7;-37
COM14061;COM14061;NOVAIR ARMENIA;Customer;NULL;1,00;0,00;0,00;0;2022-10-01;8,00;NULL;0,00;NULL;NULL;NULL;NULL;Armenia - AM - Asia;2,048.00;1;16,773.00;10,680.00;13,250.00;19,343.00;NovAir LLC;AM;0;0,00;0,00;0,00;0,00;0,00;3585,59;17950,32;20922,04;19343,01;11510,52;NULL;NULL;NULL;NULL;NULL;401;17;-8;-40
COM14080;COM14080;ASTRA AIRWAYS;Customer;2;3,00;0,00;0,00;0;2022-09-29;8,00;NULL;0,00;NULL;NULL;NULL;NULL;Bangladesh - BD - Asia;0.00;4;107,320.00;70,849.00;56,391.00;92,861.00;ASTRA AIRWAYS LTD.;BD;0;0,00;0,00;0,00;0,00;0,00;5778,16;71951,17;87866,50;92861,36;80673,74;NULL;NULL;NULL;NULL;NULL;1145;22;6;-13
COM14108;COM14108;BLUE SKY AVIATION CV (ASL nv);Customer;3;5,00;0,00;0,00;0;2022-12-01;8,00;NULL;0,00;NULL;NULL;NULL;NULL;Belgium - BE - Europe;0.00;5;30,938.00;13,951.00;23,763.00;40,751.00;BLUE SKY AVIATION CV;BE;0;0,00;0,00;0,00;0,00;0,00;2770,10;35095,82;37908,71;40750,85;14685,24;NULL;NULL;NULL;NULL;NULL;1167;8;7;-64
COM14123;COM14123;RAINDO United Services;Quarantine;NULL;0,00;0,00;0,00;0;NULL;0,00;NULL;0,00;NULL;NULL;NULL;NULL;Indonesia - ID - Asia;0.00;0;0.00;0.00;0.00;0.00;PT. Rusky Aero Indonesia;ID;0;NULL;NULL;NULL;NULL;NULL;NULL;NULL;NULL;NULL;NULL;NULL;NULL;NULL;NULL;NULL;NULL;NULL;NULL;NULL
COM14128;COM14128;Mongolian Airways Cargo;Customer;NULL;1,00;1,00;1,00;0;2022-11-23;8,00;NULL;0,00;NULL;NULL;NULL;NULL;Mongolia - MN - Asia;28,168.00;1;163,840.00;98,556.00;114,944.00;180,228.00;Mongolian Air Cargo LLC;MN;0;0,00;0,00;0,00;0,00;0,00;0,00;194315,24;214486,67;194765,85;98556,35;NULL;NULL;NULL;NULL;NULL;NULL;10;-9;-49
COM14221;COM14221;SKYSIDE;Customer;3;14,00;14,00;0,00;0;2023-02-13;8,00;2027-01-08;0,00;NULL;08 Jul 26: not specified;NULL;NULL;Austria - AT - Europe;39,870.00;9;410,297.00;269,912.00;160,313.00;300,699.00;Skyside GmbH;AT;0;0,00;0,00;0,00;0,00;0,00;0,00;63969,74;150619,68;334458,39;268918,50;NULL;NULL;NULL;NULL;NULL;NULL;135;122;-20
COM14233;COM14233;FSP KLEOS AERO;Customer;3;0,00;0,00;0,00;0;2023-03-22;8,00;NULL;0,00;NULL;NULL;NULL;NULL;Ireland - IE - Europe;0.00;0;57,366.00;35,018.00;30,566.00;52,914.00;KLEOS AERO LTD;IE;0;0,00;0,00;0,00;0,00;0,00;0,00;27958,26;49425,38;52913,68;35017,91;NULL;NULL;NULL;NULL;NULL;NULL;77;7;-34
COM14235;COM14235;MS SUPERSOFT AVION LLP;Customer;NULL;0,00;0,00;0,00;0;2023-03-06;8,00;NULL;0,00;NULL;NULL;NULL;NULL;India - IN - Asia;10,615.00;1;116,440.00;68,572.00;35,484.00;83,352.00;Supersoft Avion LLP;IN;0;0,00;0,00;0,00;0,00;0,00;0,00;30657,62;155195,43;114317,72;70098,31;NULL;NULL;NULL;NULL;NULL;NULL;406;-26;-39
COM14247;COM14247;Sunlight Express Airways;Customer;NULL;2,00;0,00;0,00;0;2023-12-07;8,00;NULL;0,00;NULL;NULL;NULL;NULL;Philippines - PH - Asia;22,360.00;2;98,378.00;44,724.00;63,436.00;117,090.00;Sunlight Express Airways Corp.;PH;0;0,00;0,00;0,00;0,00;0,00;0,00;0,00;76004,05;121331,99;44723,92;NULL;NULL;NULL;NULL;NULL;NULL;NULL;60;-63
COM14334;COM14334;Pacific Island Air;PotCust;NULL;0,00;0,00;0,00;0;2023-11-21;0,00;2024-10-31;12.516,00;2024-10-31;ADSB Coverage insuffient from ADSBsupport (Antenna);2024-11-05;Out of business for now;Fiji - FJ - Oceania;0.00;3;0.00;0.00;0.00;0.00;Pacific Island Air Ltd;FJ;3;0,00;0,00;0,00;0,00;0,00;0,00;0,00;11308,72;0,00;0,00;NULL;NULL;NULL;NULL;NULL;NULL;NULL;-100;NULL
COM14355;COM14355;VALO Management WLL;Customer;NULL;6,00;3,00;0,00;0;2024-03-11;8,00;NULL;0,00;NULL;NULL;NULL;NULL;Bahrain - BH - Asia;0.00;5;162,283.00;102,075.00;76,920.00;137,129.00;VALO Management WLL;BH;0;0,00;0,00;0,00;0,00;0,00;0,00;0,00;109710,29;137128,52;102074,87;NULL;NULL;NULL;NULL;NULL;NULL;NULL;25;-26
COM14371;COM14371;Fly7 Executive Aviation SA;Customer;1;27,00;27,00;0,00;0;2024-01-01;8,00;NULL;0,00;NULL;NULL;NULL;NULL;Switzerland - CH - Europe;42,862.00;24;441,365.00;271,722.00;234,385.00;404,028.00;Fly7 Executive Aviation SA;CH;0;0,00;0,00;0,00;0,00;0,00;0,00;0,00;404499,58;404027,84;271722,15;NULL;NULL;NULL;NULL;NULL;NULL;NULL;0;-33
COM14385;COM14385;UTC Flight Support;Customer;NULL;0,00;0,00;0,00;0;2024-02-14;8,00;NULL;0,00;NULL;NULL;NULL;File flight plans out of Russia!/Reopened by request from HEH;United Arab Emirates - AE - Asia;0.00;0;56,674.00;37,430.00;26,923.00;46,166.00;UTC Operations L.L.C-FZ;AE;0;0,00;0,00;0,00;0,00;0,00;0,00;0,00;36697,84;46166,07;37430,44;NULL;NULL;NULL;NULL;NULL;NULL;NULL;26;-19
COM14434;COM14434;7 Air LLC (former 7Air Cargo);Customer;3;0,00;4,00;0,00;0;2025-12-09;0,00;NULL;0,00;NULL;NULL;NULL;NULL;United States of America - US - Americas;4,689.00;2;9,270.00;9,270.00;0.00;0.00;7 Air LLC;US;0;0,00;0,00;0,00;0,00;0,00;0,00;0,00;0,00;0,00;10832,85;NULL;NULL;NULL;NULL;NULL;NULL;NULL;NULL;NULL
COM14442;COM14442;Jet Pulse Planning;PotCust;NULL;0,00;0,00;0,00;0;2024-06-28;0,00;NULL;0,00;NULL;NULL;NULL;NULL;Pakistan - PK - Asia;0.00;NULL;0.00;0.00;0.00;0.00;Jet Pulse Planning (Pvt) Ltd;PK;0;NULL;NULL;NULL;NULL;NULL;NULL;NULL;NULL;NULL;NULL;NULL;NULL;NULL;NULL;NULL;NULL;NULL;NULL;NULL
COM14448;COM14448;BBN Airlines Thailand (Thai Smartlynx);Customer;1;1,00;0,00;0,00;0;2024-11-20;8,00;NULL;0,00;NULL;NULL;NULL;NULL;Thailand - TH - Asia;8,699.00;1;97,127.00;59,385.00;9,659.00;47,401.00;BBN Airlines (Thailand) Co., Ltd;TH;0;0,00;0,00;0,00;0,00;0,00;0,00;0,00;0,00;54790,92;68196,81;NULL;NULL;NULL;NULL;NULL;NULL;NULL;NULL;24
COM11055;COM11055;BOSCH (SMS invoice);NonCust;NULL;0,00;0,00;0,00;0;2012-06-01;0,00;NULL;0,00;NULL;NULL;NULL;NULL;Germany - DE - Europe;0.00;1;0.00;0.00;0.00;0.00;Robert Bosch GmbH;DE;0;61147,74;956,88;1125,08;1437,20;160,32;334,82;0,00;1575,75;0,00;0,00;-98;18;28;-89;109;-100;NULL;-100;NULL
COM11079;COM11079;Luxembourg Air Services (DUCAIR);Customer;2;2,00;0,00;0,00;0;2000-01-01;8,00;NULL;0,00;NULL;NULL;NULL;NULL;Luxembourg - LU - Europe;0.00;7;120,196.00;75,953.00;57,958.00;102,201.00;Luxembourg Air Services S.A:;LU;0;78850,80;83733,68;87429,20;92151,67;101667,45;101657,88;68062,48;91785,06;102200,58;90201,23;6;4;5;10;0;-33;35;11;-12
COM11099;NULL;NULL;NULL;NULL;NULL;NULL;NULL;NULL;NULL;NULL;NULL;NULL;NULL;NULL;NULL;NULL;NULL;NULL;NULL;NULL;NULL;NULL;NULL;Flight Calibration Services;DE;3;32310,65;0,00;0,00;0,00;0,00;0,00;0,00;0,00;0,00;0,00;-100;NULL;NULL;NULL;NULL;NULL;NULL;NULL;NULL
COM11103;COM11103;FLYVEVÅBNET ESK 721;Customer;3;4,00;8,00;2,00;0;1994-11-01;8,00;NULL;0,00;NULL;NULL;NULL;NULL;Denmark - DK - Europe;-10,836.00;8;157,048.00;-8,658.00;27,359.00;193,065.00;FLYVEVÅBNET ESK 721;DK;0;120941,44;164246,43;115690,40;125258,25;125140,44;145541,61;232673,51;141360,77;200321,55;16955,17;36;-30;8;0;16;60;-39;42;-92
COM11140;COM11140;LUXAIR S.A.;Customer;1;21,00;23,00;0,00;0;1998-07-01;8,00;NULL;0,00;NULL;NULL;NULL;NULL;Luxembourg - LU - Europe;0.00;21;790,709.00;790,709.00;720,085.00;720,085.00;LUXAIR S.A.;LU;0;290952,30;308064,95;331451,46;401994,88;754820,92;430431,24;1333427,13;630644,98;727254,21;790708,70;6;8;21;88;-43;210;-53;15;9
COM11201;COM11201;VLM AIRLINES (TEST KONTO);NonCust;NULL;0,00;0,00;0,00;0;NULL;0,00;NULL;0,00;NULL;NULL;NULL;x;NULL;0.00;0;0.00;0.00;0.00;0.00;VLM AIRLINES (TEST KONTO);;3;NULL;NULL;NULL;NULL;NULL;NULL;NULL;NULL;NULL;NULL;NULL;NULL;NULL;NULL;NULL;NULL;NULL;NULL;NULL
COM11201;COM11201;VLM AIRLINES (TEST KONTO);NonCust;NULL;0,00;0,00;0,00;0;NULL;0,00;NULL;0,00;NULL;NULL;NULL;x;NULL;0.00;0;0.00;0.00;0.00;0.00;VLM AIRLINES (TEST KONTO);;3;NULL;NULL;NULL;NULL;NULL;NULL;NULL;NULL;NULL;NULL;NULL;NULL;NULL;NULL;NULL;NULL;NULL;NULL;NULL
COM11220;COM11220;Aurigny Air Services Ltd.;Customer;2;11,00;0,00;0,00;0;2005-03-01;8,00;NULL;0,00;NULL;NULL;NULL;NULL;Guernsey - GG - Europe;0.00;11;220,207.00;0.00;0.00;220,207.00;Aurigny Air Services Ltd.;GG;0;102929,20;129266,43;114062,32;116149,79;124211,86;133263,94;143945,31;245311,72;218504,16;0,00;26;-12;2;7;7;8;70;-11;-100
COM11236;COM11236;Bookajet Ltd. Operations Department;PotCust;NULL;0,00;0,00;0,00;0;2009-09-01;0,00;NULL;0,00;NULL;NULL;2022-11-01;Customer cancelled subscription;United Kingdom of Great Britain and Northern Ireland - GB - Europe;0.00;0;0.00;0.00;0.00;0.00;Bookajet Ltd. Operations Department;GB;3;151186,20;143812,94;87260,72;102051,63;81117,13;37561,75;0,00;0,00;0,00;0,00;-5;-39;17;-21;-54;-100;NULL;NULL;NULL
COM11297;COM11297;Blue Islands Ltd.;NonCust;3;5,00;0,00;0,00;0;2006-02-01;8,00;2025-11-24;136.972,00;2025-11-24;Bankrypcty;2025-11-24;Bankruptcy;Guernsey - GG - Europe;0.00;5;37,438.00;0.00;78,322.00;115,761.00;Blue Islands Ltd.;GG;3;129574,13;126540,82;117885,39;120982,85;94452,55;125875,44;129429,80;137741,31;115760,63;0,00;-2;-7;3;-22;33;3;6;-16;-100
COM11327;COM11327;Lancelot;Customer;2;6,00;5,00;0,00;0;2007-01-01;8,00;NULL;0,00;NULL;NULL;NULL;NULL;Spain - ES - Europe;23,477.00;7;213,883.00;139,441.00;93,730.00;168,172.00;Lancelot;ES;0;263359,74;297261,51;196606,90;162903,25;242795,14;185982,54;145227,65;156146,97;168172,20;139440,94;13;-34;-17;49;-23;-22;8;8;-17
COM11440;COM11440;EMPIRE AVIATION GROUP;Customer;NULL;22,00;0,00;0,00;0;2007-11-01;8,00;NULL;0,00;NULL;NULL;NULL;NULL;United Arab Emirates - AE - Asia;0.00;18;341,815.00;1,025.00;1,974.00;342,764.00;EMPIRE AVIATION GROUP;AE;0;190712,55;202386,70;386209,11;201268,17;201054,57;234245,20;267366,92;279019,10;1021023,77;1025,30;6;91;-48;0;17;14;4;266;-100
COM11466;COM11466;SPRINTAIR SA;Customer;2;15,00;0,00;0,00;0;2008-03-01;8,00;NULL;0,00;NULL;NULL;NULL;NULL;Poland - PL - Europe;0.00;15;316,533.00;195,565.00;170,002.00;290,970.00;SPRINTAIR SA;PL;0;199133,29;247775,01;216331,33;239645,35;267550,45;283181,64;279930,22;298879,05;290970,04;195565,48;24;-13;11;12;6;-1;7;-3;-33
COM11573;COM11573;ALKAN AIR;Customer;3;1,00;1,00;0,00;0;2008-08-01;8,00;NULL;0,00;NULL;NULL;NULL;NULL;Egypt - EG - Africa;0.00;2;29,279.00;15,209.00;14,059.00;28,129.00;ALKAN AIR;EG;0;24644,60;27110,31;25069,73;27944,07;31935,82;32943,52;45172,76;32325,53;28128,55;22812,98;10;-8;11;14;3;37;-28;-13;-19
COM11617;NULL;NULL;NULL;NULL;NULL;NULL;NULL;NULL;NULL;NULL;NULL;NULL;NULL;NULL;NULL;NULL;NULL;NULL;NULL;NULL;NULL;NULL;NULL;NAL Asset Management Ltd.;GB;3;80664,88;68475,48;5748,95;0,00;0,00;0,00;0,00;0,00;0,00;0,00;-15;-92;-100;NULL;NULL;NULL;NULL;NULL;NULL
COM11681;NULL;NULL;NULL;NULL;NULL;NULL;NULL;NULL;NULL;NULL;NULL;NULL;NULL;NULL;NULL;NULL;NULL;NULL;NULL;NULL;NULL;NULL;NULL;GESTAIR, SAU;ES;3;0,00;0,00;27761,21;0,00;0,00;0,00;0,00;0,00;0,00;0,00;NULL;NULL;-100;NULL;NULL;NULL;NULL;NULL;NULL
COM11770;COM11770;Fly Aviation Services;Customer;NULL;0,00;0,00;0,00;0;2009-12-01;100,00;NULL;0,00;NULL;NULL;NULL;NULL;United Arab Emirates - AE - Asia;0.00;0;69,298.00;36,451.00;30,495.00;63,342.00;Fly Aviation Services;AE;0;51263,45;129180,39;40254,63;40371,96;40477,00;42155,57;47378,66;61146,40;63341,69;36450,71;152;-69;0;0;4;12;29;4;-42
COM11909;COM11909;Sovereign Business Jets Limited;PotCust;NULL;0,00;0,00;0,00;0;2010-05-01;0,00;NULL;0,00;NULL;NULL;2020-11-09;Terminated agreement 06-11-2020, account to be closed on 31st December 2020;United Kingdom of Great Britain and Northern Ireland - GB - Europe;0.00;0;0.00;0.00;0.00;0.00;Sovereign Business Jets Limited;GB;3;81719,05;84616,88;69137,82;61025,43;0,00;0,00;0,00;0,00;0,00;0,00;4;-18;-12;-100;NULL;NULL;NULL;NULL;NULL
COM11934;COM11934;Speedwings Business SA (Sparfell);Customer;3;1,00;0,00;0,00;0;2014-10-01;8,00;NULL;0,00;NULL;NULL;NULL;NULL;Switzerland - CH - Europe;0.00;1;38,224.00;23,014.00;21,277.00;36,488.00;Speedwings Business SA;CH;0;132738,89;151642,29;109056,30;144850,00;130481,90;40389,70;30759,14;33230,64;36487,68;23013,55;14;-28;33;-10;-69;-24;8;10;-37
COM11989;NULL;NULL;NULL;NULL;NULL;NULL;NULL;NULL;NULL;NULL;NULL;NULL;NULL;NULL;NULL;NULL;NULL;NULL;NULL;NULL;NULL;NULL;NULL;GLOBAL THIRTEEN WORLWIDE RESOURCES LTD;LU;3;42658,70;49250,96;36867,97;14282,55;0,00;0,00;0,00;0,00;0,00;0,00;15;-25;-61;-100;NULL;NULL;NULL;NULL;NULL
COM12067;COM12067;Aviation Dispatch Service;PotCust;NULL;0,00;0,00;0,00;0;2011-09-01;0,00;NULL;0,00;NULL;NULL;2021-09-22;No payment and no communication;United Arab Emirates - AE - Asia;0.00;0;0.00;0.00;0.00;0.00;Aviation Dispatch Service;AE;3;34910,70;49474,46;36867,97;36795,26;18361,46;0,00;0,00;0,00;0,00;0,00;42;-25;0;-50;-100;NULL;NULL;NULL;NULL
COM12072;COM12072;HAHN AIR LINES GmbH;Customer;3;2,00;2,00;0,00;0;2011-03-01;8,00;NULL;0,00;NULL;NULL;NULL;NULL;Germany - DE - Europe;0.00;2;70,416.00;42,396.00;39,196.00;67,217.00;HAHN AIR LINES GmbH;DE;0;66586,24;75216,28;59274,42;44808,14;41713,66;42265,03;58545,19;63035,30;67216,51;42395,50;13;-21;-24;-7;1;39;8;7;-37
COM12118;COM12118;Nexus Flight Operations Services;PotCust;NULL;0,00;0,00;0,00;0;2014-09-01;0,00;NULL;0,00;NULL;NULL;2022-01-18;Closed due to missing payment and communication;Saudi Arabia - SA - Asia;0.00;0;0.00;0.00;0.00;0.00;Nexus Flight Operations Services;SA;3;702034,36;1024836,63;1083249,66;803990,45;682063,15;0,00;0,00;0,00;0,00;0,00;46;6;-26;-15;-100;NULL;NULL;NULL;NULL
COM12231;NULL;NULL;NULL;NULL;NULL;NULL;NULL;NULL;NULL;NULL;NULL;NULL;NULL;NULL;NULL;NULL;NULL;NULL;NULL;NULL;NULL;NULL;NULL;AIR FLEET OPERATIONS LIMITED;GB;3;0,00;0,00;0,00;8967,72;0,00;0,00;0,00;0,00;0,00;0,00;NULL;NULL;NULL;-100;NULL;NULL;NULL;NULL;NULL
COM12278;COM12278;AURORA AVIATION SA;Customer;3;0,00;0,00;0,00;0;2012-03-01;100,00;NULL;0,00;NULL;NULL;NULL;NULL;Switzerland - CH - Europe;0.00;0;50,343.00;25,920.00;23,978.00;48,401.00;AURORA AVIATION SA;CH;0;34910,70;45674,96;36867,97;36795,26;36907,47;38585,58;41494,73;44829,32;48400,85;25920,29;31;-19;0;0;5;8;8;8;-46
COM12288;COM12288;Svenskt Industriflyg AB (Bluelink Jets AB);PotCust;3;1,00;0,00;0,00;0;2011-12-09;8,00;2026-06-30;49.536,00;2026-05-31;Have chosen another vendor. Unknown reason;NULL;NULL;Sweden - SE - Europe;0.00;2;41,707.00;25,409.00;15,659.00;31,958.00;Svenskt Industriflyg AB;SE;0;27267,00;25664,25;25675,27;67962,96;107616,33;119536,34;139822,66;41420,11;31957,51;50817,30;-6;0;165;58;11;17;-70;-23;59
COM12304;COM12304;TOYO AVIATION;Customer;3;3,00;0,00;0,00;0;2014-02-01;8,00;NULL;0,00;NULL;NULL;NULL;NULL;Romania - RO - Europe;3,051.00;6;61,271.00;21,353.00;64,865.00;104,783.00;TOYO AVIATION;RO;0;60032,10;68777,57;74921,33;82702,06;71333,58;81823,25;79297,06;103860,76;104783,25;21353,36;15;9;10;-14;15;-3;31;1;-80
COM12306;COM12306;Gözen Havacilik Ve TIC.A.S. (Gözen Air Services);Customer;NULL;13,00;0,00;0,00;0;2013-03-01;8,00;NULL;0,00;NULL;NULL;NULL;NULL;Turkey - TR - Asia;0.00;15;815,884.00;480,087.00;440,982.00;776,779.00;Gözen Havacilik Ve TIC.A.S.;TR;0;706606,05;689845,18;684695,42;573569,66;626183,79;705989,97;645816,34;688139,95;917025,58;480599,84;-2;-1;-16;9;13;-9;7;33;-48
COM12338;NULL;NULL;NULL;NULL;NULL;NULL;NULL;NULL;NULL;NULL;NULL;NULL;NULL;NULL;NULL;NULL;NULL;NULL;NULL;NULL;NULL;NULL;NULL;TUPACK Verpackungen Gesellschaft m.b.H;AT;3;2346,75;2462,97;0,00;0,00;0,00;0,00;0,00;0,00;0,00;0,00;5;-100;NULL;NULL;NULL;NULL;NULL;NULL;NULL
COM12364;COM12364;EPSILON AVIATION;Customer;3;1,00;1,00;0,00;0;2015-06-01;8,00;NULL;0,00;NULL;NULL;NULL;NULL;Greece - GR - Europe;2,994.00;4;34,796.00;20,950.00;21,050.00;34,896.00;EPSILON AVIATION;GR;0;76176,25;76646,75;66215,75;68780,88;46249,26;47541,10;48478,88;48135,77;34895,98;20949,56;1;-14;4;-33;3;2;-1;-28;-40
COM12389;NULL;NULL;NULL;NULL;NULL;NULL;NULL;NULL;NULL;NULL;NULL;NULL;NULL;NULL;NULL;NULL;NULL;NULL;NULL;NULL;NULL;NULL;NULL;Zagros Airlines;IR;3;312609,45;203742,60;0,00;0,00;0,00;0,00;0,00;0,00;0,00;0,00;-35;-100;NULL;NULL;NULL;NULL;NULL;NULL;NULL
COM12422;NULL;NULL;NULL;NULL;NULL;NULL;NULL;NULL;NULL;NULL;NULL;NULL;NULL;NULL;NULL;NULL;NULL;NULL;NULL;NULL;NULL;NULL;NULL;Hawker Pacific Aircraft Management Pte Ltd;SG;3;34707,32;38609,92;14930,12;0,00;0,00;0,00;0,00;0,00;0,00;0,00;11;-61;-100;NULL;NULL;NULL;NULL;NULL;NULL
COM12449;COM12449;Hyperion Aviation Ltd;Customer;2;9,00;9,00;9,00;0;2017-09-01;8,00;NULL;0,00;NULL;NULL;NULL;NULL;Malta - MT - Europe;0.00;16;466,393.00;261,356.00;318,482.00;523,519.00;Hyperion Aviation Ltd;MT;0;48388,35;177475,99;142613,27;191085,50;313734,02;447248,37;786915,06;795960,92;570753,72;261356,45;267;-20;34;64;43;76;1;-28;-54
COM12465;COM12465;Eclair s.r.o.;Customer;3;4,00;4,00;0,00;4;2013-04-01;8,00;NULL;0,00;NULL;NULL;NULL;NULL;Czechia - CZ - Europe;15,993.00;6;160,319.00;100,059.00;60,581.00;120,841.00;Eclair s.r.o.;CZ;0;53020,91;74159,43;55966,76;59985,46;84145,20;131616,74;113137,25;86533,90;120840,95;100059,44;40;-25;7;40;56;-14;-24;40;-17
COM12473;COM12473;VOLOTEA;PotCust;NULL;0,00;0,00;0,00;0;2014-05-01;0,00;NULL;0,00;NULL;NULL;2022-11-23;NULL;Spain - ES - Europe;0.00;42;0.00;0.00;0.00;0.00;VOLOTEA;ES;0;633704,82;1001707,82;817391,62;0,00;0,00;0,00;0,00;0,00;0,00;0,00;58;-18;-100;NULL;NULL;NULL;NULL;NULL;NULL
COM12511;COM12511;AIR CHARTER EXPRESS LLC (Former REEM STYLE);Customer;NULL;8,00;5,00;3,00;0;2013-05-01;8,00;NULL;0,00;NULL;NULL;NULL;NULL;United Arab Emirates - AE - Asia;0.00;8;320,109.00;203,479.00;131,670.00;248,301.00;AIR CHARTER EXPRESS LLC;AE;0;212950,80;250207,23;272194,29;217125,16;196376,82;182889,53;105948,91;212044,21;248301,03;241818,21;17;9;-20;-10;-7;-42;100;17;-3
COM12578;COM12578;Eagle Aviation GmbH;Customer;3;1,00;0,00;0,00;0;2013-10-01;8,00;NULL;0,00;NULL;NULL;NULL;NULL;Germany - DE - Europe;0.00;1;36,386.00;21,907.00;20,253.00;34,732.00;Eagle Aviation GmbH;DE;0;37739,09;28216,15;26145,88;27569,70;27508,60;28478,09;29999,10;32411,74;34732,26;21906,76;-25;-7;5;0;4;5;8;7;-37
COM12581;COM12581;Ghadames Air;Customer;3;2,00;3,00;0,00;0;2021-08-01;8,00;NULL;0,00;NULL;NULL;NULL;NULL;Libya - LY - Africa;30,739.00;1;96,212.00;49,249.00;51,423.00;98,387.00;Ghadames Air;LY;0;9498,75;0,00;0,00;0,00;11704,89;146553,60;97627,29;79133,23;107962,53;49248,64;-100;NULL;NULL;NULL;1152;-33;-19;36;-54
COM12605;NULL;NULL;NULL;NULL;NULL;NULL;NULL;NULL;NULL;NULL;NULL;NULL;NULL;NULL;NULL;NULL;NULL;NULL;NULL;NULL;NULL;NULL;NULL;RJM Aviation;TD;3;64032,75;79202,30;172461,83;0,00;0,00;0,00;0,00;0,00;0,00;0,00;24;118;-100;NULL;NULL;NULL;NULL;NULL;NULL
COM12625;NULL;NULL;NULL;NULL;NULL;NULL;NULL;NULL;NULL;NULL;NULL;NULL;NULL;NULL;NULL;NULL;NULL;NULL;NULL;NULL;NULL;NULL;NULL;COMPAREX AG;DE;3;8761,20;127377,12;0,00;0,00;0,00;0,00;0,00;0,00;0,00;0,00;1354;-100;NULL;NULL;NULL;NULL;NULL;NULL;NULL
COM12718;NULL;NULL;NULL;NULL;NULL;NULL;NULL;NULL;NULL;NULL;NULL;NULL;NULL;NULL;NULL;NULL;NULL;NULL;NULL;NULL;NULL;NULL;NULL;SYRIAN ARAB AIRLINES;SY;3;47452,50;0,00;0,00;0,00;0,00;0,00;0,00;0,00;0,00;0,00;-100;NULL;NULL;NULL;NULL;NULL;NULL;NULL;NULL
COM12732;COM12732;Arena Aviation;PotCust;NULL;0,00;0,00;0,00;0;2017-03-01;0,00;NULL;0,00;NULL;NULL;2022-05-17;Closed permanently acc to google, therefore blocked;United Kingdom of Great Britain and Northern Ireland - GB - Europe;0.00;0;0.00;0.00;0.00;0.00;Arena Aviation;GB;3;55847,44;105688,68;52941,52;115554,43;27506,13;28481,85;0,00;0,00;0,00;0,00;89;-50;118;-76;4;-100;NULL;NULL;NULL
COM12754;COM12754;VALLJET;Pending Closure;2;25,00;35,00;0,00;0;2014-12-31;8,00;2026-11-30;495.398,00;2026-02-28;MAC user. Multiple AOC. wants more modern solution.;NULL;NULL;France - FR - Europe;107,388.00;23;570,344.00;353,693.00;233,959.00;450,610.00;VALLJET;FR;0;195771,10;96685,73;0,00;0,00;0,00;0,00;15088,40;402545,26;469629,03;353692,93;-51;-100;NULL;NULL;NULL;NULL;2568;17;-25
COM12778;COM12778;TALA Fze;PotCust;NULL;0,00;0,00;0,00;0;2014-12-01;0,00;NULL;0,00;NULL;NULL;2021-02-04;Invoice to BADR Airlines from 1/1-21;United Arab Emirates - AE - Asia;0.00;0;0.00;0.00;0.00;0.00;TALA Fze;AE;3;109535,12;162788,29;189622,24;233649,14;0,00;0,00;0,00;0,00;0,00;0,00;49;16;23;-100;NULL;NULL;NULL;NULL;NULL
COM12780;NULL;NULL;NULL;NULL;NULL;NULL;NULL;NULL;NULL;NULL;NULL;NULL;NULL;NULL;NULL;NULL;NULL;NULL;NULL;NULL;NULL;NULL;NULL;Air Leisure;EG;3;96954,30;121930,93;0,00;0,00;0,00;0,00;0,00;0,00;0,00;0,00;26;-100;NULL;NULL;NULL;NULL;NULL;NULL;NULL
COM12810;NULL;NULL;NULL;NULL;NULL;NULL;NULL;NULL;NULL;NULL;NULL;NULL;NULL;NULL;NULL;NULL;NULL;NULL;NULL;NULL;NULL;NULL;NULL;LIMITLESS AIRWAYS d.o.o;HR;3;6272,90;0,00;0,00;0,00;0,00;0,00;0,00;0,00;0,00;0,00;-100;NULL;NULL;NULL;NULL;NULL;NULL;NULL;NULL
COM12863;COM12863;Aeolian Services;PotCust;NULL;0,00;0,00;0,00;0;2013-07-01;8,00;2025-03-11;152.032,00;2025-04-30;FPL Binding date 10/31/2025. account closed 3/11/2025 due to no business.;2025-04-04;FPL Binding date 10/31/2025. account closed 3/11/2025 due to no business.;Greece - GR - Europe;0.00;0;0.00;0.00;16,779.00;16,779.00;Aeolian Services;GR;3;0,00;175296,27;0,00;0,00;0,00;20242,43;140642,79;173307,14;30161,33;0,00;NULL;-100;NULL;NULL;NULL;595;23;-83;-100
COM12870;COM12870;Saudi Royal Fleet;Customer;NULL;0,00;11,00;0,00;0;2015-09-01;6,00;NULL;0,00;NULL;NULL;NULL;NULL;Saudi Arabia - SA - Asia;0.00;0;446,386.00;280,151.00;249,511.00;415,746.00;Saudi Arabian Airlines - Royal Fleet;SA;0;174065,15;342493,02;257645,19;244042,10;194567,09;183204,20;234026,46;240032,74;415745,94;462444,20;97;-25;-5;-20;-6;28;3;73;11
COM12919;COM12919;Universal Air (AIR CM GLOBAL LTD);Customer;2;4,00;3,00;3,00;0;2016-03-01;8,00;NULL;0,00;NULL;NULL;2024-02-06;NULL;Malta - MT - Europe;11,511.00;5;173,398.00;112,366.00;104,547.00;165,579.00;Universal Air;MT;0;72525,75;59237,56;57552,46;78944,70;80913,66;125552,99;159148,31;196639,74;165578,52;133160,14;-18;-3;37;2;55;27;24;-16;-20
COM12938;COM12938;AlbaStar;PotCust;3;0,00;5,00;5,00;0;2022-09-01;8,00;2025-09-30;89.302,00;2025-09-30;Signing of complete package with other operator;2025-10-03;Signing of complete package with other operator;Spain - ES - Europe;0.00;5;14,891.00;0.00;52,096.00;66,987.00;Alba Star S.A.;ES;3;144039,05;64191,06;0,00;0,00;0,00;11076,60;29648,97;88752,50;66987,41;0,00;-55;-100;NULL;NULL;NULL;168;199;-25;-100
COM12962;NULL;NULL;NULL;NULL;NULL;NULL;NULL;NULL;NULL;NULL;NULL;NULL;NULL;NULL;NULL;NULL;NULL;NULL;NULL;NULL;NULL;NULL;NULL;Trans-Tech Services LLC;US;3;3196,80;0,00;0,00;0,00;0,00;0,00;0,00;0,00;0,00;0,00;-100;NULL;NULL;NULL;NULL;NULL;NULL;NULL;NULL
COM13054;COM13054;Plus Ultra Líneas Aéreas S.A.;PotCust;NULL;0,00;0,00;0,00;0;2016-11-01;0,00;NULL;0,00;NULL;NULL;2021-05-12;Should have been closed end February 2021;Spain - ES - Europe;0.00;8;0.00;0.00;0.00;0.00;Plus Ultra Líneas Aéreas S.A.;ES;3;57275,23;110430,54;160876,56;147550,35;20580,65;0,00;0,00;0,00;0,00;0,00;93;46;-8;-86;-100;NULL;NULL;NULL;NULL
COM13066;NULL;NULL;NULL;NULL;NULL;NULL;NULL;NULL;NULL;NULL;NULL;NULL;NULL;NULL;NULL;NULL;NULL;NULL;NULL;NULL;NULL;NULL;NULL;Lebanon Sky Aviation;LB;3;24726,55;0,00;0,00;0,00;0,00;0,00;0,00;0,00;0,00;0,00;-100;NULL;NULL;NULL;NULL;NULL;NULL;NULL;NULL
COM13121;COM13121;SAUDIA;PotCust;NULL;0,00;0,00;0,00;0;NULL;0,00;NULL;0,00;NULL;NULL;2020-11-02;Account closed correctly;Saudi Arabia - SA - Asia;0.00;0;0.00;0.00;0.00;0.00;SAUDIA;SA;3;NULL;NULL;NULL;NULL;NULL;NULL;NULL;NULL;NULL;NULL;NULL;NULL;NULL;NULL;NULL;NULL;NULL;NULL;NULL
COM13126;COM13126;Tango Limited;Customer;3;0,00;0,00;0,00;0;2017-04-01;8,00;NULL;0,00;NULL;NULL;NULL;NULL;Seychelles - SC - Africa;9,169.00;0;57,918.00;35,427.00;33,103.00;55,594.00;Tango Limited;SC;0;34648,09;44050,96;49351,84;45242,80;41956,40;44670,81;55948,83;46749,52;55593,55;35427,26;27;12;-8;-7;6;25;-16;19;-36
COM13151;NULL;NULL;NULL;NULL;NULL;NULL;NULL;NULL;NULL;NULL;NULL;NULL;NULL;NULL;NULL;NULL;NULL;NULL;NULL;NULL;NULL;NULL;NULL;NOAFLY AVIATION;LU;3;9407,86;0,00;0,00;0,00;0,00;0,00;0,00;0,00;0,00;0,00;-100;NULL;NULL;NULL;NULL;NULL;NULL;NULL;NULL
COM13185;COM13185;Gullwing Aviation Luftfahrtservice e. K.;Customer;3;4,00;0,00;0,00;0;2017-07-01;8,00;NULL;0,00;NULL;NULL;NULL;NULL;Germany - DE - Europe;0.00;4;36,801.00;36,801.00;44,395.00;44,395.00;Gullwing Aviation Luftfahrtservice e. K.;DE;0;24138,00;24138,00;24188,87;25502,26;25432,83;27763,84;38252,93;41354,27;44394,78;48038,28;0;0;5;0;9;38;8;7;8
COM13197;COM13197;Concierge U Ltd, t/a Jet Concierge Club;PotCust;NULL;0,00;0,00;0,00;0;2017-09-01;0,00;NULL;415.993,00;2023-03-01;Going to FF, Plates related, dissatisfied with RGEN and hosting performance.;2023-03-01;Contract terminated;United Kingdom of Great Britain and Northern Ireland - GB - Europe;0.00;0;0.00;0.00;0.00;0.00;Concierge U Ltd, t/a Jet Concierge Club;GB;3;17392,77;80862,15;185829,06;258327,68;365137,24;416035,98;78020,93;0,00;0,00;0,00;365;130;39;41;14;-81;-100;NULL;NULL
COM13238;COM13238;Nolinor Aviation;Customer;NULL;8,00;0,00;0,00;0;2019-02-01;8,00;NULL;0,00;NULL;NULL;NULL;NULL;Canada - CA - Americas;36,562.00;10;329,341.00;203,807.00;205,965.00;331,500.00;Nolinor Aviation;CA;0;0,00;0,00;53359,95;247974,44;233959,42;321857,82;348397,11;396219,44;360240,45;202817,08;NULL;NULL;365;-6;38;8;14;-9;-44
COM13285;COM13285;VOYAGE AIR;PotCust;NULL;0,00;0,00;0,00;0;2019-04-01;0,00;NULL;0,00;NULL;NULL;2021-11-16;Missing payment and communication;Bulgaria - BG - Europe;0.00;0;0.00;0.00;0.00;0.00;VOYAGE AIR;BG;3;0,00;0,00;28953,11;12299,28;9511,37;0,00;0,00;0,00;0,00;0,00;NULL;NULL;-58;-23;-100;NULL;NULL;NULL;NULL
COM13291;COM13291;AIR HORIZONT;Customer;2;4,00;0,00;0,00;0;2018-06-01;8,00;NULL;0,00;NULL;NULL;NULL;NULL;Malta - MT - Europe;17,235.00;6;241,761.00;129,433.00;136,594.00;248,922.00;AIR HORIZONT LTD;MT;0;0,00;15316,13;130346,65;167323,62;148896,76;142122,62;175189,63;195271,14;248922,20;158188,74;NULL;751;28;-11;-5;23;11;27;-36
COM13319;COM13319;Caspian Airlines;NonCust;NULL;0,00;0,00;0,00;0;NULL;0,00;NULL;0,00;NULL;NULL;NULL;NULL;Iran (Islamic Republic of) - IR - Asia;0.00;0;0.00;0.00;0.00;0.00;Caspian Airlines Service Company Ltd.;IR;0;NULL;NULL;NULL;NULL;NULL;NULL;NULL;NULL;NULL;NULL;NULL;NULL;NULL;NULL;NULL;NULL;NULL;NULL;NULL
COM13379;NULL;NULL;NULL;NULL;NULL;NULL;NULL;NULL;NULL;NULL;NULL;NULL;NULL;NULL;NULL;NULL;NULL;NULL;NULL;NULL;NULL;NULL;NULL;DIRECTOR OF OPERATIONS;GH;3;0,00;11510,10;12615,18;0,00;0,00;0,00;0,00;0,00;0,00;0,00;NULL;10;-100;NULL;NULL;NULL;NULL;NULL;NULL
COM13393;COM13393;NILE AIR;Customer;2;7,00;0,00;0,00;0;2021-10-08;8,00;NULL;0,00;NULL;NULL;NULL;NULL;Egypt - EG - Africa;0.00;5;281,936.00;187,663.00;121,993.00;216,266.00;NILE AIR;EG;0;0,00;0,00;0,00;0,00;0,00;132539,41;232378,06;238737,25;216265,66;187662,95;NULL;NULL;NULL;NULL;NULL;75;3;-9;-13
COM13400;COM13400;I-OPS Aviation;Customer;3;0,00;0,00;0,00;0;2019-01-01;8,00;NULL;0,00;NULL;NULL;NULL;NULL;Malta - MT - Europe;4,427.00;0;51,464.00;30,981.00;28,651.00;49,134.00;I-OPS Aviation Support Ltd;MT;0;0,00;0,00;35684,47;37654,28;37570,55;44843,83;50101,28;45862,41;49133,88;30981,31;NULL;NULL;6;0;19;12;-8;7;-37
COM13405;COM13405;KEY LIME AIR;Customer;NULL;15,00;0,00;0,00;0;2019-04-01;8,00;NULL;0,00;NULL;NULL;NULL;NULL;United States of America - US - Americas;0.00;15;378,539.00;235,855.00;210,598.00;353,282.00;KEY LIME AIR;US;0;0,00;0,00;33065,85;150505,83;177615,95;240761,21;254707,93;336429,82;353282,18;235854,78;NULL;NULL;355;18;36;6;32;5;-33
COM13418;COM13418;AlpAvia d.o.o. (previously Batagon);Quarantine;3;0,00;0,00;0,00;0;2019-05-01;8,00;2025-10-01;77.377,00;2025-09-01;Out of business, no AC left.;2025-09-05;Out of business, no AC left.;Slovenia - SI - Europe;0.00;2;5,390.00;0.00;46,265.00;51,655.00;AlpAvia d.o.o.;SI;3;0,00;5654,61;77236,73;98862,12;137057,06;102431,51;100183,44;77159,89;51654,95;0,00;NULL;1266;28;39;-25;-2;-23;-33;-100
COM13433;COM13433;Jasmin Airways;PotCust;NULL;0,00;0,00;0,00;0;NULL;0,00;NULL;0,00;NULL;NULL;NULL;Contract terminated;Tunisia - TN - Africa;0.00;0;0.00;0.00;0.00;0.00;Jasmin Airways;TN;3;0,00;0,00;19379,87;12035,67;0,00;0,00;0,00;0,00;0,00;0,00;NULL;NULL;-38;-100;NULL;NULL;NULL;NULL;NULL
COM13461;COM13461;Star Air Cargo (Pty) Ltd;PotCust;2;0,00;0,00;0,00;0;2020-02-01;8,00;2025-03-31;296.839,00;2025-02-28;Out of business;2025-04-02;Out of business;South Africa - ZA - Africa;0.00;6;0.00;0.00;52,610.00;52,610.00;Star Air Cargo (Pty) Ltd;ZA;3;0,00;0,00;0,00;266924,85;292159,75;271708,95;275712,46;326105,62;52610,04;0,00;NULL;NULL;NULL;9;-7;1;18;-84;-100
COM13466;COM13466;JORDAN AVIATION;Customer;1;6,00;0,00;0,00;0;2014-03-01;8,00;NULL;0,00;NULL;NULL;NULL;NULL;Jordan - JO - Asia;236,924.00;7;934,554.00;560,613.00;584,896.00;958,836.00;JORDAN AVIATION;JO;0;0,00;0,00;0,00;0,00;0,00;181012,85;882422,15;1056710,78;958836,11;561181,69;NULL;NULL;NULL;NULL;NULL;387;20;-9;-41
COM13520;COM13520;Spherus Aviation;NonCust;NULL;0,00;0,00;0,00;0;NULL;0,00;NULL;0,00;NULL;NULL;NULL;NULL;Germany - DE - Europe;0.00;0;0.00;0.00;0.00;0.00;Spherus Aviation;DE;0;NULL;NULL;NULL;NULL;NULL;NULL;NULL;NULL;NULL;NULL;NULL;NULL;NULL;NULL;NULL;NULL;NULL;NULL;NULL
COM13526;COM13526;JP Iaeono;NonCust;NULL;0,00;0,00;0,00;0;NULL;0,00;NULL;0,00;NULL;NULL;NULL;NULL;Switzerland - CH - Europe;0.00;0;0.00;0.00;0.00;0.00;JP Iaeono;CH;0;NULL;NULL;NULL;NULL;NULL;NULL;NULL;NULL;NULL;NULL;NULL;NULL;NULL;NULL;NULL;NULL;NULL;NULL;NULL
COM13538;COM13538;Constanta Airlines;PotCust;NULL;0,00;0,00;0,00;0;NULL;0,00;NULL;0,00;NULL;NULL;2020-10-28;Test period over;Ukraine - UA - Europe;0.00;0;0.00;0.00;0.00;0.00;PrJSC  “Aircompany Constanta”;UA;3;NULL;NULL;NULL;NULL;NULL;NULL;NULL;NULL;NULL;NULL;NULL;NULL;NULL;NULL;NULL;NULL;NULL;NULL;NULL
COM13550;COM13550;Flightserve;NonCust;NULL;0,00;0,00;0,00;0;NULL;0,00;NULL;0,00;NULL;NULL;NULL;NULL;United Kingdom of Great Britain and Northern Ireland - GB - Europe;0.00;0;0.00;0.00;0.00;0.00;Flightserve;GB;0;NULL;NULL;NULL;NULL;NULL;NULL;NULL;NULL;NULL;NULL;NULL;NULL;NULL;NULL;NULL;NULL;NULL;NULL;NULL
COM13572;COM13572;ALHAYA AVIATION;Customer;NULL;2,00;0,00;0,00;0;2020-01-01;8,00;NULL;0,00;NULL;NULL;NULL;NULL;Iraq - IQ - Asia;-3,403.00;2;58,843.00;36,859.00;24,509.00;46,494.00;ALHAYA AVIATION;IQ;0;0,00;0,00;0,00;33350,28;32257,25;37799,85;6387,88;41979,51;46493,81;43523,42;NULL;NULL;NULL;-3;17;-83;557;11;-6
COM13604;COM13604;ONTOP AIR CHARTER AG;NonCust;NULL;0,00;0,00;0,00;0;NULL;0,00;NULL;0,00;NULL;NULL;NULL;NULL;Switzerland - CH - Europe;0.00;0;0.00;0.00;0.00;0.00;ONTOP AIR CHARTER AG;CH;0;NULL;NULL;NULL;NULL;NULL;NULL;NULL;NULL;NULL;NULL;NULL;NULL;NULL;NULL;NULL;NULL;NULL;NULL;NULL
COM13610;COM13610;GOVERNMENT AVIO SERVICE;Customer;3;3,00;3,00;0,00;0;2020-08-01;0,00;NULL;0,00;NULL;NULL;NULL;NULL;Serbia - RS - Europe;0.00;1;95,993.00;95,993.00;67,604.00;67,604.00;GOVERNMENT AVIO SERVICE;RS;0;0,00;0,00;0,00;66809,51;66482,31;139055,93;139298,97;150274,91;67603,91;298051,41;NULL;NULL;NULL;0;109;0;8;-55;341
COM13644;COM13644;DE MAN AVIATION;NonCust;NULL;0,00;0,00;0,00;0;NULL;0,00;NULL;0,00;NULL;NULL;NULL;NULL;Netherlands - NL - Europe;0.00;0;0.00;0.00;0.00;0.00;DE MAN AVIATION;NL;0;NULL;NULL;NULL;NULL;NULL;NULL;NULL;NULL;NULL;NULL;NULL;NULL;NULL;NULL;NULL;NULL;NULL;NULL;NULL
COM13652;COM13652;Gregory Pyziak;NonCust;NULL;0,00;0,00;0,00;0;NULL;0,00;NULL;0,00;NULL;NULL;NULL;Special deal with KAR - closed.;NULL;0.00;0;0.00;0.00;0.00;0.00;Gregory Pyziak;;3;NULL;NULL;NULL;NULL;NULL;NULL;NULL;NULL;NULL;NULL;NULL;NULL;NULL;NULL;NULL;NULL;NULL;NULL;NULL
COM13676;COM13676;SerAir Transworld Press;PotCust;NULL;0,00;0,00;0,00;0;2021-01-01;0,00;NULL;0,00;NULL;NULL;2023-03-23;Global Aviation S.A.R.L to be used instead!;Spain - ES - Europe;0.00;0;0.00;0.00;0.00;0.00;SerAir Transworld Press;ES;3;0,00;0,00;0,00;0,00;80138,18;90828,71;20181,92;0,00;0,00;0,00;NULL;NULL;NULL;NULL;13;-78;-100;NULL;NULL
COM13691;COM13691;GOVERNMENT OF THE REP. OF CROATIA;Customer;3;1,00;0,00;0,00;0;2020-12-01;8,00;NULL;0,00;NULL;NULL;NULL;NULL;Croatia - HR - Europe;0.00;1;48,017.00;28,863.00;26,792.00;45,945.00;GOVERNMENT OF THE REP. OF CROATIA;HR;0;0,00;0,00;0,00;2559,12;30698,97;31468,73;41709,02;43429,85;45945,46;28863,44;NULL;NULL;NULL;1100;3;33;4;6;-37
COM13698;COM13698;Hai Au Aviation;Customer;3;5,00;0,00;0,00;0;2020-11-11;8,00;NULL;0,00;NULL;NULL;NULL;NULL;Viet Nam - VN - Asia;0.00;5;135,585.00;84,052.00;61,174.00;112,707.00;Hai Au Aviation;VN;0;0,00;0,00;0,00;0,00;30459,58;61812,73;80837,82;87556,20;112707,23;84051,66;NULL;NULL;NULL;NULL;103;31;8;29;-25
COM13703;COM13703;SEVENAIR;Customer;3;4,00;0,00;0,00;0;2020-11-06;8,00;NULL;0,00;NULL;NULL;2024-02-07;NULL;Portugal - PT - Europe;6,135.00;3;61,006.00;38,156.00;30,858.00;53,708.00;SEVENAIR;PT;0;0,00;0,00;0,00;0,00;28163,27;45618,50;43279,58;40375,91;53707,78;38156,06;NULL;NULL;NULL;NULL;62;-5;-7;33;-29
COM13721;COM13721;Proflight Commuter Services Ltd;Customer;2;10,00;0,00;0,00;0;2021-06-01;8,00;NULL;0,00;NULL;NULL;NULL;NULL;Zambia - ZM - Africa;0.00;10;273,398.00;164,209.00;136,366.00;245,555.00;Proflight Commuter Services LTD;ZM;0;0,00;0,00;0,00;0,00;44145,35;91950,24;134940,55;218706,03;243852,92;164209,14;NULL;NULL;NULL;NULL;108;47;62;11;-33
COM13730;COM13730;Renegade Air Ltd;Customer;2;10,00;0,00;0,00;0;2021-02-01;8,00;NULL;0,00;NULL;NULL;2023-09-19;NULL;Kenya - KE - Africa;21,331.00;8;245,746.00;151,493.00;127,100.00;221,353.00;Renegade Air Ltd;KE;0;0,00;0,00;0,00;0,00;50198,60;71428,10;93528,95;158702,56;221352,54;151493,30;NULL;NULL;NULL;NULL;42;31;70;39;-32
COM13738;COM13738;SKOL Airline LLC;Quarantine;NULL;0,00;0,00;0,00;0;2021-03-03;0,00;NULL;0,00;NULL;NULL;NULL;NULL;Russian Federation - RU - Europe;0.00;0;0.00;0.00;0.00;0.00;SKOL Airline LLC;RU;0;NULL;NULL;NULL;NULL;NULL;NULL;NULL;NULL;NULL;NULL;NULL;NULL;NULL;NULL;NULL;NULL;NULL;NULL;NULL
COM13812;COM13812;European Cargo Ltd;Quarantine;2;6,00;6,00;0,00;0;2021-07-01;8,00;NULL;0,00;NULL;NULL;2022-11-21;Entered Administration 03/06/26 - SML;United Kingdom of Great Britain and Northern Ireland - GB - Europe;45,099.00;6;430,271.00;223,608.00;222,119.00;428,782.00;European Cargo Limited;GB;0;0,00;0,00;0,00;0,00;96747,12;230273,05;211010,63;286211,63;433440,77;228364,61;NULL;NULL;NULL;NULL;138;-8;36;51;-47
COM13839;COM13839;Priority Flight Support;Customer;NULL;0,00;0,00;0,00;0;2021-06-01;8,00;NULL;0,00;NULL;NULL;NULL;NULL;United Arab Emirates - AE - Asia;-4,857.00;0;55,514.00;33,465.00;32,545.00;54,595.00;Priority Flight Support FZE;AE;0;0,00;0,00;0,00;0,00;24591,65;47930,89;49247,64;53340,33;54594,91;33464,56;NULL;NULL;NULL;NULL;95;3;8;2;-39
COM13855;COM13855;KAP.KG Aircompany;PotCust;NULL;0,00;0,00;0,00;0;2021-11-01;0,00;NULL;0,00;NULL;NULL;2022-06-20;No contact. Never live;Kyrgyzstan - KG - Asia;0.00;0;0.00;0.00;0.00;0.00;KAP.KG Aircompany LLC;KG;3;NULL;NULL;NULL;NULL;NULL;NULL;NULL;NULL;NULL;NULL;NULL;NULL;NULL;NULL;NULL;NULL;NULL;NULL;NULL
COM13855;COM13855;KAP.KG Aircompany;PotCust;NULL;0,00;0,00;0,00;0;2021-11-01;0,00;NULL;0,00;NULL;NULL;2022-06-20;No contact. Never live;Kyrgyzstan - KG - Asia;0.00;0;0.00;0.00;0.00;0.00;KAP.KG Aircompany LLC;KG;3;NULL;NULL;NULL;NULL;NULL;NULL;NULL;NULL;NULL;NULL;NULL;NULL;NULL;NULL;NULL;NULL;NULL;NULL;NULL
COM13904;COM13904;Bjarne Test 3;NonCust;NULL;0,00;0,00;0,00;0;2024-03-14;0,00;NULL;0,00;NULL;NULL;NULL;NULL;Denmark - DK - Europe;0.00;0;0.00;0.00;0.00;0.00;Bjarne Test 3;DK;0;NULL;NULL;NULL;NULL;NULL;NULL;NULL;NULL;NULL;NULL;NULL;NULL;NULL;NULL;NULL;NULL;NULL;NULL;NULL
COM13926;COM13926;BU SHAMES FZE;Quarantine;NULL;5,00;0,00;0,00;0;2020-02-01;8,00;2026-06-09;0,00;2026-06-30;BU Shames and Paragon aviation service merged with Klyova, and all flight are dispatched via Klyova per June 2026. BU Shames and Paragon Aviation services are subsequently closed and churned. ARR awill remain with AIR SUPPORT and therefore are the churn value set to 0.;2026-06-09;Lack of payment;United Arab Emirates - AE - Asia;0.00;4;151,598.00;79,638.00;81,359.00;153,318.00;BU SHAMES FZE;AE;3;0,00;0,00;0,00;0,00;58676,72;132838,22;137691,51;110273,51;153318,20;90599,42;NULL;NULL;NULL;NULL;126;4;-20;39;-41
COM13927;COM13927;CSDPS Centre de Formation en Transport de Charlesbourg;Customer;3;0,00;0,00;0,00;0;2021-11-04;8,00;NULL;0,00;NULL;NULL;NULL;NULL;Canada - CA - Americas;0.00;1;0.00;0.00;0.00;0.00;CSDPS;CA;0;NULL;NULL;NULL;NULL;NULL;NULL;NULL;NULL;NULL;NULL;NULL;NULL;NULL;NULL;NULL;NULL;NULL;NULL;NULL
COM13942;COM13942;Bjarne TEST 05-10-21;NonCust;NULL;0,00;0,00;0,00;0;NULL;0,00;NULL;0,00;NULL;NULL;2024-06-10;bk;Denmark - DK - Europe;0.00;0;0.00;0.00;0.00;0.00;Bjarne TEST 05-10-21;DK;3;NULL;NULL;NULL;NULL;NULL;NULL;NULL;NULL;NULL;NULL;NULL;NULL;NULL;NULL;NULL;NULL;NULL;NULL;NULL
COM13956;COM13956;Nomadic Aviation Group;Customer;NULL;0,00;0,00;0,00;0;2026-07-06;0,00;NULL;0,00;NULL;NULL;NULL;NULL;United States of America - US - Americas;5,625.00;0;0.00;0.00;0.00;0.00;Nomadic Aviation Group;US;0;NULL;NULL;NULL;NULL;NULL;NULL;NULL;NULL;NULL;NULL;NULL;NULL;NULL;NULL;NULL;NULL;NULL;NULL;NULL
COM13957;COM13957;MANASIK AVIATION;PotCust;NULL;2,00;0,00;0,00;0;2022-02-25;8,00;2026-04-30;62.550,00;2026-04-30;Missing payment - no contact.;2026-04-08;Lack of payment;Saudi Arabia - SA - Asia;0.00;2;41,542.00;16,279.00;37,287.00;62,550.00;MANASIK AVIATION;SA;3;0,00;0,00;0,00;0,00;0,00;25626,11;32734,73;44387,65;62550,40;16278,70;NULL;NULL;NULL;NULL;NULL;28;36;41;-74
COM13996;COM13996;QA Aviation (Former: Queen Air s.r.o);Customer;3;2,00;0,00;0,00;0;2022-02-01;8,00;NULL;0,00;NULL;NULL;NULL;NULL;Czechia - CZ - Europe;0.00;3;35,175.00;17,851.00;24,233.00;41,557.00;QA Aviation s.r.o.;CZ;0;0,00;0,00;0,00;0,00;0,00;43520,83;44052,18;38742,83;41556,91;17850,96;NULL;NULL;NULL;NULL;NULL;1;-12;7;-57
COM13998;COM13998;Aviacon Zitotrans JSC;Quarantine;NULL;0,00;0,00;0,00;0;NULL;0,00;NULL;0,00;NULL;NULL;NULL;NULL;Russian Federation - RU - Europe;0.00;0;0.00;0.00;0.00;0.00;Aviacon Zitotrans;RU;0;NULL;NULL;NULL;NULL;NULL;NULL;NULL;NULL;NULL;NULL;NULL;NULL;NULL;NULL;NULL;NULL;NULL;NULL;NULL
COM14009;COM14009;FSP MAYFAIR;Customer;NULL;0,00;0,00;0,00;0;2022-02-14;8,00;NULL;0,00;NULL;NULL;NULL;NULL;United Arab Emirates - AE - Asia;0.00;0;53,891.00;32,591.00;29,788.00;51,088.00;MAYFAIR JETS DWC LLC;AE;0;0,00;0,00;0,00;0,00;0,00;31400,96;44171,55;47635,36;51087,83;32590,76;NULL;NULL;NULL;NULL;NULL;41;8;7;-36
COM14029;COM14029;InterCaribbean Airways;Customer;1;16,00;17,00;0,00;0;2023-03-21;8,00;NULL;0,00;NULL;NULL;NULL;NULL;Turks and Caicos Islands - TC - Americas;62,609.00;11;530,934.00;351,165.00;258,868.00;438,637.00;interCaribbean Airways, Ltd;TC;0;0,00;0,00;0,00;0,00;0,00;0,00;144158,57;460315,51;438637,20;409136,37;NULL;NULL;NULL;NULL;NULL;NULL;219;-5;-7
COM14042;COM14042;AFJETS;PotCust;NULL;0,00;0,00;0,00;0;2022-05-10;0,00;NULL;0,00;NULL;NULL;2022-09-12;Ceased operation. Never started on PPS;Malaysia - MY - Asia;0.00;0;0.00;0.00;0.00;0.00;AFjets Sdn. Bhd.;MY;3;NULL;NULL;NULL;NULL;NULL;NULL;NULL;NULL;NULL;NULL;NULL;NULL;NULL;NULL;NULL;NULL;NULL;NULL;NULL
COM14054;COM14054;25ONLY AVIATION;NonCust;NULL;0,00;0,00;0,00;0;NULL;0,00;NULL;0,00;NULL;NULL;NULL;NULL;Germany - DE - Europe;0.00;0;0.00;0.00;0.00;0.00;25only Aviation GmbH;DE;0;NULL;NULL;NULL;NULL;NULL;NULL;NULL;NULL;NULL;NULL;NULL;NULL;NULL;NULL;NULL;NULL;NULL;NULL;NULL
COM14060;COM14060;Southwind Airlines (cortex);Customer;NULL;14,00;13,00;4,00;0;2022-06-17;8,00;NULL;0,00;NULL;NULL;NULL;NULL;Turkey - TR - Asia;94,883.00;12;1,189,227.00;701,727.00;624,779.00;1,112,278.00;CORTEX HAVACILIK TURIZM VE TICARET INC;TR;0;0,00;0,00;0,00;0,00;0,00;112028,58;733480,71;1050046,17;1405781,73;714502,64;NULL;NULL;NULL;NULL;NULL;555;43;34;-49
COM14084;COM14084;ROM Cargo;Customer via;NULL;0,00;0,00;0,00;0;2025-04-23;0,00;NULL;0,00;NULL;NULL;NULL;NULL;Romania - RO - Europe;0.00;0;0.00;0.00;0.00;0.00;ROM Cargo;RO;0;NULL;NULL;NULL;NULL;NULL;NULL;NULL;NULL;NULL;NULL;NULL;NULL;NULL;NULL;NULL;NULL;NULL;NULL;NULL
COM14090;COM14090;Legend Airlines SRL;Quarantine;2;2,00;0,00;0,00;0;2022-11-01;8,00;2026-01-01;183.717,00;2026-01-31;Customer shut down, 3 out 4 AC sold. Might start up again. Middleeast situation 26032026;2025-12-16;No communication, no payment;Romania - RO - Europe;0.00;2;54,515.00;0.00;137,027.00;191,541.00;Legend Airlines S.R.L.;RO;3;0,00;0,00;0,00;0,00;0,00;11374,28;200172,85;196025,21;197038,36;0,00;NULL;NULL;NULL;NULL;NULL;1660;-2;1;-100
COM14111;COM14111;Bluebird Airways;Customer;3;4,00;4,00;0,00;0;2024-06-04;8,00;NULL;0,00;NULL;NULL;NULL;NULL;Greece - GR - Europe;0.00;4;298,901.00;185,280.00;113,531.00;227,151.00;Bluebird Airways;GR;0;0,00;0,00;0,00;0,00;0,00;0,00;0,00;0,00;227151,14;185280,42;NULL;NULL;NULL;NULL;NULL;NULL;NULL;NULL;-18
COM14133;COM14133;JETKONTOR;NonCust;NULL;0,00;0,00;0,00;0;2022-11-10;0,00;2024-02-02;62.115,00;2024-02-29;Bankruptcy;2024-03-04;Churn iflg. HEH 04.03.2024 overf. til tab 23.05.24 / CM;Germany - DE - Europe;0.00;5;0.00;0.00;0.00;0.00;JETKONTOR AG;DE;3;0,00;0,00;0,00;0,00;0,00;0,00;55066,83;14095,56;0,00;0,00;NULL;NULL;NULL;NULL;NULL;NULL;-74;-100;NULL
COM14187;COM14187;BRAATHENS INTERNATIONAL AIRWAYS;NonCust;NULL;0,00;0,00;0,00;0;2023-01-13;0,00;NULL;0,00;NULL;NULL;NULL;NULL;Sweden - SE - Europe;0.00;0;0.00;0.00;0.00;0.00;Braathens International Airways AB;SE;3;NULL;NULL;NULL;NULL;NULL;NULL;NULL;NULL;NULL;NULL;NULL;NULL;NULL;NULL;NULL;NULL;NULL;NULL;NULL
COM14278;COM14278;AVCON GmbH;Customer;3;1,00;0,00;0,00;0;2023-06-30;8,00;NULL;0,00;NULL;NULL;NULL;NULL;Germany - DE - Europe;0.00;4;35,748.00;21,523.00;19,898.00;34,123.00;AVCON GmbH;DE;0;0,00;0,00;0,00;0,00;0,00;0,00;14762,65;31882,80;34123,24;24598,48;NULL;NULL;NULL;NULL;NULL;NULL;116;7;-28
COM14296;COM14296;ADSB Support;NonCust;NULL;0,00;0,00;0,00;0;2023-07-01;0,00;NULL;0,00;NULL;NULL;NULL;NULL;Denmark - DK - Europe;0.00;0;0.00;0.00;0.00;0.00;ADSB Support Aps;DK;0;0,00;0,00;0,00;0,00;0,00;0,00;0,00;24431,01;0,00;0,00;NULL;NULL;NULL;NULL;NULL;NULL;NULL;-100;NULL
COM14344;COM14344;ASCEND AIRWAYS;NonCust;3;7,00;0,00;0,00;0;2024-01-26;8,00;2026-04-29;230.491,00;2026-05-30;Bankruptcy  - Fuelprices pushed them over the limited.  Middleeast situation;NULL;NULL;United Kingdom of Great Britain and Northern Ireland - GB - Europe;0.00;7;239,026.00;110,439.00;101,903.00;230,491.00;Ascend Airways Limited;GB;3;0,00;0,00;0,00;0,00;0,00;0,00;0,00;95037,15;233793,49;110438,61;NULL;NULL;NULL;NULL;NULL;NULL;NULL;146;-53
COM14351;COM14351;ECCO AIR SP.ZO.O;PotCust;NULL;0,00;0,00;0,00;0;2023-12-15;0,00;NULL;0,00;NULL;NULL;NULL;NULL;Poland - PL - Europe;0.00;1;0.00;0.00;0.00;0.00;Ecco Air Sp.zo.o;PL;0;NULL;NULL;NULL;NULL;NULL;NULL;NULL;NULL;NULL;NULL;NULL;NULL;NULL;NULL;NULL;NULL;NULL;NULL;NULL
COM14363;COM14363;Aerocom Aviation Oy;Customer;3;2,00;0,00;0,00;0;2024-01-04;8,00;NULL;0,00;NULL;NULL;NULL;NULL;Finland - FI - Europe;0.00;1;40,251.00;24,234.00;16,093.00;32,110.00;Aerocom Aviation Oy;FI;0;0,00;0,00;0,00;0,00;0,00;0,00;0,00;16039,99;32110,40;27697,50;NULL;NULL;NULL;NULL;NULL;NULL;NULL;100;-14
COM14395;COM14395;AVIAARC Trip Support;Customer;2;8,00;0,00;0,00;0;2025-01-17;5,00;NULL;0,00;NULL;NULL;NULL;NULL;India - IN - Asia;9,638.00;10;143,684.00;78,496.00;84,249.00;149,438.00;AVIAARC Trip Support Pvt Ltd;IN;0;0,00;0,00;0,00;0,00;0,00;0,00;0,00;0,00;185347,50;92198,87;NULL;NULL;NULL;NULL;NULL;NULL;NULL;NULL;-50
COM14402;COM14402;Aviation Chemistry Canada;PotCust;NULL;0,00;0,00;0,00;0;2024-04-12;0,00;2025-06-30;59.481,00;2025-06-30;no business;2025-01-15;No payment - but they are working on settling all outstandings and to get back on track.;Canada - CA - Americas;0.00;0;0.00;0.00;0.00;0.00;Aviation Chemistry Canada;CA;3;0,00;0,00;0,00;0,00;0,00;0,00;0,00;59585,04;0,00;0,00;NULL;NULL;NULL;NULL;NULL;NULL;NULL;-100;NULL
COM14414;COM14414;Freedom Air Services Pvt. Ltd.;Customer via;3;0,00;0,00;0,00;0;2024-04-29;0,00;NULL;0,00;NULL;NULL;NULL;NULL;India - IN - Asia;0.00;NULL;0.00;0.00;0.00;0.00;Freedom Air Services Pvt. Ltd.;IN;0;NULL;NULL;NULL;NULL;NULL;NULL;NULL;NULL;NULL;NULL;NULL;NULL;NULL;NULL;NULL;NULL;NULL;NULL;NULL
COM14465;COM14465;Axturis Flight Service GmbH;Customer;3;5,00;0,00;0,00;0;2024-09-13;8,00;NULL;0,00;NULL;NULL;NULL;NULL;Austria - AT - Europe;0.00;1;220,031.00;121,172.00;145,868.00;244,728.00;Axturis Flight Service GmbH;AT;0;0,00;0,00;0,00;0,00;0,00;0,00;0,00;79161,19;250823,88;121171,59;NULL;NULL;NULL;NULL;NULL;NULL;NULL;217;-52
COM14504;COM14504;Ascend Airways Malaysia;Customer;1;1,00;1,00;1,00;0;2025-07-07;5,00;NULL;0,00;NULL;NULL;NULL;NULL;Malaysia - MY - Asia;20,304.00;1;80,066.00;70,996.00;0.00;9,070.00;Ascend Airways Malaysia Sdn Bhd;MY;0;0,00;0,00;0,00;0,00;0,00;0,00;0,00;0,00;17967,63;84019,93;NULL;NULL;NULL;NULL;NULL;NULL;NULL;NULL;368
COM14546;COM14546;Simpfly;NonCust;NULL;0,00;0,00;0,00;0;NULL;0,00;NULL;0,00;NULL;NULL;NULL;NULL;Estonia - EE - Europe;0.00;1;0.00;0.00;0.00;0.00;Simpfly OÜ;EE;0;NULL;NULL;NULL;NULL;NULL;NULL;NULL;NULL;NULL;NULL;NULL;NULL;NULL;NULL;NULL;NULL;NULL;NULL;NULL
COM14564;COM14564;West Atlantic Sweden;Customer via;NULL;0,00;0,00;0,00;0;2024-08-26;8,00;NULL;0,00;NULL;NULL;NULL;NULL;Sweden - SE - Europe;0.00;0;0.00;0.00;0.00;0.00;West Atlantic Sweden;;0;NULL;NULL;NULL;NULL;NULL;NULL;NULL;NULL;NULL;NULL;NULL;NULL;NULL;NULL;NULL;NULL;NULL;NULL;NULL
COM14594;COM14594;Chingis Airlines Unity;Customer;1;1,00;1,00;1,00;1;2026-01-05;8,00;NULL;0,00;NULL;NULL;NULL;NULL;Mongolia - MN - Asia;11,423.00;1;34,265.00;34,265.00;0.00;0.00;Chingis Airlines Unity LLC;MN;0;0,00;0,00;0,00;0,00;0,00;0,00;0,00;0,00;0,00;34265,23;NULL;NULL;NULL;NULL;NULL;NULL;NULL;NULL;NULL
COM14605;COM14605;SG Ferry Services Ltd.;Pending Closure;NULL;0,00;0,00;0,00;0;2024-11-13;8,00;2028-01-31;50.430,00;2026-03-31;CEO very disstaisfied with functionality;2026-06-24;Lack of payment;Ireland - IE - Europe;47,732.00;1;84,932.00;54,485.00;0.00;30,447.00;SG Ferry Services Ltd.;IE;2;0,00;0,00;0,00;0,00;0,00;0,00;0,00;0,00;30446,95;61386,15;NULL;NULL;NULL;NULL;NULL;NULL;NULL;NULL;102
COM14625;COM14625;FLY CHAM;Customer;NULL;5,00;0,00;0,00;0;2026-01-02;8,00;NULL;0,00;NULL;NULL;NULL;NULL;Syrian Arab Republic - SY - Asia;0.00;5;95,421.00;95,421.00;0.00;0.00;Fly Cham Airlines;SY;0;0,00;0,00;0,00;0,00;0,00;0,00;0,00;0,00;0,00;95420,59;NULL;NULL;NULL;NULL;NULL;NULL;NULL;NULL;NULL
COM14643;COM14643;Enugu Air;Customer;3;5,00;0,00;0,00;6;2026-03-23;8,00;NULL;0,00;NULL;NULL;NULL;NULL;Nigeria - NG - Africa;13,972.00;NULL;76,959.00;76,959.00;0.00;0.00;Enugu Air Ltd;NG;0;0,00;0,00;0,00;0,00;0,00;0,00;0,00;0,00;0,00;103783,12;NULL;NULL;NULL;NULL;NULL;NULL;NULL;NULL;NULL
COM14652;COM14652;IBS Software Europe Limited;NonCust;NULL;0,00;0,00;0,00;0;NULL;0,00;NULL;0,00;NULL;NULL;NULL;NULL;United Kingdom of Great Britain and Northern Ireland - GB - Europe;0.00;NULL;0.00;0.00;0.00;0.00;IBS Software Europe Limited;GB;0;NULL;NULL;NULL;NULL;NULL;NULL;NULL;NULL;NULL;NULL;NULL;NULL;NULL;NULL;NULL;NULL;NULL;NULL;NULL
COM14659;COM14659;NIMBUSJET;Customer;NULL;1,00;0,00;0,00;0;2026-04-09;0,00;NULL;0,00;NULL;NULL;NULL;NULL;United Arab Emirates - AE - Asia;1,338.00;1;5,351.00;5,351.00;0.00;0.00;NIMBUSJET AVIATION SERVICES - FZCO;AE;0;0,00;0,00;0,00;0,00;0,00;0,00;0,00;0,00;0,00;7564,80;NULL;NULL;NULL;NULL;NULL;NULL;NULL;NULL;NULL
COM14695;COM14695;Tahseen Aviation Services FZO;Customer;NULL;0,00;0,00;0,00;0;2026-08-24;0,00;NULL;0,00;NULL;NULL;NULL;NULL;United Arab Emirates - AE - Asia;0.00;NULL;0.00;0.00;0.00;0.00;Tahseen Aviation Services FZO;AE;0;NULL;NULL;NULL;NULL;NULL;NULL;NULL;NULL;NULL;NULL;NULL;NULL;NULL;NULL;NULL;NULL;NULL;NULL;NULL
NULL;NULL;India Fly Safe Aviation;Customer via;NULL;0,00;0,00;0,00;0;2024-04-29;0,00;NULL;0,00;NULL;NULL;NULL;NULL;NULL;NULL;NULL;NULL;NULL;NULL;NULL;NULL;NULL;NULL;NULL;NULL;NULL;NULL;NULL;NULL;NULL;NULL;NULL;NULL;NULL;NULL;NULL;NULL;NULL;NULL;NULL;NULL;NULL
NULL;NULL;Jet Aviation Business Jets;PotCust;NULL;0,00;0,00;0,00;0;NULL;0,00;NULL;0,00;NULL;NULL;2021-06-23;Duplicate record;NULL;NULL;NULL;NULL;NULL;NULL;NULL;NULL;NULL;NULL;NULL;NULL;NULL;NULL;NULL;NULL;NULL;NULL;NULL;NULL;NULL;NULL;NULL;NULL;NULL;NULL;NULL;NULL;NULL
NULL;NULL;RAY AIRLINES;NonCust;NULL;0,00;0,00;0,00;0;NULL;0,00;NULL;0,00;NULL;NULL;2020-10-28;Closed by RS, due to US sanctions;NULL;NULL;NULL;NULL;NULL;NULL;NULL;NULL;NULL;NULL;NULL;NULL;NULL;NULL;NULL;NULL;NULL;NULL;NULL;NULL;NULL;NULL;NULL;NULL;NULL;NULL;NULL;NULL;NULL
NULL;NULL;MAHAN AIR;NonCust;NULL;0,00;0,00;0,00;0;NULL;0,00;NULL;0,00;NULL;NULL;NULL;NULL;NULL;NULL;NULL;NULL;NULL;NULL;NULL;NULL;NULL;NULL;NULL;NULL;NULL;NULL;NULL;NULL;NULL;NULL;NULL;NULL;NULL;NULL;NULL;NULL;NULL;NULL;NULL;NULL;NULL
NULL;NULL;HINDALCO INDUSTRIES LTD;Customer via;NULL;0,00;0,00;0,00;0;2024-04-29;0,00;NULL;0,00;NULL;NULL;NULL;NULL;NULL;NULL;NULL;NULL;NULL;NULL;NULL;NULL;NULL;NULL;NULL;NULL;NULL;NULL;NULL;NULL;NULL;NULL;NULL;NULL;NULL;NULL;NULL;NULL;NULL;NULL;NULL;NULL;NULL
NULL;NULL;flyPersia;NonCust;NULL;0,00;0,00;0,00;0;NULL;0,00;NULL;0,00;NULL;NULL;2021-06-22;Embargo;NULL;NULL;NULL;NULL;NULL;NULL;NULL;NULL;NULL;NULL;NULL;NULL;NULL;NULL;NULL;NULL;NULL;NULL;NULL;NULL;NULL;NULL;NULL;NULL;NULL;NULL;NULL;NULL;NULL
NULL;NULL;CAVOK9999;NonCust;NULL;0,00;0,00;0,00;0;2024-04-09;0,00;NULL;0,00;NULL;NULL;NULL;NULL;NULL;NULL;NULL;NULL;NULL;NULL;NULL;NULL;NULL;NULL;NULL;NULL;NULL;NULL;NULL;NULL;NULL;NULL;NULL;NULL;NULL;NULL;NULL;NULL;NULL;NULL;NULL;NULL;NULL
NULL;NULL;CBAS Pvt Ltd;PotCust;NULL;0,00;0,00;0,00;0;NULL;0,00;NULL;0,00;NULL;NULL;NULL;Should have been closed in 2012, access have been open from 2012. now closed correctly 23/10/2020;NULL;NULL;NULL;NULL;NULL;NULL;NULL;NULL;NULL;NULL;NULL;NULL;NULL;NULL;NULL;NULL;NULL;NULL;NULL;NULL;NULL;NULL;NULL;NULL;NULL;NULL;NULL;NULL;NULL
NULL;NULL;LUXAVIATION MANAGEMENT COMPANY;NonCust;NULL;0,00;0,00;0,00;0;2020-11-10;0,00;NULL;0,00;NULL;NULL;NULL;NULL;NULL;NULL;NULL;NULL;NULL;NULL;NULL;NULL;NULL;NULL;NULL;NULL;NULL;NULL;NULL;NULL;NULL;NULL;NULL;NULL;NULL;NULL;NULL;NULL;NULL;NULL;NULL;NULL;NULL
NULL;NULL;Taban Air;NonCust;NULL;0,00;0,00;0,00;0;NULL;0,00;NULL;0,00;NULL;NULL;2021-06-22;Embargo;NULL;NULL;NULL;NULL;NULL;NULL;NULL;NULL;NULL;NULL;NULL;NULL;NULL;NULL;NULL;NULL;NULL;NULL;NULL;NULL;NULL;NULL;NULL;NULL;NULL;NULL;NULL;NULL;NULL
NULL;NULL;Air Moana;Customer via;NULL;0,00;0,00;0,00;0;2025-10-16;0,00;NULL;0,00;NULL;NULL;NULL;NULL;NULL;NULL;NULL;NULL;NULL;NULL;NULL;NULL;NULL;NULL;NULL;NULL;NULL;NULL;NULL;NULL;NULL;NULL;NULL;NULL;NULL;NULL;NULL;NULL;NULL;NULL;NULL;NULL;NULL
NULL;NULL;Asento Digital ApS;NonCust;NULL;0,00;0,00;0,00;0;2020-10-01;0,00;NULL;0,00;NULL;NULL;NULL;NULL;NULL;NULL;NULL;NULL;NULL;NULL;NULL;NULL;NULL;NULL;NULL;NULL;NULL;NULL;NULL;NULL;NULL;NULL;NULL;NULL;NULL;NULL;NULL;NULL;NULL;NULL;NULL;NULL;NULL
NULL;NULL;Hyundai Motor Company (Aviation Operation Team);Customer via;1;0,00;0,00;0,00;0;2025-08-28;0,00;NULL;0,00;NULL;NULL;NULL;NULL;NULL;NULL;NULL;NULL;NULL;NULL;NULL;NULL;NULL;NULL;NULL;NULL;NULL;NULL;NULL;NULL;NULL;NULL;NULL;NULL;NULL;NULL;NULL;NULL;NULL;NULL;NULL;NULL;NULL
NULL;NULL;AIR BELGIUM;Customer via;2;0,00;0,00;0,00;0;2024-05-02;0,00;NULL;0,00;NULL;NULL;NULL;NULL;NULL;NULL;NULL;NULL;NULL;NULL;NULL;NULL;NULL;NULL;NULL;NULL;NULL;NULL;NULL;NULL;NULL;NULL;NULL;NULL;NULL;NULL;NULL;NULL;NULL;NULL;NULL;NULL;NULL
NULL;NULL;Sanjiv Goenka Group;Customer via;NULL;0,00;0,00;0,00;0;2024-04-29;0,00;NULL;0,00;NULL;NULL;NULL;NULL;NULL;NULL;NULL;NULL;NULL;NULL;NULL;NULL;NULL;NULL;NULL;NULL;NULL;NULL;NULL;NULL;NULL;NULL;NULL;NULL;NULL;NULL;NULL;NULL;NULL;NULL;NULL;NULL;NULL
NULL;NULL;Panjet;Customer via;NULL;0,00;0,00;0,00;0;2026-07-01;0,00;NULL;0,00;NULL;NULL;NULL;NULL;NULL;NULL;NULL;NULL;NULL;NULL;NULL;NULL;NULL;NULL;NULL;NULL;NULL;NULL;NULL;NULL;NULL;NULL;NULL;NULL;NULL;NULL;NULL;NULL;NULL;NULL;NULL;NULL;NULL
NULL;NULL;Skyplan;NonCust;NULL;0,00;0,00;0,00;0;NULL;0,00;NULL;0,00;NULL;NULL;2025-08-13;Found inactive account on competitor and closed it;NULL;NULL;NULL;NULL;NULL;NULL;NULL;NULL;NULL;NULL;NULL;NULL;NULL;NULL;NULL;NULL;NULL;NULL;NULL;NULL;NULL;NULL;NULL;NULL;NULL;NULL;NULL;NULL;NULL
NULL;NULL;REC Aviation;Customer via;NULL;0,00;0,00;0,00;0;2026-08-25;0,00;NULL;0,00;NULL;NULL;NULL;NULL;NULL;NULL;NULL;NULL;NULL;NULL;NULL;NULL;NULL;NULL;NULL;NULL;NULL;NULL;NULL;NULL;NULL;NULL;NULL;NULL;NULL;NULL;NULL;NULL;NULL;NULL;NULL;NULL;NULL
NULL;NULL;GENEL HAVACILIK A.S.;Customer via;NULL;0,00;0,00;0,00;0;2026-08-25;0,00;NULL;0,00;NULL;NULL;NULL;NULL;NULL;NULL;NULL;NULL;NULL;NULL;NULL;NULL;NULL;NULL;NULL;NULL;NULL;NULL;NULL;NULL;NULL;NULL;NULL;NULL;NULL;NULL;NULL;NULL;NULL;NULL;NULL;NULL;NULL
NULL;NULL;Kepplair International;NonCust;NULL;0,00;0,00;0,00;0;NULL;0,00;NULL;0,00;NULL;NULL;NULL;NULL;NULL;NULL;NULL;NULL;NULL;NULL;NULL;NULL;NULL;NULL;NULL;NULL;NULL;NULL;NULL;NULL;NULL;NULL;NULL;NULL;NULL;NULL;NULL;NULL;NULL;NULL;NULL;NULL;NULL
NULL;NULL;Air Company Aerostan LLC (AIRSPEED);Customer via;NULL;0,00;0,00;0,00;0;2025-10-31;0,00;NULL;0,00;NULL;NULL;NULL;NULL;NULL;NULL;NULL;NULL;NULL;NULL;NULL;NULL;NULL;NULL;NULL;NULL;NULL;NULL;NULL;NULL;NULL;NULL;NULL;NULL;NULL;NULL;NULL;NULL;NULL;NULL;NULL;NULL;NULL
NULL;NULL;ACM AIR CHARTER MARKET;NonCust;NULL;0,00;0,00;0,00;0;NULL;0,00;NULL;0,00;NULL;NULL;NULL;NULL;NULL;NULL;NULL;NULL;NULL;NULL;NULL;NULL;NULL;NULL;NULL;NULL;NULL;NULL;NULL;NULL;NULL;NULL;NULL;NULL;NULL;NULL;NULL;NULL;NULL;NULL;NULL;NULL;NULL
NULL;NULL;Platinum Skies;Customer via;NULL;0,00;0,00;0,00;0;2024-05-02;0,00;NULL;0,00;NULL;NULL;NULL;NULL;NULL;NULL;NULL;NULL;NULL;NULL;NULL;NULL;NULL;NULL;NULL;NULL;NULL;NULL;NULL;NULL;NULL;NULL;NULL;NULL;NULL;NULL;NULL;NULL;NULL;NULL;NULL;NULL;NULL
NULL;NULL;Qeshm Fars Air;NonCust;NULL;0,00;0,00;0,00;0;NULL;0,00;NULL;0,00;NULL;NULL;2021-06-22;Embargo;NULL;NULL;NULL;NULL;NULL;NULL;NULL;NULL;NULL;NULL;NULL;NULL;NULL;NULL;NULL;NULL;NULL;NULL;NULL;NULL;NULL;NULL;NULL;NULL;NULL;NULL;NULL;NULL;NULL
NULL;NULL;CargoLogic Germany;Customer via;NULL;0,00;0,00;0,00;0;2025-12-07;0,00;NULL;0,00;NULL;NULL;NULL;NULL;NULL;NULL;NULL;NULL;NULL;NULL;NULL;NULL;NULL;NULL;NULL;NULL;NULL;NULL;NULL;NULL;NULL;NULL;NULL;NULL;NULL;NULL;NULL;NULL;NULL;NULL;NULL;NULL;NULL
NULL;NULL;Air Ailes;PotCust;NULL;0,00;0,00;0,00;0;NULL;0,00;NULL;0,00;NULL;NULL;NULL;Account correctly closed;NULL;NULL;NULL;NULL;NULL;NULL;NULL;NULL;NULL;NULL;NULL;NULL;NULL;NULL;NULL;NULL;NULL;NULL;NULL;NULL;NULL;NULL;NULL;NULL;NULL;NULL;NULL;NULL;NULL
NULL;NULL;AIRTRANS Flugzeugvermietungsgesellschaft mbH;PotCust;NULL;0,00;0,00;0,00;0;NULL;0,00;NULL;0,00;NULL;NULL;2022-01-03;Test expired, decided to go for FF due to Jeppesen terminal charts and pilot driven FPL;NULL;NULL;NULL;NULL;NULL;NULL;NULL;NULL;NULL;NULL;NULL;NULL;NULL;NULL;NULL;NULL;NULL;NULL;NULL;NULL;NULL;NULL;NULL;NULL;NULL;NULL;NULL;NULL;NULL
NULL;NULL;Cygnus Air;Customer via;NULL;0,00;0,00;0,00;0;2025-02-19;0,00;NULL;0,00;NULL;NULL;NULL;NULL;NULL;NULL;NULL;NULL;NULL;NULL;NULL;NULL;NULL;NULL;NULL;NULL;NULL;NULL;NULL;NULL;NULL;NULL;NULL;NULL;NULL;NULL;NULL;NULL;NULL;NULL;NULL;NULL;NULL
NULL;NULL;Kish Air;NonCust;NULL;0,00;0,00;0,00;0;NULL;0,00;NULL;0,00;NULL;NULL;2021-06-22;Embargo;NULL;NULL;NULL;NULL;NULL;NULL;NULL;NULL;NULL;NULL;NULL;NULL;NULL;NULL;NULL;NULL;NULL;NULL;NULL;NULL;NULL;NULL;NULL;NULL;NULL;NULL;NULL;NULL;NULL
NULL;NULL;Sahand Asia Airlines;NonCust;NULL;0,00;0,00;0,00;0;NULL;0,00;NULL;0,00;NULL;NULL;2021-06-22;Embargo;NULL;NULL;NULL;NULL;NULL;NULL;NULL;NULL;NULL;NULL;NULL;NULL;NULL;NULL;NULL;NULL;NULL;NULL;NULL;NULL;NULL;NULL;NULL;NULL;NULL;NULL;NULL;NULL;NULL
NULL;NULL;Meraj Air;NonCust;NULL;0,00;0,00;0,00;0;NULL;0,00;NULL;0,00;NULL;NULL;2021-06-22;Embargo;NULL;NULL;NULL;NULL;NULL;NULL;NULL;NULL;NULL;NULL;NULL;NULL;NULL;NULL;NULL;NULL;NULL;NULL;NULL;NULL;NULL;NULL;NULL;NULL;NULL;NULL;NULL;NULL;NULL
NULL;NULL;AIRCRAFT IT;NonCust;NULL;0,00;0,00;0,00;0;NULL;0,00;NULL;0,00;NULL;NULL;2022-01-26;Test closed by RS;NULL;NULL;NULL;NULL;NULL;NULL;NULL;NULL;NULL;NULL;NULL;NULL;NULL;NULL;NULL;NULL;NULL;NULL;NULL;NULL;NULL;NULL;NULL;NULL;NULL;NULL;NULL;NULL;NULL
NULL;NULL;SUNDAIR;Customer via;NULL;0,00;0,00;0,00;0;2024-05-02;0,00;NULL;0,00;NULL;NULL;NULL;NULL;NULL;NULL;NULL;NULL;NULL;NULL;NULL;NULL;NULL;NULL;NULL;NULL;NULL;NULL;NULL;NULL;NULL;NULL;NULL;NULL;NULL;NULL;NULL;NULL;NULL;NULL;NULL;NULL;NULL
NULL;NULL;Aviation Pioneers;NonCust;NULL;0,00;0,00;0,00;0;2015-01-20;0,00;NULL;0,00;NULL;NULL;NULL;NULL;NULL;NULL;NULL;NULL;NULL;NULL;NULL;NULL;NULL;NULL;NULL;NULL;NULL;NULL;NULL;NULL;NULL;NULL;NULL;NULL;NULL;NULL;NULL;NULL;NULL;NULL;NULL;NULL;NULL
NULL;NULL;Iran Aseman Airlines;NonCust;NULL;0,00;0,00;0,00;0;NULL;0,00;NULL;0,00;NULL;NULL;2021-06-22;Embargo;NULL;NULL;NULL;NULL;NULL;NULL;NULL;NULL;NULL;NULL;NULL;NULL;NULL;NULL;NULL;NULL;NULL;NULL;NULL;NULL;NULL;NULL;NULL;NULL;NULL;NULL;NULL;NULL;NULL
NULL;NULL;Marketing Demo Company;NonCust;NULL;0,00;0,00;0,00;0;2024-01-01;0,00;NULL;0,00;NULL;NULL;NULL;NULL;NULL;NULL;NULL;NULL;NULL;NULL;NULL;NULL;NULL;NULL;NULL;NULL;NULL;NULL;NULL;NULL;NULL;NULL;NULL;NULL;NULL;NULL;NULL;NULL;NULL;NULL;NULL;NULL;NULL
NULL;NULL;Zagros Airlines (Iran);NonCust;NULL;0,00;0,00;0,00;0;NULL;0,00;NULL;0,00;NULL;NULL;2021-06-22;Embargo;NULL;NULL;NULL;NULL;NULL;NULL;NULL;NULL;NULL;NULL;NULL;NULL;NULL;NULL;NULL;NULL;NULL;NULL;NULL;NULL;NULL;NULL;NULL;NULL;NULL;NULL;NULL;NULL;NULL
NULL;NULL;Qeshm Airlines;NonCust;NULL;0,00;0,00;0,00;0;NULL;0,00;NULL;0,00;NULL;NULL;2021-06-22;Embargo;NULL;NULL;NULL;NULL;NULL;NULL;NULL;NULL;NULL;NULL;NULL;NULL;NULL;NULL;NULL;NULL;NULL;NULL;NULL;NULL;NULL;NULL;NULL;NULL;NULL;NULL;NULL;NULL;NULL
NULL;NULL;ATA Airlines (Iran);NonCust;NULL;0,00;0,00;0,00;0;NULL;0,00;NULL;0,00;NULL;NULL;2021-06-22;Embargo;NULL;NULL;NULL;NULL;NULL;NULL;NULL;NULL;NULL;NULL;NULL;NULL;NULL;NULL;NULL;NULL;NULL;NULL;NULL;NULL;NULL;NULL;NULL;NULL;NULL;NULL;NULL;NULL;NULL
NULL;NULL;IndiaOne Air;Customer via;NULL;0,00;0,00;0,00;0;2024-04-29;0,00;NULL;0,00;NULL;NULL;NULL;NULL;NULL;NULL;NULL;NULL;NULL;NULL;NULL;NULL;NULL;NULL;NULL;NULL;NULL;NULL;NULL;NULL;NULL;NULL;NULL;NULL;NULL;NULL;NULL;NULL;NULL;NULL;NULL;NULL;NULL
NULL;NULL;Dena Airways;NonCust;NULL;0,00;0,00;0,00;0;NULL;0,00;NULL;0,00;NULL;NULL;2021-06-22;Embargo;NULL;NULL;NULL;NULL;NULL;NULL;NULL;NULL;NULL;NULL;NULL;NULL;NULL;NULL;NULL;NULL;NULL;NULL;NULL;NULL;NULL;NULL;NULL;NULL;NULL;NULL;NULL;NULL;NULL
NULL;NULL;Musketeer Software Solutions (Pty) Ltd;NonCust;NULL;0,00;0,00;0,00;0;2020-08-01;0,00;NULL;0,00;NULL;NULL;NULL;NULL;NULL;NULL;NULL;NULL;NULL;NULL;NULL;NULL;NULL;NULL;NULL;NULL;NULL;NULL;NULL;NULL;NULL;NULL;NULL;NULL;NULL;NULL;NULL;NULL;NULL;NULL;NULL;NULL;NULL
NULL;NULL;Opera Jet 2 CB account;NonCust;NULL;0,00;0,00;0,00;0;NULL;0,00;NULL;0,00;NULL;NULL;NULL;Should have been closed 03.03.2016 with main account, now closed correctly;NULL;NULL;NULL;NULL;NULL;NULL;NULL;NULL;NULL;NULL;NULL;NULL;NULL;NULL;NULL;NULL;NULL;NULL;NULL;NULL;NULL;NULL;NULL;NULL;NULL;NULL;NULL;NULL;NULL
NULL;NULL;(Duplicate) RAF-Avia;NonCust;NULL;0,00;0,00;0,00;0;2025-07-31;0,00;NULL;0,00;NULL;NULL;NULL;NULL;NULL;NULL;NULL;NULL;NULL;NULL;NULL;NULL;NULL;NULL;NULL;NULL;NULL;NULL;NULL;NULL;NULL;NULL;NULL;NULL;NULL;NULL;NULL;NULL;NULL;NULL;NULL;NULL;NULL
NULL;NULL;Varesh Airlines;NonCust;NULL;0,00;0,00;0,00;0;NULL;0,00;NULL;0,00;NULL;NULL;2021-06-22;Embargo;NULL;NULL;NULL;NULL;NULL;NULL;NULL;NULL;NULL;NULL;NULL;NULL;NULL;NULL;NULL;NULL;NULL;NULL;NULL;NULL;NULL;NULL;NULL;NULL;NULL;NULL;NULL;NULL;NULL
NULL;NULL;Fly Air41 Airways (ASISTIM);Customer via;NULL;0,00;0,00;0,00;0;2021-05-27;0,00;NULL;0,00;NULL;NULL;NULL;NULL;NULL;NULL;NULL;NULL;NULL;NULL;NULL;NULL;NULL;NULL;NULL;NULL;NULL;NULL;NULL;NULL;NULL;NULL;NULL;NULL;NULL;NULL;NULL;NULL;NULL;NULL;NULL;NULL;NULL
NULL;NULL;Carewell Aviation;Customer via;3;0,00;0,00;0,00;0;2024-04-29;0,00;NULL;0,00;NULL;NULL;NULL;NULL;NULL;NULL;NULL;NULL;NULL;NULL;NULL;NULL;NULL;NULL;NULL;NULL;NULL;NULL;NULL;NULL;NULL;NULL;NULL;NULL;NULL;NULL;NULL;NULL;NULL;NULL;NULL;NULL;NULL
NULL;NULL;AIR CARAIBES ATLANTIQUE;PotCust;NULL;0,00;0,00;0,00;0;NULL;0,00;NULL;0,00;NULL;NULL;NULL;Account closed correctly;NULL;NULL;NULL;NULL;NULL;NULL;NULL;NULL;NULL;NULL;NULL;NULL;NULL;NULL;NULL;NULL;NULL;NULL;NULL;NULL;NULL;NULL;NULL;NULL;NULL;NULL;NULL;NULL;NULL
NULL;NULL;ALFA AIRLINES SD;PotCust;NULL;0,00;0,00;0,00;0;NULL;0,00;NULL;0,00;NULL;NULL;NULL;No sale;NULL;NULL;NULL;NULL;NULL;NULL;NULL;NULL;NULL;NULL;NULL;NULL;NULL;NULL;NULL;NULL;NULL;NULL;NULL;NULL;NULL;NULL;NULL;NULL;NULL;NULL;NULL;NULL;NULL
NULL;NULL;SundAir;Customer via;NULL;0,00;0,00;0,00;0;2025-12-06;0,00;NULL;0,00;NULL;NULL;NULL;NULL;NULL;NULL;NULL;NULL;NULL;NULL;NULL;NULL;NULL;NULL;NULL;NULL;NULL;NULL;NULL;NULL;NULL;NULL;NULL;NULL;NULL;NULL;NULL;NULL;NULL;NULL;NULL;NULL;NULL
NULL;NULL;TAFTAN AIR;NonCust;NULL;0,00;0,00;0,00;0;NULL;0,00;NULL;0,00;NULL;NULL;NULL;NULL;NULL;NULL;NULL;NULL;NULL;NULL;NULL;NULL;NULL;NULL;NULL;NULL;NULL;NULL;NULL;NULL;NULL;NULL;NULL;NULL;NULL;NULL;NULL;NULL;NULL;NULL;NULL;NULL;NULL
NULL;NULL;Jet Manager;NonCust;NULL;0,00;0,00;0,00;0;NULL;0,00;NULL;0,00;NULL;NULL;2021-12-07;Use JetManager - do not use this one;NULL;NULL;NULL;NULL;NULL;NULL;NULL;NULL;NULL;NULL;NULL;NULL;NULL;NULL;NULL;NULL;NULL;NULL;NULL;NULL;NULL;NULL;NULL;NULL;NULL;NULL;NULL;NULL;NULL
NULL;NULL;Silver Airways;NonCust;NULL;0,00;0,00;0,00;0;NULL;0,00;NULL;0,00;NULL;NULL;2025-01-20;Chapter 11 Bankruptcy notice received 2025-01-20 see documents;NULL;NULL;NULL;NULL;NULL;NULL;NULL;NULL;NULL;NULL;NULL;NULL;NULL;NULL;NULL;NULL;NULL;NULL;NULL;NULL;NULL;NULL;NULL;NULL;NULL;NULL;NULL;NULL;NULL
NULL;NULL;Jindal Vijayanagar Steel Ltd;Customer via;NULL;0,00;0,00;0,00;0;2024-04-29;0,00;NULL;0,00;NULL;NULL;NULL;NULL;NULL;NULL;NULL;NULL;NULL;NULL;NULL;NULL;NULL;NULL;NULL;NULL;NULL;NULL;NULL;NULL;NULL;NULL;NULL;NULL;NULL;NULL;NULL;NULL;NULL;NULL;NULL;NULL;NULL
NULL;NULL;MTCom;NonCust;NULL;0,00;0,00;0,00;0;NULL;0,00;NULL;0,00;NULL;NULL;NULL;Account closed in agreement with PJ;NULL;NULL;NULL;NULL;NULL;NULL;NULL;NULL;NULL;NULL;NULL;NULL;NULL;NULL;NULL;NULL;NULL;NULL;NULL;NULL;NULL;NULL;NULL;NULL;NULL;NULL;NULL;NULL;NULL
NULL;NULL;Reliance Transport & Travels*;Customer via;NULL;0,00;0,00;0,00;0;2024-04-29;0,00;NULL;0,00;NULL;NULL;NULL;NULL;NULL;NULL;NULL;NULL;NULL;NULL;NULL;NULL;NULL;NULL;NULL;NULL;NULL;NULL;NULL;NULL;NULL;NULL;NULL;NULL;NULL;NULL;NULL;NULL;NULL;NULL;NULL;NULL;NULL
NULL;NULL;LIFE JET LTD;PotCust;NULL;0,00;0,00;0,00;0;NULL;0,00;NULL;0,00;NULL;NULL;2020-10-28;No invoices and usage, why customer status, no clue. Account closed;NULL;NULL;NULL;NULL;NULL;NULL;NULL;NULL;NULL;NULL;NULL;NULL;NULL;NULL;NULL;NULL;NULL;NULL;NULL;NULL;NULL;NULL;NULL;NULL;NULL;NULL;NULL;NULL;NULL
NULL;NULL;EHA Aviation;Customer via;3;0,00;0,00;0,00;0;2024-04-29;0,00;NULL;0,00;NULL;NULL;NULL;NULL;NULL;NULL;NULL;NULL;NULL;NULL;NULL;NULL;NULL;NULL;NULL;NULL;NULL;NULL;NULL;NULL;NULL;NULL;NULL;NULL;NULL;NULL;NULL;NULL;NULL;NULL;NULL;NULL;NULL
NULL;NULL;Texel Air NZ;Customer via;NULL;0,00;0,00;0,00;0;2024-10-02;0,00;NULL;0,00;NULL;NULL;NULL;NULL;NULL;NULL;NULL;NULL;NULL;NULL;NULL;NULL;NULL;NULL;NULL;NULL;NULL;NULL;NULL;NULL;NULL;NULL;NULL;NULL;NULL;NULL;NULL;NULL;NULL;NULL;NULL;NULL;NULL
NULL;NULL;New Way Cargo Airlines;Customer via;NULL;0,00;0,00;0,00;0;2026-06-26;0,00;NULL;0,00;NULL;NULL;NULL;NULL;NULL;NULL;NULL;NULL;NULL;NULL;NULL;NULL;NULL;NULL;NULL;NULL;NULL;NULL;NULL;NULL;NULL;NULL;NULL;NULL;NULL;NULL;NULL;NULL;NULL;NULL;NULL;NULL;NULL
NULL;NULL;FIGHTER WING KARUP;PotCust;NULL;0,00;0,00;0,00;0;NULL;0,00;NULL;0,00;NULL;NULL;2020-10-28;Not used the account since 2016, no active installations. Either Fighter wing SKP and Esk 721 know about this account;NULL;NULL;NULL;NULL;NULL;NULL;NULL;NULL;NULL;NULL;NULL;NULL;NULL;NULL;NULL;NULL;NULL;NULL;NULL;NULL;NULL;NULL;NULL;NULL;NULL;NULL;NULL;NULL;NULL
NULL;NULL;One Air;Customer via;NULL;0,00;0,00;0,00;0;2025-12-06;0,00;NULL;0,00;NULL;NULL;NULL;NULL;NULL;NULL;NULL;NULL;NULL;NULL;NULL;NULL;NULL;NULL;NULL;NULL;NULL;NULL;NULL;NULL;NULL;NULL;NULL;NULL;NULL;NULL;NULL;NULL;NULL;NULL;NULL;NULL;NULL
NULL;NULL;Brommaflyg;Customer via;3;0,00;0,00;0,00;0;2026-08-26;0,00;NULL;0,00;NULL;NULL;NULL;NULL;NULL;NULL;NULL;NULL;NULL;NULL;NULL;NULL;NULL;NULL;NULL;NULL;NULL;NULL;NULL;NULL;NULL;NULL;NULL;NULL;NULL;NULL;NULL;NULL;NULL;NULL;NULL;NULL;NULL
NULL;NULL;airBaltic;NonCust;NULL;0,00;0,00;0,00;0;2026-03-27;0,00;NULL;0,00;NULL;NULL;NULL;NULL;NULL;NULL;NULL;NULL;NULL;NULL;NULL;NULL;NULL;NULL;NULL;NULL;NULL;NULL;NULL;NULL;NULL;NULL;NULL;NULL;NULL;NULL;NULL;NULL;NULL;NULL;NULL;NULL;NULL
NULL;NULL;RusJet;Quarantine;NULL;0,00;0,00;0,00;0;NULL;0,00;NULL;0,00;NULL;NULL;NULL;NULL;NULL;NULL;NULL;NULL;NULL;NULL;NULL;NULL;NULL;NULL;NULL;NULL;NULL;NULL;NULL;NULL;NULL;NULL;NULL;NULL;NULL;NULL;NULL;NULL;NULL;NULL;NULL;NULL;NULL
NULL;NULL;Poste Air Cargo;Customer via;NULL;0,00;0,00;0,00;0;2024-05-02;0,00;NULL;0,00;NULL;NULL;NULL;NULL;NULL;NULL;NULL;NULL;NULL;NULL;NULL;NULL;NULL;NULL;NULL;NULL;NULL;NULL;NULL;NULL;NULL;NULL;NULL;NULL;NULL;NULL;NULL;NULL;NULL;NULL;NULL;NULL;NULL
NULL;NULL;Pouya Air Lines;NonCust;NULL;0,00;0,00;0,00;0;NULL;0,00;NULL;0,00;NULL;NULL;2021-06-22;Embargo;NULL;NULL;NULL;NULL;NULL;NULL;NULL;NULL;NULL;NULL;NULL;NULL;NULL;NULL;NULL;NULL;NULL;NULL;NULL;NULL;NULL;NULL;NULL;NULL;NULL;NULL;NULL;NULL;NULL
NULL;NULL;Empire Aviation India;Customer via;3;0,00;0,00;0,00;0;2025-07-21;0,00;NULL;0,00;NULL;NULL;NULL;NULL;NULL;NULL;NULL;NULL;NULL;NULL;NULL;NULL;NULL;NULL;NULL;NULL;NULL;NULL;NULL;NULL;NULL;NULL;NULL;NULL;NULL;NULL;NULL;NULL;NULL;NULL;NULL;NULL;NULL
NULL;NULL;(Duplicate) Caspian Airlines;NonCust;NULL;0,00;0,00;0,00;0;NULL;0,00;NULL;0,00;NULL;NULL;2021-06-22;Embargo;NULL;NULL;NULL;NULL;NULL;NULL;NULL;NULL;NULL;NULL;NULL;NULL;NULL;NULL;NULL;NULL;NULL;NULL;NULL;NULL;NULL;NULL;NULL;NULL;NULL;NULL;NULL;NULL;NULL
NULL;NULL;Fastjet Airlines;Customer via;NULL;0,00;0,00;0,00;0;2022-10-01;0,00;NULL;0,00;NULL;NULL;NULL;NULL;NULL;NULL;NULL;NULL;NULL;NULL;NULL;NULL;NULL;NULL;NULL;NULL;NULL;NULL;NULL;NULL;NULL;NULL;NULL;NULL;NULL;NULL;NULL;NULL;NULL;NULL;NULL;NULL;NULL
NULL;NULL;Air Peace;Customer via;2;0,00;0,00;0,00;0;2026-07-01;0,00;NULL;0,00;NULL;NULL;NULL;NULL;NULL;NULL;NULL;NULL;NULL;NULL;NULL;NULL;NULL;NULL;NULL;NULL;NULL;NULL;NULL;NULL;NULL;NULL;NULL;NULL;NULL;NULL;NULL;NULL;NULL;NULL;NULL;NULL;NULL
NULL;NULL;Sepehran Airlines;NonCust;NULL;0,00;0,00;0,00;0;NULL;0,00;NULL;0,00;NULL;NULL;2021-06-22;Embargo;NULL;NULL;NULL;NULL;NULL;NULL;NULL;NULL;NULL;NULL;NULL;NULL;NULL;NULL;NULL;NULL;NULL;NULL;NULL;NULL;NULL;NULL;NULL;NULL;NULL;NULL;NULL;NULL;NULL
NULL;NULL;Uttar Pradesh State Government;Customer via;NULL;0,00;0,00;0,00;0;2024-04-29;0,00;NULL;0,00;NULL;NULL;NULL;NULL;NULL;NULL;NULL;NULL;NULL;NULL;NULL;NULL;NULL;NULL;NULL;NULL;NULL;NULL;NULL;NULL;NULL;NULL;NULL;NULL;NULL;NULL;NULL;NULL;NULL;NULL;NULL;NULL;NULL
NULL;NULL;Pecotox-Air;Customer via;NULL;0,00;0,00;0,00;0;2026-08-03;0,00;NULL;0,00;NULL;NULL;NULL;NULL;NULL;NULL;NULL;NULL;NULL;NULL;NULL;NULL;NULL;NULL;NULL;NULL;NULL;NULL;NULL;NULL;NULL;NULL;NULL;NULL;NULL;NULL;NULL;NULL;NULL;NULL;NULL;NULL;NULL
NULL;NULL;Safal Aviation Pvt Ltd;Customer via;NULL;0,00;0,00;0,00;0;2024-04-29;0,00;NULL;0,00;NULL;NULL;NULL;NULL;NULL;NULL;NULL;NULL;NULL;NULL;NULL;NULL;NULL;NULL;NULL;NULL;NULL;NULL;NULL;NULL;NULL;NULL;NULL;NULL;NULL;NULL;NULL;NULL;NULL;NULL;NULL;NULL;NULL
NULL;NULL;GMR Aviation;Customer via;3;0,00;0,00;0,00;0;2024-04-29;0,00;NULL;0,00;NULL;NULL;NULL;NULL;NULL;NULL;NULL;NULL;NULL;NULL;NULL;NULL;NULL;NULL;NULL;NULL;NULL;NULL;NULL;NULL;NULL;NULL;NULL;NULL;NULL;NULL;NULL;NULL;NULL;NULL;NULL;NULL;NULL
NULL;NULL;Bajaj Aviation;Customer via;3;0,00;0,00;0,00;0;2024-04-29;0,00;NULL;0,00;NULL;NULL;NULL;NULL;NULL;NULL;NULL;NULL;NULL;NULL;NULL;NULL;NULL;NULL;NULL;NULL;NULL;NULL;NULL;NULL;NULL;NULL;NULL;NULL;NULL;NULL;NULL;NULL;NULL;NULL;NULL;NULL;NULL
NULL;NULL;Pars Air;NonCust;NULL;0,00;0,00;0,00;0;NULL;0,00;NULL;0,00;NULL;NULL;NULL;NULL;NULL;NULL;NULL;NULL;NULL;NULL;NULL;NULL;NULL;NULL;NULL;NULL;NULL;NULL;NULL;NULL;NULL;NULL;NULL;NULL;NULL;NULL;NULL;NULL;NULL;NULL;NULL;NULL;NULL
NULL;NULL;Pegas Fly delete;Quarantine;NULL;0,00;0,00;0,00;0;NULL;0,00;NULL;0,00;NULL;NULL;2021-06-23;Duplicate record;NULL;NULL;NULL;NULL;NULL;NULL;NULL;NULL;NULL;NULL;NULL;NULL;NULL;NULL;NULL;NULL;NULL;NULL;NULL;NULL;NULL;NULL;NULL;NULL;NULL;NULL;NULL;NULL;NULL
NULL;NULL;Flightforce SAM;PotCust;NULL;0,00;0,00;0,00;0;NULL;0,00;NULL;0,00;NULL;NULL;2020-10-28;Account never been closed, no usage and no invoices. ACCOUNT CLOSED;NULL;NULL;NULL;NULL;NULL;NULL;NULL;NULL;NULL;NULL;NULL;NULL;NULL;NULL;NULL;NULL;NULL;NULL;NULL;NULL;NULL;NULL;NULL;NULL;NULL;NULL;NULL;NULL;NULL
NULL;NULL;AIR NOSTRUM;PotCust;NULL;0,00;0,00;0,00;0;NULL;0,00;NULL;0,00;NULL;NULL;NULL;Account closed correctly;NULL;NULL;NULL;NULL;NULL;NULL;NULL;NULL;NULL;NULL;NULL;NULL;NULL;NULL;NULL;NULL;NULL;NULL;NULL;NULL;NULL;NULL;NULL;NULL;NULL;NULL;NULL;NULL;NULL
NULL;NULL;Link Airways (Pvt) Limited;NonCust;NULL;0,00;0,00;0,00;0;NULL;0,00;NULL;0,00;NULL;NULL;NULL;NULL;NULL;NULL;NULL;NULL;NULL;NULL;NULL;NULL;NULL;NULL;NULL;NULL;NULL;NULL;NULL;NULL;NULL;NULL;NULL;NULL;NULL;NULL;NULL;NULL;NULL;NULL;NULL;NULL;NULL
NULL;NULL;SAHAND ASIA AIRLINE;NonCust;NULL;0,00;0,00;0,00;0;NULL;0,00;NULL;0,00;NULL;NULL;NULL;NULL;NULL;NULL;NULL;NULL;NULL;NULL;NULL;NULL;NULL;NULL;NULL;NULL;NULL;NULL;NULL;NULL;NULL;NULL;NULL;NULL;NULL;NULL;NULL;NULL;NULL;NULL;NULL;NULL;NULL
NULL;NULL;Futura Travels Pvt Ltd;Customer via;3;0,00;0,00;0,00;0;2024-04-29;0,00;NULL;0,00;NULL;NULL;NULL;NULL;NULL;NULL;NULL;NULL;NULL;NULL;NULL;NULL;NULL;NULL;NULL;NULL;NULL;NULL;NULL;NULL;NULL;NULL;NULL;NULL;NULL;NULL;NULL;NULL;NULL;NULL;NULL;NULL;NULL
NULL;NULL;SKY VISION AIRLINES A Operation;Customer via;NULL;0,00;0,00;0,00;0;2022-08-10;0,00;NULL;0,00;NULL;NULL;NULL;NULL;NULL;NULL;NULL;NULL;NULL;NULL;NULL;NULL;NULL;NULL;NULL;NULL;NULL;NULL;NULL;NULL;NULL;NULL;NULL;NULL;NULL;NULL;NULL;NULL;NULL;NULL;NULL;NULL;NULL
NULL;NULL;Baltic Jet Aircompany;PotCust;NULL;0,00;0,00;0,00;0;NULL;0,00;NULL;0,00;NULL;NULL;NULL;account closed correctly;NULL;NULL;NULL;NULL;NULL;NULL;NULL;NULL;NULL;NULL;NULL;NULL;NULL;NULL;NULL;NULL;NULL;NULL;NULL;NULL;NULL;NULL;NULL;NULL;NULL;NULL;NULL;NULL;NULL
NULL;NULL;Airports Authority of India;Customer via;3;0,00;0,00;0,00;0;2024-04-29;0,00;NULL;0,00;NULL;NULL;NULL;NULL;NULL;NULL;NULL;NULL;NULL;NULL;NULL;NULL;NULL;NULL;NULL;NULL;NULL;NULL;NULL;NULL;NULL;NULL;NULL;NULL;NULL;NULL;NULL;NULL;NULL;NULL;NULL;NULL;NULL
NULL;NULL;INDO PACIFIC AVIATION PVT LTD;Customer via;NULL;0,00;0,00;0,00;0;2024-04-29;0,00;NULL;0,00;NULL;NULL;NULL;NULL;NULL;NULL;NULL;NULL;NULL;NULL;NULL;NULL;NULL;NULL;NULL;NULL;NULL;NULL;NULL;NULL;NULL;NULL;NULL;NULL;NULL;NULL;NULL;NULL;NULL;NULL;NULL;NULL;NULL
NULL;NULL;Jet Business Solutions;Customer via;NULL;0,00;0,00;0,00;0;2026-06-08;0,00;NULL;0,00;NULL;NULL;NULL;NULL;NULL;NULL;NULL;NULL;NULL;NULL;NULL;NULL;NULL;NULL;NULL;NULL;NULL;NULL;NULL;NULL;NULL;NULL;NULL;NULL;NULL;NULL;NULL;NULL;NULL;NULL;NULL;NULL;NULL
NULL;NULL;TAG AVIATION SPAIN;PotCust;NULL;0,00;0,00;0,00;0;NULL;0,00;NULL;0,00;NULL;NULL;NULL;Not been invoiced since 2012 for the access to CB and PPS, now closed;NULL;NULL;NULL;NULL;NULL;NULL;NULL;NULL;NULL;NULL;NULL;NULL;NULL;NULL;NULL;NULL;NULL;NULL;NULL;NULL;NULL;NULL;NULL;NULL;NULL;NULL;NULL;NULL;NULL
NULL;NULL;Karun Airlines;NonCust;NULL;0,00;0,00;0,00;0;NULL;0,00;NULL;0,00;NULL;NULL;2021-06-22;Embargo;NULL;NULL;NULL;NULL;NULL;NULL;NULL;NULL;NULL;NULL;NULL;NULL;NULL;NULL;NULL;NULL;NULL;NULL;NULL;NULL;NULL;NULL;NULL;NULL;NULL;NULL;NULL;NULL;NULL
NULL;NULL;LA COMPAGNIE;PotCust;NULL;0,00;0,00;0,00;0;NULL;0,00;NULL;0,00;NULL;NULL;2020-10-28;Closed, no activities, should have been closed long time ago;NULL;NULL;NULL;NULL;NULL;NULL;NULL;NULL;NULL;NULL;NULL;NULL;NULL;NULL;NULL;NULL;NULL;NULL;NULL;NULL;NULL;NULL;NULL;NULL;NULL;NULL;NULL;NULL;NULL
NULL;NULL;LEAV Aviation;Customer via;NULL;0,00;0,00;0,00;0;2024-05-02;0,00;NULL;0,00;NULL;NULL;NULL;NULL;NULL;NULL;NULL;NULL;NULL;NULL;NULL;NULL;NULL;NULL;NULL;NULL;NULL;NULL;NULL;NULL;NULL;NULL;NULL;NULL;NULL;NULL;NULL;NULL;NULL;NULL;NULL;NULL;NULL
NULL;NULL;Saha Airlines;NonCust;NULL;0,00;0,00;0,00;0;NULL;0,00;NULL;0,00;NULL;NULL;2021-06-22;Embargo;NULL;NULL;NULL;NULL;NULL;NULL;NULL;NULL;NULL;NULL;NULL;NULL;NULL;NULL;NULL;NULL;NULL;NULL;NULL;NULL;NULL;NULL;NULL;NULL;NULL;NULL;NULL;NULL;NULL
NULL;NULL;Global Air Transport;Customer via;NULL;0,00;0,00;0,00;0;2024-12-20;0,00;NULL;0,00;NULL;NULL;NULL;NULL;NULL;NULL;NULL;NULL;NULL;NULL;NULL;NULL;NULL;NULL;NULL;NULL;NULL;NULL;NULL;NULL;NULL;NULL;NULL;NULL;NULL;NULL;NULL;NULL;NULL;NULL;NULL;NULL;NULL
NULL;NULL;BRIT AIR;NonCust;NULL;0,00;0,00;0,00;0;NULL;0,00;NULL;0,00;NULL;NULL;NULL;account closed correctly;NULL;NULL;NULL;NULL;NULL;NULL;NULL;NULL;NULL;NULL;NULL;NULL;NULL;NULL;NULL;NULL;NULL;NULL;NULL;NULL;NULL;NULL;NULL;NULL;NULL;NULL;NULL;NULL;NULL
NULL;NULL;SOS International Ambulance Service A.S;Customer via;NULL;0,00;0,00;0,00;0;2026-07-01;0,00;NULL;0,00;NULL;NULL;NULL;NULL;NULL;NULL;NULL;NULL;NULL;NULL;NULL;NULL;NULL;NULL;NULL;NULL;NULL;NULL;NULL;NULL;NULL;NULL;NULL;NULL;NULL;NULL;NULL;NULL;NULL;NULL;NULL;NULL;NULL
NULL;NULL;Aviation-Horizons;NonCust;NULL;0,00;0,00;0,00;0;NULL;0,00;NULL;0,00;NULL;NULL;2022-01-07;wrongly registered doublet - correct company is Aviation Horizons;NULL;NULL;NULL;NULL;NULL;NULL;NULL;NULL;NULL;NULL;NULL;NULL;NULL;NULL;NULL;NULL;NULL;NULL;NULL;NULL;NULL;NULL;NULL;NULL;NULL;NULL;NULL;NULL;NULL
NULL;NULL;EXPRESSJET Inc.;NonCust;NULL;0,00;0,00;0,00;0;NULL;0,00;NULL;0,00;NULL;NULL;NULL;Ceased;NULL;NULL;NULL;NULL;NULL;NULL;NULL;NULL;NULL;NULL;NULL;NULL;NULL;NULL;NULL;NULL;NULL;NULL;NULL;NULL;NULL;NULL;NULL;NULL;NULL;NULL;NULL;NULL;NULL
NULL;NULL;Amelia International;Customer via;NULL;0,00;0,00;0,00;0;2026-05-20;0,00;NULL;0,00;NULL;NULL;NULL;NULL;NULL;NULL;NULL;NULL;NULL;NULL;NULL;NULL;NULL;NULL;NULL;NULL;NULL;NULL;NULL;NULL;NULL;NULL;NULL;NULL;NULL;NULL;NULL;NULL;NULL;NULL;NULL;NULL;NULL
NULL;NULL;ALITALIA;PotCust;NULL;0,00;0,00;0,00;0;NULL;0,00;NULL;0,00;NULL;NULL;NULL;Account closed correctly;NULL;NULL;NULL;NULL;NULL;NULL;NULL;NULL;NULL;NULL;NULL;NULL;NULL;NULL;NULL;NULL;NULL;NULL;NULL;NULL;NULL;NULL;NULL;NULL;NULL;NULL;NULL;NULL;NULL
NULL;NULL;TOP JETS WORLD WIDE;NonCust;NULL;0,00;0,00;0,00;0;2024-04-23;0,00;NULL;0,00;NULL;NULL;NULL;NULL;NULL;NULL;NULL;NULL;NULL;NULL;NULL;NULL;NULL;NULL;NULL;NULL;NULL;NULL;NULL;NULL;NULL;NULL;NULL;NULL;NULL;NULL;NULL;NULL;NULL;NULL;NULL;NULL;NULL
NULL;NULL;BATOT AIR;Customer via;NULL;0,00;0,00;0,00;0;2026-08-03;0,00;NULL;0,00;NULL;NULL;NULL;NULL;NULL;NULL;NULL;NULL;NULL;NULL;NULL;NULL;NULL;NULL;NULL;NULL;NULL;NULL;NULL;NULL;NULL;NULL;NULL;NULL;NULL;NULL;NULL;NULL;NULL;NULL;NULL;NULL;NULL
NULL;NULL;Specsavers (Cust with Signum);Customer via;NULL;0,00;0,00;0,00;0;2025-05-05;0,00;NULL;0,00;NULL;NULL;NULL;NULL;NULL;NULL;NULL;NULL;NULL;NULL;NULL;NULL;NULL;NULL;NULL;NULL;NULL;NULL;NULL;NULL;NULL;NULL;NULL;NULL;NULL;NULL;NULL;NULL;NULL;NULL;NULL;NULL;NULL
NULL;NULL;SYRIAN ARAB AIRLINES;NonCust;NULL;0,00;0,00;0,00;0;NULL;0,00;NULL;0,00;NULL;NULL;NULL;NULL;NULL;NULL;NULL;NULL;NULL;NULL;NULL;NULL;NULL;NULL;NULL;NULL;NULL;NULL;NULL;NULL;NULL;NULL;NULL;NULL;NULL;NULL;NULL;NULL;NULL;NULL;NULL;NULL;NULL
NULL;NULL;Spire Flight Solutions;NonCust;NULL;0,00;0,00;0,00;0;NULL;0,00;NULL;0,00;NULL;NULL;NULL;NULL;NULL;NULL;NULL;NULL;NULL;NULL;NULL;NULL;NULL;NULL;NULL;NULL;NULL;NULL;NULL;NULL;NULL;NULL;NULL;NULL;NULL;NULL;NULL;NULL;NULL;NULL;NULL;NULL;NULL
NULL;NULL;UVT aero;Quarantine;NULL;0,00;0,00;0,00;0;NULL;0,00;NULL;0,00;NULL;NULL;NULL;NULL;NULL;NULL;NULL;NULL;NULL;NULL;NULL;NULL;NULL;NULL;NULL;NULL;NULL;NULL;NULL;NULL;NULL;NULL;NULL;NULL;NULL;NULL;NULL;NULL;NULL;NULL;NULL;NULL;NULL
NULL;NULL;ETT Aviation;NonCust;NULL;0,00;0,00;0,00;0;NULL;0,00;NULL;0,00;NULL;NULL;NULL;Closed correctly;NULL;NULL;NULL;NULL;NULL;NULL;NULL;NULL;NULL;NULL;NULL;NULL;NULL;NULL;NULL;NULL;NULL;NULL;NULL;NULL;NULL;NULL;NULL;NULL;NULL;NULL;NULL;NULL;NULL
NULL;NULL;Seaborne Virgin Islands;NonCust;NULL;0,00;0,00;0,00;0;NULL;0,00;NULL;0,00;NULL;NULL;2025-07-10;Bankruptcy;NULL;NULL;NULL;NULL;NULL;NULL;NULL;NULL;NULL;NULL;NULL;NULL;NULL;NULL;NULL;NULL;NULL;NULL;NULL;NULL;NULL;NULL;NULL;NULL;NULL;NULL;NULL;NULL;NULL
NULL;NULL;Apco Infratech;Customer via;3;0,00;0,00;0,00;0;2024-04-29;0,00;NULL;0,00;NULL;NULL;NULL;NULL;NULL;NULL;NULL;NULL;NULL;NULL;NULL;NULL;NULL;NULL;NULL;NULL;NULL;NULL;NULL;NULL;NULL;NULL;NULL;NULL;NULL;NULL;NULL;NULL;NULL;NULL;NULL;NULL;NULL
NULL;NULL;Merlot Aero Ltd;NonCust;NULL;0,00;0,00;0,00;0;NULL;0,00;NULL;0,00;NULL;NULL;NULL;NULL;NULL;NULL;NULL;NULL;NULL;NULL;NULL;NULL;NULL;NULL;NULL;NULL;NULL;NULL;NULL;NULL;NULL;NULL;NULL;NULL;NULL;NULL;NULL;NULL;NULL;NULL;NULL;NULL;NULL
NULL;NULL;Taftan Airlines;NonCust;NULL;0,00;0,00;0,00;0;NULL;0,00;NULL;0,00;NULL;NULL;2021-06-22;Embargo;NULL;NULL;NULL;NULL;NULL;NULL;NULL;NULL;NULL;NULL;NULL;NULL;NULL;NULL;NULL;NULL;NULL;NULL;NULL;NULL;NULL;NULL;NULL;NULL;NULL;NULL;NULL;NULL;NULL
COM11005;COM11005;ACM AIR CHARTER LUFTFAHRT;Customer;2;5,00;0,00;0,00;0;1998-02-01;8,00;NULL;0,00;NULL;NULL;NULL;NULL;Germany - DE - Europe;0.00;6;146,205.00;85,260.00;87,064.00;148,008.00;ACM AIR CHARTER LUFTFAHRT;DE;0;93770,92;139919,70;122423,86;101247,31;106818,39;113171,34;151933,36;161151,40;148008,45;94922,96;49;-13;-17;6;6;34;6;-8;-36
COM11015;COM11015;AIR ALSIE A/S;Customer;1;20,00;27,00;17,00;0;1989-12-01;8,00;NULL;0,00;NULL;NULL;NULL;NULL;Denmark - DK - Europe;0.00;32;818,737.00;495,384.00;460,864.00;784,217.00;AIR ALSIE A/S;DK;0;282349,71;311844,62;274367,56;306522,66;322819,74;328049,16;566795,81;1062289,26;848481,96;561719,08;10;-12;12;5;2;73;87;-20;-34
COM11025;COM11025;AIRLINK GmbH;Customer;2;5,00;0,00;0,00;0;1994-10-01;8,00;NULL;0,00;NULL;NULL;NULL;NULL;Austria - AT - Europe;0.00;13;-96,148.00;51,891.00;167,768.00;19,730.00;AIRLINK GmbH;AT;0;96180,62;101611,82;105371,78;110414,24;110329,12;129612,19;149340,18;160448,31;187560,96;60303,62;6;4;5;0;17;15;7;17;-68
COM11039;COM11039;AVANTI AIR GmbH & Co. KG;Customer;3;2,00;2,00;0,00;0;1996-07-01;8,00;NULL;0,00;NULL;NULL;NULL;NULL;Germany - DE - Europe;0.00;2;154,474.00;93,016.00;84,600.00;146,059.00;AVANTI AIR GmbH & Co. KG;DE;0;86008,39;90882,55;92328,27;107828,07;101293,19;111949,93;39456,53;104074,80;146058,63;106386,69;6;2;17;-6;11;-65;164;40;-27
COM11046;NULL;NULL;NULL;NULL;NULL;NULL;NULL;NULL;NULL;NULL;NULL;NULL;NULL;NULL;NULL;NULL;NULL;NULL;NULL;NULL;NULL;NULL;NULL;BERGEN AIR TRANSPORT A/S;NO;3;7152,00;0,00;0,00;0,00;0,00;0,00;0,00;0,00;0,00;0,00;-100;NULL;NULL;NULL;NULL;NULL;NULL;NULL;NULL
COM11063;COM11063;Challenge Aero Ukraine;Customer;NULL;0,00;0,00;0,00;0;2004-08-01;8,00;NULL;0,00;NULL;NULL;NULL;NULL;Ukraine - UA - Europe;0.00;0;0.00;0.00;0.00;0.00;Challenge Aero Ukraine;UA;0;63339,90;70998,50;70110,39;73703,01;73502,37;0,00;0,00;0,00;0,00;0,00;12;-1;5;0;-100;NULL;NULL;NULL;NULL
COM11064;NULL;NULL;NULL;NULL;NULL;NULL;NULL;NULL;NULL;NULL;NULL;NULL;NULL;NULL;NULL;NULL;NULL;NULL;NULL;NULL;NULL;NULL;NULL;CHALLENGE AIR;DE;3;62520,40;66297,55;0,00;0,00;0,00;0,00;0,00;0,00;0,00;0,00;6;-100;NULL;NULL;NULL;NULL;NULL;NULL;NULL
COM11083;COM11083;EISELE Flugdienst GmbH;Customer;3;7,00;0,00;0,00;0;2000-02-01;8,00;NULL;0,00;NULL;NULL;NULL;NULL;Germany - DE - Europe;0.00;7;174,274.00;106,839.00;95,176.00;162,610.00;EISELE Flugdienst GmbH;DE;0;98841,01;116091,64;103079,18;109227,97;155218,01;175621,98;175486,54;181549,03;177423,21;106839,17;17;-11;6;42;13;0;3;-2;-40
COM11098;NULL;NULL;NULL;NULL;NULL;NULL;NULL;NULL;NULL;NULL;NULL;NULL;NULL;NULL;NULL;NULL;NULL;NULL;NULL;NULL;NULL;NULL;NULL;ASL Airlines (Switzerland) Ltd.;CH;3;306923,61;3052,27;0,00;0,00;0,00;0,00;0,00;0,00;0,00;0,00;-99;-100;NULL;NULL;NULL;NULL;NULL;NULL;NULL
COM11102;COM11102;Flying Service (Flying Group);Customer;2;30,00;0,00;0,00;0;1999-12-01;8,00;NULL;0,00;NULL;NULL;NULL;NULL;Belgium - BE - Europe;0.00;24;345,162.00;0.00;0.00;345,162.00;Flying Service;BE;0;172471,23;194997,47;238075,27;287466,18;225051,13;251727,76;272069,31;320455,38;341756,10;0,00;13;22;21;-22;12;8;18;7;-100
COM11109;NULL;NULL;NULL;NULL;NULL;NULL;NULL;NULL;NULL;NULL;NULL;NULL;NULL;NULL;NULL;NULL;NULL;NULL;NULL;NULL;NULL;NULL;NULL;GFD GmbH;DE;3;121524,40;151159,79;69870,68;0,00;0,00;0,00;0,00;0,00;0,00;0,00;24;-54;-100;NULL;NULL;NULL;NULL;NULL;NULL
COM11128;COM11128;JetNetherlands BV (ASL nv);Customer;3;7,00;0,00;0,00;0;2002-11-01;8,00;NULL;0,00;NULL;NULL;NULL;NULL;Netherlands - NL - Europe;12,022.00;8;120,808.00;76,685.00;61,721.00;105,845.00;JetNetherlands BV;NL;0;1750,75;103420,10;82231,68;119762,42;132649,12;128991,28;118395,92;118694,22;105844,73;88706,52;5807;-20;46;11;-3;-8;0;-11;-16
COM11129;COM11129;JIVAIR AB;Customer;3;1,00;0,00;0,00;0;1992-03-01;8,00;NULL;0,00;NULL;NULL;NULL;NULL;Sweden - SE - Europe;0.00;1;31,475.00;15,938.00;14,630.00;30,166.00;Jivair AB;SE;0;38133,94;38302,47;43849,98;45482,99;11789,63;31727,66;25342,06;26994,50;30166,20;15938,46;0;14;4;-74;169;-20;7;12;-47
COM11152;COM11152;NORTH FLYING A/S;Customer;2;6,00;2,00;0,00;0;1990-12-01;8,00;NULL;0,00;NULL;NULL;NULL;NULL;Denmark - DK - Europe;0.00;8;142,130.00;89,644.00;75,532.00;128,019.00;NORTH FLYING A/S;DK;0;135552,01;140436,71;123336,06;115427,87;115165,77;123754,56;143239,62;114084,91;126316,82;88649,72;4;-12;-6;0;7;16;-20;11;-30
COM11182;COM11182;Sundt Air AS;PotCust;NULL;0,00;0,00;0,00;0;1999-06-01;0,00;NULL;0,00;NULL;NULL;NULL;NULL;Norway - NO - Europe;0.00;0;0.00;0.00;0.00;0.00;Sundt Air AS;NO;0;NULL;NULL;NULL;NULL;NULL;NULL;NULL;NULL;NULL;NULL;NULL;NULL;NULL;NULL;NULL;NULL;NULL;NULL;NULL
COM11189;COM11189;FÖRSVARSMAKTEN (SWEDISH AIR FORCE);NonCust;NULL;0,00;0,00;0,00;0;1999-11-09;0,00;2025-09-30;382.000,00;2024-09-01;Charts, stay funktion,;NULL;NULL;Sweden - SE - Europe;0.00;0;0.00;0.00;0.00;0.00;FÖRSVARSMAKTEN (SWEDISH AIR FORCE);SE;0;399271,58;420582,00;425264,88;40721,96;0,00;0,00;0,00;0,00;0,00;0,00;5;1;-90;-100;NULL;NULL;NULL;NULL;NULL
COM11312;COM11312;Luxaviation S.A. (Part of Luxaviation Group);PotCust;3;0,00;0,00;0,00;0;2018-10-01;0,00;2024-04-30;70.683,00;2024-03-19;Group deal, going to;2024-05-01;Group deal, going to;Luxembourg - LU - Europe;0.00;3;0.00;0.00;0.00;0.00;Luxaviation S.A.;LU;3;0,00;0,00;0,00;0,00;152539,40;63342,08;68157,19;26740,65;0,00;0,00;NULL;NULL;NULL;NULL;-58;8;-61;-100;NULL
COM11319;COM11319;MEDAVIA;PotCust;NULL;0,00;0,00;0,00;0;2006-12-01;8,00;2025-10-31;14.009,00;2025-10-31;Havent  used PPS for 5 Years. AC parked. Might resume operations at some time.;2025-05-27;missing payment;Malta - MT - Europe;0.00;0;0.00;0.00;5,014.00;5,014.00;MEDAVIA;MT;3;64099,80;79208,74;88090,82;71890,91;21060,92;12408,95;12965,33;14009,14;5013,96;0,00;24;11;-18;-71;-41;4;8;-64;-100
COM11343;COM11343;ASL nv (Air Service Leige NV) MOTHER COMPANY;Customer;2;28,00;0,00;0,00;0;2006-02-01;8,00;NULL;0,00;NULL;NULL;NULL;NULL;Belgium - BE - Europe;61,085.00;30;386,968.00;225,545.00;192,841.00;354,264.00;ASL nv;BE;0;44264,92;140225,14;191396,50;238861,72;311594,82;320328,37;300374,90;318950,63;354263,70;314442,57;217;36;25;30;3;-6;6;11;-11
COM11350;COM11350;Q-Gate & Interflight Services;Customer;3;0,00;0,00;0,00;0;2006-10-01;100,00;NULL;0,00;NULL;NULL;NULL;No communication, no payment;Germany - DE - Europe;0.00;0;50,343.00;25,920.00;21,983.00;46,406.00;Q-Gate & Interflight Services;DE;0;105661,49;59272,31;47939,44;49107,30;105524,65;76768,56;43045,24;46061,61;48400,85;25920,29;-44;-19;2;115;-27;-44;7;5;-46
COM11411;COM11411;Papier-Mettler KG;PotCust;NULL;0,00;0,00;0,00;0;2007-08-01;8,00;2025-01-01;50.516,00;2025-01-31;due to some reorganisation at flight department, and Route Generation;2025-03-03;due to some reorganisation at flight department, and Route Generation;Germany - DE - Europe;0.00;2;0.00;0.00;9,018.00;9,018.00;Papier-Mettler KG;DE;3;22638,69;24575,40;28601,34;41189,10;41095,57;43089,01;46764,62;54586,77;9017,71;0,00;9;16;44;0;5;9;17;-83;-100
COM11416;COM11416;HTM Jet Service GmbH & Co KG;PotCust;NULL;0,00;0,00;0,00;0;2007-08-01;0,00;NULL;0,00;NULL;NULL;2021-04-06;Terminated agreement December 16-12-2020, with effect from March 31, 2021. Company will be closed down;Germany - DE - Europe;0.00;0;0.00;0.00;0.00;0.00;HTM Jet Service GmbH & Co KG;DE;3;117827,71;74355,47;76848,93;66152,71;11679,39;0,00;0,00;0,00;0,00;0,00;-37;3;-14;-82;-100;NULL;NULL;NULL;NULL
COM11438;COM11438;AMAPOLA FLYG AB;Customer;2;11,00;0,00;0,00;0;2007-10-01;8,00;NULL;0,00;NULL;NULL;NULL;NULL;Sweden - SE - Europe;0.00;12;446,419.00;266,370.00;247,761.00;427,809.00;AMAPOLA FLYG AB;SE;0;179402,71;247909,55;440120,28;203109,04;202937,15;84978,33;313562,92;378903,83;427809,28;302902,19;38;78;-54;0;-58;269;21;13;-29
COM11507;COM11507;AER ARANN Ltd. (STOBART);NonCust;NULL;0,00;0,00;0,00;0;2008-09-01;0,00;NULL;0,00;NULL;NULL;2021-09-28;Customer bankrupt, account been active since bankruptcy to assist if need. No com and activities, account now closed;Ireland - IE - Europe;0.00;0;0.00;0.00;0.00;0.00;AER ARANN Ltd.;IE;3;191811,43;220910,53;252396,56;351975,58;0,00;0,00;0,00;0,00;0,00;0,00;15;14;39;-100;NULL;NULL;NULL;NULL;NULL
COM11518;COM11518;MAERSK AIR CARGO (Tidligere STAR AIR);Pending Closure;1;19,00;0,00;0,00;0;2011-11-01;8,00;2031-10-30;1.252.317,00;2026-03-31;Lasse Bay Hansen;NULL;NULL;Denmark - DK - Europe;112,152.00;20;1,304,907.00;788,531.00;735,941.00;1,252,317.00;MAERSK AIR CARGO A/S;DK;0;503057,53;519663,58;655001,42;646432,00;124862,07;830714,91;1111472,59;1353496,95;1317859,57;788531,15;3;26;-1;-81;565;34;22;-3;-40
COM11611;COM11611;Cimber A/S;NonCust;NULL;0,00;0,00;0,00;0;NULL;0,00;NULL;0,00;NULL;NULL;NULL;Bankrupt;NULL;0.00;0;0.00;0.00;0.00;0.00;Cimber A/S;;3;NULL;NULL;NULL;NULL;NULL;NULL;NULL;NULL;NULL;NULL;NULL;NULL;NULL;NULL;NULL;NULL;NULL;NULL;NULL
COM11742;COM11742;JETBASE;PotCust;NULL;0,00;0,00;0,00;0;2013-01-01;0,00;2024-08-30;88.651,00;2024-06-30;Staff shortage forces them to shut-down business. (termination extended to 30 august 2024);2024-09-02;Staff shortage forces them to shut-down business. (termination extended to 30 august 2024);Portugal - PT - Europe;0.00;0;0.00;0.00;0.00;0.00;JETBASE;PT;3;328885,84;137457,17;95434,09;55412,60;50648,61;73985,86;105602,17;63082,25;0,00;0,00;-58;-31;-42;-9;46;43;-40;-100;NULL
COM11777;NULL;NULL;NULL;NULL;NULL;NULL;NULL;NULL;NULL;NULL;NULL;NULL;NULL;NULL;NULL;NULL;NULL;NULL;NULL;NULL;NULL;NULL;NULL;Karun Airline;IR;3;239592,00;40095,90;0,00;0,00;0,00;0,00;0,00;0,00;0,00;0,00;-83;-100;NULL;NULL;NULL;NULL;NULL;NULL;NULL
COM11843;COM11843;ENAV S.p.A. Flight Inspection Dept.;PotCust;NULL;0,00;0,00;0,00;0;2010-04-01;0,00;NULL;0,00;NULL;NULL;2023-03-31;Contract ended by customer;Italy - IT - Europe;0.00;0;0.00;0.00;0.00;0.00;ENAV S.p.A. Flight Inspection Dept.;IT;3;53260,05;56433,75;43190,86;46304,67;44406,33;49711,89;0,00;0,00;0,00;0,00;6;-23;7;-4;12;-100;NULL;NULL;NULL
COM11865;COM11865;CityJet DAC;Customer;1;22,00;21,00;0,00;0;2017-06-01;4,00;NULL;0,00;NULL;NULL;NULL;NULL;Ireland - IE - Europe;53,845.00;22;635,458.00;377,470.00;368,331.00;626,319.00;CityJet DAC;IE;0;560908,27;831549,51;714097,98;402706,57;317375,41;502430,63;546000,73;570712,49;626319,03;377469,79;48;-14;-44;-21;58;9;5;10;-40
COM11870;NULL;NULL;NULL;NULL;NULL;NULL;NULL;NULL;NULL;NULL;NULL;NULL;NULL;NULL;NULL;NULL;NULL;NULL;NULL;NULL;NULL;NULL;NULL;PAD AVIATION SERVICE GmbH;DE;3;143763,77;43612,30;0,00;0,00;0,00;0,00;0,00;0,00;0,00;0,00;-70;-100;NULL;NULL;NULL;NULL;NULL;NULL;NULL
COM11885;COM11885;AJ PRODUKTER AB;PotCust;NULL;0,00;0,00;0,00;0;2011-11-01;0,00;NULL;0,00;NULL;NULL;2021-09-15;No need for own account, they have aircraft on Hummingbird AOC;Sweden - SE - Europe;0.00;0;0.00;0.00;0.00;0.00;AJ PRODUKTER AB;SE;3;24257,95;25667,04;25652,45;27240,43;26908,13;0,00;0,00;0,00;0,00;0,00;6;0;6;-1;-100;NULL;NULL;NULL;NULL
COM11887;COM11887;Avcon Jet AG;PotCust;NULL;0,00;0,00;0,00;0;NULL;0,00;NULL;0,00;NULL;NULL;2023-05-19;NULL;Austria - AT - Europe;0.00;0;0.00;0.00;0.00;0.00;Avcon Jet AG;AT;0;NULL;NULL;NULL;NULL;NULL;NULL;NULL;NULL;NULL;NULL;NULL;NULL;NULL;NULL;NULL;NULL;NULL;NULL;NULL
COM11892;COM11892;2 Excel Aviation Limited;PotCust;NULL;0,00;0,00;0,00;0;2011-04-01;0,00;NULL;63.478,00;2023-04-30;Moving to Jeppesen product;2023-04-03;Moved to another supplier;United Kingdom of Great Britain and Northern Ireland - GB - Europe;0.00;0;0.00;0.00;0.00;0.00;2 Excel Aviation Limited;GB;3;68167,50;83519,92;60098,63;71049,03;72612,69;68204,89;12764,51;0,00;0,00;0,00;23;-28;18;2;-6;-81;-100;NULL;NULL
COM11910;COM11910;Air Europa;PotCust;NULL;0,00;0,00;0,00;0;NULL;0,00;NULL;0,00;NULL;NULL;NULL;Account closed correctly;Spain - ES - Europe;0.00;60;0.00;0.00;0.00;0.00;Air Europa;ES;3;NULL;NULL;NULL;NULL;NULL;NULL;NULL;NULL;NULL;NULL;NULL;NULL;NULL;NULL;NULL;NULL;NULL;NULL;NULL
COM11950;NULL;NULL;NULL;NULL;NULL;NULL;NULL;NULL;NULL;NULL;NULL;NULL;NULL;NULL;NULL;NULL;NULL;NULL;NULL;NULL;NULL;NULL;NULL;AviaNet24 dooel;MK;3;90364,03;0,00;0,00;0,00;0,00;0,00;0,00;0,00;0,00;0,00;-100;NULL;NULL;NULL;NULL;NULL;NULL;NULL;NULL
COM12041;NULL;NULL;NULL;NULL;NULL;NULL;NULL;NULL;NULL;NULL;NULL;NULL;NULL;NULL;NULL;NULL;NULL;NULL;NULL;NULL;NULL;NULL;NULL;IRAN AIRTOUR AIRLINE;IR;3;125627,58;166015,13;0,00;0,00;0,00;0,00;0,00;0,00;0,00;0,00;32;-100;NULL;NULL;NULL;NULL;NULL;NULL;NULL
COM12182;NULL;NULL;NULL;NULL;NULL;NULL;NULL;NULL;NULL;NULL;NULL;NULL;NULL;NULL;NULL;NULL;NULL;NULL;NULL;NULL;NULL;NULL;NULL;Gestión Aeronautica Integral Canaria, S.L.;ES;3;596640,63;654548,49;457534,55;0,00;0,00;0,00;0,00;0,00;0,00;0,00;10;-30;-100;NULL;NULL;NULL;NULL;NULL;NULL
COM12189;COM12189;AEROGATE S.L.;PotCust;NULL;0,00;0,00;0,00;0;2012-05-01;0,00;NULL;0,00;NULL;NULL;2021-11-10;BK/LN:  Unblocked 10/11-21 for new offer        MB: To be closed end of 2020, see history;Spain - ES - Europe;0.00;1;0.00;0.00;0.00;0.00;AEROGATE S.L.;ES;0;74814,76;80590,34;117140,11;77740,20;0,00;0,00;0,00;0,00;0,00;0,00;8;45;-34;-100;NULL;NULL;NULL;NULL;NULL
COM12207;COM12207;United Aviation Services, S.L.;Customer;3;0,00;0,00;0,00;0;2012-02-20;0,00;NULL;0,00;NULL;NULL;NULL;NULL;Spain - ES - Europe;0.00;0;9,588.00;9,588.00;9,581.00;9,581.00;United Aviation Services, S.L.;ES;0;8493,00;8493,00;8508,62;8966,76;8923,32;9374,90;9379,82;8946,00;9580,95;9588,14;0;0;5;0;5;0;-5;7;0
COM12254;COM12254;Biltema Nordic;PotCust;NULL;0,00;0,00;0,00;0;NULL;0,00;NULL;0,00;NULL;NULL;NULL;NULL;Sweden - SE - Europe;0.00;0;0.00;0.00;0.00;0.00;Biltema Nordic Services AB;SE;0;NULL;NULL;NULL;NULL;NULL;NULL;NULL;NULL;NULL;NULL;NULL;NULL;NULL;NULL;NULL;NULL;NULL;NULL;NULL
COM12255;COM12255;Lux Flight Solutions SA;Customer;2;12,00;0,00;0,00;0;2011-10-01;100,00;NULL;0,00;NULL;NULL;NULL;NULL;Luxembourg - LU - Europe;0.00;27;359,206.00;164,866.00;180,553.00;374,893.00;Lux Flight Solutions SA;LU;0;105801,92;193480,52;199931,87;303310,24;219931,38;395489,37;467066,23;386488,05;375166,74;174037,16;83;3;52;-27;80;18;-17;-3;-54
COM12280;NULL;NULL;NULL;NULL;NULL;NULL;NULL;NULL;NULL;NULL;NULL;NULL;NULL;NULL;NULL;NULL;NULL;NULL;NULL;NULL;NULL;NULL;NULL;Backbone Aviation A/S;DK;3;38307,90;4127,30;0,00;0,00;0,00;0,00;0,00;0,00;0,00;0,00;-89;-100;NULL;NULL;NULL;NULL;NULL;NULL;NULL
COM12343;COM12343;Aerotaxi Prague (CB WX only);Customer;3;0,00;0,00;0,00;0;2012-03-01;0,00;NULL;0,00;NULL;NULL;NULL;NULL;Czechia - CZ - Europe;0.00;0;2,977.00;2,977.00;2,971.00;2,971.00;Aerotaxi s.r.o.;CZ;0;2346,75;2462,97;2467,50;2470,34;2458,37;2678,54;2702,28;2776,47;2971,39;2976,77;5;0;0;0;9;1;3;7;0
COM12402;NULL;NULL;NULL;NULL;NULL;NULL;NULL;NULL;NULL;NULL;NULL;NULL;NULL;NULL;NULL;NULL;NULL;NULL;NULL;NULL;NULL;NULL;NULL;SIAVIA D.O.O.;SI;3;98116,50;96510,35;0,00;0,00;0,00;0,00;0,00;0,00;0,00;0,00;-2;-100;NULL;NULL;NULL;NULL;NULL;NULL;NULL
COM12441;COM12441;CRONOS AIRLINES;Customer;3;2,00;0,00;0,00;0;2013-02-01;8,00;NULL;0,00;NULL;NULL;NULL;NULL;Equatorial Guinea - GQ - Africa;2,704.00;3;54,199.00;0.00;0.00;54,199.00;CRONOS AIRLINES;GQ;0;92134,15;199028,18;116195,72;86370,27;73799,83;164376,40;162360,83;140272,47;54199,12;0,00;116;-42;-26;-15;123;-1;-14;-61;-100
COM12450;NULL;NULL;NULL;NULL;NULL;NULL;NULL;NULL;NULL;NULL;NULL;NULL;NULL;NULL;NULL;NULL;NULL;NULL;NULL;NULL;NULL;NULL;NULL;FFS Future Flight Support;TR;3;33972,00;38609,92;35834,68;0,00;0,00;0,00;0,00;0,00;0,00;0,00;14;-7;-100;NULL;NULL;NULL;NULL;NULL;NULL
COM12462;NULL;NULL;NULL;NULL;NULL;NULL;NULL;NULL;NULL;NULL;NULL;NULL;NULL;NULL;NULL;NULL;NULL;NULL;NULL;NULL;NULL;NULL;NULL;MH AVIATION SERVICES (Pty) Ltd.;ZA;3;3389,75;0,00;0,00;0,00;0,00;0,00;0,00;0,00;0,00;0,00;-100;NULL;NULL;NULL;NULL;NULL;NULL;NULL;NULL
COM12489;COM12489;OYONNAIR;Customer;3;13,00;0,00;0,00;0;2013-03-01;8,00;NULL;0,00;NULL;NULL;NULL;NULL;France - FR - Europe;19,985.00;8;204,584.00;132,830.00;82,473.00;154,228.00;OYONNAIR;FR;0;160845,50;165166,27;155371,33;141906,38;106275,53;109337,82;129896,28;140154,14;154227,50;132829,52;3;-6;-9;-25;3;19;8;10;-14
COM12529;COM12529;ARCUS AIR GmbH. & Co KG;Customer via;NULL;0,00;0,00;0,00;0;2025-01-15;0,00;NULL;0,00;NULL;NULL;NULL;Another flight planning system chosen;Germany - DE - Europe;0.00;8;0.00;0.00;0.00;0.00;ARCUS AIR GmbH. & Co KG;DE;3;NULL;NULL;NULL;NULL;NULL;NULL;NULL;NULL;NULL;NULL;NULL;NULL;NULL;NULL;NULL;NULL;NULL;NULL;NULL
COM12577;COM12577;ASISTIM (SITA);Customer;1;40,00;8,00;0,00;0;2013-09-01;0,00;NULL;0,00;NULL;NULL;NULL;NULL;Germany - DE - Europe;0.00;39;1,010,490.00;635,862.00;560,116.00;934,744.00;ASISTIM;DE;0;1264900,78;1371862,52;1127963,69;783261,54;681588,79;918552,48;1007439,57;988260,59;1055673,80;817644,77;8;-18;-31;-13;35;10;-2;7;-23
COM12587;COM12587;Ministry of defence SAF Airlift;Customer;3;4,00;4,00;3,00;0;2014-03-01;8,00;NULL;0,00;NULL;NULL;NULL;NULL;Slovenia - SI - Europe;14,012.00;4;181,768.00;97,737.00;81,482.00;165,513.00;Ministry of defence;SI;0;31468,80;51156,78;51960,29;54423,87;43951,29;47681,59;74662,44;111119,92;165513,32;97736,69;63;2;5;-19;8;57;49;49;-41
COM12595;COM12595;Helvetic Airways AG;Customer;1;19,00;22,00;0,00;0;2014-07-01;8,00;NULL;0,00;NULL;NULL;NULL;NULL;Switzerland - CH - Europe;0.00;22;975,465.00;600,716.00;514,030.00;888,779.00;Helvetic Airways AG;CH;0;309436,50;333003,82;341607,70;329995,54;367409,29;461175,62;675838,69;781409,38;887077,15;599721,85;8;3;-3;11;26;47;16;14;-32
COM12600;NULL;NULL;NULL;NULL;NULL;NULL;NULL;NULL;NULL;NULL;NULL;NULL;NULL;NULL;NULL;NULL;NULL;NULL;NULL;NULL;NULL;NULL;NULL;EXECUTIVE SKY DISPATCH AND;LB;3;52496,80;174724,94;14936,20;0,00;0,00;0,00;0,00;0,00;0,00;0,00;233;-91;-100;NULL;NULL;NULL;NULL;NULL;NULL
COM12620;COM12620;ZENITH AVIATION LIMITED;NonCust;3;3,00;0,00;0,00;0;2014-02-01;8,00;2026-03-16;108.990,00;2026-03-31;Customer shutting down activity.  3700 EUR unpaid invoices.;2026-02-24;Lack of payment;United Kingdom of Great Britain and Northern Ireland - GB - Europe;0.00;4;57,060.00;7,870.00;74,056.00;123,246.00;ZENITH AVIATION LIMITED;GB;3;101862,73;81783,41;81404,71;131032,67;157098,19;136007,18;137764,39;157273,78;121544,62;7727,71;-20;0;61;20;-13;1;14;-23;-94
COM12638;COM12638;JETCORP;NonCust;NULL;0,00;0,00;0,00;0;2014-07-01;0,00;2024-04-30;43.325,00;2024-04-30;No more Tails left, shutting down business.;2024-05-02;No more Tails left, shutting down business. Skyldig saldo betalt 23.05.2024;France - FR - Europe;0.00;1;0.00;0.00;0.00;0.00;JETCORP;FR;3;41297,96;55837,93;47619,81;48046,15;56344,79;56525,26;43325,16;10976,26;0,00;0,00;35;-15;1;17;0;-23;-75;-100;NULL
COM12693;COM12693;Alpha Jet Services PC;NonCust;NULL;0,00;0,00;0,00;0;2014-07-01;0,00;NULL;47.712,00;2023-11-30;No activity for the past 5 months.;2023-12-11;Terminated the contract;Greece - GR - Europe;0.00;1;0.00;0.00;0.00;0.00;Alpha Jet Services PC;GR;3;63064,25;97551,64;139500,70;126211,99;73277,04;82001,71;37457,18;0,00;0,00;0,00;55;43;-10;-42;12;-54;-100;NULL;NULL
COM12717;NULL;NULL;NULL;NULL;NULL;NULL;NULL;NULL;NULL;NULL;NULL;NULL;NULL;NULL;NULL;NULL;NULL;NULL;NULL;NULL;NULL;NULL;NULL;Woodgate Aviation (NI) Ltd;GB;3;47866,25;45235,30;0,00;0,00;0,00;0,00;0,00;0,00;0,00;0,00;-5;-100;NULL;NULL;NULL;NULL;NULL;NULL;NULL
COM12747;NULL;NULL;NULL;NULL;NULL;NULL;NULL;NULL;NULL;NULL;NULL;NULL;NULL;NULL;NULL;NULL;NULL;NULL;NULL;NULL;NULL;NULL;NULL;Eagle Flight Services;CN;3;33972,00;38609,92;20901,00;0,00;0,00;0,00;0,00;0,00;0,00;0,00;14;-46;-100;NULL;NULL;NULL;NULL;NULL;NULL
COM12777;COM12777;FLYOPS SAS;Customer;3;0,00;0,00;0,00;0;2016-04-01;8,00;NULL;0,00;NULL;NULL;NULL;NULL;France - FR - Europe;4,610.00;3;58,140.00;32,258.00;29,832.00;55,714.00;FLYOPS SAS;FR;0;49743,28;51079,32;58755,53;59728,44;69634,92;81717,21;72862,75;49976,53;55714,07;32258,09;3;15;2;17;17;-11;-31;11;-42
COM12817;NULL;NULL;NULL;NULL;NULL;NULL;NULL;NULL;NULL;NULL;NULL;NULL;NULL;NULL;NULL;NULL;NULL;NULL;NULL;NULL;NULL;NULL;NULL;Reupke Airservice GmbH & Co. KG;DE;3;36235,68;29579,11;0,00;0,00;0,00;0,00;0,00;0,00;0,00;0,00;-18;-100;NULL;NULL;NULL;NULL;NULL;NULL;NULL
COM12829;COM12829;AlMasria Universal Airlines;Customer;2;8,00;8,00;0,00;0;2016-04-01;8,00;NULL;0,00;NULL;NULL;2021-11-16;NULL;Egypt - EG - Africa;0.00;8;358,250.00;198,756.00;241,412.00;400,907.00;AlMasria Universal Airlines;EG;0;96015,60;132991,92;150828,39;117854,44;129132,02;128598,35;176711,45;267869,25;400906,77;227158,13;39;13;-22;10;0;37;52;50;-43
COM12864;COM12864;BBS FLIGHT SUPPORT;Quarantine;NULL;0,00;0,00;0,00;0;2015-12-01;0,00;NULL;0,00;NULL;NULL;NULL;NULL;Russian Federation - RU - Europe;0.00;0;0.00;0.00;0.00;0.00;BBS FLIGHT SUPPORT;RU;0;285680,68;231556,51;0,00;0,00;0,00;0,00;0,00;0,00;0,00;0,00;-19;-100;NULL;NULL;NULL;NULL;NULL;NULL;NULL
COM12936;COM12936;JSC SKY ATLAS;Quarantine;NULL;0,00;0,00;0,00;0;2016-01-01;0,00;NULL;0,00;NULL;NULL;2022-03-09;Discontinue of service - Russia;Russian Federation - RU - Europe;0.00;1;0.00;0.00;0.00;0.00;JSC SKY ATLAS;RU;3;57652,20;95619,56;75525,05;50079,23;60541,35;8763,36;0,00;0,00;0,00;0,00;66;-21;-34;21;-86;-100;NULL;NULL;NULL
COM12946;COM12946;GreyBird Aviation Group;PotCust;NULL;0,00;0,00;0,00;0;2017-07-01;0,00;NULL;0,00;NULL;NULL;2020-10-30;No activity, on standby for a long period, now agreed with customer to block;Denmark - DK - Europe;0.00;0;0.00;0.00;0.00;0.00;GreyBird Aviation Group;DK;3;0,00;2463,51;9853,37;0,00;0,00;0,00;0,00;0,00;0,00;0,00;NULL;300;-100;NULL;NULL;NULL;NULL;NULL;NULL
COM12948;COM12948;GLOBAL AIRWAYS LIMITED;PotCust;1;0,00;0,00;0,00;0;2016-05-01;8,00;2025-04-30;211.464,00;2025-03-31;NB bundle deal. AIRBUS operator.;2025-04-02;NB bundle deal. AIRBUS operator.;Gibraltar - GI - Europe;0.00;1;0.00;0.00;15,755.00;15,755.00;GLOBAL AIRWAYS LIMITED;GI;3;126108,39;178274,37;164526,07;136478,80;111953,41;188692,35;260487,17;253729,65;15755,39;0,00;41;-8;-17;-18;69;38;-3;-94;-100
COM12978;NULL;NULL;NULL;NULL;NULL;NULL;NULL;NULL;NULL;NULL;NULL;NULL;NULL;NULL;NULL;NULL;NULL;NULL;NULL;NULL;NULL;NULL;NULL;FlyViking AS;NO;3;50883,50;8529,80;0,00;0,00;0,00;0,00;0,00;0,00;0,00;0,00;-83;-100;NULL;NULL;NULL;NULL;NULL;NULL;NULL
COM13012;COM13012;MAE Jet Charters Company WLL (IJM3);PotCust;NULL;0,00;0,00;0,00;0;2016-09-01;0,00;NULL;23.704,00;2023-03-01;Missing payment;2021-11-08;Account closed, IJM cancelled long time ago MAE have been running on IJM3 until now. They now have their own PPS MENA CARGO;Bahrain - BH - Asia;0.00;0;0.00;0.00;0.00;0.00;MAE Aircraft Management WLL;BH;3;34866,75;39087,86;29613,75;37265,32;1018,87;0,00;0,00;0,00;0,00;0,00;12;-24;26;-97;-100;NULL;NULL;NULL;NULL
COM13023;NULL;NULL;NULL;NULL;NULL;NULL;NULL;NULL;NULL;NULL;NULL;NULL;NULL;NULL;NULL;NULL;NULL;NULL;NULL;NULL;NULL;NULL;NULL;SKY GABON S.A.;GA;3;15104,88;0,00;0,00;0,00;0,00;0,00;0,00;0,00;0,00;0,00;-100;NULL;NULL;NULL;NULL;NULL;NULL;NULL;NULL
COM13095;NULL;NULL;NULL;NULL;NULL;NULL;NULL;NULL;NULL;NULL;NULL;NULL;NULL;NULL;NULL;NULL;NULL;NULL;NULL;NULL;NULL;NULL;NULL;Omega Aviation;AE;3;26040,60;9591,75;0,00;0,00;0,00;0,00;0,00;0,00;0,00;0,00;-63;-100;NULL;NULL;NULL;NULL;NULL;NULL;NULL
COM13118;COM13118;Sunrise Airways S.A.;PotCust;NULL;0,00;0,00;0,00;0;2017-02-01;0,00;2024-03-06;62.193,00;2024-03-06;Missing payment;2024-03-06;missing payment and communication;Haiti - HT - Americas;0.00;3;0.00;0.00;0.00;0.00;Sunrise Airways S.A.;HT;3;41891,40;51817,25;50524,30;52485,69;50765,50;59934,90;61462,51;11057,71;0,00;0,00;24;-2;4;-3;18;3;-82;-100;NULL
COM13119;COM13119;ClearWay Handling and Operations;Customer;3;0,00;0,00;0,00;0;2016-12-01;8,00;NULL;0,00;NULL;NULL;NULL;NULL;Latvia - LV - Europe;0.00;2;94,826.00;59,110.00;33,501.00;69,217.00;ClearWay Handling and Operations;LV;0;27350,07;45578,13;63636,37;76079,08;86024,54;59149,71;51905,55;52466,08;69216,55;59110,16;67;40;20;13;-31;-12;1;32;-15
COM13139;COM13139;Jung Sky;Customer;3;2,00;0,00;0,00;0;2017-03-01;8,00;NULL;0,00;NULL;NULL;NULL;NULL;Croatia - HR - Europe;4,062.00;2;47,214.00;28,426.00;26,280.00;45,068.00;Jung Sky;HR;0;39154,22;36554,14;33810,02;35596,88;35518,00;36869,75;48623,26;47852,71;45067,75;28426,16;-7;-8;5;0;4;32;-2;-6;-37
COM13173;COM13173;SoftwareOne;PotCust;3;1,00;0,00;0,00;0;2012-06-01;8,00;2026-03-31;19.980,00;2026-04-30;Aircraft sold - no demand for PPS;2026-04-15;Closed by customer;Germany - DE - Europe;0.00;1;0.00;0.00;18,388.00;18,388.00;SoftwareONE Deutschland GmbH;DE;3;40766,40;42375,60;42438,74;46218,08;45999,10;144271,73;0,00;56305,36;18388,37;19890,14;4;0;9;0;214;-100;NULL;-67;8
COM13191;COM13191;SkyOne FZE (Terra Avia) (OMEGA AIR);Customer;NULL;0,00;0,00;0,00;0;2017-07-01;8,00;NULL;0,00;NULL;NULL;NULL;NULL;United Arab Emirates - AE - Asia;14,469.00;0;150,067.00;91,658.00;53,794.00;112,202.00;SKYONE FZE;AE;0;29730,34;84819,73;58417,55;68909,19;76841,45;97385,45;62318,94;75265,69;112202,00;91658,43;185;-31;18;12;27;-36;21;49;-18
COM13210;COM13210;Blackbird Air A/S;Customer;2;9,00;9,00;0,00;0;2017-10-31;8,00;NULL;0,00;NULL;NULL;NULL;NULL;Denmark - DK - Europe;0.00;7;274,572.00;178,649.00;117,536.00;213,460.00;Blackbird Air A/S;DK;0;8921,38;56476,93;76487,47;143221,06;164027,54;144971,46;154042,15;227215,21;215505,99;180626,04;533;35;87;15;-12;6;48;-5;-16
COM13218;COM13218;ELANG LINTAS INDONESIA;NonCust;NULL;0,00;0,00;0,00;0;2018-03-01;8,00;2025-05-27;36.794,00;2025-05-31;Missing payment;2025-05-27;No communication, no payment;Indonesia - ID - Asia;0.00;1;0.00;0.00;18,397.00;18,397.00;ELANG LINTAS INDONESIA;ID;3;0,00;31253,93;65429,31;41250,16;57216,97;50485,39;63987,73;91557,61;18396,90;0,00;NULL;109;-37;39;-12;27;43;-80;-100
COM13223;COM13223;Pike Aviation S.A.;Customer;NULL;0,00;0,00;0,00;0;2018-08-01;8,00;NULL;0,00;NULL;NULL;NULL;NULL;Uruguay - UY - Americas;0.00;0;47,960.00;29,590.00;32,545.00;50,915.00;Pike Aviation S.A.;UY;0;0,00;49622,22;40418,73;41629,27;40281,37;49555,85;49690,55;53340,33;50914,60;29590,34;NULL;-19;3;-3;23;0;7;-5;-42
COM13262;NULL;NULL;NULL;NULL;NULL;NULL;NULL;NULL;NULL;NULL;NULL;NULL;NULL;NULL;NULL;NULL;NULL;NULL;NULL;NULL;NULL;NULL;NULL;Air Resource;GR;3;0,00;2878,31;0,00;0,00;0,00;0,00;0,00;0,00;0,00;0,00;NULL;-100;NULL;NULL;NULL;NULL;NULL;NULL;NULL
COM11034;COM11034;Atlantic Airways;Customer;2;4,00;0,00;0,00;0;2002-11-01;8,00;NULL;0,00;NULL;NULL;NULL;NULL;Faroe Islands - FO - Europe;24,709.00;4;259,713.00;163,310.00;101,800.00;198,204.00;Atlantic Airways;FO;0;136400,56;107885,63;113335,63;123683,50;116561,70;121735,71;143408,62;161262,15;196501,97;187024,92;-21;5;9;-6;4;18;12;22;-5
COM11059;COM11059;Capital Air charter Ltd;NonCust;NULL;0,00;0,00;0,00;0;NULL;0,00;NULL;0,00;NULL;NULL;NULL;No more funding, ceased operation end Aug. 20.;United Kingdom of Great Britain and Northern Ireland - GB - Europe;0.00;0;0.00;0.00;0.00;0.00;Capital Air charter Ltd;GB;3;86110,45;107510,56;74164,38;50886,93;0,00;0,00;0,00;0,00;0,00;0,00;25;-31;-31;-100;NULL;NULL;NULL;NULL;NULL
COM11072;COM11072;DAT (Danish Air Transport);NonCust;1;0,00;0,00;0,00;0;1991-12-01;0,00;NULL;0,00;NULL;NULL;2024-01-22;DAT LT;Denmark - DK - Europe;0.00;23;0.00;0.00;0.00;0.00;DAT A/S;DK;3;309487,90;327166,75;352782,65;379719,37;371078,71;409461,13;452000,93;0,00;0,00;0,00;6;8;8;-2;10;10;-100;NULL;NULL
COM11077;COM11077;DRF Stiftung Luftrettung;Customer;3;3,00;2,00;2,00;0;1998-06-01;8,00;NULL;0,00;NULL;NULL;NULL;NULL;Germany - DE - Europe;0.00;3;104,142.00;62,978.00;57,582.00;98,747.00;DRF Stiftung Luftrettung;DE;0;34750,53;37874,18;32202,91;37855,23;51187,39;75125,39;75444,83;92181,96;98746,91;62977,71;9;-15;18;35;47;0;22;7;-36
COM11137;NULL;NULL;NULL;NULL;NULL;NULL;NULL;NULL;NULL;NULL;NULL;NULL;NULL;NULL;NULL;NULL;NULL;NULL;NULL;NULL;NULL;NULL;NULL;Small Planet Airlines UAB;LT;3;470121,82;229643,27;0,00;0,00;0,00;0,00;0,00;0,00;0,00;0,00;-51;-100;NULL;NULL;NULL;NULL;NULL;NULL;NULL
COM11171;NULL;NULL;NULL;NULL;NULL;NULL;NULL;NULL;NULL;NULL;NULL;NULL;NULL;NULL;NULL;NULL;NULL;NULL;NULL;NULL;NULL;NULL;NULL;SFD STUTTGARTER FLUGDIENST;DE;3;203666,24;92581,66;19253,56;0,00;0,00;0,00;0,00;0,00;0,00;0,00;-55;-79;-100;NULL;NULL;NULL;NULL;NULL;NULL
COM11206;COM11206;WINDROSE AIR Jetcharter GmbH;Customer;3;7,00;0,00;0,00;0;1994-09-01;8,00;NULL;0,00;NULL;NULL;NULL;NULL;Germany - DE - Europe;0.00;8;120,387.00;67,075.00;83,331.00;136,644.00;WINDROSE AIR Jetcharter GmbH;DE;0;207816,26;141111,69;136802,65;338087,03;168269,18;104225,98;107208,94;112227,15;134941,84;66081,09;-32;-3;147;-50;-38;3;5;20;-51
COM11305;NULL;NULL;NULL;NULL;NULL;NULL;NULL;NULL;NULL;NULL;NULL;NULL;NULL;NULL;NULL;NULL;NULL;NULL;NULL;NULL;NULL;NULL;NULL;Braathens Regional Airlines;SE;3;1154653,00;791558,58;616464,11;170078,89;0,00;0,00;0,00;0,00;0,00;0,00;-31;-22;-72;-100;NULL;NULL;NULL;NULL;NULL
COM11331;COM11331;JETEX FZE;Customer;NULL;0,00;0,00;0,00;0;2009-04-01;8,00;NULL;0,00;NULL;NULL;NULL;NULL;United Arab Emirates - AE - Asia;0.00;0;376,580.00;234,182.00;160,338.00;302,736.00;JETEX FZE;AE;0;496074,27;425287,46;210505,18;218559,71;251944,04;294866,19;271480,01;251595,83;301360,56;274835,15;-14;-51;4;15;17;-8;-7;20;-9
COM11391;COM11391;Babcock Scandinavian Air Ambulance AB;NonCust;NULL;0,00;0,00;0,00;0;2007-05-01;0,00;NULL;81.337,00;2023-10-04;No activity - contact for ambulance service lost.;2023-10-04;Contract terminated;Sweden - SE - Europe;0.00;2;0.00;0.00;0.00;0.00;Babcock Scandinavian Air Ambulance AB;SE;3;68495,30;76466,80;154573,23;82098,16;160946,98;92161,29;61596,40;0,00;0,00;0,00;12;102;-47;96;-43;-33;-100;NULL;NULL
COM11452;COM11452;UNICAIR (Air Alliance Express AG & Co. KG);Customer;2;11,00;0,00;0,00;0;2012-12-01;8,00;NULL;0,00;NULL;NULL;NULL;NULL;Germany - DE - Europe;0.00;10;370,554.00;193,893.00;193,218.00;369,879.00;Unicair GmbH;DE;0;196801,66;285737,63;139665,46;186147,96;171782,24;178760,21;206537,85;324734,92;556339,87;193893,34;45;-51;33;-8;4;16;57;71;-65
COM11482;COM11482;HELITRANS AS;PotCust;NULL;0,00;0,00;0,00;0;NULL;0,00;NULL;0,00;NULL;NULL;NULL;NULL;Norway - NO - Europe;0.00;0;0.00;0.00;0.00;0.00;HELITRANS A/S;NO;0;NULL;NULL;NULL;NULL;NULL;NULL;NULL;NULL;NULL;NULL;NULL;NULL;NULL;NULL;NULL;NULL;NULL;NULL;NULL
COM11576;NULL;NULL;NULL;NULL;NULL;NULL;NULL;NULL;NULL;NULL;NULL;NULL;NULL;NULL;NULL;NULL;NULL;NULL;NULL;NULL;NULL;NULL;NULL;Hesnes Air AS;NO;3;45297,86;18959,51;0,00;0,00;0,00;0,00;0,00;0,00;0,00;0,00;-58;-100;NULL;NULL;NULL;NULL;NULL;NULL;NULL
COM11596;NULL;NULL;NULL;NULL;NULL;NULL;NULL;NULL;NULL;NULL;NULL;NULL;NULL;NULL;NULL;NULL;NULL;NULL;NULL;NULL;NULL;NULL;NULL;ITALFLY AVIATION s.r.l.;IT;3;19979,04;0,00;0,00;0,00;0,00;0,00;0,00;0,00;0,00;0,00;-100;NULL;NULL;NULL;NULL;NULL;NULL;NULL;NULL
COM11655;COM11655;Flair Aviation GmbH;PotCust;NULL;0,00;0,00;0,00;0;2010-09-01;0,00;NULL;0,00;NULL;NULL;2025-12-15;"Old LN ""PPS for Hosting antenna""  agreement void (PG)";Germany - DE - Europe;0.00;1;0.00;0.00;0.00;0.00;Flair Aviation GmbH;DE;3;25836,60;25568,51;22658,46;11328,83;0,00;0,00;0,00;0,00;0,00;0,00;-1;-11;-50;-100;NULL;NULL;NULL;NULL;NULL
COM11665;COM11665;Call & Fly;NonCust;NULL;0,00;0,00;0,00;0;NULL;0,00;NULL;0,00;NULL;NULL;NULL;NULL;Poland - PL - Europe;0.00;0;0.00;0.00;0.00;0.00;Call & Fly;PL;0;NULL;NULL;NULL;NULL;NULL;NULL;NULL;NULL;NULL;NULL;NULL;NULL;NULL;NULL;NULL;NULL;NULL;NULL;NULL
COM11835;COM11835;S.C. AVIATIQ SUPPORT S.R.L;Customer;2;0,00;0,00;0,00;0;2010-07-01;100,00;NULL;0,00;NULL;NULL;NULL;NULL;Romania - RO - Europe;0.00;1;286,507.00;92,458.00;160,553.00;354,602.00;S.C. AVIATIQ SUPPORT S.R.L;RO;0;158421,27;197591,80;175858,12;47939,69;161840,43;496249,82;357572,40;361003,33;354601,80;128763,21;25;-11;-73;238;207;-28;1;-2;-64
COM11838;NULL;NULL;NULL;NULL;NULL;NULL;NULL;NULL;NULL;NULL;NULL;NULL;NULL;NULL;NULL;NULL;NULL;NULL;NULL;NULL;NULL;NULL;NULL;RusJet;RU;3;0,00;35941,36;13169,36;0,00;0,00;0,00;0,00;0,00;0,00;0,00;NULL;-63;-100;NULL;NULL;NULL;NULL;NULL;NULL
COM11854;COM11854;HERON Luftfahrt GmbH & Co. KG;Customer;3;2,00;0,00;0,00;0;2011-10-01;8,00;NULL;0,00;NULL;NULL;NULL;NULL;Germany - DE - Europe;0.00;15;59,521.00;19,439.00;53,616.00;93,698.00;HERON Luftfahrt GmbH & Co. KG;DE;0;77785,45;89579,07;89755,84;96978,02;89046,94;107459,08;138323,86;205310,77;93697,87;23636,40;15;0;8;-8;21;29;48;-54;-75
COM11884;COM11884;NEXT JET TEST;NonCust;NULL;0,00;0,00;0,00;0;NULL;0,00;NULL;0,00;NULL;NULL;NULL;Bankruptcy, account closed;NULL;0.00;0;0.00;0.00;0.00;0.00;NEXT JET TEST;;3;188929,77;0,00;0,00;0,00;0,00;0,00;0,00;0,00;0,00;0,00;-100;NULL;NULL;NULL;NULL;NULL;NULL;NULL;NULL
COM11898;COM11898;PEAK Air GMBH;PotCust;NULL;0,00;0,00;0,00;0;2007-07-01;8,00;2025-04-30;69.534,00;2025-03-31;Outsourcing to existing PPS user.;2025-11-04;Termination received, cleaning up. Out sourcing FPL planning to existing PPS user.;Germany - DE - Europe;0.00;3;0.00;0.00;0.00;0.00;PEAK Air GMBH;DE;3;97108,89;43900,24;91303,95;49382,16;55292,24;60454,75;64823,24;69534,10;0,00;0,00;-55;108;-46;12;9;7;7;-100;NULL
COM11902;COM11902;AIS Airlines;Customer;3;1,00;1,00;0,00;0;2010-08-01;8,00;NULL;0,00;NULL;NULL;NULL;NULL;Netherlands - NL - Europe;3,162.00;3;38,941.00;24,117.00;31,801.00;46,625.00;AIS Airlines;NL;0;137049,46;154197,93;127175,01;56294,62;18761,04;45393,42;61741,82;66645,66;43221,97;25291,34;13;-18;-56;-67;142;36;8;-35;-41
COM11977;COM11977;IBEROSIME FS S.L.;Customer;3;0,00;0,00;0,00;0;2011-03-01;8,00;NULL;0,00;NULL;NULL;NULL;NULL;Spain - ES - Europe;0.00;1;144,006.00;25,920.00;23,978.00;142,064.00;IBEROSIME FS S.L. (tidl. Air Lada);ES;0;96707,71;141974,77;101712,80;106413,92;108866,94;115143,73;125436,20;137228,97;148207,66;25920,29;47;-28;5;2;6;9;9;8;-83
COM11997;COM11997;IAS Medical Ltd.;Customer;3;7,00;0,00;0,00;0;2011-04-01;8,00;NULL;0,00;NULL;NULL;NULL;NULL;United Kingdom of Great Britain and Northern Ireland - GB - Europe;16,930.00;7;98,386.00;59,236.00;54,765.00;93,915.00;IAS Medical Ltd.;GB;0;44586,02;47226,67;51585,03;43404,75;61167,55;67579,66;71175,22;76890,50;93915,03;59235,91;6;9;-16;41;10;5;8;22;-37
COM12004;COM12004;HollandOPS;NonCust;NULL;0,00;0,00;0,00;0;NULL;0,00;NULL;0,00;NULL;NULL;NULL;NULL;NULL;0.00;0;0.00;0.00;0.00;0.00;HollandOPS;;0;NULL;NULL;NULL;NULL;NULL;NULL;NULL;NULL;NULL;NULL;NULL;NULL;NULL;NULL;NULL;NULL;NULL;NULL;NULL
COM12017;COM12017;Jet-Stream Ops Kft.;Customer;2;0,00;0,00;0,00;0;2011-06-01;100,00;NULL;0,00;NULL;NULL;NULL;NULL;Hungary - HU - Europe;0.00;0;511,720.00;245,100.00;247,496.00;514,116.00;Jet-Stream Sales Kft.;HU;0;157527,27;253586,59;187537,39;146636,93;262465,35;348033,93;374974,90;394948,95;514115,69;245100,33;61;-26;-22;79;33;8;5;30;-52
COM12024;COM12024;SCANWINGS LTD;PotCust;NULL;0,00;0,00;0,00;0;2012-10-01;0,00;NULL;69.628,00;2023-10-30;Going to webbased solution, with integraded Runway analysis. Rocket Route, Ipreflight;2023-11-08;The customer has terminated the agreement;Finland - FI - Europe;0.00;2;0.00;0.00;0.00;0.00;SCANWINGS LTD;FI;3;53228,76;57871,55;53519,09;56346,82;82085,26;82823,88;56985,94;0,00;0,00;0,00;9;-8;5;46;1;-31;-100;NULL;NULL
COM12052;COM12052;Air Igor (Mng account - Aerotranscargo Moldova);PotCust;NULL;0,00;0,00;0,00;0;2012-04-01;0,00;NULL;43.888,00;2023-12-31;will use SHJ ahead, they have office next door. I guess that is a better finansiel option for them.;2024-01-02;They have ended they contract with us;Hungary - HU - Europe;0.00;1;0.00;0.00;0.00;0.00;Airigor (Szolgáltató) Kft;HU;3;36654,00;66850,98;60471,02;44252,86;40247,83;41779,76;44082,14;0,00;0,00;0,00;82;-10;-27;-9;4;6;-100;NULL;NULL
COM12363;COM12363;GEORGIAN AIRWAYS;Customer;NULL;2,00;0,00;0,00;0;2017-06-01;8,00;NULL;0,00;NULL;NULL;NULL;NULL;Georgia - GE - Asia;0.00;10;66,898.00;40,278.00;37,237.00;63,858.00;GEORGIAN AIRWAYS;GE;0;26909,40;67785,16;98434,63;88450,24;34655,11;27763,90;29239,06;43268,21;63857,92;40277,64;152;45;-10;-61;-20;5;48;48;-37
COM12377;NULL;NULL;NULL;NULL;NULL;NULL;NULL;NULL;NULL;NULL;NULL;NULL;NULL;NULL;NULL;NULL;NULL;NULL;NULL;NULL;NULL;NULL;NULL;CIMBER A/S;DK;3;15332,10;0,00;0,00;0,00;0,00;0,00;0,00;0,00;0,00;0,00;-100;NULL;NULL;NULL;NULL;NULL;NULL;NULL;NULL
COM12427;NULL;NULL;NULL;NULL;NULL;NULL;NULL;NULL;NULL;NULL;NULL;NULL;NULL;NULL;NULL;NULL;NULL;NULL;NULL;NULL;NULL;NULL;NULL;Comandor Aviation LLC;RU;3;21456,00;23255,35;7165,58;0,00;0,00;0,00;0,00;0,00;0,00;0,00;8;-69;-100;NULL;NULL;NULL;NULL;NULL;NULL
COM12520;COM12520;X-Operations GmbH;PotCust;NULL;0,00;0,00;0,00;0;2013-04-01;0,00;2024-10-31;0,00;2024-10-31;Churn value 0. Company split in 2 new entities, both PPS customers.;2024-11-04;Invoiced to COM14501 instead;Austria - AT - Europe;0.00;6;0.00;0.00;0.00;0.00;X-Operations GmbH;AT;3;415559,51;534914,55;504255,52;611437,49;663340,20;661383,81;549033,79;437980,73;0,00;0,00;29;-6;21;8;0;-17;-20;-100;NULL
COM12533;NULL;NULL;NULL;NULL;NULL;NULL;NULL;NULL;NULL;NULL;NULL;NULL;NULL;NULL;NULL;NULL;NULL;NULL;NULL;NULL;NULL;NULL;NULL;BaseOps;US;3;33972,00;26671,00;0,00;0,00;0,00;0,00;0,00;0,00;0,00;0,00;-21;-100;NULL;NULL;NULL;NULL;NULL;NULL;NULL
COM12566;NULL;NULL;NULL;NULL;NULL;NULL;NULL;NULL;NULL;NULL;NULL;NULL;NULL;NULL;NULL;NULL;NULL;NULL;NULL;NULL;NULL;NULL;NULL;ORYX JET;GB;3;2570,25;0,00;0,00;0,00;0,00;0,00;0,00;0,00;0,00;0,00;-100;NULL;NULL;NULL;NULL;NULL;NULL;NULL;NULL
COM12574;COM12574;ZIMEX AVIATION LTD.;Customer;2;9,00;0,00;0,00;0;2013-11-01;8,00;NULL;0,00;NULL;NULL;NULL;NULL;Switzerland - CH - Europe;21,186.00;16;273,134.00;147,761.00;217,543.00;342,916.00;ZIMEX AVIATION LTD.;CH;0;221837,16;290560,62;136244,54;167946,60;216030,18;296630,54;376064,72;393623,98;373834,29;171299,98;31;-53;23;29;37;27;5;-5;-54
COM12584;COM12584;Jet Advisor;PotCust;NULL;0,00;0,00;0,00;0;2011-03-01;0,00;NULL;0,00;NULL;NULL;2025-10-06;Cleaning up/TRL;Romania - RO - Europe;0.00;0;0.00;0.00;0.00;0.00;Jet Advisor;RO;3;0,00;288730,70;319276,05;281573,97;20902,15;0,00;0,00;0,00;0,00;0,00;NULL;11;-12;-93;-100;NULL;NULL;NULL;NULL
COM12598;COM12598;Air Pink doo ( airpink.rs );NonCust;NULL;0,00;0,00;0,00;0;2014-01-01;0,00;2024-03-05;388.609,00;2024-03-31;Shutting down the company.;2024-04-04;Shutting down the company.;Serbia - RS - Europe;0.00;0;0.00;0.00;0.00;0.00;Air Pink doo;RS;3;158215,65;206659,91;128248,45;195843,40;261523,54;245693,63;365082,24;110082,86;0,00;0,00;31;-38;53;34;-6;49;-70;-100;NULL
COM12609;COM12609;Aerotech FMS Pvt. Ltd;Customer;2;14,00;0,00;0,00;0;2013-12-01;8,00;NULL;0,00;NULL;NULL;NULL;NULL;India - IN - Asia;44,191.00;15;432,788.00;306,306.00;185,805.00;312,287.00;Aerotech FMS Pvt. Ltd;IN;0;171468,83;234097,74;223805,72;194293,74;186776,39;275935,27;323211,64;354392,70;360839,49;306305,73;37;-4;-13;-4;48;17;10;2;-15
COM12657;COM12657;Smartlynx Airlines;NonCust;1;0,00;35,00;22,00;35;2014-12-01;8,00;2025-11-07;499.120,00;2025-11-30;Unchurned;2025-11-24;Insolvency;Latvia - LV - Europe;0.00;65;114,518.00;0.00;846,448.00;960,966.00;Smartlynx Airlines;LV;3;324405,78;417651,79;568858,83;410059,16;613766,02;1403513,46;1727205,53;2101987,44;1117384,61;0,00;29;36;-28;50;129;23;22;-47;-100
COM12668;COM12668;Chapman Freeborn Air Chartering;Customer;3;0,00;0,00;0,00;0;2014-08-01;0,00;NULL;0,00;NULL;NULL;NULL;NULL;United Kingdom of Great Britain and Northern Ireland - GB - Europe;4,839.00;0;48,759.00;28,635.00;28,299.00;48,423.00;Chapman Freeborn Air Chartering;GB;0;34864,88;54314,97;35834,68;37653,99;39310,80;39532,95;41187,49;45962,37;48422,98;32588,00;56;-34;5;4;1;4;12;5;-33
COM12674;COM12674;Ventus International Aviation;Customer;NULL;0,00;0,00;0,00;0;2015-04-01;8,00;NULL;0,00;NULL;NULL;NULL;NULL;United States of America - US - Americas;0.00;0;67,401.00;38,548.00;34,780.00;63,632.00;Ventus International Aviation;US;0;55377,71;63210,66;51136,47;47654,07;110331,81;126073,01;77274,52;50951,95;63632,41;38548,48;14;-19;-7;132;14;-39;-34;25;-39
COM12690;COM12690;AIR INUIT;Customer;1;29,00;0,00;0,00;0;2015-05-01;8,00;NULL;0,00;NULL;NULL;NULL;NULL;Canada - CA - Americas;60,362.00;24;670,102.00;421,912.00;316,241.00;564,430.00;AIR INUIT;CA;0;212678,13;308121,79;310872,53;345660,46;320908,32;381261,47;424055,85;458140,77;564430,49;500133,51;45;1;11;-7;19;11;8;23;-11
COM12736;COM12736;Location Flight Support (LFS);Customer;NULL;0,00;0,00;0,00;0;2014-09-01;8,00;NULL;0,00;NULL;NULL;NULL;NULL;United Arab Emirates - AE - Asia;5,175.00;0;59,268.00;35,658.00;35,175.00;58,785.00;Location Flight Services FZ LLC;AE;0;0,00;42515,58;35583,72;25008,41;42762,73;80793,30;53586,64;57110,70;58784,66;35657,62;NULL;-16;-30;71;89;-34;7;3;-39
COM12746;COM12746;AF - Aviation ltd;Customer;3;0,00;0,00;0,00;0;2014-11-01;8,00;NULL;0,00;NULL;NULL;NULL;NULL;United Kingdom of Great Britain and Northern Ireland - GB - Europe;0.00;1;71,630.00;41,128.00;46,242.00;76,745.00;AF - Aviation ltd;GB;0;55406,40;67465,04;65361,21;50504,90;61005,33;101626,69;121881,21;77664,80;89794,87;46982,08;22;-3;-23;21;67;20;-36;16;-48
COM12899;NULL;NULL;NULL;NULL;NULL;NULL;NULL;NULL;NULL;NULL;NULL;NULL;NULL;NULL;NULL;NULL;NULL;NULL;NULL;NULL;NULL;NULL;NULL;COBALTAIR LTD;CY;3;254835,45;171271,74;0,00;0,00;0,00;0,00;0,00;0,00;0,00;0,00;-33;-100;NULL;NULL;NULL;NULL;NULL;NULL;NULL
COM12907;COM12907;CLICK AVIATION NETWORK;Customer;NULL;0,00;0,00;0,00;0;2015-11-01;8,00;NULL;0,00;NULL;NULL;NULL;NULL;United Arab Emirates - AE - Asia;8,922.00;0;62,774.00;39,282.00;32,756.00;56,248.00;CLICK AVIATION NETWORK;AE;0;74489,94;54196,52;70131,31;67589,88;43369,36;47970,19;48530,59;52436,94;56248,17;39282,04;-27;29;-4;-36;11;1;8;7;-30
COM12925;COM12925;ARABASCO;PotCust;NULL;0,00;0,00;0,00;0;NULL;0,00;NULL;0,00;NULL;NULL;NULL;NULL;Saudi Arabia - SA - Asia;0.00;0;0.00;0.00;0.00;0.00;ARABASCO;SA;0;NULL;NULL;NULL;NULL;NULL;NULL;NULL;NULL;NULL;NULL;NULL;NULL;NULL;NULL;NULL;NULL;NULL;NULL;NULL
COM12933;NULL;NULL;NULL;NULL;NULL;NULL;NULL;NULL;NULL;NULL;NULL;NULL;NULL;NULL;NULL;NULL;NULL;NULL;NULL;NULL;NULL;NULL;NULL;Schütz GmbH & Co.KGaA;DE;3;40460,95;18341,90;0,00;0,00;0,00;0,00;0,00;0,00;0,00;0,00;-55;-100;NULL;NULL;NULL;NULL;NULL;NULL;NULL
COM12942;NULL;NULL;NULL;NULL;NULL;NULL;NULL;NULL;NULL;NULL;NULL;NULL;NULL;NULL;NULL;NULL;NULL;NULL;NULL;NULL;NULL;NULL;NULL;Air Georgia;GE;3;5364,00;0,00;0,00;0,00;0,00;0,00;0,00;0,00;0,00;0,00;-100;NULL;NULL;NULL;NULL;NULL;NULL;NULL;NULL
COM12943;COM12943;OLYMPUS AIRWAYS S.A;PotCust;NULL;0,00;0,00;0,00;0;2016-03-01;0,00;NULL;67.862,00;2023-03-01;Missing payment, company still exist;2022-03-01;Due to missing payment and communication;Greece - GR - Europe;0.00;0;0.00;0.00;0.00;0.00;OLYMPUS AIRWAYS S.A;GR;3;136066,80;130365,30;77316,35;74753,25;74576,31;5112,59;0,00;0,00;0,00;0,00;-4;-41;-3;0;-93;-100;NULL;NULL;NULL
COM12966;COM12966;Orange2Fly;NonCust;NULL;0,00;0,00;0,00;0;NULL;0,00;NULL;0,00;NULL;NULL;2020-10-30;Blocked due to missing payment and lack of communication;Greece - GR - Europe;0.00;0;0.00;0.00;0.00;0.00;Orange2Fly;GR;3;47850,98;81567,61;105389,15;72298,07;0,00;0,00;0,00;0,00;0,00;0,00;70;29;-31;-100;NULL;NULL;NULL;NULL;NULL
COM12972;NULL;NULL;NULL;NULL;NULL;NULL;NULL;NULL;NULL;NULL;NULL;NULL;NULL;NULL;NULL;NULL;NULL;NULL;NULL;NULL;NULL;NULL;NULL;DEA Aviation Limited;GB;3;29369,54;36267,54;30990,04;0,00;0,00;0,00;0,00;0,00;0,00;0,00;23;-15;-100;NULL;NULL;NULL;NULL;NULL;NULL
COM12984;COM12984;Atlantis European Airways;PotCust;NULL;0,00;0,00;0,00;0;2020-12-10;0,00;NULL;0,00;NULL;NULL;2020-12-09;Want to close account for now;Armenia - AM - Asia;0.00;0;0.00;0.00;0.00;0.00;Atlantis European Airways;AM;3;4827,60;110708,32;33962,36;29058,93;0,00;0,00;0,00;0,00;0,00;0,00;2193;-69;-14;-100;NULL;NULL;NULL;NULL;NULL
COM12999;NULL;NULL;NULL;NULL;NULL;NULL;NULL;NULL;NULL;NULL;NULL;NULL;NULL;NULL;NULL;NULL;NULL;NULL;NULL;NULL;NULL;NULL;NULL;APG Airline;FR;3;21456,00;8940,00;0,00;0,00;0,00;0,00;0,00;0,00;0,00;0,00;-58;-100;NULL;NULL;NULL;NULL;NULL;NULL;NULL
COM13018;NULL;NULL;NULL;NULL;NULL;NULL;NULL;NULL;NULL;NULL;NULL;NULL;NULL;NULL;NULL;NULL;NULL;NULL;NULL;NULL;NULL;NULL;NULL;Aerodesierto SA;CL;3;67432,50;37222,74;0,00;0,00;0,00;0,00;0,00;0,00;0,00;0,00;-45;-100;NULL;NULL;NULL;NULL;NULL;NULL;NULL
COM13029;COM13029;Buildarch (do not use);NonCust;NULL;0,00;0,00;0,00;0;NULL;0,00;NULL;0,00;NULL;NULL;2023-01-30;Established to mirror NAV COM13029 to ensure correct dataflow between NAV and LIME;NULL;0.00;0;0.00;0.00;0.00;0.00;Buildarch (do not use);;3;6393,60;0,00;0,00;0,00;0,00;0,00;0,00;0,00;0,00;0,00;-100;NULL;NULL;NULL;NULL;NULL;NULL;NULL;NULL
COM13050;NULL;NULL;NULL;NULL;NULL;NULL;NULL;NULL;NULL;NULL;NULL;NULL;NULL;NULL;NULL;NULL;NULL;NULL;NULL;NULL;NULL;NULL;NULL;SHI International Corp;GB;3;100852,14;55195,56;22727,05;23931,51;0,00;0,00;0,00;0,00;0,00;0,00;-45;-59;5;-100;NULL;NULL;NULL;NULL;NULL
COM13060;COM13060;Airlink;PotCust;NULL;0,00;0,00;0,00;0;2018-10-01;0,00;NULL;1.043.441,00;2023-04-25;Going to Lido;2024-01-04;Going to Lido;South Africa - ZA - Africa;0.00;62;0.00;0.00;0.00;0.00;Airlink Proprietary Limited;ZA;3;0,00;203829,47;1179743,14;462057,29;757634,56;1150081,74;1244092,16;90332,82;0,00;0,00;NULL;479;-61;64;52;8;-93;-100;NULL
COM13073;NULL;NULL;NULL;NULL;NULL;NULL;NULL;NULL;NULL;NULL;NULL;NULL;NULL;NULL;NULL;NULL;NULL;NULL;NULL;NULL;NULL;NULL;NULL;BVI Airways;US;3;31115,52;0,00;0,00;0,00;0,00;0,00;0,00;0,00;0,00;0,00;-100;NULL;NULL;NULL;NULL;NULL;NULL;NULL;NULL
COM13107;COM13107;Quick Link Aviation;Customer;NULL;3,00;0,00;0,00;0;2017-01-01;8,00;NULL;0,00;NULL;NULL;NULL;NULL;United Arab Emirates - AE - Asia;0.00;4;171,254.00;103,033.00;100,694.00;168,915.00;Quick Link Aviation;AE;0;35164,80;63625,63;43492,58;53440,92;91817,10;157107,62;126989,57;155427,83;168915,39;103032,56;81;-32;23;72;71;-19;22;9;-39
COM13115;COM13115;AFRICAN EXPRESS AIRWAYS;PotCust;NULL;0,00;0,00;0,00;0;2016-11-01;0,00;NULL;0,00;NULL;NULL;NULL;COVID-19 closure, no activity, no payment;Kenya - KE - Africa;0.00;0;0.00;0.00;0.00;0.00;AFRICAN EXPRESS AIRWAYS;KE;3;33166,80;94752,69;68838,97;48063,74;0,00;0,00;0,00;0,00;0,00;0,00;186;-27;-30;-100;NULL;NULL;NULL;NULL;NULL
COM13123;COM13123;FLY GAC;PotCust;NULL;0,00;0,00;0,00;0;2018-06-01;0,00;NULL;0,00;NULL;NULL;2021-03-15;No usage, moved to Direct Dispatch. Account have been on hold for long time.;Denmark - DK - Europe;0.00;0;0.00;0.00;0.00;0.00;FLY GAC;DK;3;2742,35;49410,63;35850,45;18846,74;0,00;0,00;0,00;0,00;0,00;0,00;1702;-27;-47;-100;NULL;NULL;NULL;NULL;NULL
COM13141;COM13141;SOUTHERN CROSS INTERNATIONAL;Customer;3;0,00;0,00;0,00;0;2017-03-01;8,00;NULL;0,00;NULL;NULL;NULL;NULL;Netherlands - NL - Europe;0.00;0;53,409.00;30,598.00;29,269.00;52,081.00;SOUTHERN CROSS INTERNATIONAL;NL;0;74575,99;41367,75;39093,10;38003,46;39832,69;43352,32;55593,41;50618,97;52080,68;30597,69;-45;-5;-3;5;9;28;-9;3;-41
COM13234;NULL;NULL;NULL;NULL;NULL;NULL;NULL;NULL;NULL;NULL;NULL;NULL;NULL;NULL;NULL;NULL;NULL;NULL;NULL;NULL;NULL;NULL;NULL;ASAYEEL ALKHALEEJ;SA;3;0,00;0,00;44387,93;0,00;0,00;0,00;0,00;0,00;0,00;0,00;NULL;NULL;-100;NULL;NULL;NULL;NULL;NULL;NULL
COM13242;COM13242;AMC AIRLINES;PotCust;NULL;0,00;0,00;0,00;0;2023-11-30;0,00;2024-08-20;36.229,00;2024-08-20;Missing paymeny;2024-08-20;Missing payment and communication;Egypt - EG - Africa;0.00;1;0.00;0.00;0.00;0.00;AMC AIRLINES;EG;3;0,00;61637,20;0,00;0,00;0,00;0,00;0,00;36229,44;0,00;0,00;NULL;-100;NULL;NULL;NULL;NULL;NULL;-100;NULL
COM13337;COM13337;PSI AIR 2007;PotCust;NULL;0,00;0,00;0,00;0;2021-03-22;0,00;NULL;45.869,00;2023-03-01;Missing payment;2023-06-08;No payment, no communication;Philippines - PH - Asia;0.00;0;0.00;0.00;0.00;0.00;PSI AIR 2007;PH;3;0,00;0,00;0,00;0,00;27532,03;54597,51;8517,83;0,00;0,00;0,00;NULL;NULL;NULL;NULL;98;-84;-100;NULL;NULL
COM13343;COM13343;ENDEAVOUR AVIATION;PotCust;NULL;0,00;0,00;0,00;0;2018-09-01;0,00;2024-12-12;42.997,00;2024-12-12;Unknown reason.;2024-12-12;No renewal of subscription;Côte d'Ivoire - CI - Africa;0.00;3;0.00;0.00;0.00;0.00;ENDEAVOUR AVIATION;CI;3;0,00;49244,50;27737,06;37695,91;37656,92;37839,96;39799,55;42997,28;0,00;0,00;NULL;-44;36;0;0;5;8;-100;NULL
COM13359;COM13359;International Flight Planning Solutions;PotCust;NULL;0,00;0,00;0,00;0;2019-04-25;0,00;NULL;0,00;NULL;NULL;2022-03-15;Due to missing payment;Lebanon - LB - Asia;0.00;0;0.00;0.00;0.00;0.00;International Flight Planning Solutions;LB;3;0,00;0,00;123606,15;0,00;135026,80;52743,49;0,00;0,00;0,00;0,00;NULL;NULL;-100;NULL;-61;-100;NULL;NULL;NULL
COM13390;COM13390;Emperor Aviation Ltd;Quarantine;NULL;0,00;0,00;0,00;0;2019-04-01;0,00;NULL;0,00;NULL;NULL;2022-11-29;Blocked - Russian customer in disguise;Malta - MT - Europe;0.00;0;0.00;0.00;0.00;0.00;Emperor Aviation Ltd;MT;3;0,00;0,00;104187,73;160234,68;169352,81;139328,60;0,00;0,00;0,00;0,00;NULL;NULL;54;6;-18;-100;NULL;NULL;NULL
COM13414;NULL;NULL;NULL;NULL;NULL;NULL;NULL;NULL;NULL;NULL;NULL;NULL;NULL;NULL;NULL;NULL;NULL;NULL;NULL;NULL;NULL;NULL;NULL;LUFTUNTERSTÜTZUNG;AT;3;0,00;23428,80;0,00;0,00;0,00;0,00;0,00;0,00;0,00;0,00;NULL;-100;NULL;NULL;NULL;NULL;NULL;NULL;NULL
COM13453;COM13453;SKYWARD AIRLINES;Customer;3;4,00;0,00;0,00;0;2024-05-02;8,00;NULL;0,00;NULL;NULL;NULL;NULL;Kenya - KE - Africa;51,543.00;4;211,813.00;142,023.00;0.00;69,790.00;SKYWARD AIRLINES;KE;0;0,00;0,00;0,00;0,00;0,00;0,00;0,00;0,00;69789,76;142022,97;NULL;NULL;NULL;NULL;NULL;NULL;NULL;NULL;104
COM13458;COM13458;MJETS AIR Sdn Bhd (Kargo Xpress);Customer;NULL;5,00;0,00;0,00;0;2021-01-06;5,00;NULL;0,00;NULL;NULL;NULL;NULL;Malaysia - MY - Asia;35,067.00;6;238,497.00;134,330.00;145,712.00;249,879.00;MJets Air Sdn Bhd;MY;0;0,00;0,00;0,00;0,00;49454,33;113464,16;152096,79;187302,72;249878,82;134330,37;NULL;NULL;NULL;NULL;129;34;23;33;-46
COM13474;COM13474;Ford Aviation;PotCust;NULL;0,00;0,00;0,00;0;2019-04-01;0,00;NULL;0,00;NULL;NULL;2021-01-21;Stand-by since April. No Activity. Account closed.;United Kingdom of Great Britain and Northern Ireland - GB - Europe;0.00;1;0.00;0.00;0.00;0.00;Ford Aviation;GB;3;0,00;0,00;23890,20;12575,78;0,00;0,00;0,00;0,00;0,00;0,00;NULL;NULL;-47;-100;NULL;NULL;NULL;NULL;NULL
COM13486;COM13486;Elitavia Malta Ltd;NonCust;NULL;0,00;0,00;0,00;0;NULL;0,00;NULL;0,00;NULL;NULL;NULL;NULL;Malta - MT - Europe;0.00;0;0.00;0.00;0.00;0.00;Elit´Avia Malta Ltd;MT;0;0,00;0,00;3098,06;0,00;0,00;0,00;0,00;0,00;0,00;0,00;NULL;NULL;-100;NULL;NULL;NULL;NULL;NULL;NULL
COM13492;COM13492;The Helicopter & Jet Company;Customer;NULL;24,00;0,00;0,00;0;2019-10-01;8,00;NULL;0,00;NULL;NULL;NULL;NULL;Saudi Arabia - SA - Asia;123,604.00;37;842,915.00;497,432.00;577,590.00;923,073.00;The Helicopter & Jet Company;SA;0;0,00;0,00;21252,73;75136,44;169761,09;356966,86;589875,82;855376,47;1345653,49;498915,37;NULL;NULL;254;126;110;65;45;57;-63
COM13506;COM13506;CHALAIR AVIATION;Customer;2;7,00;7,00;0,00;0;2020-07-01;8,00;NULL;0,00;NULL;NULL;NULL;NULL;France - FR - Europe;21,931.00;11;247,916.00;152,777.00;172,557.00;267,695.00;CHALAIR AVIATION;FR;0;0,00;0,00;0,00;130598,09;291372,00;262523,78;262726,49;242830,94;267695,27;152777,26;NULL;NULL;NULL;123;-10;0;-8;10;-43
COM13514;COM13514;OK AVIATION WINGS;Customer;3;1,00;0,00;0,00;0;2019-09-01;8,00;NULL;0,00;NULL;NULL;NULL;NULL;Czechia - CZ - Europe;0.00;4;135,193.00;91,025.00;64,125.00;108,294.00;OK AVIATION WINGS;CZ;0;0,00;0,00;33493,78;86792,19;72664,62;79751,36;72285,14;88563,22;108293,74;91024,77;NULL;NULL;159;-16;10;-9;23;22;-16
COM13528;COM13528;Resource Aviation Services;NonCust;NULL;0,00;0,00;0,00;0;NULL;0,00;NULL;0,00;NULL;NULL;NULL;NULL;Mali - ML - Africa;0.00;0;0.00;0.00;0.00;0.00;Resource Aviation Services;ML;0;NULL;NULL;NULL;NULL;NULL;NULL;NULL;NULL;NULL;NULL;NULL;NULL;NULL;NULL;NULL;NULL;NULL;NULL;NULL
COM13546;COM13546;CS & FS Caribbean Support & Flight Services SAS;PotCust;NULL;0,00;0,00;0,00;0;NULL;0,00;NULL;0,00;NULL;NULL;NULL;Install settled, but after that no contact.;Colombia - CO - Americas;0.00;0;0.00;0.00;0.00;0.00;CS & FS Caribbean Support & Flight Services SAS;CO;3;NULL;NULL;NULL;NULL;NULL;NULL;NULL;NULL;NULL;NULL;NULL;NULL;NULL;NULL;NULL;NULL;NULL;NULL;NULL
COM13562;COM13562;RUSLINE;Quarantine;NULL;0,00;0,00;0,00;0;NULL;0,00;NULL;0,00;NULL;NULL;NULL;NULL;Russian Federation - RU - Europe;0.00;0;0.00;0.00;0.00;0.00;RUSLINE;RU;0;NULL;NULL;NULL;NULL;NULL;NULL;NULL;NULL;NULL;NULL;NULL;NULL;NULL;NULL;NULL;NULL;NULL;NULL;NULL
COM13587;COM13587;Aquila Aerospace LLC;NonCust;NULL;0,00;0,00;0,00;0;NULL;0,00;NULL;0,00;NULL;NULL;NULL;NULL;United Arab Emirates - AE - Asia;0.00;0;0.00;0.00;0.00;0.00;Aquila Aerospace LLC;AE;0;NULL;NULL;NULL;NULL;NULL;NULL;NULL;NULL;NULL;NULL;NULL;NULL;NULL;NULL;NULL;NULL;NULL;NULL;NULL
COM13599;COM13599;STEFAN BUCHHOLZ;PotCust;NULL;0,00;0,00;0,00;0;2020-03-01;0,00;NULL;0,00;NULL;NULL;NULL;NULL;Germany - DE - Europe;0.00;0;0.00;0.00;0.00;0.00;STEFAN BUCHHOLZ;DE;0;0,00;0,00;0,00;7077,78;8477,91;0,00;0,00;0,00;0,00;0,00;NULL;NULL;NULL;20;-100;NULL;NULL;NULL;NULL
COM13601;COM13601;Sarah Airways;Customer;3;5,00;5,00;0,00;0;2020-02-01;8,00;NULL;0,00;NULL;NULL;NULL;NULL;Morocco - MA - Africa;9,035.00;4;92,984.00;59,875.00;44,865.00;77,974.00;Sarah Airways;MA;0;0,00;0,00;0,00;0,00;0,00;0,00;4451,75;34317,46;77973,67;59875,02;NULL;NULL;NULL;NULL;NULL;NULL;671;127;-23
COM13608;COM13608;Service (do not use);NonCust;NULL;0,00;0,00;0,00;0;NULL;0,00;NULL;0,00;NULL;NULL;2023-01-30;Registered to mirror NAV;Canada - CA - Americas;0.00;0;0.00;0.00;0.00;0.00;SERVICE AÉRIEN GOUVERNEMENTAL;CA;3;NULL;NULL;NULL;NULL;NULL;NULL;NULL;NULL;NULL;NULL;NULL;NULL;NULL;NULL;NULL;NULL;NULL;NULL;NULL
COM13634;COM13634;UAB Jump Air (Jump-Airways.com);Customer;3;3,00;3,00;0,00;0;2021-10-01;8,00;NULL;0,00;NULL;NULL;NULL;NULL;Lithuania - LT - Europe;10,219.00;3;108,085.00;69,560.00;38,851.00;77,376.00;Jump Air UAB;LT;0;0,00;0,00;0,00;0,00;8306,46;33834,47;48931,43;63091,69;77376,24;69560,20;NULL;NULL;NULL;NULL;307;45;29;23;-10
COM13650;COM13650;AFAS International;PotCust;NULL;0,00;0,00;0,00;0;NULL;0,00;NULL;0,00;NULL;NULL;NULL;NULL;Niger - NE - Africa;0.00;0;0.00;0.00;0.00;0.00;AFAS International;NE;0;NULL;NULL;NULL;NULL;NULL;NULL;NULL;NULL;NULL;NULL;NULL;NULL;NULL;NULL;NULL;NULL;NULL;NULL;NULL
COM13665;COM13665;Wael Omar;NonCust;NULL;0,00;0,00;0,00;0;NULL;0,00;NULL;0,00;NULL;NULL;NULL;NULL;Egypt - EG - Africa;0.00;0;0.00;0.00;0.00;0.00;Wael Omar;EG;0;NULL;NULL;NULL;NULL;NULL;NULL;NULL;NULL;NULL;NULL;NULL;NULL;NULL;NULL;NULL;NULL;NULL;NULL;NULL
COM13695;COM13695;FLYSKY;Customer;NULL;0,00;0,00;0,00;0;2020-10-01;8,00;NULL;0,00;NULL;NULL;2023-08-15;NULL;United Arab Emirates - AE - Asia;18,360.00;0;221,522.00;55,099.00;181,572.00;347,995.00;FLYSKY;AE;0;0,00;0,00;0,00;35804,90;223711,22;212540,24;254951,12;181962,82;367460,45;55099,08;NULL;NULL;NULL;525;-5;20;-29;102;-85
COM13720;COM13720;SkyLight LLC;Quarantine;NULL;0,00;0,00;0,00;0;NULL;0,00;NULL;0,00;NULL;NULL;NULL;NULL;Russian Federation - RU - Europe;0.00;0;0.00;0.00;0.00;0.00;SkyLight LLC;RU;0;NULL;NULL;NULL;NULL;NULL;NULL;NULL;NULL;NULL;NULL;NULL;NULL;NULL;NULL;NULL;NULL;NULL;NULL;NULL
COM13847;COM13847;Kronborg Air Consult;NonCust;NULL;0,00;0,00;0,00;0;NULL;0,00;NULL;0,00;NULL;NULL;NULL;NULL;Denmark - DK - Europe;0.00;0;0.00;0.00;0.00;0.00;Kronborg Air Consult;DK;0;NULL;NULL;NULL;NULL;NULL;NULL;NULL;NULL;NULL;NULL;NULL;NULL;NULL;NULL;NULL;NULL;NULL;NULL;NULL
COM13847;COM13847;Kronborg Air Consult;NonCust;NULL;0,00;0,00;0,00;0;NULL;0,00;NULL;0,00;NULL;NULL;NULL;NULL;Denmark - DK - Europe;0.00;0;0.00;0.00;0.00;0.00;Kronborg Air Consult;DK;0;NULL;NULL;NULL;NULL;NULL;NULL;NULL;NULL;NULL;NULL;NULL;NULL;NULL;NULL;NULL;NULL;NULL;NULL;NULL
COM13852;COM13852;COMMUTAIR;PotCust;NULL;0,00;0,00;0,00;0;2016-08-01;0,00;NULL;0,00;NULL;NULL;NULL;NULL;United States of America - US - Americas;0.00;1;0.00;0.00;0.00;0.00;CommuteAir LLC;US;0;0,00;0,00;0,00;0,00;1738360,67;0,00;0,00;0,00;0,00;0,00;NULL;NULL;NULL;NULL;-100;NULL;NULL;NULL;NULL
COM13852;COM13852;COMMUTAIR;PotCust;NULL;0,00;0,00;0,00;0;2016-08-01;0,00;NULL;0,00;NULL;NULL;NULL;NULL;United States of America - US - Americas;0.00;1;0.00;0.00;0.00;0.00;CommuteAir LLC;US;0;0,00;0,00;0,00;0,00;1738360,67;0,00;0,00;0,00;0,00;0,00;NULL;NULL;NULL;NULL;-100;NULL;NULL;NULL;NULL
COM13859;COM13859;RARE AIR LIMITED;PotCust;NULL;0,00;0,00;0,00;0;NULL;0,00;NULL;0,00;NULL;NULL;NULL;NULL;United Kingdom of Great Britain and Northern Ireland - GB - Europe;0.00;0;0.00;0.00;0.00;0.00;RARE AIR LIMITED;GB;0;NULL;NULL;NULL;NULL;NULL;NULL;NULL;NULL;NULL;NULL;NULL;NULL;NULL;NULL;NULL;NULL;NULL;NULL;NULL
COM13862;COM13862;ToMontenegro;Customer;1;3,00;0,00;0,00;0;2021-03-30;8,00;NULL;0,00;NULL;NULL;NULL;NULL;Montenegro - ME - Europe;-5,199.00;3;207,118.00;133,942.00;85,803.00;158,980.00;ToMontenegro d.o.o.;ME;0;0,00;0,00;0,00;0,00;96236,78;111926,91;116285,64;125645,49;158979,62;136541,14;NULL;NULL;NULL;NULL;16;4;8;27;-14
COM13876;COM13876;Government of Montenegro;Customer;3;1,00;0,00;0,00;0;2021-05-06;8,00;NULL;0,00;NULL;NULL;NULL;NULL;Montenegro - ME - Europe;2,444.00;1;28,410.00;17,105.00;15,814.00;27,119.00;Government of Montenegro, Avio Servis;ME;0;0,00;0,00;0,00;0,00;12624,38;22139,70;23449,37;25336,91;27119,46;17105,08;NULL;NULL;NULL;NULL;75;6;8;7;-37
COM13894;COM13894;Aramco Associated Company;PotCust;NULL;0,00;0,00;0,00;0;NULL;0,00;NULL;0,00;NULL;NULL;2021-09-14;Have never been an official customer, now closed and set to potcust;United States of America - US - Americas;0.00;0;0.00;0.00;0.00;0.00;Aramco Associated Company;US;3;NULL;NULL;NULL;NULL;NULL;NULL;NULL;NULL;NULL;NULL;NULL;NULL;NULL;NULL;NULL;NULL;NULL;NULL;NULL
COM13906;COM13906;Bjarne test 210707;NonCust;NULL;0,00;0,00;0,00;0;NULL;0,00;NULL;0,00;NULL;NULL;NULL;NULL;Denmark - DK - Europe;0.00;0;0.00;0.00;0.00;0.00;Bjarne test 210707;DK;0;NULL;NULL;NULL;NULL;NULL;NULL;NULL;NULL;NULL;NULL;NULL;NULL;NULL;NULL;NULL;NULL;NULL;NULL;NULL
COM13914;COM13914;MYAIROPS;Customer via;NULL;0,00;0,00;0,00;0;2024-04-09;0,00;NULL;0,00;NULL;NULL;NULL;NULL;United Kingdom of Great Britain and Northern Ireland - GB - Europe;0.00;0;0.00;0.00;0.00;0.00;Airops Software Limited;GB;0;NULL;NULL;NULL;NULL;NULL;NULL;NULL;NULL;NULL;NULL;NULL;NULL;NULL;NULL;NULL;NULL;NULL;NULL;NULL
COM13929;COM13929;CUBANA;Customer via;NULL;0,00;0,00;0,00;0;2022-03-15;0,00;NULL;0,00;NULL;NULL;NULL;NULL;Cuba - CU - Americas;0.00;0;0.00;0.00;0.00;0.00;Cubana de Aviación S.A.;CU;0;NULL;NULL;NULL;NULL;NULL;NULL;NULL;NULL;NULL;NULL;NULL;NULL;NULL;NULL;NULL;NULL;NULL;NULL;NULL
COM13934;COM13934;GAZPROMAVIA Aviation Co., Ltd.;Quarantine;NULL;0,00;0,00;0,00;0;NULL;0,00;NULL;0,00;NULL;NULL;NULL;NULL;Russian Federation - RU - Europe;0.00;0;0.00;0.00;0.00;0.00;GAZPROMAVIA Aviation Co., Ltd.;RU;0;NULL;NULL;NULL;NULL;NULL;NULL;NULL;NULL;NULL;NULL;NULL;NULL;NULL;NULL;NULL;NULL;NULL;NULL;NULL
COM13946;COM13946;MIRACLE FLIGHT SUPPORT (FZE);PotCust;NULL;0,00;0,00;0,00;0;2021-12-01;0,00;NULL;0,00;NULL;NULL;2022-10-31;Termination due missing business;United Arab Emirates - AE - Asia;0.00;0;0.00;0.00;0.00;0.00;MIRACLE FLIGHT SUPPORT (FZE);AE;3;0,00;0,00;0,00;0,00;3130,85;32207,65;0,00;0,00;0,00;0,00;NULL;NULL;NULL;NULL;929;-100;NULL;NULL;NULL
COM13961;COM13961;MET EXPRESS AIR;PotCust;NULL;0,00;0,00;0,00;0;2023-01-12;0,00;NULL;0,00;NULL;NULL;NULL;NULL;Philippines - PH - Asia;0.00;NULL;0.00;0.00;0.00;0.00;Met Express Air Corp.;PH;0;NULL;NULL;NULL;NULL;NULL;NULL;NULL;NULL;NULL;NULL;NULL;NULL;NULL;NULL;NULL;NULL;NULL;NULL;NULL
COM13974;COM13974;AIR EXPLORE;Customer;1;0,00;5,00;4,00;0;2022-02-01;8,00;NULL;0,00;NULL;NULL;NULL;NULL;Slovakia - SK - Europe;6,789.00;17;102,905.00;68,868.00;57,007.00;91,044.00;AIR EXPLORE s.r.o;SK;0;0,00;0,00;0,00;0,00;0,00;80488,01;72876,85;86378,98;91043,52;76700,16;NULL;NULL;NULL;NULL;NULL;-9;19;5;-16
COM14004;COM14004;IFLY AIR;PotCust;NULL;0,00;0,00;0,00;0;2023-02-01;0,00;NULL;0,00;NULL;NULL;NULL;NULL;Kenya - KE - Africa;0.00;0;0.00;0.00;0.00;0.00;I Fly Air Solutions Ltd;KE;0;NULL;NULL;NULL;NULL;NULL;NULL;NULL;NULL;NULL;NULL;NULL;NULL;NULL;NULL;NULL;NULL;NULL;NULL;NULL
COM14011;COM14011;XEJET Airlines;Customer;3;6,00;0,00;0,00;0;2023-01-05;8,00;NULL;0,00;NULL;NULL;NULL;NULL;Nigeria - NG - Africa;0.00;10;283,399.00;161,208.00;143,026.00;265,217.00;XEJET Airlines;NG;0;0,00;0,00;0,00;0,00;0,00;0,00;80724,88;149298,24;265217,48;182910,98;NULL;NULL;NULL;NULL;NULL;NULL;85;78;-31
COM14022;COM14022;SMJet;Customer;3;2,00;2,00;0,00;0;2022-03-04;8,00;NULL;0,00;NULL;NULL;2022-09-27;NULL;San Marino - SM - Europe;0.00;2;84,885.00;51,107.00;47,249.00;81,027.00;SMJet S.r.l.;SM;0;0,00;0,00;0,00;0,00;0,00;38897,86;70571,66;76034,90;81027,01;51107,05;NULL;NULL;NULL;NULL;NULL;81;8;7;-37
COM14024;COM14024;SATA INTERNATIONAL;Pending Closure;2;7,00;7,00;0,00;0;2023-01-02;5,00;2029-09-30;573.040,00;2025-11-30;dissatisfied with ETOPS calculation - bad onboarding from customer side. First termination received 13 january 2025, but agreed to negotation;NULL;NULL;Portugal - PT - Europe;186,060.00;9;-162,599.00;186,002.00;348,437.00;-163.00;SATA Internacional Azores Airlines SA;PT;0;0,00;0,00;0,00;0,00;0,00;0,00;164846,93;573039,93;398235,46;186001,87;NULL;NULL;NULL;NULL;NULL;NULL;248;-31;-53
COM14039;COM14039;Freedom Airline Express;PotCust;NULL;0,00;0,00;0,00;0;NULL;0,00;NULL;0,00;NULL;NULL;2022-12-29;Closed acc to LN - never live;Kenya - KE - Africa;0.00;0;0.00;0.00;0.00;0.00;Freedom Airline Express Ltd.;KE;3;NULL;NULL;NULL;NULL;NULL;NULL;NULL;NULL;NULL;NULL;NULL;NULL;NULL;NULL;NULL;NULL;NULL;NULL;NULL
COM14051;COM14051;AVIOR;NonCust;NULL;0,00;0,00;0,00;0;2022-05-18;8,00;2025-08-20;47.272,00;2025-08-31;Missing payment;2025-08-20;No communication, no payment, no use of system;Kazakhstan - KZ - Asia;0.00;0;0.00;0.00;27,568.00;27,568.00;IP USSR (Avior);KZ;3;0,00;0,00;0,00;0,00;0,00;12915,71;27251,23;44077,81;27568,13;0,00;NULL;NULL;NULL;NULL;NULL;111;62;-37;-100
COM14064;COM14064;Pakistan Aviators and Aviation;PotCust;NULL;0,00;0,00;0,00;0;2022-10-01;0,00;2024-09-16;41.261,00;2024-09-30;Shuttingdown;2024-09-16;Contract cancelled;Pakistan - PK - Asia;0.00;0;0.00;0.00;0.00;0.00;Pakistan Aviators and Aviation PVT LTD AIIAP;PK;3;0,00;0,00;0,00;0,00;0,00;37352,07;75522,72;45308,28;0,00;0,00;NULL;NULL;NULL;NULL;NULL;102;-40;-100;NULL
COM14070;COM14070;Zafer Air;Customer;NULL;12,00;0,00;0,00;0;2023-02-01;8,00;NULL;0,00;NULL;NULL;2024-02-06;NULL;Turkey - TR - Asia;0.00;12;265,364.00;156,510.00;142,448.00;251,302.00;Zafer Air;TR;0;0,00;0,00;0,00;0,00;0,00;0,00;78884,41;137495,89;251301,59;158478,51;NULL;NULL;NULL;NULL;NULL;NULL;74;83;-37
COM14076;COM14076;MINGALAR (AIR KBZ);Customer;NULL;2,00;0,00;0,00;0;2022-08-03;8,00;NULL;0,00;NULL;NULL;NULL;NULL;Myanmar - MM - Asia;16,902.00;3;103,847.00;63,349.00;64,547.00;105,044.00;Mingalar Aviation Services Company Limited;MM;0;0,00;0,00;0,00;0,00;0,00;0,00;119126,51;116981,66;105044,31;63349,11;NULL;NULL;NULL;NULL;NULL;NULL;-2;-10;-40
COM14093;COM14093;Bass Aero;Customer;3;0,00;0,00;0,00;0;2022-10-28;8,00;NULL;0,00;NULL;NULL;NULL;NULL;Singapore - SG - Asia;0.00;0;54,306.00;32,736.00;31,837.00;53,406.00;Bass Aero PTE LTD;SG;0;0,00;0,00;0,00;0,00;0,00;3834,71;48165,73;52149,56;53406,34;32735,79;NULL;NULL;NULL;NULL;NULL;1156;8;2;-39
COM14094;COM14094;Aerus;Customer;NULL;7,00;6,00;0,00;0;2022-11-24;8,00;NULL;0,00;NULL;NULL;NULL;NULL;Mexico - MX - Americas;11,906.00;7;134,315.00;78,540.00;76,103.00;131,878.00;Aerotransportes Rafilher S.A. de C.V;MX;0;0,00;0,00;0,00;0,00;0,00;0,00;51259,64;108092,56;131878,47;89252,34;NULL;NULL;NULL;NULL;NULL;NULL;111;22;-32
COM14107;COM14107;Wise Trip Management;Customer;NULL;0,00;0,00;0,00;0;2022-10-26;8,00;NULL;0,00;NULL;NULL;NULL;NULL;United States of America - US - Americas;5,070.00;0;58,059.00;34,929.00;35,478.00;58,608.00;Wise International Support Expert LLC;US;0;0,00;0,00;0,00;0,00;0,00;0,00;42992,79;55919,92;58607,96;34928,85;NULL;NULL;NULL;NULL;NULL;NULL;30;5;-40
COM14162;COM14162;Jet Club Malta;PotCust;NULL;0,00;0,00;0,00;0;2023-03-15;0,00;2023-12-18;2.922,00;2024-02-18;Missing payment;2023-12-18;missing payment and communication;Malta - MT - Europe;0.00;1;0.00;0.00;0.00;0.00;JetClub Malta Ltd.;MT;3;0,00;0,00;0,00;0,00;0,00;0,00;2921,95;0,00;0,00;0,00;NULL;NULL;NULL;NULL;NULL;NULL;-100;NULL;NULL
COM14167;COM14167;AIR INTER TRANSPORT CO.,LTD.;PotCust;NULL;0,00;0,00;0,00;0;2023-02-17;0,00;2024-08-20;43.428,00;2024-08-20;Missing payment;2024-08-20;Missing payment and communication;Thailand - TH - Asia;0.00;0;0.00;0.00;0.00;0.00;AIR INTER TRANSPORT CO.,LTD.;TH;3;0,00;0,00;0,00;0,00;0,00;0,00;30299,81;61893,00;0,00;0,00;NULL;NULL;NULL;NULL;NULL;NULL;104;-100;NULL
COM14175;COM14175;Digajet Aviation;Customer;3;3,00;0,00;0,00;0;2022-12-01;8,00;NULL;0,00;NULL;NULL;NULL;NULL;Germany - DE - Europe;0.00;5;60,482.00;29,832.00;32,818.00;63,468.00;DigaJet Aviation GmbH;DE;0;0,00;0,00;0,00;0,00;0,00;2468,92;36706,53;55285,23;63467,95;29831,58;NULL;NULL;NULL;NULL;NULL;1387;51;15;-53
COM14184;COM14184;NYX AIR;Customer;2;10,00;12,00;0,00;10;2023-01-01;8,00;NULL;0,00;NULL;NULL;NULL;NULL;Estonia - EE - Europe;34,188.00;10;344,756.00;232,453.00;132,800.00;245,103.00;NYXAIR OÜ;EE;0;0,00;0,00;0,00;0,00;0,00;0,00;245516,30;204050,65;268165,98;238021,67;NULL;NULL;NULL;NULL;NULL;NULL;-17;31;-11
COM14223;COM14223;Aasiana Aerotech Private Limited;Customer via;3;0,00;0,00;0,00;0;2025-07-03;0,00;NULL;0,00;NULL;NULL;NULL;NULL;India - IN - Asia;0.00;0;0.00;0.00;0.00;0.00;Aasiana Aerotech Private Limited;IN;0;NULL;NULL;NULL;NULL;NULL;NULL;NULL;NULL;NULL;NULL;NULL;NULL;NULL;NULL;NULL;NULL;NULL;NULL;NULL
COM14240;COM14240;European Air Charter;Customer;3;0,00;9,00;0,00;0;2023-04-28;8,00;NULL;0,00;NULL;NULL;NULL;NULL;Bulgaria - BG - Europe;0.00;10;21,615.00;13,923.00;13,101.00;20,792.00;European Air Charter Jsc.;BG;0;0,00;0,00;0,00;0,00;0,00;0,00;28508,87;15732,47;40248,77;14962,90;NULL;NULL;NULL;NULL;NULL;NULL;-45;156;-63
COM14241;COM14241;Paramount Global Ferry Services;Customer;NULL;0,00;0,00;0,00;0;2023-07-31;8,00;NULL;0,00;NULL;NULL;NULL;NULL;United States of America - US - Americas;0.00;0;54,306.00;32,736.00;31,837.00;53,406.00;Paramount Global Ferry Services LLc;US;0;0,00;0,00;0,00;0,00;0,00;0,00;16115,68;52149,56;53406,34;32735,79;NULL;NULL;NULL;NULL;NULL;NULL;224;2;-39
COM14258;COM14258;Fits Air;Customer;2;3,00;0,00;0,00;0;2023-12-30;5,00;NULL;0,00;NULL;NULL;NULL;NULL;Sri Lanka - LK - Asia;28,793.00;3;199,941.00;114,467.00;125,163.00;210,638.00;FITS Aviation (Pvt.) Ltd.;LK;0;0,00;0,00;0,00;0,00;0,00;0,00;0,00;213912,49;210637,67;114632,64;NULL;NULL;NULL;NULL;NULL;NULL;NULL;-2;-46
COM14259;COM14259;Regional Airports Company Ltd;NonCust;NULL;0,00;0,00;0,00;0;NULL;0,00;NULL;0,00;NULL;NULL;NULL;NULL;Maldives - MV - Asia;0.00;0;0.00;0.00;0.00;0.00;Regional Airports Company Ltd;MV;0;NULL;NULL;NULL;NULL;NULL;NULL;NULL;NULL;NULL;NULL;NULL;NULL;NULL;NULL;NULL;NULL;NULL;NULL;NULL
COM14262;COM14262;Test intern cm;NonCust;NULL;0,00;0,00;0,00;0;NULL;0,00;NULL;0,00;NULL;NULL;NULL;NULL;Denmark - DK - Europe;0.00;0;0.00;0.00;0.00;0.00;Charlotte Maack Madsen;DK;0;NULL;NULL;NULL;NULL;NULL;NULL;NULL;NULL;NULL;NULL;NULL;NULL;NULL;NULL;NULL;NULL;NULL;NULL;NULL
COM14289;COM14289;DC Aviation Gmbh;NonCust;NULL;0,00;1,00;1,00;0;NULL;0,00;NULL;0,00;NULL;NULL;NULL;NULL;Germany - DE - Europe;0.00;0;0.00;0.00;0.00;0.00;DC Aviation Gmbh;DE;0;NULL;NULL;NULL;NULL;NULL;NULL;NULL;NULL;NULL;NULL;NULL;NULL;NULL;NULL;NULL;NULL;NULL;NULL;NULL
COM14347;COM14347;Bamboo Airways;Customer;2;3,00;0,00;0,00;0;2024-09-02;3,00;NULL;0,00;NULL;NULL;NULL;NULL;Viet Nam - VN - Asia;8,707.00;5;140,470.00;80,814.00;88,561.00;148,217.00;BAMBOO AIRWAYS JOINT STOCK COMPANY;VN;0;0,00;0,00;0,00;0,00;0,00;0,00;0,00;13340,79;163040,98;87752,80;NULL;NULL;NULL;NULL;NULL;NULL;NULL;1122;-46
COM14360;COM14360;JETSKY AIRWAYS;Quarantine;NULL;0,00;0,00;0,00;0;2023-12-13;8,00;2025-03-12;96.725,00;2025-03-31;Bankruptcy, information received via Tavi from Electra (BUL);2025-03-12;Bankrupt? No communication, no payment.;Bulgaria - BG - Europe;0.00;1;0.00;0.00;17,645.00;17,645.00;JetSky Airways;BG;3;0,00;0,00;0,00;0,00;0,00;0,00;8308,12;97002,44;17644,51;0,00;NULL;NULL;NULL;NULL;NULL;NULL;1068;-82;-100
COM14361;COM14361;MSC AIR S.p.a.;PotCust;3;1,00;0,00;0,00;0;2024-11-28;8,00;2026-06-03;158.041,00;2026-06-30;Integration issues, Jeppesen Aviator.;2026-06-03;Contract terminated by end of May 2026;Italy - IT - Europe;0.00;0;33,693.00;52,758.00;56,652.00;37,587.00;MSC AIR S.p.a.;IT;3;0,00;0,00;0,00;0,00;0,00;0,00;0,00;0,00;68929,77;65950,99;NULL;NULL;NULL;NULL;NULL;NULL;NULL;NULL;-4
COM14376;COM14376;SMALL FLY;Customer;3;5,00;0,00;0,00;0;2025-01-31;8,00;NULL;0,00;NULL;NULL;NULL;NULL;Malta - MT - Europe;-21,034.00;3;106,892.00;73,314.00;26,268.00;59,846.00;SMALL FLY CO. LTD.;MT;0;0,00;0,00;0,00;0,00;0,00;0,00;0,00;0,00;59846,01;73314,06;NULL;NULL;NULL;NULL;NULL;NULL;NULL;NULL;23
COM14449;COM14449;PLAY;NonCust;NULL;0,00;0,00;0,00;0;NULL;0,00;NULL;0,00;NULL;NULL;2025-09-30;BK: The company is bankrupt;Iceland - IS - Europe;0.00;0;0.00;0.00;0.00;0.00;Fly Play ehf;IS;3;NULL;NULL;NULL;NULL;NULL;NULL;NULL;NULL;NULL;NULL;NULL;NULL;NULL;NULL;NULL;NULL;NULL;NULL;NULL
COM14475;COM14475;SolitAir;Customer;NULL;4,00;7,00;7,00;7;2025-01-27;3,00;NULL;0,00;NULL;NULL;NULL;NULL;United Arab Emirates - AE - Asia;33,785.00;3;385,849.00;248,127.00;92,978.00;230,700.00;SOLITAIR AVIATION SERVICES DWC-LLC;AE;0;0,00;0,00;0,00;0,00;0,00;0,00;0,00;0,00;230700,46;248127,19;NULL;NULL;NULL;NULL;NULL;NULL;NULL;NULL;8
COM14483;COM14483;Marabu Airlines;Customer via;NULL;0,00;0,00;0,00;0;2024-05-02;0,00;2026-01-26;149.554,00;2026-01-31;Customer at ASISTIM. Using Sita Mission watch. LN/HR case;2026-01-28;Customer at ASISTIM. Using Sita Mission watch. LN/HR case;Estonia - EE - Europe;0.00;7;24,917.00;0.00;0.00;24,917.00;Marabu Airlines OÜ;EE;3;0,00;0,00;0,00;0,00;0,00;0,00;0,00;0,00;24916,75;0,00;NULL;NULL;NULL;NULL;NULL;NULL;NULL;NULL;-100
COM14489;COM14489;Arjavam Aerospace;Customer;3;0,00;0,00;0,00;0;2024-10-11;8,00;NULL;0,00;NULL;NULL;NULL;NULL;India - IN - Asia;0.00;1;67,481.00;43,115.00;31,628.00;55,994.00;Arjavam Aerospace (OPC) Private Limited;IN;0;0,00;0,00;0,00;0,00;0,00;0,00;0,00;5527,53;55994,46;43114,88;NULL;NULL;NULL;NULL;NULL;NULL;NULL;913;-23
COM14497;COM14497;Standard Sales Orders (SBO);NonCust;NULL;0,00;0,00;0,00;0;NULL;0,00;NULL;0,00;NULL;NULL;NULL;NULL;Denmark - DK - Europe;0.00;NULL;0.00;0.00;0.00;0.00;STANDARDORDER;DK;0;NULL;NULL;NULL;NULL;NULL;NULL;NULL;NULL;NULL;NULL;NULL;NULL;NULL;NULL;NULL;NULL;NULL;NULL;NULL
COM14518;COM14518;Sierra Private Jets;PotCust;NULL;0,00;0,00;0,00;0;NULL;0,00;NULL;0,00;NULL;NULL;NULL;NULL;Turkey - TR - Asia;2,130.00;NULL;0.00;0.00;0.00;0.00;Sierra Havacılık A.Ş.;TR;0;NULL;NULL;NULL;NULL;NULL;NULL;NULL;NULL;NULL;NULL;NULL;NULL;NULL;NULL;NULL;NULL;NULL;NULL;NULL
COM14534;COM14534;Mukhtara Air;Quarantine;1;2,00;0,00;0,00;0;2025-03-27;8,00;2026-07-07;101,53;2026-07-31;Missing payment, no response from customer;2026-07-07;Lack of payment;Indonesia - ID - Asia;74,349.00;1;101,531.00;83,117.00;0.00;18,414.00;Manazil Al-Mukhatara Indo;ID;2;0,00;0,00;0,00;0,00;0,00;0,00;0,00;0,00;18414,15;96041,12;NULL;NULL;NULL;NULL;NULL;NULL;NULL;NULL;422
COM14552;COM14552;Air Sierra Leone;Customer;2;0,00;0,00;0,00;0;2025-06-03;8,00;NULL;0,00;NULL;NULL;NULL;NULL;Sierra Leone - SL - Africa;13,981.00;NULL;12,455.00;12,455.00;0.00;0.00;Air Sierra Leone;SL;0;0,00;0,00;0,00;0,00;0,00;0,00;0,00;0,00;0,00;18682,67;NULL;NULL;NULL;NULL;NULL;NULL;NULL;NULL;NULL
COM14602;COM14602;Skyline Flight Academy;Customer;3;0,00;0,00;0,00;0;2026-01-13;8,00;NULL;0,00;NULL;NULL;NULL;NULL;Italy - IT - Europe;0.00;1;6,465.00;6,465.00;0.00;0.00;Skysafe snc di Leonardo Ricci e Lorenzo Torresi;IT;0;0,00;0,00;0,00;0,00;0,00;0,00;0,00;0,00;0,00;12929,56;NULL;NULL;NULL;NULL;NULL;NULL;NULL;NULL;NULL
COM14609;COM14609;North American Flight Control (NAFC);Customer;NULL;0,00;0,00;0,00;0;2025-12-19;0,00;NULL;0,00;NULL;NULL;NULL;NULL;United States of America - US - Americas;0.00;NULL;0.00;0.00;0.00;0.00;North American Flight Control LLC;US;0;NULL;NULL;NULL;NULL;NULL;NULL;NULL;NULL;NULL;NULL;NULL;NULL;NULL;NULL;NULL;NULL;NULL;NULL;NULL
COM14635;COM14635;Aeroglobe Aviation Services;Customer;NULL;0,00;0,00;0,00;0;2026-03-31;8,00;NULL;0,00;NULL;NULL;NULL;NULL;Turkey - TR - Asia;0.00;0;23,082.00;23,082.00;0.00;0.00;Aeroglobe Aviation Services;TR;0;0,00;0,00;0,00;0,00;0,00;0,00;0,00;0,00;0,00;66073,05;NULL;NULL;NULL;NULL;NULL;NULL;NULL;NULL;NULL
COM14647;COM14647;BLUECHAP GROUP (TAILLOG EFB);NonCust;NULL;0,00;0,00;0,00;0;NULL;0,00;NULL;0,00;NULL;NULL;NULL;NULL;Denmark - DK - Europe;0.00;0;0.00;0.00;0.00;0.00;Blue Chap Group ApS;DK;0;NULL;NULL;NULL;NULL;NULL;NULL;NULL;NULL;NULL;NULL;NULL;NULL;NULL;NULL;NULL;NULL;NULL;NULL;NULL
COM11017;NULL;NULL;NULL;NULL;NULL;NULL;NULL;NULL;NULL;NULL;NULL;NULL;NULL;NULL;NULL;NULL;NULL;NULL;NULL;NULL;NULL;NULL;NULL;Air Glaciers S.A.;CH;3;50467,05;50816,30;31124,23;20805,57;0,00;0,00;0,00;0,00;0,00;0,00;1;-39;-33;-100;NULL;NULL;NULL;NULL;NULL
COM11035;COM11035;ATLAS AIR SERVICE AG;NonCust;NULL;0,00;0,00;0,00;0;1994-09-01;8,00;2025-06-30;108.301,00;2025-06-30;New partner with PPS account, cancellation only do to optm. of business. Flightplanning done by sprouts Gmbh, also a PPS customer;2025-07-01;New partner with PPS account, cancellation only do to optm. of business. Flightplanning done by sprouts Gmbh, also a PPS customer;Germany - DE - Europe;0.00;7;0.00;0.00;51,659.00;51,659.00;ATLAS AIR SERVICE AG;DE;3;126825,08;102092,56;100800,48;125811,15;100548,74;113130,69;135077,74;123910,68;51658,55;0,00;-20;-1;25;-20;13;19;-8;-58;-100
COM11050;NULL;NULL;NULL;NULL;NULL;NULL;NULL;NULL;NULL;NULL;NULL;NULL;NULL;NULL;NULL;NULL;NULL;NULL;NULL;NULL;NULL;NULL;NULL;BLUE CHIP JET, HB;SE;3;3255,28;0,00;0,00;0,00;0,00;0,00;0,00;0,00;0,00;0,00;-100;NULL;NULL;NULL;NULL;NULL;NULL;NULL;NULL
COM11073;NULL;NULL;NULL;NULL;NULL;NULL;NULL;NULL;NULL;NULL;NULL;NULL;NULL;NULL;NULL;NULL;NULL;NULL;NULL;NULL;NULL;NULL;NULL;DENIM AIR ACMI B.V.;NL;3;3158,80;0,00;0,00;0,00;0,00;0,00;0,00;0,00;0,00;0,00;-100;NULL;NULL;NULL;NULL;NULL;NULL;NULL;NULL
COM11093;COM11093;ExecuJet Europe AG (part of Luxaviation Group);PotCust;NULL;0,00;0,00;0,00;0;2020-06-01;0,00;NULL;0,00;NULL;NULL;2023-10-02;Contact terminated;Switzerland - CH - Europe;0.00;0;0.00;0.00;0.00;0.00;ExecuJet Europe AG;CH;3;0,00;0,00;0,00;0,00;350102,43;12083,71;0,00;0,00;0,00;0,00;NULL;NULL;NULL;NULL;-97;-100;NULL;NULL;NULL
COM11120;COM11120;INTERJET Hellenic Aviation;PotCust;NULL;0,00;0,00;0,00;0;NULL;0,00;NULL;0,00;NULL;NULL;NULL;NULL;Greece - GR - Europe;0.00;NULL;0.00;0.00;0.00;0.00;INTERJET Hellenic Aviation &;GR;0;NULL;NULL;NULL;NULL;NULL;NULL;NULL;NULL;NULL;NULL;NULL;NULL;NULL;NULL;NULL;NULL;NULL;NULL;NULL
COM11125;COM11125;ImperialJet Europe GmbH;Quarantine;NULL;0,00;0,00;0,00;0;2007-03-01;8,00;2025-03-18;60.627,00;2025-03-31;Missing payment;2025-03-18;No payment!;Germany - DE - Europe;0.00;2;0.00;0.00;6,555.00;6,555.00;ImperialJet Europe GmbH;DE;3;108222,80;89791,60;62790,22;66207,82;64789,11;54145,06;49956,16;60023,69;10602,22;0,00;-17;-30;5;-2;-16;-8;20;-82;-100
COM11138;COM11138;LUXAVIATION UK (Part of Luxaviation Group. Former LEA London executive Aviation);PotCust;NULL;0,00;0,00;0,00;0;2018-12-01;0,00;NULL;222.107,00;2023-09-11;Group deal - going to Flightkeys;2023-09-12;Contract terminated;United Kingdom of Great Britain and Northern Ireland - GB - Europe;0.00;0;0.00;0.00;0.00;0.00;LUXAVIATION UK;GB;3;0,00;22372,93;256937,78;272271,95;260874,64;230203,52;106904,43;0,00;0,00;0,00;NULL;1048;6;-4;-12;-54;-100;NULL;NULL
COM11139;COM11139;LUFTTRANSPORT F.W. A/S;Customer;NULL;0,00;0,00;0,00;0;1998-10-01;0,00;NULL;0,00;NULL;NULL;NULL;NULL;Norway - NO - Europe;0.00;0;0.00;0.00;0.00;0.00;LUFTTRANSPORT F.W. A/S;NO;0;103897,33;106325,66;117249,43;22629,41;0,00;0,00;0,00;0,00;0,00;0,00;2;10;-81;-100;NULL;NULL;NULL;NULL;NULL
COM11155;COM11155;ProAir Aviation GmbH;Customer;1;36,00;0,00;0,00;0;1998-01-01;8,00;NULL;0,00;NULL;NULL;2023-12-18;NULL;Germany - DE - Europe;58,566.00;32;639,812.00;393,663.00;315,274.00;561,422.00;ProAir Aviation GmbH;DE;0;155779,13;373642,80;328684,11;299969,32;264511,85;263152,45;375368,47;448986,52;562507,08;398205,07;140;-12;-9;-12;-1;43;20;25;-29
COM11192;NULL;NULL;NULL;NULL;NULL;NULL;NULL;NULL;NULL;NULL;NULL;NULL;NULL;NULL;NULL;NULL;NULL;NULL;NULL;NULL;NULL;NULL;NULL;Südzucker Reise-Service GmbH;DE;3;7152,00;0,00;0,00;0,00;0,00;0,00;0,00;0,00;0,00;0,00;-100;NULL;NULL;NULL;NULL;NULL;NULL;NULL;NULL
COM11204;COM11204;German Airways (Former: WDL);Customer;2;8,00;8,00;0,00;0;1994-10-01;8,00;NULL;0,00;NULL;NULL;NULL;NULL;Germany - DE - Europe;38,608.00;8;412,492.00;249,708.00;226,342.00;389,126.00;German Airways GmbH;DE;0;70827,15;101920,80;124367,76;95513,73;156477,40;217931,28;326502,89;358387,55;389126,42;249707,71;44;22;-23;64;39;50;10;9;-36
COM11224;COM11224;SIPJ SONNIG International Private Jet;PotCust;NULL;0,00;0,00;0,00;0;2013-08-01;0,00;NULL;81.737,00;2023-05-30;going to onknown competitor;2023-06-13;Lost to competitor;United Arab Emirates - AE - Asia;0.00;0;0.00;0.00;0.00;0.00;SIPJ SONNIG International Private Jet;AE;3;0,00;48938,16;56693,66;55330,64;86766,98;83463,93;35297,26;0,00;0,00;0,00;NULL;16;-2;57;-4;-58;-100;NULL;NULL
COM11272;NULL;NULL;NULL;NULL;NULL;NULL;NULL;NULL;NULL;NULL;NULL;NULL;NULL;NULL;NULL;NULL;NULL;NULL;NULL;NULL;NULL;NULL;NULL;XJC Limited;GB;3;171635,71;140044,31;123527,68;0,00;0,00;0,00;0,00;0,00;0,00;0,00;-18;-12;-100;NULL;NULL;NULL;NULL;NULL;NULL
COM11314;COM11314;Arab Wings;Customer;NULL;10,00;0,00;0,00;0;2006-05-01;8,00;NULL;0,00;NULL;NULL;NULL;NULL;Jordan - JO - Asia;5,026.00;10;15,087.00;-35,828.00;213,340.00;264,255.00;Arab Wings;JO;0;427001,22;220771,65;360221,34;236444,28;238854,81;258569,01;251081,10;297105,10;264254,73;208228,61;-48;63;-34;1;8;-3;18;-11;-21
COM11332;COM11332;JET TIME (old);NonCust;NULL;0,00;0,00;0,00;0;NULL;0,00;NULL;0,00;NULL;NULL;2021-09-17;Bankrupt;Denmark - DK - Europe;0.00;0;0.00;0.00;0.00;0.00;JET TIME A/S;DK;3;39514,80;130636,33;122733,78;64793,77;0,00;0,00;0,00;0,00;0,00;0,00;231;-6;-47;-100;NULL;NULL;NULL;NULL;NULL
COM11363;COM11363;Air Link International (CY) Ltd;Customer;NULL;0,00;0,00;0,00;0;2006-11-01;8,00;NULL;0,00;NULL;NULL;NULL;NULL;Cyprus - CY - Europe;0.00;0;50,343.00;25,920.00;23,978.00;48,401.00;Air Link International (CY) Ltd;CY;0;107616,74;88358,32;67056,27;41527,90;55098,30;42730,98;41494,73;44829,32;48400,85;25920,29;-18;-24;-38;33;-22;-3;8;8;-46
COM11386;COM11386;LOGANAIR Ltd.a;Customer;1;35,00;37,00;0,00;0;2007-07-01;8,00;NULL;0,00;NULL;NULL;NULL;NULL;United Kingdom of Great Britain and Northern Ireland - GB - Europe;0.00;35;986,971.00;601,340.00;543,196.00;928,827.00;LOGANAIR Ltd.a;GB;0;281911,73;320700,15;447259,82;277399,71;538938,62;870455,42;787964,60;857281,04;938473,57;612107,35;14;39;-38;94;62;-9;9;9;-35
COM11664;NULL;NULL;NULL;NULL;NULL;NULL;NULL;NULL;NULL;NULL;NULL;NULL;NULL;NULL;NULL;NULL;NULL;NULL;NULL;NULL;NULL;NULL;NULL;BLINK Ltd.;GB;3;99101,76;91014,04;0,00;0,00;0,00;0,00;0,00;0,00;0,00;0,00;-8;-100;NULL;NULL;NULL;NULL;NULL;NULL;NULL
COM11712;NULL;NULL;NULL;NULL;NULL;NULL;NULL;NULL;NULL;NULL;NULL;NULL;NULL;NULL;NULL;NULL;NULL;NULL;NULL;NULL;NULL;NULL;NULL;KHORS Air Company Ltd.;UA;3;8634,92;44782,94;0,00;0,00;0,00;0,00;0,00;0,00;0,00;0,00;419;-100;NULL;NULL;NULL;NULL;NULL;NULL;NULL
COM11861;COM11861;LIBERTY AIR;PotCust;NULL;0,00;0,00;0,00;0;2006-09-01;0,00;NULL;0,00;NULL;NULL;NULL;Closed correctly;Netherlands - NL - Europe;0.00;0;0.00;0.00;0.00;0.00;LIBERTY AIR;NL;3;NULL;NULL;NULL;NULL;NULL;NULL;NULL;NULL;NULL;NULL;NULL;NULL;NULL;NULL;NULL;NULL;NULL;NULL;NULL
COM11941;COM11941;BESTFLY;PotCust;2;0,00;0,00;0,00;0;NULL;0,00;NULL;0,00;NULL;NULL;NULL;NULL;Angola - AO - Africa;0.00;0;0.00;0.00;0.00;0.00;BESTFLY;AO;0;NULL;NULL;NULL;NULL;NULL;NULL;NULL;NULL;NULL;NULL;NULL;NULL;NULL;NULL;NULL;NULL;NULL;NULL;NULL
COM12083;COM12083;GLOBAL REACH AVIATION;Customer;2;0,00;3,00;0,00;0;2023-04-24;8,00;NULL;0,00;NULL;NULL;2022-03-29;NULL;Denmark - DK - Europe;0.00;2;14,896.00;10,074.00;6,745.00;11,567.00;GLOBAL REACH AVIATION;DK;0;0,00;0,00;28193,36;7719,80;0,00;0,00;6976,79;11558,68;11566,97;10074,36;NULL;NULL;-73;-100;NULL;NULL;66;0;-13
COM12088;COM12088;Success Aviation Services FZCO;PotCust;NULL;0,00;0,00;0,00;0;2018-02-01;0,00;NULL;83.090,00;2023-02-02;Missing payment. Company still exist;2023-03-20;Contract terminated;United Arab Emirates - AE - Asia;0.00;0;0.00;0.00;0.00;0.00;Success Aviation Services FZCO;AE;3;0,00;45297,73;109027,74;62893,05;81155,37;95194,79;18403,41;0,00;0,00;0,00;NULL;141;-42;29;17;-81;-100;NULL;NULL
COM12121;COM12121;JET CALL GmbH & CO.KG;PotCust;NULL;0,00;0,00;0,00;0;2011-04-01;0,00;NULL;55.337,00;2023-02-28;Missing payment;2023-02-28;No payment, no communication;Germany - DE - Europe;0.00;0;0.00;0.00;0.00;0.00;JET CALL GmbH & CO.KG;DE;3;49319,00;61012,54;64615,01;71875,78;78264,43;55337,44;2982,96;0,00;0,00;0,00;24;6;11;9;-29;-95;-100;NULL;NULL
COM12154;COM12154;MAC Medical Aviation Consulting GmbH;Customer;3;0,00;0,00;0,00;0;2008-08-01;8,00;NULL;0,00;NULL;NULL;NULL;NULL;Germany - DE - Europe;0.00;0;11,606.00;11,606.00;10,726.00;10,726.00;MAC Medical Aviation Consulting GmbH;DE;0;6965,75;7382,95;7398,51;7941,49;7919,87;8983,08;9645,16;9935,87;10725,75;11605,72;6;0;7;0;13;7;3;8;8
COM12185;COM12185;NavFix Flight Services;PotCust;NULL;0,00;0,00;0,00;0;2011-08-01;0,00;2024-09-30;80.508,00;2024-09-30;cancellation of contract;2024-10-01;Contract ended - do not know the reason;Philippines - PH - Asia;0.00;0;0.00;0.00;0.00;0.00;NavFix Flight Services;PH;3;2197,75;25124,20;40259,57;41460,95;58967,39;64055,28;84756,20;32487,70;0,00;0,00;1043;60;3;42;9;32;-62;-100;NULL
COM12235;COM12235;AVIART LLC;Quarantine;NULL;0,00;0,00;0,00;0;2017-07-06;0,00;NULL;0,00;NULL;NULL;2022-03-09;Discontinue of service - Russia;Russian Federation - RU - Europe;0.00;0;0.00;0.00;0.00;0.00;AVIART LLC;RU;3;23432,11;24824,64;34770,42;67837,45;76102,13;9127,29;0,00;0,00;0,00;0,00;6;40;95;12;-88;-100;NULL;NULL;NULL
COM12245;COM12245;REGOURD AVIATION (Amelia);Customer;1;21,00;18,00;14,00;0;2018-10-01;0,00;NULL;0,00;NULL;NULL;NULL;NULL;France - FR - Europe;102,607.00;18;903,034.00;511,141.00;524,418.00;916,310.00;REGOURD AVIATION;FR;0;0,00;52459,03;293662,47;264942,10;316947,73;442323,32;623893,16;837090,47;904398,04;543610,31;NULL;460;-10;20;40;41;34;8;-40
COM12275;COM12275;Westerhof Aviation - AIROPS24 Flight Support BV;Customer;2;7,00;0,00;0,00;0;2011-10-01;8,00;NULL;0,00;NULL;NULL;NULL;NULL;Netherlands - NL - Europe;15,825.00;1;189,796.00;113,456.00;95,608.00;171,947.00;AIROPS24 Flight Support BV;NL;0;120782,75;198812,46;198489,28;174436,02;237750,64;274530,79;231908,11;195384,41;171947,31;129281,47;65;0;-12;36;15;-16;-16;-12;-25
COM12361;COM12361;THREE GREEN AERO (AOSAC / 3Green);Customer;2;7,00;7,00;1,00;6;2013-02-01;8,00;NULL;0,00;NULL;NULL;NULL;NULL;Bulgaria - BG - Europe;0.00;7;499,624.00;240,271.00;225,010.00;484,362.00;3Green Aero Bulgaria Ltd.;BG;0;95149,54;79350,73;60648,24;41965,76;87851,83;157453,45;330432,44;377702,76;484362,01;240271,49;-17;-24;-31;109;79;110;14;28;-50
COM12396;COM12396;SATA Air Acores, SA;Customer;1;7,00;0,00;0,00;0;2015-10-01;8,00;NULL;0,00;NULL;NULL;NULL;NULL;Portugal - PT - Europe;19,455.00;7;226,128.00;136,145.00;125,871.00;215,854.00;SATA Air Acores;PT;0;131668,32;149284,72;138527,91;146278,14;145953,98;164439,92;186656,11;200696,38;215854,10;136145,46;13;-7;6;0;13;14;8;8;-37
COM12414;COM12414;LUXWING Ltd.;Customer;2;8,00;10,00;0,00;0;2012-10-01;8,00;NULL;0,00;NULL;NULL;NULL;NULL;Malta - MT - Europe;0.00;10;225,177.00;139,838.00;148,033.00;233,372.00;LUXWING LTD;MT;0;104247,85;133063,47;155173,51;189059,78;208947,31;227081,93;305828,09;315798,02;256932,11;140685,43;28;17;22;11;9;35;3;-19;-45
COM12421;NULL;NULL;NULL;NULL;NULL;NULL;NULL;NULL;NULL;NULL;NULL;NULL;NULL;NULL;NULL;NULL;NULL;NULL;NULL;NULL;NULL;NULL;NULL;bmi Regional;GB;3;394665,24;428553,56;29190,51;0,00;0,00;0,00;0,00;0,00;0,00;0,00;9;-93;-100;NULL;NULL;NULL;NULL;NULL;NULL
COM12484;COM12484;BURAQ AIR;Customer;3;5,00;4,00;4,00;0;2015-09-01;8,00;NULL;0,00;NULL;NULL;NULL;NULL;Libya - LY - Africa;149,077.00;5;317,976.00;120,620.00;124,463.00;321,820.00;BURAQ AIR;LY;0;53818,80;88684,80;78239,96;82605,92;58982,75;61325,05;51835,30;74703,79;334015,61;149072,80;65;-12;6;-29;4;-15;44;347;-55
COM12656;NULL;NULL;NULL;NULL;NULL;NULL;NULL;NULL;NULL;NULL;NULL;NULL;NULL;NULL;NULL;NULL;NULL;NULL;NULL;NULL;NULL;NULL;NULL;RUS Aviation FZE;AE;3;52710,99;42549,92;47415,63;0,00;0,00;0,00;0,00;0,00;0,00;0,00;-19;11;-100;NULL;NULL;NULL;NULL;NULL;NULL
COM12707;COM12707;Saudia Private Aviation;Customer;NULL;0,00;0,00;0,00;0;2015-04-01;8,00;NULL;0,00;NULL;NULL;NULL;NULL;Saudi Arabia - SA - Asia;0.00;0;471,957.00;276,296.00;255,295.00;450,956.00;Saudia Private Aviation;SA;0;457342,09;529873,29;402579,72;394280,31;421637,48;395994,46;343315,07;420046,67;450955,68;278652,33;16;-24;-2;7;-6;-13;22;7;-38
COM12721;COM12721;Fly Egypt;Quarantine;NULL;0,00;0,00;0,00;0;2014-12-01;0,00;2024-10-31;49.329,00;2024-10-31;See Spec.;2024-11-04;Out of business;Egypt - EG - Africa;0.00;1;0.00;0.00;0.00;0.00;Fly Egypt;EG;3;59093,40;125001,30;163465,92;139197,31;150565,32;177517,18;108009,51;40855,86;0,00;0,00;112;31;-15;8;18;-39;-62;-100;NULL
COM12733;COM12733;Fort Aero AS;Customer;3;0,00;0,00;0,00;0;2014-09-01;8,00;NULL;0,00;NULL;NULL;NULL;NULL;Estonia - EE - Europe;3,520.00;1;17,551.00;9,490.00;15,919.00;23,979.00;Fort Aero;EE;0;45291,53;80537,10;101204,47;127068,20;99589,26;50172,92;45303,51;48464,83;23979,41;9490,38;78;26;26;-22;-50;-10;7;-51;-60
COM12762;COM12762;DRAGONFLY EXECUTIVE AIRCHARTER;Customer;3;3,00;0,00;0,00;0;2014-12-01;8,00;NULL;0,00;NULL;NULL;NULL;NULL;United Kingdom of Great Britain and Northern Ireland - GB - Europe;10,830.00;5;63,040.00;39,246.00;26,280.00;50,074.00;DRAGONFLY EXECUTIVE AIRCHARTER;GB;0;72896,76;79188,95;79334,91;69944,17;48562,06;53615,61;45374,72;42018,46;50074,23;39246,04;9;0;-12;-31;10;-15;-7;19;-22
COM12767;COM12767;Petroleum Air Services (PAS);Customer;3;8,00;0,00;0,00;0;2020-03-01;8,00;NULL;0,00;NULL;NULL;NULL;NULL;Egypt - EG - Africa;7,404.00;8;84,617.00;51,014.00;49,597.00;83,200.00;Petroleum Air Services;EG;0;0,00;0,00;0,00;41633,93;38953,60;45105,36;35836,50;78440,22;83199,79;51014,01;NULL;NULL;NULL;-6;16;-21;119;6;-39
COM12779;COM12779;Elite Jet;Customer;3;5,00;0,00;0,00;0;2014-12-01;8,00;NULL;0,00;NULL;NULL;NULL;NULL;Slovakia - SK - Europe;0.00;6;128,711.00;75,074.00;56,218.00;109,855.00;Elite Jet;SK;0;47288,13;66973,68;66060,34;68631,52;68781,84;85069,36;80160,59;83378,35;121510,49;75073,83;42;-1;4;0;24;-6;4;46;-38
COM12784;COM12784;Deek Aviation FZE;PotCust;NULL;0,00;0,00;0,00;0;2015-02-01;0,00;NULL;0,00;NULL;NULL;2020-12-31;Terminated agreement, moved ops to 3rd party provider;United Arab Emirates - AE - Asia;0.00;0;0.00;0.00;0.00;0.00;Deek Aviation FZE;AE;3;132189,82;281434,15;185584,28;78066,83;0,00;0,00;0,00;0,00;0,00;0,00;113;-34;-58;-100;NULL;NULL;NULL;NULL;NULL
COM12789;COM12789;Smartwings, a.s. Travel service;Customer;1;48,00;52,00;46,00;0;2016-08-31;3,00;NULL;0,00;NULL;NULL;NULL;NULL;Czechia - CZ - Europe;0.00;51;1,745,120.00;1,051,360.00;887,023.00;1,580,784.00;Smartwings, a.s.;CZ;0;732894,12;1208814,26;972357,16;724288,78;881466,86;1625789,12;1496213,99;1572832,41;1579081,92;1050365,75;65;-20;-26;22;84;-8;5;0;-33
COM12833;COM12833;Orion-X Ltd;Quarantine;NULL;0,00;0,00;0,00;0;2015-04-01;0,00;NULL;0,00;NULL;NULL;2022-03-09;Discontinue of service - Russia;Russian Federation - RU - Europe;0.00;0;0.00;0.00;0.00;0.00;Orion-X Ltd;RU;3;79595,80;80724,46;11935,47;50357,53;50242,80;8706,15;0,00;0,00;0,00;0,00;1;-85;322;0;-83;-100;NULL;NULL;NULL
COM12867;COM12867;FLY SERVICE LTD;Customer;NULL;3,00;3,00;0,00;0;2016-08-01;8,00;NULL;0,00;NULL;NULL;NULL;NULL;Turkey - TR - Asia;11,790.00;0;222,325.00;119,381.00;87,885.00;190,829.00;FLY SERVICE LTD;TR;0;120949,26;131871,83;83120,76;82911,17;67381,56;65926,44;80774,64;92940,90;190829,12;121471,59;9;-37;0;-19;-2;23;15;105;-36
COM12876;COM12876;Atlas Trip Support (former Paramount/GTS);Customer;3;0,00;0,00;0,00;0;2014-10-01;8,00;NULL;0,00;NULL;NULL;NULL;NULL;United States of America - US - Americas;9,979.00;0;62,266.00;38,559.00;47,026.00;70,733.00;Atlas Trip Support;US;0;52647,29;76506,41;65558,17;61648,31;90617,50;99255,79;59257,11;66814,35;70733,31;38558,74;45;-14;-6;47;10;-40;13;6;-45
COM12914;NULL;NULL;NULL;NULL;NULL;NULL;NULL;NULL;NULL;NULL;NULL;NULL;NULL;NULL;NULL;NULL;NULL;NULL;NULL;NULL;NULL;NULL;NULL;DART LTD, AIR COMPANY;UA;3;209872,46;0,00;0,00;0,00;0,00;0,00;0,00;0,00;0,00;0,00;-100;NULL;NULL;NULL;NULL;NULL;NULL;NULL;NULL
COM12932;NULL;NULL;NULL;NULL;NULL;NULL;NULL;NULL;NULL;NULL;NULL;NULL;NULL;NULL;NULL;NULL;NULL;NULL;NULL;NULL;NULL;NULL;NULL;JET SUPPORT SERVICES;NG;3;41724,90;39122,10;0,00;0,00;0,00;0,00;0,00;0,00;0,00;0,00;-6;-100;NULL;NULL;NULL;NULL;NULL;NULL;NULL
COM12968;NULL;NULL;NULL;NULL;NULL;NULL;NULL;NULL;NULL;NULL;NULL;NULL;NULL;NULL;NULL;NULL;NULL;NULL;NULL;NULL;NULL;NULL;NULL;Eflight;IN;3;58083,18;334148,74;0,00;0,00;0,00;0,00;0,00;0,00;0,00;0,00;475;-100;NULL;NULL;NULL;NULL;NULL;NULL;NULL
COM13041;COM13041;Haya Aviation Services Ltd;Quarantine;NULL;0,00;0,00;0,00;0;2016-08-01;8,00;2025-05-08;53.742,00;2025-05-31;No contact;2025-05-08;No communication, no payment. No valid emails.;Saudi Arabia - SA - Asia;0.00;0;0.00;0.00;0.00;0.00;Ultimate Charter Company (UCAS Jet);SA;3;43553,07;45971,77;44907,91;43178,34;18289,50;80150,38;50571,26;56434,38;0,00;0,00;6;-2;-4;-58;338;-37;12;-100;NULL
COM13074;COM13074;QCM Quality Control Management AG;NonCust;NULL;0,00;0,00;0,00;0;2020-07-02;0,00;2024-01-05;0,00;2024-01-01;New Company, Peak Aero Solutions, COM14362;2024-01-05;New Company, Peak Aero Solutions, COM14362. All QCM accounts moved to Peak Aero;Switzerland - CH - Europe;0.00;6;0.00;0.00;0.00;0.00;QCM Quality Control Management AG;CH;3;0,00;0,00;0,00;66363,05;170978,78;265385,59;315477,99;0,00;0,00;0,00;NULL;NULL;NULL;158;55;19;-100;NULL;NULL
COM13082;COM13082;SPOT REISEN GmbH DWC-LLC;PotCust;NULL;0,00;0,00;0,00;0;2016-11-01;0,00;2024-02-29;54.533,00;2024-01-18;Going to unknown competiror;2024-03-04;Going to unknown competiror;United Arab Emirates - AE - Asia;0.00;0;0.00;0.00;0.00;0.00;SPOT REISEN GmbH DWC-LLC;AE;3;42589,37;60212,70;52100,68;46081,18;44570,90;52892,22;74309,66;9811,20;0,00;0,00;41;-13;-12;-3;19;40;-87;-100;NULL
COM13124;COM13124;UKRAINIAN WINGS;Customer;3;0,00;0,00;0,00;0;2017-04-01;8,00;NULL;0,00;NULL;NULL;2021-08-27;NULL;Ukraine - UA - Europe;0.00;1;0.00;0.00;0.00;0.00;UKRAINIAN WINGS;UA;0;82936,98;73373,36;43357,75;47909,98;44869,14;3982,47;0,00;0,00;0,00;0,00;-12;-41;10;-6;-91;-100;NULL;NULL;NULL
COM13135;NULL;NULL;NULL;NULL;NULL;NULL;NULL;NULL;NULL;NULL;NULL;NULL;NULL;NULL;NULL;NULL;NULL;NULL;NULL;NULL;NULL;NULL;NULL;Wataniya Airways;KW;3;32927,04;61088,29;0,00;0,00;0,00;0,00;0,00;0,00;0,00;0,00;86;-100;NULL;NULL;NULL;NULL;NULL;NULL;NULL
COM13142;COM13142;Air Libya;Customer;2;5,00;6,00;5,00;0;2017-02-01;8,00;NULL;0,00;NULL;NULL;NULL;NULL;Libya - LY - Africa;115,996.00;4;206,931.00;116,541.00;83,871.00;174,261.00;AIR LIBYA;LY;0;54087,00;67062,92;74139,82;128149,81;223568,92;153794,16;232565,95;290124,89;276903,26;116541,15;24;11;73;74;-31;51;25;-5;-58
COM13149;COM13149;Flight Assist LTD;Customer;3;0,00;0,00;0,00;0;2017-06-01;8,00;NULL;0,00;NULL;NULL;NULL;NULL;United Kingdom of Great Britain and Northern Ireland - GB - Europe;6,199.00;0;54,513.00;33,493.00;33,447.00;54,467.00;Flight Assist LTD;GB;0;39656,72;92910,24;78688,88;55550,05;62101,46;78095,74;56495,81;54235,82;59757,07;33493,15;134;-15;-29;12;26;-28;-4;10;-44
COM13154;COM13154;Fly2Sky OOD;Customer via;NULL;0,00;0,00;0,00;0;2017-04-01;0,00;NULL;0,00;NULL;NULL;2021-04-06;Invoiced through AOSAC from April 1st, 2021;Bulgaria - BG - Europe;0.00;0;0.00;0.00;0.00;0.00;Fly2Sky OOD;BG;3;23184,40;60165,31;67301,74;48895,95;22868,16;0,00;0,00;0,00;0,00;0,00;160;12;-27;-53;-100;NULL;NULL;NULL;NULL
COM13170;NULL;NULL;NULL;NULL;NULL;NULL;NULL;NULL;NULL;NULL;NULL;NULL;NULL;NULL;NULL;NULL;NULL;NULL;NULL;NULL;NULL;NULL;NULL;WSI Corporation;US;3;2298670,43;1724423,21;0,00;0,00;0,00;0,00;0,00;0,00;0,00;0,00;-25;-100;NULL;NULL;NULL;NULL;NULL;NULL;NULL
COM13176;COM13176;Fliteline BV;Customer;3;0,00;0,00;0,00;0;2024-09-24;8,00;NULL;0,00;NULL;NULL;NULL;NULL;Netherlands - NL - Europe;0.00;0;83,666.00;51,370.00;45,176.00;77,471.00;Fliteline BV;NL;0;0,00;0,00;0,00;0,00;0,00;0,00;0,00;4102,03;77471,39;51370,07;NULL;NULL;NULL;NULL;NULL;NULL;NULL;1789;-34
COM13201;NULL;NULL;NULL;NULL;NULL;NULL;NULL;NULL;NULL;NULL;NULL;NULL;NULL;NULL;NULL;NULL;NULL;NULL;NULL;NULL;NULL;NULL;NULL;Erofey LLC;RU;3;0,00;58298,17;28727,40;18133,29;0,00;0,00;0,00;0,00;0,00;0,00;NULL;-51;-37;-100;NULL;NULL;NULL;NULL;NULL
COM13241;COM13241;Pia Kaltenberger (Bluesky);Customer;3;3,00;0,00;0,00;0;2018-02-01;8,00;NULL;0,00;NULL;NULL;NULL;NULL;Germany - DE - Europe;-6,787.00;3;87,551.00;50,316.00;45,515.00;82,750.00;Pia Kaltenberger (Bluesky);DE;0;0,00;58294,29;58365,74;61400,15;67462,99;65169,29;69110,19;73636,44;82750,39;50316,23;NULL;0;5;10;-3;6;7;12;-39
COM13266;COM13266;LUMIWINGS S.A.;Quarantine;3;1,00;0,00;0,00;0;2018-06-01;8,00;2025-10-14;45.059,00;2025-10-31;Missing payment - no communication.;2025-10-14;No payment, no communication;Greece - GR - Europe;0.00;1;8,297.00;0.00;29,027.00;37,325.00;LUMIWINGS S.A.;GR;3;0,00;21760,68;61352,27;50424,01;56952,82;71568,17;82919,17;94975,19;37324,92;0,00;NULL;182;-18;13;26;16;15;-61;-100
COM13296;COM13296;AVIA BUSINESS GROUP;Quarantine;NULL;0,00;0,00;0,00;0;NULL;0,00;NULL;0,00;NULL;NULL;2020-11-10;No aircrafts, account closed.;Russian Federation - RU - Europe;0.00;0;0.00;0.00;0.00;0.00;AVIA BUSINESS GROUP;RU;3;0,00;17441,68;2910,96;0,00;0,00;0,00;0,00;0,00;0,00;0,00;NULL;-83;-100;NULL;NULL;NULL;NULL;NULL;NULL
COM13341;COM13341;Avincis Aviation Norway (Ex Babcock Norway);PotCust;NULL;0,00;0,00;0,00;0;2020-01-01;0,00;2025-03-31;171.116,00;2025-02-28;Management decision - hele avincis gruppen skifter til FF. NO, SE, DK, PO, ES + afrika;NULL;(PJ Reopening) Management decision - hele avincis gruppen skifter til FF. NO, SE, DK, PO, ES + afrika;Norway - NO - Europe;0.00;12;0.00;0.00;43,658.00;43,658.00;Avincis Aviation Norway AS;NO;0;0,00;0,00;0,00;96388,84;96175,24;122847,72;163957,83;171274,17;43658,05;0,00;NULL;NULL;NULL;0;28;33;4;-75;-100
COM13372;COM13372;FlyGR8 S.A (AllTime Aviation Ltd);PotCust;NULL;0,00;0,00;0,00;0;2021-03-04;0,00;NULL;0,00;NULL;NULL;2021-03-04;NULL;Greece - GR - Europe;0.00;0;0.00;0.00;0.00;0.00;FlyGR8 S.A (AllTime Aviation Ltd);GR;0;0,00;0,00;3404,59;3587,00;0,00;0,00;0,00;0,00;0,00;0,00;NULL;NULL;5;-100;NULL;NULL;NULL;NULL;NULL
COM13388;COM13388;JONIKA LLC;Customer;3;0,00;0,00;0,00;0;2019-02-01;8,00;NULL;0,00;NULL;NULL;2021-03-30;Outstanding invoices settled;Ukraine - UA - Europe;0.00;4;0.00;0.00;0.00;0.00;JONIKA LLC;UA;0;0,00;0,00;125455,56;111315,66;80124,84;9299,10;0,00;0,00;0,00;0,00;NULL;NULL;-11;-28;-88;-100;NULL;NULL;NULL
COM13394;COM13394;Eliance Aviation Global Services SLU;Customer;3;3,00;0,00;0,00;0;2020-01-01;8,00;NULL;0,00;NULL;NULL;NULL;Partly payment received, HEH reopen;Spain - ES - Europe;0.00;3;149,108.00;89,774.00;82,998.00;142,332.00;Eliance Helicopter Global Services SL;ES;0;0,00;0,00;0,00;93854,92;133240,92;148639,45;149302,78;137077,46;142332,41;89773,66;NULL;NULL;NULL;42;12;0;-8;4;-37
COM13489;COM13489;National Airways (Ethiopia);PotCust;NULL;0,00;0,00;0,00;0;2019-10-01;0,00;NULL;0,00;NULL;NULL;2021-05-19;No payment, have send several reminders, they do not act on any of them. See history from Yeshiwas;Ethiopia - ET - Africa;0.00;0;0.00;0.00;0.00;0.00;National Airways (Ethiopia);ET;3;0,00;0,00;8032,60;19546,75;8157,93;0,00;0,00;0,00;0,00;0,00;NULL;NULL;143;-58;-100;NULL;NULL;NULL;NULL
COM13553;COM13553;TRANSAVIABALTIKA;NonCust;NULL;0,00;0,00;0,00;0;NULL;0,00;NULL;0,00;NULL;NULL;NULL;NULL;Lithuania - LT - Europe;0.00;0;0.00;0.00;0.00;0.00;TRANSAVIABALTIKA;LT;0;NULL;NULL;NULL;NULL;NULL;NULL;NULL;NULL;NULL;NULL;NULL;NULL;NULL;NULL;NULL;NULL;NULL;NULL;NULL
COM13563;COM13563;AZUR AIR Russia;Quarantine;NULL;0,00;0,00;0,00;0;NULL;0,00;NULL;0,00;NULL;NULL;NULL;NULL;Russian Federation - RU - Europe;0.00;0;0.00;0.00;0.00;0.00;AZUR AIR;RU;0;NULL;NULL;NULL;NULL;NULL;NULL;NULL;NULL;NULL;NULL;NULL;NULL;NULL;NULL;NULL;NULL;NULL;NULL;NULL
COM13570;COM13570;Airspeedcharter (AeroStan);Customer;NULL;4,00;2,00;0,00;0;2019-11-14;8,00;NULL;0,00;NULL;NULL;NULL;NULL;United Arab Emirates - AE - Asia;17,573.00;5;246,425.00;146,395.00;157,630.00;257,660.00;AIRSPEEDCHARTER;AE;0;0,00;0,00;9927,23;125681,37;191043,09;202760,65;225905,41;270098,18;257659,92;171449,60;NULL;NULL;1166;52;6;11;20;-5;-33
COM13575;COM13575;BINTER CANARIAS;Customer;1;47,00;47,00;47,00;47;2011-12-19;8,00;NULL;0,00;NULL;NULL;NULL;NULL;Spain - ES - Europe;0.00;46;2,384,621.00;1,190,235.00;632,788.00;1,827,175.00;Insular De Subcontrataciones Aerotécnicas, S.L.;ES;0;0,00;0,00;806185,56;825458,86;981554,92;842430,51;1433579,57;1748510,11;2785773,14;1190234,71;NULL;NULL;2;19;-14;70;22;59;-57
COM13607;COM13607;Air Zimbabwe;Quarantine;2;0,00;0,00;0,00;0;2020-12-04;4,00;NULL;0,00;NULL;NULL;2026-05-12;Lack of payment;Zimbabwe - ZW - Africa;125,800.00;0;180,991.00;108,868.00;0.00;72,124.00;AIR ZIMBABWE;ZW;2;0,00;0,00;0,00;0,00;0,00;0,00;0,00;0,00;72123,53;124668,60;NULL;NULL;NULL;NULL;NULL;NULL;NULL;NULL;73
COM13613;COM13613;REDSTAR AVIATION;Customer;NULL;0,00;0,00;0,00;0;2020-12-01;8,00;NULL;0,00;NULL;NULL;NULL;NULL;Turkey - TR - Asia;0.00;10;14,259.00;8,643.00;11,124.00;16,740.00;REDSTAR AVIATION;TR;0;0,00;0,00;0,00;929,91;11155,15;11159,12;11825,28;21025,46;16740,48;8643,03;NULL;NULL;NULL;1100;0;6;78;-20;-48
COM13625;COM13625;AIR DJIBOUTI;Quarantine;2;1,00;0,00;0,00;0;2021-10-01;8,00;2025-10-14;51.739,00;2025-10-31;Missing payment has previously been churned, unchurned.;2025-10-14;No payment, no communication;Djibouti - DJ - Africa;0.00;3;9,098.00;0.00;33,429.00;42,526.00;AIR DJIBOUTI;DJ;3;0,00;0,00;0,00;0,00;0,00;55447,83;13161,87;45390,24;46565,64;0,00;NULL;NULL;NULL;NULL;NULL;-76;245;3;-100
COM13633;COM13633;Hunnu Air;Customer;NULL;0,00;4,00;4,00;0;2026-01-25;8,00;NULL;0,00;NULL;NULL;NULL;NULL;Mongolia - MN - Asia;6,149.00;4;30,513.00;30,513.00;0.00;0.00;HUNNU AIR;MN;0;0,00;0,00;0,00;0,00;0,00;0,00;0,00;0,00;0,00;30513,47;NULL;NULL;NULL;NULL;NULL;NULL;NULL;NULL;NULL
COM13647;COM13647;AviaThor;NonCust;NULL;0,00;0,00;0,00;0;NULL;0,00;NULL;0,00;NULL;NULL;NULL;NULL;Switzerland - CH - Europe;0.00;0;0.00;0.00;0.00;0.00;AviaThor;CH;0;NULL;NULL;NULL;NULL;NULL;NULL;NULL;NULL;NULL;NULL;NULL;NULL;NULL;NULL;NULL;NULL;NULL;NULL;NULL
COM13672;COM13672;EAGLE EXPRESS d.o.o.;NonCust;NULL;0,00;0,00;0,00;0;NULL;0,00;NULL;0,00;NULL;NULL;NULL;NULL;Serbia - RS - Europe;0.00;0;0.00;0.00;0.00;0.00;EAGLE EXPRESS d.o.o.;RS;0;NULL;NULL;NULL;NULL;NULL;NULL;NULL;NULL;NULL;NULL;NULL;NULL;NULL;NULL;NULL;NULL;NULL;NULL;NULL
COM13679;COM13679;Air Mountain SA;PotCust;NULL;0,00;0,00;0,00;0;2020-09-01;0,00;NULL;0,00;NULL;NULL;2023-09-04;Contract terminated by customer;Switzerland - CH - Europe;0.00;0;0.00;0.00;0.00;0.00;Air Mountain SA;CH;3;0,00;0,00;0,00;28361,45;67019,94;45160,76;13747,82;0,00;0,00;0,00;NULL;NULL;NULL;136;-33;-70;-100;NULL;NULL
COM13694;COM13694;FLYJETSTREAM;NonCust;NULL;0,00;0,00;0,00;0;NULL;0,00;NULL;0,00;NULL;NULL;NULL;NULL;South Africa - ZA - Africa;0.00;0;0.00;0.00;0.00;0.00;FLYJETSTREAM;ZA;0;NULL;NULL;NULL;NULL;NULL;NULL;NULL;NULL;NULL;NULL;NULL;NULL;NULL;NULL;NULL;NULL;NULL;NULL;NULL
COM13714;COM13714;Aircompany North West LLc;Quarantine;NULL;0,00;0,00;0,00;0;2020-11-10;0,00;NULL;0,00;NULL;NULL;2022-03-09;Discontinue of service - Russia;Russian Federation - RU - Europe;0.00;0;0.00;0.00;0.00;0.00;Aircompany North West LLc;RU;3;0,00;0,00;0,00;0,00;111020,50;16385,01;0,00;0,00;0,00;0,00;NULL;NULL;NULL;NULL;-85;-100;NULL;NULL;NULL
COM13774;COM13774;ETF AIRWAYS d.o.o.;Customer;2;3,00;3,00;0,00;0;2021-01-12;8,00;NULL;0,00;NULL;NULL;NULL;NULL;Croatia - HR - Europe;14,062.00;3;195,365.00;112,805.00;110,819.00;193,380.00;ETF AIRWAYS d.o.o.;HR;0;0,00;0,00;0,00;0,00;42300,04;139636,45;162424,35;174387,94;211790,94;122779,58;NULL;NULL;NULL;NULL;230;16;7;21;-42
COM13818;COM13818;FLYR;NonCust;NULL;0,00;0,00;0,00;0;2021-11-18;0,00;NULL;549.087,00;2023-02-02;Bankruptcy;2023-03-20;Ceased to exist;Norway - NO - Europe;0.00;0;0.00;0.00;0.00;0.00;FLYR AS;NO;3;0,00;0,00;0,00;0,00;122197,49;553822,35;56585,09;0,00;0,00;0,00;NULL;NULL;NULL;NULL;353;-90;-100;NULL;NULL
COM13861;COM13861;Blue One - Aircraft & Crew Management;NonCust;NULL;0,00;0,00;0,00;0;NULL;0,00;NULL;0,00;NULL;NULL;NULL;NULL;Belgium - BE - Europe;0.00;0;0.00;0.00;0.00;0.00;Blue One - Aircraft & Crew Management;BE;0;NULL;NULL;NULL;NULL;NULL;NULL;NULL;NULL;NULL;NULL;NULL;NULL;NULL;NULL;NULL;NULL;NULL;NULL;NULL
COM13878;COM13878;AIR MOLDOVA;PotCust;NULL;0,00;0,00;0,00;0;2021-05-05;0,00;NULL;189.525,00;2023-05-16;Missing payment;2023-05-16;Missing payment and communication;Moldova, Republic of - MD - Europe;0.00;0;0.00;0.00;0.00;0.00;Airline Company AIR MOLDOVA Ltd;MD;3;0,00;0,00;0,00;0,00;99439,59;203855,12;70859,47;0,00;0,00;0,00;NULL;NULL;NULL;NULL;105;-65;-100;NULL;NULL
COM13891;COM13891;ALS LIMITED;Customer;2;13,00;0,00;0,00;0;2021-12-01;8,00;NULL;0,00;NULL;reopen after partial payment 16/4, with promise of full payment.;NULL;NULL;Kenya - KE - Africa;62,736.00;15;353,251.00;213,149.00;179,238.00;319,340.00;ALS LIMITED;KE;0;0,00;0,00;0,00;0,00;27776,07;218922,21;286695,78;515037,41;393217,01;248294,43;NULL;NULL;NULL;NULL;688;31;80;-24;-37
COM13908;COM13908;Federal Airlines;PotCust;1;0,00;0,00;0,00;0;2022-10-01;8,00;2025-04-30;30.000,00;2025-02-28;40 of fleet going to fastjet, existing customer, 60 % goes to new vendor - EFB and FPL system intgr.;2025-07-03;HEH - please specify;South Africa - ZA - Africa;0.00;9;0.00;0.00;60,798.00;60,798.00;Federal Airlines (PTY) Ltd;ZA;3;0,00;0,00;0,00;0,00;0,00;38236,88;178148,33;168192,37;91246,86;0,00;NULL;NULL;NULL;NULL;NULL;366;-6;-46;-100
COM13915;COM13915;Luxaviation San Marino SRL (Part of Luxaviation Group);PotCust;NULL;0,00;0,00;0,00;0;NULL;0,00;NULL;48.268,00;2023-09-11;Group deal - going Flightkeys;2023-09-12;Contract terminated;San Marino - SM - Europe;0.00;0;0.00;0.00;0.00;0.00;Luxaviation San Marino SRL;SM;3;0,00;0,00;0,00;0,00;14658,34;48267,57;11424,29;0,00;0,00;0,00;NULL;NULL;NULL;NULL;229;-76;-100;NULL;NULL
COM13940;COM13940;HAYWAYS;Customer;NULL;2,00;0,00;0,00;0;2023-11-02;8,00;NULL;0,00;NULL;NULL;NULL;NULL;Armenia - AM - Asia;10,644.00;1;107,028.00;74,330.00;45,740.00;78,439.00;HAYWAYS LLC;AM;0;0,00;0,00;0,00;0,00;0,00;0,00;5589,67;66969,74;78438,66;74329,73;NULL;NULL;NULL;NULL;NULL;NULL;1098;17;-5
COM13948;COM13948;TRADEMID;NonCust;NULL;0,00;0,00;0,00;0;2022-01-07;0,00;NULL;177.608,00;2023-01-12;Bankruptcy;2023-01-12;Company ceased!;Turkey - TR - Asia;0.00;0;0.00;0.00;0.00;0.00;Trademid Havacilik Çözümleri Ticaret Ltd Şirketi;TR;3;0,00;0,00;0,00;0,00;0,00;180837,35;0,00;0,00;0,00;0,00;NULL;NULL;NULL;NULL;NULL;-100;NULL;NULL;NULL
COM13951;COM13951;SkyAlps;Customer;2;10,00;9,00;0,00;0;2022-01-12;8,00;NULL;0,00;NULL;NULL;NULL;NULL;Italy - IT - Europe;39,335.00;10;452,785.00;273,209.00;222,853.00;402,429.00;SkyAlps Tour Operator srl;IT;0;0,00;0,00;0,00;0,00;0,00;23187,14;123109,32;231274,74;400727,37;272215,55;NULL;NULL;NULL;NULL;NULL;431;88;73;-32
COM13963;COM13963;SPARFELL Airways SA;PotCust;NULL;0,00;0,00;0,00;0;2021-12-01;0,00;2024-09-30;65.848,00;2024-09-30;Split of group. No PPS activity left.  Customer accept to pay 50 of the reamining contract value.;2024-08-30;No tails on PPS any longer;Switzerland - CH - Europe;0.00;1;0.00;0.00;0.00;0.00;SPARFELL Airways SA;CH;3;0,00;0,00;0,00;0,00;4796,54;67467,53;70513,04;46480,08;0,00;0,00;NULL;NULL;NULL;NULL;1307;5;-34;-100;NULL
COM13975;COM13975;AEROCONTROL;Customer;NULL;0,00;0,00;0,00;0;2022-01-01;8,00;NULL;0,00;NULL;NULL;2023-07-03;NULL;United Arab Emirates - AE - Asia;0.00;0;29,239.00;16,804.00;10,731.00;23,166.00;AEROCONTROL;AE;0;0,00;0,00;0,00;0,00;0,00;33226,62;35927,95;60210,05;23166,38;25607,21;NULL;NULL;NULL;NULL;NULL;8;68;-62;11
COM13992;COM13992;Flight Pit Stop;Customer;NULL;0,00;0,00;0,00;0;2022-01-13;8,00;NULL;0,00;NULL;NULL;2022-04-08;NULL;United Arab Emirates - AE - Asia;9,648.00;0;51,863.00;32,149.00;29,582.00;49,295.00;Flight Pit Stop;AE;0;0,00;0,00;0,00;0,00;0,00;41551,52;65634,85;52898,41;49295,44;32149,39;NULL;NULL;NULL;NULL;NULL;58;-19;-7;-35
COM14005;COM14005;YEMENIA;Customer, on hold;NULL;0,00;0,00;0,00;0;2023-01-01;5,00;NULL;0,00;NULL;NULL;NULL;NULL;Yemen - YE - Asia;0.00;5;17,867.00;0.00;216,065.00;233,932.00;Yemen Airways Co.;YE;0;0,00;0,00;0,00;0,00;0,00;0,00;352643,23;477924,63;258557,86;38662,92;NULL;NULL;NULL;NULL;NULL;NULL;36;-46;-85
COM14018;COM14018;ExecuJet Europe A/S;PotCust;NULL;0,00;0,00;0,00;0;2020-06-01;0,00;NULL;0,00;NULL;NULL;2023-06-06;PPS no longer needed;Denmark - DK - Europe;0.00;0;0.00;0.00;0.00;0.00;ExecuJet Europe A/S;DK;3;0,00;0,00;0,00;0,00;0,00;121869,07;36921,91;0,00;0,00;0,00;NULL;NULL;NULL;NULL;NULL;-70;-100;NULL;NULL
COM14023;COM14023;Myanmar Airways International (MAI);Customer;NULL;11,00;0,00;0,00;0;2022-08-01;8,00;NULL;0,00;NULL;NULL;NULL;NULL;Myanmar - MM - Asia;57,684.00;11;541,490.00;321,159.00;284,061.00;504,392.00;Myanmar Airways International Co., Ltd.;MM;0;0,00;0,00;0,00;0,00;0,00;0,00;525351,68;472194,80;505034,43;321158,75;NULL;NULL;NULL;NULL;NULL;NULL;-10;7;-36
COM14036;COM14036;Eznis Airways LLC;Quarantine;NULL;0,00;0,00;0,00;0;2022-05-26;8,00;2025-06-17;122.959,00;2025-06-30;NULL;2025-06-17;No payment, no communication.;Mongolia - MN - Asia;0.00;1;0.00;0.00;32,992.00;32,992.00;Eznis Airways LLC;MN;3;0,00;0,00;0,00;0,00;0,00;95288,98;206432,34;194979,00;32991,71;0,00;NULL;NULL;NULL;NULL;NULL;117;-6;-83;-100
COM14048;COM14048;Armenia Airways CJSC;Customer;NULL;2,00;0,00;0,00;0;2022-05-01;8,00;NULL;0,00;NULL;NULL;NULL;NULL;Armenia - AM - Asia;8,881.00;2;105,519.00;64,980.00;54,660.00;95,199.00;Armenia Airways CJSC;AM;0;0,00;0,00;0,00;0,00;0,00;36040,27;77104,69;81468,16;95199,47;73744,74;NULL;NULL;NULL;NULL;NULL;114;6;17;-23
COM14077;COM14077;Air charter services Pvt.ltd;NonCust;NULL;0,00;0,00;0,00;0;2022-08-01;8,00;2025-02-20;0,00;2025-02-28;88.894;2025-02-20;Replaced by AVIAARC;India - IN - Asia;0.00;8;0.00;0.00;-6.00;-6.00;Air Charter Services Pvt Ltd;IN;3;0,00;0,00;0,00;0,00;0,00;25214,44;75236,55;80430,86;7935,62;0,00;NULL;NULL;NULL;NULL;NULL;198;7;-90;-100
COM14089;COM14089;Greater Bay Airlines;Pending Delivery;1;0,00;0,00;0,00;0;2024-09-02;5,00;NULL;0,00;NULL;NULL;NULL;NULL;Hong Kong - HK - Asia;0.00;8;0.00;0.00;0.00;0.00;GREATER BAY AIRLINES COMPANY LIMITED;HK;0;NULL;NULL;NULL;NULL;NULL;NULL;NULL;NULL;NULL;NULL;NULL;NULL;NULL;NULL;NULL;NULL;NULL;NULL;NULL
COM14095;COM14095;Electra Airways;PotCust;NULL;2,00;0,00;0,00;0;2022-10-25;0,00;2026-01-31;367.782,00;2025-08-30;Going to Navblue - package deal, purely management decision.  Dispatchers not asked.;2026-02-06;contract terminated end of Jan/26;Bulgaria - BG - Europe;0.00;2;108,889.00;18,750.00;203,414.00;293,553.00;Electra Airways Ltd EOOD;BG;3;0,00;0,00;0,00;0,00;0,00;0,00;305420,69;402609,69;293553,40;53778,35;NULL;NULL;NULL;NULL;NULL;NULL;32;-27;-82
COM14102;COM14102;VEGA JET;PotCust;NULL;1,00;0,00;0,00;0;2022-09-26;8,00;2024-01-31;34.659,00;2024-01-31;going to unknow competitor, 36 months contract, 21 months remaining.;2025-11-05;going to unknow competitor, 36 months contract, 21 months remaining.;Kazakhstan - KZ - Asia;0.00;1;10,926.00;0.00;25,477.00;36,403.00;Vega Jet LLP;KZ;3;0,00;0,00;0,00;0,00;0,00;0,00;34659,18;110168,45;36403,37;0,00;NULL;NULL;NULL;NULL;NULL;NULL;218;-67;-100
COM14109;COM14109;ASL BV (ASL nv);Customer;3;30,00;0,00;0,00;0;2022-12-31;8,00;NULL;0,00;NULL;NULL;NULL;NULL;Netherlands - NL - Europe;6,103.00;30;70,933.00;42,707.00;36,663.00;64,889.00;ASL BV B.V.;NL;0;0,00;0,00;0,00;0,00;0,00;3453,51;43939,07;47476,06;64889,20;48809,58;NULL;NULL;NULL;NULL;NULL;1172;8;37;-25
COM14144;COM14144;(Duplicate) Atlantis European Airways;NonCust;NULL;0,00;0,00;0,00;0;NULL;0,00;NULL;0,00;NULL;NULL;NULL;NULL;Armenia - AM - Asia;0.00;0;0.00;0.00;0.00;0.00;Atlantis European Airways LLC;AM;0;NULL;NULL;NULL;NULL;NULL;NULL;NULL;NULL;NULL;NULL;NULL;NULL;NULL;NULL;NULL;NULL;NULL;NULL;NULL
COM14176;COM14176;Hello Jets;Customer;2;9,00;0,00;0,00;9;2023-01-02;8,00;NULL;0,00;NULL;NULL;NULL;NULL;Romania - RO - Europe;55,934.00;7;546,230.00;382,857.00;122,533.00;285,905.00;Hello Jets S.R.L.;RO;0;0,00;0,00;0,00;0,00;0,00;0,00;105436,86;135181,45;453685,90;382857,42;NULL;NULL;NULL;NULL;NULL;NULL;28;236;-16
COM14248;COM14248;Global Aviation DMCC;Customer;2;7,00;1,00;0,00;0;2023-03-23;8,00;NULL;0,00;NULL;NULL;NULL;NULL;Mauritania - MR - Africa;40,427.00;8;162,264.00;79,802.00;94,923.00;177,385.00;Global Aviation SARL;MR;0;0,00;0,00;0,00;0,00;0,00;0,00;166596,32;160320,89;182399,01;79802,17;NULL;NULL;NULL;NULL;NULL;NULL;-4;14;-56
COM14261;COM14261;ONE AIRWAYS;PotCust;NULL;0,00;0,00;0,00;0;NULL;0,00;NULL;0,00;NULL;NULL;NULL;NULL;Spain - ES - Europe;0.00;2;0.00;0.00;0.00;0.00;ONEAIRWAYS S.A.U.;ES;0;NULL;NULL;NULL;NULL;NULL;NULL;NULL;NULL;NULL;NULL;NULL;NULL;NULL;NULL;NULL;NULL;NULL;NULL;NULL
COM14275;COM14275;SI OPS;Customer;3;5,00;3,00;0,00;0;2023-05-01;8,00;NULL;0,00;NULL;NULL;NULL;NULL;Slovenia - SI - Europe;0.00;6;95,585.00;55,413.00;56,193.00;96,365.00;SI OPS d.o.o.;SI;0;0,00;0,00;0,00;0,00;0,00;0,00;47745,67;94339,13;96364,56;56455,73;NULL;NULL;NULL;NULL;NULL;NULL;98;2;-41
COM14287;COM14287;Echo3 ( JAWI);Customer;3;0,00;0,00;0,00;0;2023-07-01;8,00;NULL;11.632,00;2023-11-30;No Business;NULL;NULL;United Kingdom of Great Britain and Northern Ireland - GB - Europe;0.00;1;167,766.00;93,488.00;103,436.00;177,715.00;Fly Echo3 UK Limited;GB;0;0,00;0,00;0,00;0,00;0,00;0,00;11632,11;82024,88;177714,52;93487,81;NULL;NULL;NULL;NULL;NULL;NULL;605;117;-47
COM14320;COM14320;G.A.A. AVIATION Pvt Ltd;PotCust;NULL;0,00;0,00;0,00;0;NULL;0,00;NULL;0,00;NULL;NULL;NULL;NULL;Pakistan - PK - Asia;0.00;0;0.00;0.00;0.00;0.00;G.A.A. AVIATION Pvt Ltd;PK;0;NULL;NULL;NULL;NULL;NULL;NULL;NULL;NULL;NULL;NULL;NULL;NULL;NULL;NULL;NULL;NULL;NULL;NULL;NULL
COM14322;COM14322;FLY ONE ARMENIA;Customer;NULL;10,00;0,00;0,00;0;2023-10-02;8,00;NULL;0,00;NULL;NULL;NULL;NULL;Armenia - AM - Asia;0.00;3;221,238.00;159,194.00;71,291.00;133,336.00;Fly One Armenia;AM;0;0,00;0,00;0,00;0,00;0,00;0,00;9172,68;70436,89;137204,19;159194,11;NULL;NULL;NULL;NULL;NULL;NULL;668;95;16
COM14348;COM14348;Titan Airways LTD;Customer;1;13,00;13,00;6,00;0;2017-08-01;5,00;NULL;0,00;NULL;NULL;NULL;NULL;United Kingdom of Great Britain and Northern Ireland - GB - Europe;60,604.00;12;693,884.00;415,624.00;378,539.00;656,799.00;Titan Airways Ltd;GB;0;0,00;0,00;0,00;0,00;0,00;0,00;0,00;101698,74;663563,33;415623,56;NULL;NULL;NULL;NULL;NULL;NULL;NULL;552;-37
COM14362;COM14362;Peak Aero Solutions;Customer;2;7,00;24,00;0,00;1;2023-12-15;8,00;NULL;0,00;NULL;NULL;NULL;NULL;Switzerland - CH - Europe;13,652.00;6;191,640.00;121,181.00;121,711.00;192,170.00;Peak Aero Solutions;CH;0;0,00;0,00;0,00;0,00;0,00;0,00;0,00;248593,74;193402,41;120186,86;NULL;NULL;NULL;NULL;NULL;NULL;NULL;-22;-38
COM14369;COM14369;Fly Mara Airlines;Customer;3;1,00;0,00;0,00;0;2024-12-06;8,00;NULL;0,00;NULL;Unchurned 08 13 2025;2025-11-18;No payment, no communication;Kenya - KE - Africa;0.00;1;4,188.00;0.00;6,245.00;10,434.00;Fly Mara Airlines Limited;KE;3;0,00;0,00;0,00;0,00;0,00;0,00;0,00;0,00;11828,99;0,00;NULL;NULL;NULL;NULL;NULL;NULL;NULL;NULL;-100
COM14388;COM14388;FIRST COMMODITIES DMCC;PotCust;3;0,00;0,00;0,00;0;2024-02-20;0,00;NULL;0,00;NULL;NULL;NULL;NULL;United Arab Emirates - AE - Asia;0.00;NULL;0.00;0.00;0.00;0.00;FIRST COMMODITIES DMCC;AE;0;NULL;NULL;NULL;NULL;NULL;NULL;NULL;NULL;NULL;NULL;NULL;NULL;NULL;NULL;NULL;NULL;NULL;NULL;NULL
COM14392;COM14392;Nurol Air;Customer via;NULL;0,00;0,00;0,00;0;2026-08-25;0,00;NULL;0,00;NULL;NULL;NULL;NULL;Turkey - TR - Asia;0.00;NULL;0.00;0.00;0.00;0.00;Nurol Aviation Inc;TR;0;NULL;NULL;NULL;NULL;NULL;NULL;NULL;NULL;NULL;NULL;NULL;NULL;NULL;NULL;NULL;NULL;NULL;NULL;NULL
COM14399;COM14399;ALPHA AVIATION;Customer;3;0,00;22,00;0,00;0;2025-01-24;8,00;NULL;0,00;NULL;NULL;NULL;NULL;Czechia - CZ - Europe;8,315.00;25;68,507.00;44,472.00;30,930.00;54,965.00;ALPHA AVIATION S.R.O.;CZ;0;0,00;0,00;0,00;0,00;0,00;0,00;0,00;0,00;54964,76;53617,95;NULL;NULL;NULL;NULL;NULL;NULL;NULL;NULL;-2
COM14413;COM14413;Euroavia Airlines;Quarantine;NULL;1,00;0,00;0,00;0;2024-05-08;8,00;2026-05-12;86.362,00;2026-05-31;No flight conducted in 2026, AC parked in Napoli.;2026-05-12;Lack of payment;Cyprus - CY - Europe;29,753.00;1;72,927.00;37,876.00;49,030.00;84,081.00;Euroavia Airlines;CY;2;0,00;0,00;0,00;0,00;0,00;0,00;0,00;41988,12;84081,09;37876,16;NULL;NULL;NULL;NULL;NULL;NULL;NULL;100;-55
COM14418;COM14418;CAICOS Express AIRWAYS;Customer;NULL;4,00;0,00;0,00;0;2024-06-25;8,00;NULL;0,00;NULL;NULL;NULL;NULL;Turks and Caicos Islands - TC - Americas;15,034.00;3;76,808.00;49,861.00;39,772.00;66,718.00;Caicos Express Airways;TC;0;0,00;0,00;0,00;0,00;0,00;0,00;0,00;23395,39;66718,31;49861,37;NULL;NULL;NULL;NULL;NULL;NULL;NULL;185;-25
COM14452;COM14452;Fly Vaayu;Testing;NULL;0,00;0,00;0,00;0;NULL;0,00;NULL;0,00;NULL;NULL;NULL;NULL;United Arab Emirates - AE - Asia;0.00;2;0.00;0.00;0.00;0.00;Fly Vaayu LLC;AE;0;NULL;NULL;NULL;NULL;NULL;NULL;NULL;NULL;NULL;NULL;NULL;NULL;NULL;NULL;NULL;NULL;NULL;NULL;NULL
COM13278;COM13278;Life Line Ltd;Customer;3;5,00;4,00;0,00;0;2018-03-01;8,00;NULL;0,00;NULL;NULL;NULL;NULL;Greece - GR - Europe;0.00;5;96,941.00;58,366.00;53,960.00;92,536.00;Life Line Ltd;GR;0;0,00;34949,74;51231,17;53749,49;49729,64;53340,48;58075,76;80478,51;92535,77;58365,54;NULL;47;5;-7;7;9;39;15;-37
COM13286;NULL;NULL;NULL;NULL;NULL;NULL;NULL;NULL;NULL;NULL;NULL;NULL;NULL;NULL;NULL;NULL;NULL;NULL;NULL;NULL;NULL;NULL;NULL;SCANBLU;SE;3;0,00;32267,22;3292,64;0,00;0,00;0,00;0,00;0,00;0,00;0,00;NULL;-90;-100;NULL;NULL;NULL;NULL;NULL;NULL
COM13292;COM13292;BAE Systems Marine Ltd.;Customer via;NULL;0,00;0,00;0,00;0;2019-02-01;0,00;NULL;0,00;NULL;NULL;2023-12-12;Moved to Signum;United Kingdom of Great Britain and Northern Ireland - GB - Europe;0.00;5;0.00;0.00;0.00;0.00;BAE Systems Marine Ltd.;GB;3;0,00;0,00;110054,49;119602,06;119627,83;124134,11;118969,58;0,00;0,00;0,00;NULL;NULL;9;0;4;-4;-100;NULL;NULL
COM13322;COM13322;Ghodawat Enterprises Pvt Ltd (Star Air India);Customer;2;9,00;8,00;8,00;0;2018-10-01;8,00;NULL;0,00;NULL;NULL;NULL;NULL;India - IN - Asia;163,113.00;10;326,060.00;138,002.00;135,451.00;323,508.00;Ghodawat Enterprises Pvt Ltd;IN;0;0,00;10260,36;81068,75;39094,86;100519,85;91932,29;432678,32;552083,39;452943,07;190821,58;NULL;690;-52;157;-9;371;28;-18;-58
COM13439;COM13439;Air Aviation Support;Customer;3;1,00;0,00;0,00;0;2019-10-01;8,00;NULL;0,00;NULL;NULL;NULL;NULL;France - FR - Europe;0.00;0;88,226.00;51,242.00;60,927.00;97,911.00;Air Aviation Support;FR;0;0,00;0,00;7974,55;42659,10;38656,50;47325,39;93109,07;90539,08;97910,72;58874,20;NULL;NULL;435;-9;22;97;-3;8;-40
COM13518;NULL;NULL;NULL;NULL;NULL;NULL;NULL;NULL;NULL;NULL;NULL;NULL;NULL;NULL;NULL;NULL;NULL;NULL;NULL;NULL;NULL;NULL;NULL;Taron-Avia LLC;AM;3;0,00;0,00;20591,12;0,00;0,00;0,00;0,00;0,00;0,00;0,00;NULL;NULL;-100;NULL;NULL;NULL;NULL;NULL;NULL
COM13525;COM13525;Air Ocean Maroc;PotCust;NULL;0,00;0,00;0,00;0;2020-09-17;0,00;NULL;51.805,00;2023-05-16;Missing payment;2023-05-16;Missing payment and communication;Morocco - MA - Africa;0.00;0;0.00;0.00;0.00;0.00;AIR OCEAN MAROC;MA;3;0,00;0,00;0,00;12362,14;47520,94;69567,78;5841,51;0,00;0,00;0,00;NULL;NULL;NULL;284;46;-92;-100;NULL;NULL
COM13531;COM13531;TAAG ANGOLA AIRLINES;Customer;1;27,00;26,00;14,00;0;2023-06-20;8,00;NULL;0,00;NULL;NULL;NULL;payment received - HEH unblock;Angola - AO - Africa;333,154.00;18;1,781,729.00;1,149,969.00;836,958.00;1,468,719.00;TAAG ANGOLA AIRLINES;AO;0;0,00;0,00;0,00;0,00;0,00;0,00;181075,89;1200025,80;1468718,70;1149968,63;NULL;NULL;NULL;NULL;NULL;NULL;563;22;-22
COM13537;COM13537;OMNI Táxi Aéreo S.A.;PotCust;NULL;0,00;0,00;0,00;0;2021-09-01;0,00;2024-06-30;39.720,00;2024-06-30;Has no use of system anymore;2024-07-03;Has no use of system anymore;Brazil - BR - Americas;0.00;1;0.00;0.00;0.00;0.00;OMNI Táxi Aéreo S.A.;BR;3;0,00;0,00;0,00;0,00;6623,40;28908,82;42103,72;26646,66;0,00;0,00;NULL;NULL;NULL;NULL;336;46;-37;-100;NULL
COM13543;COM13543;Turkish Aerospace Industries;Customer;NULL;1,00;0,00;0,00;0;2021-03-01;8,00;NULL;0,00;NULL;NULL;NULL;NULL;Turkey - TR - Asia;7,475.00;1;42,711.00;25,750.00;25,035.00;41,996.00;Turkish Aerospace Industries;TR;0;0,00;0,00;0,00;187814,63;85921,11;100726,37;26039,34;44903,93;41996,09;25749,93;NULL;NULL;NULL;-54;17;-74;72;-6;-39
COM13566;COM13566;SkyAir;Quarantine;NULL;0,00;0,00;0,00;0;2020-01-01;8,00;2025-04-30;50.592,00;2025-04-30;Out of business for now;2025-04-30;Out of business for now;Bangladesh - BD - Asia;0.00;1;0.00;0.00;4,498.00;4,498.00;SKY CAPITAL AIRLINES LIMITED;BD;3;0,00;0,00;0,00;36708,74;35563,58;20157,43;53191,79;68422,16;12294,02;0,00;NULL;NULL;NULL;-3;-43;164;29;-82;-100
COM13590;COM13590;Aerospace Consortium Ltd.;PotCust;NULL;0,00;0,00;0,00;0;NULL;0,00;NULL;0,00;NULL;NULL;2020-11-16;No communication after signing, account now closed on request from RS;Kenya - KE - Africa;0.00;0;0.00;0.00;0.00;0.00;Aerospace Consortium Ltd.;KE;3;NULL;NULL;NULL;NULL;NULL;NULL;NULL;NULL;NULL;NULL;NULL;NULL;NULL;NULL;NULL;NULL;NULL;NULL;NULL
COM13596;COM13596;TransNusa Aviation Mandiri;PotCust;NULL;0,00;0,00;0,00;0;2020-06-01;0,00;NULL;0,00;NULL;NULL;2021-09-14;Lost com after signed agreement, now closed after being pending for more than a year.;Indonesia - ID - Asia;0.00;0;0.00;0.00;0.00;0.00;TransNusa Aviation Mandiri;ID;3;NULL;NULL;NULL;NULL;NULL;NULL;NULL;NULL;NULL;NULL;NULL;NULL;NULL;NULL;NULL;NULL;NULL;NULL;NULL
COM13605;COM13605;SMART JET SP. Z.O.O.;Customer;3;6,00;0,00;0,00;0;2020-03-01;8,00;NULL;0,00;NULL;NULL;NULL;NULL;Poland - PL - Europe;0.00;6;103,523.00;64,253.00;54,932.00;94,202.00;SMART JET SP. Z.O.O.;PL;0;0,00;0,00;0,00;36752,57;60832,80;66716,71;76746,39;88137,73;94201,63;64252,87;NULL;NULL;NULL;66;10;15;15;7;-32
COM13617;COM13617;Direct Dispatch Sp. z o.o.;Customer;2;7,00;0,00;0,00;0;2020-03-01;8,00;NULL;0,00;NULL;NULL;NULL;NULL;Poland - PL - Europe;0.00;13;283,079.00;164,241.00;199,577.00;318,415.00;Direct Dispatch Sp. z o.o.;PL;0;0,00;0,00;0,00;114918,63;258029,23;320485,58;259742,95;308268,67;318414,61;206245,39;NULL;NULL;NULL;125;24;-19;19;3;-35
COM13623;COM13623;Merkur Aviation;PotCust;NULL;0,00;0,00;0,00;0;2020-04-01;8,00;2025-02-28;157.491,00;2025-02-28;Shutting down for flight planning activities.;2025-04-02;Shutting down for flight planning activities.;Turkey - TR - Asia;0.00;6;0.00;0.00;40,443.00;40,443.00;Merkur Aviation;TR;3;0,00;0,00;0,00;25078,63;93945,50;134892,78;108668,47;145288,00;40443,38;0,00;NULL;NULL;NULL;275;44;-19;34;-72;-100
COM13659;COM13659;SAUDI ROYAL AVIATION;Customer;NULL;17,00;0,00;0,00;0;2022-11-03;8,00;NULL;0,00;NULL;NULL;NULL;NULL;Saudi Arabia - SA - Asia;0.00;17;832,944.00;425,377.00;421,073.00;828,641.00;SAUDI ROYAL AVIATION;SA;0;0,00;0,00;0,00;0,00;0,00;65615,37;1118754,38;699006,14;828640,83;425376,77;NULL;NULL;NULL;NULL;NULL;1605;-38;19;-49
COM13669;COM13669;Aura Airlines;PotCust;NULL;0,00;0,00;0,00;0;2020-11-18;0,00;NULL;178.971,00;2022-12-20;Missing payment;2022-12-20;No payment, no communication;Spain - ES - Europe;0.00;0;0.00;0.00;0.00;0.00;Aura Airlines SL;ES;3;0,00;0,00;0,00;0,00;71885,09;164450,45;0,00;0,00;0,00;0,00;NULL;NULL;NULL;NULL;129;-100;NULL;NULL;NULL
COM13692;COM13692;Aviastar TU;Quarantine;NULL;0,00;0,00;0,00;0;NULL;0,00;NULL;0,00;NULL;NULL;NULL;NULL;Russian Federation - RU - Europe;0.00;0;0.00;0.00;0.00;0.00;LLC Aviastar TU;RU;0;NULL;NULL;NULL;NULL;NULL;NULL;NULL;NULL;NULL;NULL;NULL;NULL;NULL;NULL;NULL;NULL;NULL;NULL;NULL
COM13706;COM13706;Dansk Radioteknik;NonCust;NULL;0,00;0,00;0,00;0;NULL;0,00;NULL;0,00;NULL;NULL;2022-10-12;Agreed with JM/PJ;Denmark - DK - Europe;0.00;0;0.00;0.00;0.00;0.00;Dansk Radioteknik;DK;3;NULL;NULL;NULL;NULL;NULL;NULL;NULL;NULL;NULL;NULL;NULL;NULL;NULL;NULL;NULL;NULL;NULL;NULL;NULL
COM13724;COM13724;Tarco Aviation Company;PotCust;NULL;0,00;0,00;0,00;0;2021-02-19;0,00;NULL;0,00;NULL;NULL;NULL;Unblocked LN;Sudan - SD - Africa;0.00;0;0.00;0.00;0.00;0.00;Tarco Aviation Company Ltd.;SD;0;0,00;0,00;0,00;134409,29;304899,47;401759,79;0,00;0,00;0,00;0,00;NULL;NULL;NULL;127;32;-100;NULL;NULL;NULL
COM13732;COM13732;Advania Service AB (Swedish Air Force);PotCust;2;0,00;0,00;0,00;0;1999-10-01;8,00;2025-09-30;0,00;2024-09-30;Missing functionality and charts. Missing stay function and mission planning;2025-10-03;Missing functionality and charts. Missing stay function and mission planning;Sweden - SE - Europe;0.00;20;0.00;0.00;0.00;0.00;Advania Sverige AB;SE;3;0,00;0,00;0,00;203514,63;996050,71;1053410,32;0,00;1124896,94;0,00;0,00;NULL;NULL;NULL;389;6;-100;NULL;-100;NULL
COM13759;COM13759;AIR CAIRO;PotCust;NULL;0,00;0,00;0,00;0;NULL;0,00;NULL;0,00;NULL;NULL;NULL;Account closed correctly;Egypt - EG - Africa;0.00;35;0.00;0.00;0.00;0.00;AIR CAIRO;EG;3;NULL;NULL;NULL;NULL;NULL;NULL;NULL;NULL;NULL;NULL;NULL;NULL;NULL;NULL;NULL;NULL;NULL;NULL;NULL
COM13804;COM13804;Al Rafidain;PotCust;NULL;0,00;0,00;0,00;0;2021-05-06;0,00;NULL;0,00;NULL;NULL;2021-12-14;Due to missing payment and communication;Iraq - IQ - Asia;0.00;0;0.00;0.00;0.00;0.00;Al Rafidain Falcon Aviation & Air Cargo;IQ;3;0,00;0,00;0,00;0,00;18220,94;0,00;0,00;0,00;0,00;0,00;NULL;NULL;NULL;NULL;-100;NULL;NULL;NULL;NULL
COM13841;COM13841;ALEXA OPS;Customer;NULL;0,00;0,00;0,00;0;2021-05-10;8,00;NULL;0,00;NULL;NULL;NULL;NULL;Brazil - BR - Americas;10,315.00;0;104,642.00;56,837.00;52,491.00;100,295.00;Alexa Consultoria Aeronautica Ltda;BR;0;0,00;0,00;0,00;0,00;15796,30;86819,90;101541,31;110996,50;100295,34;62697,36;NULL;NULL;NULL;NULL;450;17;9;-10;-37
COM13844;COM13844;AIRWORKS B. V.;NonCust;NULL;0,00;0,00;0,00;0;NULL;0,00;NULL;0,00;NULL;NULL;NULL;NULL;Netherlands - NL - Europe;0.00;0;0.00;0.00;0.00;0.00;AIRWORKS B. V.;NL;0;NULL;NULL;NULL;NULL;NULL;NULL;NULL;NULL;NULL;NULL;NULL;NULL;NULL;NULL;NULL;NULL;NULL;NULL;NULL
COM13856;COM13856;ASAP;NonCust;NULL;0,00;0,00;0,00;0;NULL;0,00;NULL;0,00;NULL;NULL;NULL;NULL;United States of America - US - Americas;0.00;0;0.00;0.00;0.00;0.00;Automated Systems In Aircraft Performance, Inc.;US;0;NULL;NULL;NULL;NULL;NULL;NULL;NULL;NULL;NULL;NULL;NULL;NULL;NULL;NULL;NULL;NULL;NULL;NULL;NULL
COM13856;COM13856;ASAP;NonCust;NULL;0,00;0,00;0,00;0;NULL;0,00;NULL;0,00;NULL;NULL;NULL;NULL;United States of America - US - Americas;0.00;0;0.00;0.00;0.00;0.00;Automated Systems In Aircraft Performance, Inc.;US;0;NULL;NULL;NULL;NULL;NULL;NULL;NULL;NULL;NULL;NULL;NULL;NULL;NULL;NULL;NULL;NULL;NULL;NULL;NULL
COM13865;COM13865;My Jet SRL (former Conarg Motion);Customer;3;6,00;0,00;0,00;0;2021-03-31;8,00;NULL;0,00;NULL;NULL;NULL;NULL;Romania - RO - Europe;0.00;5;99,274.00;62,088.00;54,253.00;91,439.00;My Jet SRL;RO;0;0,00;0,00;0,00;0,00;24021,10;29162,90;36270,12;86578,39;91439,08;72404,69;NULL;NULL;NULL;NULL;21;24;139;6;-21
COM13868;COM13868;EATIS Business Aviation;PotCust;NULL;0,00;0,00;0,00;0;2022-02-01;0,00;NULL;34.054,00;2023-01-01;Missing payment, No contact;2022-12-09;No active a/c for now.;France - FR - Europe;0.00;0;0.00;0.00;0.00;0.00;EATIS Business Aviation;FR;3;0,00;0,00;0,00;0,00;0,00;33774,26;0,00;0,00;0,00;0,00;NULL;NULL;NULL;NULL;NULL;-100;NULL;NULL;NULL
COM13870;COM13870;CORENDON AIRLINES;PotCust;NULL;0,00;0,00;0,00;0;2021-05-27;0,00;2024-10-31;517.000,00;2024-10-31;Change of tracking tool. pakage deal from Jeppesen.;2024-11-05;Change of tracking tool;Turkey - TR - Asia;0.00;NULL;0.00;0.00;0.00;0.00;CORENDON AIRLINES;TR;3;0,00;0,00;0,00;0,00;194766,44;474067,80;598563,54;501331,79;0,00;0,00;NULL;NULL;NULL;NULL;143;26;-16;-100;NULL
COM13881;COM13881;Flight Axis;Customer;3;0,00;0,00;0,00;0;2024-05-30;8,00;NULL;0,00;NULL;NULL;NULL;NULL;Philippines - PH - Asia;0.00;0;53,623.00;32,254.00;31,539.00;52,907.00;Flight Axis;PH;0;0,00;0,00;0,00;0,00;0,00;0,00;0,00;26278,89;52907,15;32254,44;NULL;NULL;NULL;NULL;NULL;NULL;NULL;101;-39
COM13883;COM13883;Buraq Aviation  (Plexus Aviation);Customer;NULL;3,00;4,00;0,00;0;2021-07-01;8,00;NULL;0,00;NULL;NULL;2024-02-07;NULL;Saudi Arabia - SA - Asia;7,377.00;3;107,001.00;69,407.00;52,587.00;90,180.00;Buraq Aviation (Plexus Aviation);SA;0;0,00;0,00;0,00;0,00;26550,50;55386,32;82776,27;95190,10;90180,28;69407,15;NULL;NULL;NULL;NULL;109;49;15;-5;-23
COM13898;COM13898;Air Ocean Airlines;Customer;3;0,00;0,00;0,00;0;2021-07-08;8,00;NULL;0,00;NULL;NULL;NULL;NULL;Ukraine - UA - Europe;0.00;2;0.00;0.00;0.00;0.00;Aircompany Air Ocean Airlines LLC;UA;0;0,00;0,00;0,00;0,00;9183,71;9294,93;0,00;0,00;0,00;0,00;NULL;NULL;NULL;NULL;1;-100;NULL;NULL;NULL
COM13903;COM13903;Bjarne Test Company 2;NonCust;NULL;0,00;0,00;0,00;0;NULL;0,00;NULL;0,00;NULL;NULL;NULL;NULL;Denmark - DK - Europe;0.00;0;0.00;0.00;0.00;0.00;Bjarne Test Company 2;DK;0;NULL;NULL;NULL;NULL;NULL;NULL;NULL;NULL;NULL;NULL;NULL;NULL;NULL;NULL;NULL;NULL;NULL;NULL;NULL
COM13910;COM13910;Exupair;NonCust;NULL;0,00;0,00;0,00;0;NULL;0,00;NULL;0,00;NULL;NULL;NULL;NULL;NULL;0.00;1;0.00;0.00;0.00;0.00;Exupair;;0;NULL;NULL;NULL;NULL;NULL;NULL;NULL;NULL;NULL;NULL;NULL;NULL;NULL;NULL;NULL;NULL;NULL;NULL;NULL
COM13943;COM13943;JETTIME;Customer;1;14,00;13,00;4,00;0;2023-01-20;6,00;NULL;0,00;NULL;NULL;NULL;NULL;Denmark - DK - Europe;0.00;14;876,414.00;517,122.00;457,102.00;816,394.00;Jettime a/s;DK;0;0,00;0,00;0,00;0,00;0,00;0,00;353522,79;632057,61;816393,90;594639,51;NULL;NULL;NULL;NULL;NULL;NULL;79;29;-27
COM13955;COM13955;MAE Aircraft Management (MENA CARGO);Quarantine;NULL;0,00;0,00;0,00;0;2021-11-01;0,00;2025-01-31;59.258,00;2025-01-31;Missing payment, no communication;2025-01-28;No payment, no communication!;Bahrain - BH - Asia;0.00;1;0.00;0.00;0.00;0.00;MAE Aircraft Management WLL;BH;3;0,00;0,00;0,00;0,00;6373,21;29590,88;12601,97;59257,92;0,00;0,00;NULL;NULL;NULL;NULL;364;-57;370;-100;NULL
COM13965;COM13965;Poonawalla Aviation;Customer via;NULL;0,00;0,00;0,00;0;2024-04-29;0,00;NULL;0,00;NULL;NULL;NULL;NULL;India - IN - Asia;0.00;0;0.00;0.00;0.00;0.00;Poonawalla Aviation Pvt Ltd;IN;0;NULL;NULL;NULL;NULL;NULL;NULL;NULL;NULL;NULL;NULL;NULL;NULL;NULL;NULL;NULL;NULL;NULL;NULL;NULL
COM13983;COM13983;AeroItalia;Customer;1;11,00;11,00;0,00;11;2025-10-09;8,00;2026-07-31;688.000,00;2026-07-31;Staff didnt want to adapt to new provider.  Aeroitalia staying with existing provider.;NULL;NULL;Italy - IT - Europe;344,474.00;14;344,405.00;344,405.00;0.00;0.00;AeroItalia;IT;0;0,00;0,00;0,00;0,00;0,00;0,00;0,00;0,00;57330,22;401816,92;NULL;NULL;NULL;NULL;NULL;NULL;NULL;NULL;601
COM14017;COM14017;IFUEL;Quarantine;NULL;0,00;0,00;0,00;0;2022-10-01;8,00;2026-06-30;81.960,00;2026-05-31;No use of PPS. they have other businesslegs. stopping FPL activity.;2026-06-03;Lack of payment;Saudi Arabia - SA - Asia;29,547.00;0;78,474.00;44,304.00;47,790.00;81,960.00;iFuel Business Services;SA;2;0,00;0,00;0,00;0,00;0,00;5346,84;67799,76;73942,35;81959,96;44304,08;NULL;NULL;NULL;NULL;NULL;1168;9;11;-46
COM14028;COM14028;ALAR AVIATION d.o.o.(Tinadar);NonCust;NULL;0,00;0,00;0,00;0;2022-03-18;0,00;2025-06-30;33.078,00;2025-03-31;AC sold, no business left.;2025-07-02;AC sold, no business left.;Slovenia - SI - Europe;0.00;2;0.00;0.00;10,721.00;10,721.00;Alar Aviation d.o.o.;SI;3;0,00;0,00;0,00;0,00;0,00;0,00;23995,98;45463,03;12377,74;0,00;NULL;NULL;NULL;NULL;NULL;NULL;89;-73;-100
COM14110;COM14110;Himalaya Airlines;Customer;2;4,00;0,00;0,00;4;2025-04-21;3,00;NULL;0,00;NULL;NULL;NULL;NULL;Nepal - NP - Asia;9,045.00;4;96,769.00;62,324.00;112.00;34,557.00;HIMALAYA AIRLINES;NP;0;0,00;0,00;0,00;0,00;0,00;0,00;0,00;0,00;43154,76;71428,15;NULL;NULL;NULL;NULL;NULL;NULL;NULL;NULL;66
COM14132;COM14132;Sabena Technics BGC;PotCust;3;0,00;0,00;0,00;0;2023-04-19;8,00;2026-05-31;51.088,00;2026-04-30;Has no use of PPS. Has sent 11 flightplans in 3 years.;2024-01-22;NULL;France - FR - Europe;0.00;1;39,920.00;18,620.00;29,788.00;51,088.00;Sabena Technics BGC;FR;0;0,00;0,00;0,00;0,00;0,00;0,00;11054,04;51602,65;51087,83;18620,00;NULL;NULL;NULL;NULL;NULL;NULL;367;-1;-64
COM14138;COM14138;MIAT - Mongolian Airlines;Customer;NULL;10,00;10,00;6,00;0;2022-11-15;5,00;NULL;0,00;NULL;NULL;NULL;NULL;Mongolia - MN - Asia;0.00;10;660,200.00;386,010.00;365,326.00;639,516.00;MIAT - Mongolian Airlines;MN;0;0,00;0,00;0,00;0,00;0,00;0,00;506619,17;590753,21;639515,76;386010,26;NULL;NULL;NULL;NULL;NULL;NULL;17;8;-40
COM14156;COM14156;Clear Wisdom SDN BHD;NonCust;NULL;0,00;0,00;0,00;0;2022-11-28;0,00;NULL;0,00;NULL;NULL;NULL;NULL;Malaysia - MY - Asia;0.00;0;0.00;0.00;0.00;0.00;Clear Wisdom SDN BHD;MY;0;NULL;NULL;NULL;NULL;NULL;NULL;NULL;NULL;NULL;NULL;NULL;NULL;NULL;NULL;NULL;NULL;NULL;NULL;NULL
COM14186;COM14186;BBN Airlines Indonesia;Customer;1;2,00;2,00;2,00;0;2023-04-26;5,00;NULL;0,00;NULL;NULL;NULL;NULL;Indonesia - ID - Asia;53,668.00;5;276,206.00;142,987.00;242,069.00;375,288.00;BBN Airlines Indonesia;ID;0;0,00;0,00;0,00;0,00;0,00;0,00;48270,49;278957,07;446709,24;145161,36;NULL;NULL;NULL;NULL;NULL;NULL;478;60;-68
COM14207;COM14207;Go2Sky, spol. s r. o.;Customer;3;0,00;3,00;0,00;0;2024-02-01;8,00;NULL;0,00;NULL;NULL;NULL;NULL;Slovakia - SK - Europe;0.00;3;14,496.00;8,728.00;8,069.00;13,837.00;Go2Sky, spol. s r. o.;SK;0;0,00;0,00;0,00;0,00;0,00;0,00;0,00;20048,02;13837,38;8727,76;NULL;NULL;NULL;NULL;NULL;NULL;NULL;-31;-37
COM14229;COM14229;Nova Aviation Services;Customer;NULL;0,00;0,00;0,00;0;2023-03-13;8,00;NULL;0,00;NULL;NULL;NULL;NULL;United Arab Emirates - AE - Asia;-4,261.00;0;49,531.00;29,818.00;28,389.00;48,102.00;Nova Aviation Services;AE;0;0,00;0,00;0,00;0,00;0,00;0,00;30914,92;44077,81;48102,23;29817,50;NULL;NULL;NULL;NULL;NULL;NULL;43;9;-38
COM14232;COM14232;AERO STATES SERVICES;NonCust;NULL;0,00;0,00;0,00;0;2026-05-05;0,00;NULL;0,00;NULL;NULL;NULL;NULL;Congo, Democratic Republic of the - CD - Africa;0.00;1;0.00;0.00;0.00;0.00;AERO STATES SERVICES;CD;0;NULL;NULL;NULL;NULL;NULL;NULL;NULL;NULL;NULL;NULL;NULL;NULL;NULL;NULL;NULL;NULL;NULL;NULL;NULL
COM14245;COM14245;AVIATION EXPERTS;Quarantine;NULL;0,00;0,00;0,00;0;2023-03-24;0,00;2024-08-12;37.412,00;2024-08-12;Customer refuse to pay, as PPS dosent work without electricity !!;2024-08-12;No payment! - power failure issue.;United Arab Emirates - AE - Asia;0.00;1;0.00;0.00;0.00;0.00;AVIATION EXPERTS FZCO;AE;3;0,00;0,00;0,00;0,00;0,00;0,00;23852,28;22498,75;0,00;0,00;NULL;NULL;NULL;NULL;NULL;NULL;-6;-100;NULL
COM14271;COM14271;Chair Airlines AG;Customer;2;0,00;5,00;0,00;0;2024-05-02;8,00;NULL;0,00;NULL;NULL;NULL;NULL;Switzerland - CH - Europe;2,079.00;4;20,160.00;12,468.00;7,684.00;15,375.00;Chair Airlines AG;CH;0;0,00;0,00;0,00;0,00;0,00;0,00;0,00;9219,92;15375,30;12468,48;NULL;NULL;NULL;NULL;NULL;NULL;NULL;67;-19
COM14285;COM14285;Air Master;Customer;3;2,00;2,00;2,00;0;2023-11-01;8,00;NULL;0,00;NULL;NULL;NULL;NULL;Egypt - EG - Africa;21,031.00;2;122,218.00;73,584.00;68,030.00;116,664.00;Air Master;EG;0;0,00;0,00;0,00;0,00;0,00;0,00;4969,22;76502,38;116663,85;84099,21;NULL;NULL;NULL;NULL;NULL;NULL;1440;52;-28
COM14308;COM14308;Ibis Air;PotCust;NULL;0,00;0,00;0,00;0;2023-12-01;0,00;2024-03-06;12.346,00;2024-03-06;Missing payment;2024-03-06;missing payment and communication;South Africa - ZA - Africa;0.00;1;0.00;0.00;0.00;0.00;Ibis Air;ZA;3;0,00;0,00;0,00;0,00;0,00;0,00;3935,13;8410,76;0,00;0,00;NULL;NULL;NULL;NULL;NULL;NULL;114;-100;NULL
COM14314;COM14314;GEWAN Aviation L.L.C.;Customer;NULL;5,00;0,00;0,00;0;2023-11-20;8,00;NULL;0,00;NULL;NULL;NULL;NULL;United Arab Emirates - AE - Asia;0.00;1;126,129.00;101,960.00;44,303.00;68,472.00;Gewan Aviation L.L.C.;AE;0;0,00;0,00;0,00;0,00;0,00;0,00;0,00;73664,40;68472,10;101960,12;NULL;NULL;NULL;NULL;NULL;NULL;NULL;-7;49
COM14316;COM14316;Bridges Air Cargo;Customer;3;2,00;0,00;0,00;0;2024-01-18;8,00;NULL;0,00;NULL;NULL;NULL;NULL;Malta - MT - Europe;0.00;1;78,006.00;49,246.00;27,003.00;55,763.00;Bridges Air Cargo Limited;MT;0;0,00;0,00;0,00;0,00;0,00;0,00;0,00;34385,37;55763,05;49246,41;NULL;NULL;NULL;NULL;NULL;NULL;NULL;62;-12
COM14332;COM14332;AFCOM;Customer;2;2,00;3,00;2,00;0;2023-11-14;8,00;NULL;0,00;NULL;NULL;NULL;NULL;India - IN - Asia;0.00;2;160,982.00;112,868.00;66,506.00;114,620.00;Afcom Holdings Limited;IN;0;0,00;0,00;0,00;0,00;0,00;0,00;0,00;91074,03;114620,39;130298,43;NULL;NULL;NULL;NULL;NULL;NULL;NULL;26;14
COM14365;COM14365;(Duplicate) Aerolínea del Estado Mexicano;NonCust;NULL;0,00;0,00;0,00;0;NULL;0,00;NULL;0,00;NULL;NULL;NULL;NULL;Mexico - MX - Americas;0.00;NULL;0.00;0.00;0.00;0.00;Aerolínea del Estado Mexicano;MX;0;NULL;NULL;NULL;NULL;NULL;NULL;NULL;NULL;NULL;NULL;NULL;NULL;NULL;NULL;NULL;NULL;NULL;NULL;NULL
COM14379;COM14379;SKYWAY AIRLINES;Customer;2;2,00;0,00;0,00;0;2024-02-16;8,00;NULL;0,00;NULL;NULL;NULL;NULL;Philippines - PH - Asia;-326.00;1;103,199.00;70,987.00;43,041.00;75,252.00;SKYWAY AIRLINES INC;PH;0;0,00;0,00;0,00;0,00;0,00;0,00;0,00;31393,12;75252,14;70987,25;NULL;NULL;NULL;NULL;NULL;NULL;NULL;140;-6
COM14410;COM14410;Dynasty Jet W.L.L;NonCust;NULL;0,00;0,00;0,00;0;2024-06-03;8,00;2025-09-23;59.058,00;2025-09-30;Missing payment;2025-09-23;Missing payment and communication;Qatar - QA - Asia;0.00;0;4,275.00;0.00;31,539.00;35,814.00;Dynasty Jet W.L.L;QA;3;0,00;0,00;0,00;0,00;0,00;0,00;0,00;26210,60;35813,96;0,00;NULL;NULL;NULL;NULL;NULL;NULL;NULL;37;-100
COM14436;COM14436;Technical Aviation Services, Inc (TAS);Customer;NULL;0,00;0,00;0,00;0;2024-06-04;8,00;NULL;0,00;NULL;NULL;NULL;NULL;United States of America - US - Americas;0.00;NULL;0.00;0.00;0.00;0.00;Technical Aviation Services, Inc;US;0;0,00;0,00;0,00;0,00;0,00;0,00;0,00;0,00;0,00;0,00;NULL;NULL;NULL;NULL;NULL;NULL;NULL;NULL;NULL
COM14445;COM14445;SOFT WHITE;PotCust;2;0,00;0,00;0,00;0;NULL;0,00;NULL;0,00;NULL;NULL;NULL;NULL;Serbia - RS - Europe;0.00;1;0.00;0.00;0.00;0.00;Soft White;RS;0;NULL;NULL;NULL;NULL;NULL;NULL;NULL;NULL;NULL;NULL;NULL;NULL;NULL;NULL;NULL;NULL;NULL;NULL;NULL
COM14480;COM14480;EAC Group;Quarantine;3;0,00;0,00;0,00;0;2024-10-21;8,00;2025-11-30;30.593,00;2025-08-29;Out of business;2025-12-03;Out of business, money lost.;Sweden - SE - Europe;0.00;1;15,396.00;0.00;26,923.00;42,319.00;EAC Charter & Management AB;SE;3;0,00;0,00;0,00;0,00;0,00;0,00;0,00;3670,32;42319,15;0,00;NULL;NULL;NULL;NULL;NULL;NULL;NULL;1053;-100
COM14498;COM14498;Flying Airline FZCO;PotCust;NULL;0,00;0,00;0,00;0;2024-12-06;8,00;2026-01-31;32.131,00;2026-01-31;went silent during implementation. No contact for more than 6 months. Considered bankrupt;NULL;NULL;United Arab Emirates - AE - Asia;0.00;NULL;0.00;0.00;0.00;0.00;Flying Airline FZCO;AE;0;NULL;NULL;NULL;NULL;NULL;NULL;NULL;NULL;NULL;NULL;NULL;NULL;NULL;NULL;NULL;NULL;NULL;NULL;NULL
COM14545;COM14545;SmartLynx Australia;PotCust;NULL;2,00;0,00;0,00;0;NULL;8,00;NULL;0,00;NULL;NULL;NULL;NULL;Australia - AU - Oceania;0.00;2;0.00;0.00;0.00;0.00;SmartLynx Australia Pty Ltd;AU;0;NULL;NULL;NULL;NULL;NULL;NULL;NULL;NULL;NULL;NULL;NULL;NULL;NULL;NULL;NULL;NULL;NULL;NULL;NULL
COM14550;COM14550;Aruba Airlines;Customer;NULL;1,00;0,00;0,00;0;2025-09-12;8,00;NULL;0,00;NULL;NULL;NULL;NULL;Aruba - AW - Americas;17,267.00;0;68,238.00;41,140.00;0.00;27,098.00;Arubaanse Luchtvaart Maatschappij NV;AW;0;0,00;0,00;0,00;0,00;0,00;0,00;0,00;0,00;27098,29;47110,56;NULL;NULL;NULL;NULL;NULL;NULL;NULL;NULL;74
COM14556;COM14556;LACV Linhas Aéreas de Cabo Verde;Customer;NULL;0,00;0,00;0,00;0;2025-09-11;5,00;NULL;0,00;NULL;NULL;NULL;NULL;Cabo Verde - CV - Africa;11,925.00;NULL;71,535.00;71,535.00;0.00;0.00;LACV Linhas aéreas de Cabo Verde;CV;0;0,00;0,00;0,00;0,00;0,00;0,00;0,00;0,00;0,00;71535,34;NULL;NULL;NULL;NULL;NULL;NULL;NULL;NULL;NULL
COM14571;COM14571;Fly Europe;Pending Delivery;NULL;0,00;0,00;0,00;0;2026-08-19;8,00;NULL;0,00;NULL;NULL;NULL;NULL;Bulgaria - BG - Europe;0.00;NULL;0.00;0.00;0.00;0.00;Fly Europe;BG;0;NULL;NULL;NULL;NULL;NULL;NULL;NULL;NULL;NULL;NULL;NULL;NULL;NULL;NULL;NULL;NULL;NULL;NULL;NULL
COM14580;COM14580;Sky7 Aviation FZE;Customer;NULL;0,00;0,00;0,00;0;2025-08-22;8,00;NULL;0,00;NULL;NULL;NULL;NULL;United Arab Emirates - AE - Asia;4,363.00;NULL;45,910.00;30,064.00;0.00;15,846.00;Sky7 Aviation FZE;AE;0;0,00;0,00;0,00;0,00;0,00;0,00;0,00;0,00;15846,46;30063,63;NULL;NULL;NULL;NULL;NULL;NULL;NULL;NULL;90
COM14600;COM14600;GP Aviation;Customer via;NULL;0,00;3,00;0,00;0;2025-05-16;8,00;NULL;0,00;NULL;NULL;NULL;NULL;Bulgaria - BG - Europe;1,247.00;NULL;9,882.00;8,728.00;0.00;1,154.00;GP Aviation Ltd;BG;0;0,00;0,00;0,00;0,00;0,00;0,00;0,00;0,00;8249,59;8727,76;NULL;NULL;NULL;NULL;NULL;NULL;NULL;NULL;6
COM14606;COM14606;Tunisair Express;Pending Delivery;3;2,00;2,00;0,00;2;2026-01-30;8,00;NULL;0,00;NULL;NULL;NULL;NULL;Tunisia - TN - Africa;20,821.00;2;29,810.00;29,810.00;0.00;0.00;Tunisair Express;TN;0;0,00;0,00;0,00;0,00;0,00;0,00;0,00;0,00;0,00;29809,61;NULL;NULL;NULL;NULL;NULL;NULL;NULL;NULL;NULL
COM14638;COM14638;Tanzania Government Flight Agency (TGFA);Testing;NULL;0,00;0,00;0,00;0;NULL;0,00;NULL;0,00;NULL;NULL;NULL;NULL;Tanzania, United Republic of - TZ - Africa;0.00;4;0.00;0.00;0.00;0.00;Tanzania Government Flight Agency (TGFA);TZ;0;NULL;NULL;NULL;NULL;NULL;NULL;NULL;NULL;NULL;NULL;NULL;NULL;NULL;NULL;NULL;NULL;NULL;NULL;NULL
COM14653;COM14653;IFS International Flight Support;NonCust;NULL;0,00;0,00;0,00;0;NULL;0,00;NULL;0,00;NULL;NULL;NULL;NULL;Denmark - DK - Europe;0.00;0;0.00;0.00;0.00;0.00;International Flight Support 2020 ApS;DK;0;NULL;NULL;NULL;NULL;NULL;NULL;NULL;NULL;NULL;NULL;NULL;NULL;NULL;NULL;NULL;NULL;NULL;NULL;NULL
COM14660;COM14660;Alfa Jet Aviation;Customer via;NULL;0,00;0,00;0,00;0;2026-08-25;0,00;NULL;0,00;NULL;NULL;NULL;NULL;Turkey - TR - Asia;0.00;1;0.00;0.00;0.00;0.00;Alfa Jet Aviation;TR;0;NULL;NULL;NULL;NULL;NULL;NULL;NULL;NULL;NULL;NULL;NULL;NULL;NULL;NULL;NULL;NULL;NULL;NULL;NULL
COM14482;COM14482;Air Panama;Customer;NULL;2,00;0,00;0,00;0;2025-01-02;8,00;NULL;0,00;NULL;NULL;NULL;NULL;Panama - PA - Americas;5,123.00;2;79,008.00;47,149.00;19,619.00;51,478.00;Parsa S.A.;PA;0;0,00;0,00;0,00;0,00;0,00;0,00;0,00;0,00;51477,68;56308,71;NULL;NULL;NULL;NULL;NULL;NULL;NULL;NULL;9
COM14501;COM14501;Johann Iconomidis;Customer;3;0,00;1,00;0,00;0;2024-11-04;8,00;NULL;0,00;NULL;NULL;NULL;NULL;Austria - AT - Europe;0.00;0;239,625.00;143,289.00;125,519.00;221,855.00;Johann Iconomidis;AT;0;0,00;0,00;0,00;0,00;0,00;0,00;0,00;52432,36;227451,11;143289,04;NULL;NULL;NULL;NULL;NULL;NULL;NULL;334;-37
COM14508;COM14508;Porsche Air Service;Customer;NULL;2,00;0,00;0,00;0;2024-11-15;8,00;NULL;0,00;NULL;NULL;NULL;NULL;Austria - AT - Europe;0.00;2;38,150.00;22,969.00;17,017.00;32,198.00;Porsche Air Service GmbH;AT;0;0,00;0,00;0,00;0,00;0,00;0,00;0,00;0,00;32197,61;22969,09;NULL;NULL;NULL;NULL;NULL;NULL;NULL;NULL;-29
COM14528;COM14528;Lynden Air Cargo, LLC;Pending Delivery;NULL;10,00;0,00;0,00;0;2026-03-31;4,00;NULL;0,00;NULL;NULL;NULL;NULL;United States of America - US - Americas;0.00;0;0.00;0.00;0.00;0.00;Lynden Air Cargo, LLC;US;0;NULL;NULL;NULL;NULL;NULL;NULL;NULL;NULL;NULL;NULL;NULL;NULL;NULL;NULL;NULL;NULL;NULL;NULL;NULL
COM14554;COM14554;DextraData (Logipad Aero)(Modern Work);NonCust;NULL;0,00;0,00;0,00;0;NULL;0,00;NULL;0,00;NULL;NULL;NULL;NULL;Germany - DE - Europe;0.00;0;0.00;0.00;0.00;0.00;DextraData Aviation Technologies GmbH;DE;0;NULL;NULL;NULL;NULL;NULL;NULL;NULL;NULL;NULL;NULL;NULL;NULL;NULL;NULL;NULL;NULL;NULL;NULL;NULL
COM14562;COM14562;KLYOVA AVIATION SERVICES;Customer;NULL;5,00;0,00;0,00;0;2025-05-24;8,00;NULL;0,00;NULL;NULL;NULL;NULL;United Arab Emirates - AE - Asia;28,347.00;1;139,011.00;103,960.00;14,009.00;49,060.00;Klyova Aviation Services (FZE);AE;0;0,00;0,00;0,00;0,00;0,00;0,00;0,00;0,00;49060,28;106140,86;NULL;NULL;NULL;NULL;NULL;NULL;NULL;NULL;116
COM14584;COM14584;LD Aviation Services;PotCust;2;0,00;0,00;0,00;0;2025-08-11;8,00;2026-07-31;33.456,00;2026-07-31;Customer tried to expand services with flightplanning, but will shut down again due to lack of activity.;NULL;NULL;United States of America - US - Americas;0.00;NULL;37,820.00;37,820.00;0.00;0.00;LD Aviation Services, Inc.;US;0;0,00;0,00;0,00;0,00;0,00;0,00;0,00;0,00;0,00;37819,82;NULL;NULL;NULL;NULL;NULL;NULL;NULL;NULL;NULL
COM14592;COM14592;Sin-Kung Airways Sdn. Bhd. (formerly known as Prima Air Sdn. Bhd.);Customer;1;0,00;2,00;2,00;0;2025-09-21;8,00;NULL;0,00;NULL;NULL;NULL;NULL;Malaysia - MY - Asia;17,685.00;2;38,078.00;35,066.00;0.00;3,012.00;Sin-Kung Airways Sdn. Bhd.;MY;0;0,00;0,00;0,00;0,00;0,00;0,00;0,00;0,00;3012,07;35066,31;NULL;NULL;NULL;NULL;NULL;NULL;NULL;NULL;1064
COM14615;COM14615;The Network Plan;Pending Delivery;3;0,00;0,00;0,00;0;2026-04-30;0,00;NULL;0,00;NULL;NULL;NULL;NULL;United Arab Emirates - AE - Asia;0.00;0;6,755.00;6,755.00;0.00;0.00;The Network Plan LLC;AE;0;0,00;0,00;0,00;0,00;0,00;0,00;0,00;0,00;0,00;6754,80;NULL;NULL;NULL;NULL;NULL;NULL;NULL;NULL;NULL
COM14640;COM14640;AERO STATES SERVICES;Customer;NULL;0,00;0,00;0,00;1;2026-04-15;8,00;NULL;0,00;NULL;NULL;NULL;NULL;Belgium - BE - Europe;23,479.00;1;16,004.00;16,004.00;0.00;0.00;SRL AERO STATES SERVICES;BE;0;0,00;0,00;0,00;0,00;0,00;0,00;0,00;0,00;0,00;16003,55;NULL;NULL;NULL;NULL;NULL;NULL;NULL;NULL;NULL
COM14655;COM14655;Skylegs CVBA;NonCust;NULL;0,00;0,00;0,00;0;NULL;0,00;NULL;0,00;NULL;NULL;NULL;NULL;Belgium - BE - Europe;0.00;0;0.00;0.00;0.00;0.00;Skylegs CVBA;BE;0;NULL;NULL;NULL;NULL;NULL;NULL;NULL;NULL;NULL;NULL;NULL;NULL;NULL;NULL;NULL;NULL;NULL;NULL;NULL
COM14458;COM14458;Turpial Airlines;Customer;3;1,00;1,00;1,00;0;2025-09-25;8,00;NULL;0,00;NULL;NULL;NULL;NULL;United States of America - US - Americas;14,247.00;3;35,511.00;35,511.00;0.00;0.00;White Wings Aviation LLC;US;0;0,00;0,00;0,00;0,00;0,00;0,00;0,00;0,00;0,00;53542,32;NULL;NULL;NULL;NULL;NULL;NULL;NULL;NULL;NULL
COM14461;COM14461;AFM Aviasi;PotCust;3;0,00;0,00;0,00;0;2024-07-22;8,00;2025-07-31;59.164,00;2025-08-30;No active clients;2025-08-15;No active clients;Indonesia - ID - Asia;0.00;NULL;-7,854.00;0.00;35,539.00;27,684.00;PT. AFM Aviasi Indonesia;ID;3;0,00;0,00;0,00;0,00;0,00;0,00;0,00;23625,13;35538,57;0,00;NULL;NULL;NULL;NULL;NULL;NULL;NULL;50;-100
COM14491;COM14491;FTL AIRLINES;Customer via;NULL;0,00;0,00;0,00;0;2025-02-17;0,00;NULL;0,00;NULL;NULL;NULL;NULL;France - FR - Europe;0.00;1;0.00;0.00;0.00;0.00;FTL EXPRESS SAS;FR;0;NULL;NULL;NULL;NULL;NULL;NULL;NULL;NULL;NULL;NULL;NULL;NULL;NULL;NULL;NULL;NULL;NULL;NULL;NULL
COM14519;COM14519;LIBYAN AIRLINES;Customer;1;2,00;0,00;0,00;0;2025-03-17;8,00;NULL;0,00;NULL;NULL;NULL;NULL;Libya - LY - Africa;27,931.00;2;136,492.00;97,728.00;25,816.00;64,579.00;LIBYAN AIRLINES;LY;0;0,00;0,00;0,00;0,00;0,00;0,00;0,00;0,00;90406,86;97728,34;NULL;NULL;NULL;NULL;NULL;NULL;NULL;NULL;8
COM14527;COM14527;Air Algerie;Testing;1;0,00;0,00;0,00;0;NULL;0,00;NULL;0,00;NULL;NULL;2023-03-30;NULL;Algeria - DZ - Africa;0.00;56;0.00;0.00;0.00;0.00;Air Algerie;DZ;0;NULL;NULL;NULL;NULL;NULL;NULL;NULL;NULL;NULL;NULL;NULL;NULL;NULL;NULL;NULL;NULL;NULL;NULL;NULL
COM14535;COM14535;FlyJaya;Customer;2;3,00;0,00;0,00;0;2025-07-26;8,00;NULL;0,00;NULL;NULL;NULL;NULL;Indonesia - ID - Asia;0.00;1;62,312.00;50,613.00;0.00;11,698.00;PT Surya Mataram Nusantara;ID;0;0,00;0,00;0,00;0,00;0,00;0,00;0,00;0,00;11698,15;50613,47;NULL;NULL;NULL;NULL;NULL;NULL;NULL;NULL;333
COM14553;COM14553;Warsaw Cargo;Customer;NULL;1,00;1,00;0,00;0;2025-04-23;8,00;NULL;0,00;NULL;NULL;NULL;NULL;Poland - PL - Europe;8,004.00;1;105,224.00;62,344.00;17,139.00;60,019.00;Warsaw Cargo;PL;0;0,00;0,00;0,00;0,00;0,00;0,00;0,00;0,00;60018,89;62343,92;NULL;NULL;NULL;NULL;NULL;NULL;NULL;NULL;4
COM14561;COM14561;Signum Aviation;Customer via;NULL;0,00;0,00;0,00;0;2025-05-05;0,00;NULL;0,00;NULL;NULL;NULL;NULL;United Kingdom of Great Britain and Northern Ireland - GB - Europe;0.00;5;101,963.00;56,544.00;27,227.00;72,646.00;Signum Aviation;GB;0;0,00;0,00;0,00;0,00;0,00;0,00;0,00;0,00;72646,10;56544,15;NULL;NULL;NULL;NULL;NULL;NULL;NULL;NULL;-22
COM14568;COM14568;Aero Dili;Customer;2;0,00;2,00;2,00;0;2025-07-10;8,00;NULL;0,00;NULL;NULL;NULL;NULL;Timor-Leste - TL - Asia;0.00;2;32,967.00;19,875.00;0.00;13,092.00;AERO DILI SERVICE TRANSPORT UNIPESSOAL LDA.;TL;0;0,00;0,00;0,00;0,00;0,00;0,00;0,00;0,00;13091,66;22759,89;NULL;NULL;NULL;NULL;NULL;NULL;NULL;NULL;74
COM14616;COM14616;NG Eagle Limited;Customer;NULL;2,00;0,00;0,00;0;2026-01-06;8,00;NULL;0,00;NULL;NULL;NULL;NULL;Nigeria - NG - Africa;0.00;2;59,751.00;59,751.00;0.00;0.00;NG Eagle Limited;NG;0;0,00;0,00;0,00;0,00;0,00;0,00;0,00;0,00;0,00;95045,37;NULL;NULL;NULL;NULL;NULL;NULL;NULL;NULL;NULL
COM14628;COM14628;AeroVista Aviation Services;Customer;3;0,00;0,00;0,00;0;2026-01-15;8,00;NULL;0,00;NULL;NULL;NULL;NULL;India - IN - Asia;8,719.00;0;25,883.00;25,883.00;0.00;0.00;AeroVista Aviation Services;IN;0;0,00;0,00;0,00;0,00;0,00;0,00;0,00;0,00;0,00;30242,34;NULL;NULL;NULL;NULL;NULL;NULL;NULL;NULL;NULL
COM14646;COM14646;AVTECH Sweden AB;NonCust;NULL;0,00;0,00;0,00;0;NULL;0,00;NULL;0,00;NULL;NULL;NULL;NULL;Sweden - SE - Europe;0.00;0;0.00;0.00;0.00;0.00;AVTECH Sweden AB;SE;0;NULL;NULL;NULL;NULL;NULL;NULL;NULL;NULL;NULL;NULL;NULL;NULL;NULL;NULL;NULL;NULL;NULL;NULL;NULL
COM14650;COM14650;FLYGPRESTANDA AB;NonCust;NULL;0,00;0,00;0,00;0;NULL;0,00;NULL;0,00;NULL;NULL;NULL;NULL;Sweden - SE - Europe;0.00;0;0.00;0.00;0.00;0.00;FLYGPRESTANDA AB;SE;0;NULL;NULL;NULL;NULL;NULL;NULL;NULL;NULL;NULL;NULL;NULL;NULL;NULL;NULL;NULL;NULL;NULL;NULL;NULL
COM14673;COM14673;World Fuel Services;Pending Delivery;NULL;0,00;0,00;0,00;0;2026-06-16;0,00;NULL;0,00;NULL;NULL;NULL;NULL;United States of America - US - Americas;0.00;NULL;0.00;0.00;0.00;0.00;World Fuel Services;US;0;NULL;NULL;NULL;NULL;NULL;NULL;NULL;NULL;NULL;NULL;NULL;NULL;NULL;NULL;NULL;NULL;NULL;NULL;NULL
COM14680;COM14680;Avra Aviation;PotCust;NULL;0,00;0,00;0,00;0;NULL;0,00;NULL;0,00;NULL;NULL;NULL;NULL;United Arab Emirates - AE - Asia;5,164.00;2;0.00;0.00;0.00;0.00;AVRA ELITE AIRPLANE MANAGEMENT & OPERATION EST;AE;0;NULL;NULL;NULL;NULL;NULL;NULL;NULL;NULL;NULL;NULL;NULL;NULL;NULL;NULL;NULL;NULL;NULL;NULL;NULL
